{"credit":"Made with Blockbench","texture_size":[128,128],"textures":{"1":"item/custom/elitecreatures/skeletons2/flamingskullanim","2":"item/custom/elitecreatures/skeletons2/skeletonmace","particle":"item/custom/elitecreatures/skeletons2/flamingskullanim"},"elements":[{"from":[6.6654,1.96971,8.092],"to":[7.1854,2.48971,8.612],"rotation":{"angle":45,"axis":"z","origin":[6.9254,2.22971,8.352]},"faces":{"north":{"uv":[1.25,3.375,1.375,3.5],"texture":"#2"},"east":{"uv":[1.375,4.375,1.5,4.5],"texture":"#2"},"south":{"uv":[2.875,5,3,5.125],"texture":"#2"},"west":{"uv":[5.125,5,5.25,5.125],"texture":"#2"},"up":{"uv":[1.625,5.875,1.5,5.75],"texture":"#2"},"down":{"uv":[5.25,6,5.125,6.125],"texture":"#2"}}},{"from":[7.07771,0.86472,9.92954],"to":[9.15771,2.99672,10.55354],"rotation":{"angle":22.5,"axis":"x","origin":[8.11771,1.93072,10.24154]},"faces":{"north":{"uv":[2.125,1,2.625,1.5],"texture":"#2"},"east":{"uv":[4.5,6.5,4.65625,7],"texture":"#2"},"south":{"uv":[4,1,4.5,1.5],"texture":"#2"},"west":{"uv":[2.25,6.625,2.40625,7.125],"texture":"#2"},"up":{"uv":[1.75,6.90625,1.25,6.75],"texture":"#2"},"down":{"uv":[7.25,1.25,6.75,1.40625],"texture":"#2"}}},{"from":[7.35446,0.82571,8.20159],"to":[8.88096,1.55371,8.82559],"rotation":{"angle":0,"axis":"y","origin":[8.11771,1.18971,8.51359]},"faces":{"north":{"uv":[4.125,0.75,4.5,0.9375],"texture":"#2"},"east":{"uv":[1.75,7.75,1.90625,7.9375],"texture":"#2"},"south":{"uv":[6.75,5.375,7.125,5.5625],"texture":"#2"},"west":{"uv":[2.75,7.75,2.90625,7.9375],"texture":"#2"},"up":{"uv":[7.75,0.90625,7.375,0.75],"texture":"#2"},"down":{"uv":[7.75,1,7.375,1.15625],"texture":"#2"}}},{"from":[7.07771,1.76171,8.144],"to":[9.15771,2.22971,8.82],"rotation":{"angle":0,"axis":"y","origin":[8.11771,1.99571,8.482]},"faces":{"north":{"uv":[6.75,7.25,7.25,7.375],"texture":"#2"},"east":{"uv":[4.375,7.875,4.53125,8],"texture":"#2"},"south":{"uv":[7.25,6.875,7.75,7],"texture":"#2"},"west":{"uv":[4.625,7.875,4.78125,8],"texture":"#2"},"up":{"uv":[2.25,6.90625,1.75,6.75],"texture":"#2"},"down":{"uv":[7.25,3.75,6.75,3.90625],"texture":"#2"}}},{"from":[6.55771,2.22971,8.196],"to":[9.67771,4.82971,11.316],"rotation":{"angle":0,"axis":"y","origin":[8.11771,3.52971,9.756]},"faces":{"north":{"uv":[1.875,2.5,2.625,3.125],"texture":"#2"},"east":{"uv":[2.625,0,3.375,0.625],"texture":"#2"},"south":{"uv":[2.625,0.625,3.375,1.25],"texture":"#2"},"west":{"uv":[2.625,1.25,3.375,1.875],"texture":"#2"},"up":{"uv":[2.125,0.75,1.375,0],"texture":"#2"},"down":{"uv":[2.125,0.75,1.375,1.5],"texture":"#2"}}},{"from":[6.97251,0.82571,8.24974],"to":[7.59651,1.29371,10.12174],"rotation":{"angle":-22.5,"axis":"y","origin":[7.28451,1.05971,9.18574]},"faces":{"north":{"uv":[7.875,4.75,8.03125,4.875],"texture":"#2"},"east":{"uv":[7.375,1.5,7.8125,1.625],"texture":"#2"},"south":{"uv":[4.875,7.875,5.03125,8],"texture":"#2"},"west":{"uv":[7.375,1.625,7.8125,1.75],"texture":"#2"},"up":{"uv":[6.40625,7.5625,6.25,7.125],"texture":"#2"},"down":{"uv":[0.40625,7.25,0.25,7.6875],"texture":"#2"}}},{"from":[8.6389,0.82571,8.24974],"to":[9.2629,1.29371,10.12174],"rotation":{"angle":22.5,"axis":"y","origin":[8.9509,1.05971,9.18574]},"faces":{"north":{"uv":[7.875,4.875,8.03125,5],"texture":"#2"},"east":{"uv":[7.375,1.75,7.8125,1.875],"texture":"#2"},"south":{"uv":[7.875,5,8.03125,5.125],"texture":"#2"},"west":{"uv":[7.375,3.375,7.8125,3.5],"texture":"#2"},"up":{"uv":[0.65625,7.6875,0.5,7.25],"texture":"#2"},"down":{"uv":[1.40625,7.25,1.25,7.6875],"texture":"#2"}}},{"from":[9.05001,1.96971,8.092],"to":[9.57001,2.48971,8.612],"rotation":{"angle":-45,"axis":"z","origin":[9.31001,2.22971,8.352]},"faces":{"north":{"uv":[6.125,3.375,6.25,3.5],"texture":"#2"},"east":{"uv":[6.375,1.625,6.5,1.75],"texture":"#2"},"south":{"uv":[6.75,1.5,6.875,1.625],"texture":"#2"},"west":{"uv":[4.375,6.875,4.5,7],"texture":"#2"},"up":{"uv":[7,6,6.875,5.875],"texture":"#2"},"down":{"uv":[6.125,7,6,7.125],"texture":"#2"}}},{"from":[5.5,3,9.5],"to":[10.5,3,17.5],"rotation":{"angle":-22.5,"axis":"z","origin":[8,3,13.5]},"faces":{"north":{"uv":[0,0,0,1],"rotation":90,"texture":"#1"},"east":{"uv":[0,0,0,1],"rotation":270,"texture":"#1"},"south":{"uv":[0,0,0,1],"rotation":270,"texture":"#1"},"west":{"uv":[0,0,0,1],"rotation":270,"texture":"#1"},"up":{"uv":[2.5,3.75,4.3125,0.9375],"texture":"#1"},"down":{"uv":[2.5,0.9375,4.3125,3.75],"texture":"#1"}}},{"from":[8,0.5,9.5],"to":[8,5.5,17.5],"rotation":{"angle":-22.5,"axis":"z","origin":[8,3,13.5]},"faces":{"north":{"uv":[0,0,0,1],"texture":"#1"},"east":{"uv":[2.5,3.75,4.3125,0.9375],"rotation":90,"texture":"#1"},"south":{"uv":[0,0,0,1],"texture":"#1"},"west":{"uv":[2.5,0.9375,4.3125,3.75],"rotation":90,"texture":"#1"},"up":{"uv":[0,0,0,1],"texture":"#1"},"down":{"uv":[0,0,0,1],"texture":"#1"}}}],"display":{"ground":{"translation":[32.75,11,29.75],"scale":[4,4,4]},"gui":{"rotation":[0,120,0],"translation":[6.5,2,0],"scale":[2,2,2.04]},"head":{"translation":[31.75,24.75,33],"scale":[4,4,4]},"fixed":{"translation":[23.5,3,20],"scale":[3,3,3]}},"groups":[{"name":"Head","origin":[0.24523,6.15355,0.9],"color":0,"boneType":"","children":[0,1,2,3,4,5,6,7,8,9]}]}