{"credit":"Made with Blockbench","texture_size":[64,64],"textures":{"4":"item/custom/elitecreatures/skeletons2/skeletonaxe"},"elements":[{"from":[7.75,3.2435,1.8],"to":[8.65,4.4435,12.8],"rotation":{"angle":0,"axis":"y","origin":[8.2,3.8435,7.3]},"faces":{"north":{"uv":[11.5,14.75,11.75,15.0625],"texture":"#4"},"east":{"uv":[5.5,2,8.25,2.3125],"texture":"#4"},"south":{"uv":[14.75,12.75,15,13.0625],"texture":"#4"},"west":{"uv":[6,6,8.75,6.3125],"texture":"#4"},"up":{"uv":[5.25,9.75,5,7],"texture":"#4"},"down":{"uv":[1.5,7.25,1.25,10],"texture":"#4"}}},{"from":[7.65,3.0435,2.3],"to":[8.75,4.6435,5.3],"rotation":{"angle":0,"axis":"y","origin":[8.2,3.8435,3.8]},"faces":{"north":{"uv":[3,14.75,3.25,15.125],"texture":"#4"},"east":{"uv":[10.25,12.5,11,12.875],"texture":"#4"},"south":{"uv":[14.75,3,15,3.375],"texture":"#4"},"west":{"uv":[11,12.5,11.75,12.875],"texture":"#4"},"up":{"uv":[2.25,10,2,9.25],"texture":"#4"},"down":{"uv":[10.75,2.5,10.5,3.25],"texture":"#4"}}},{"from":[7.75,0.1435,2.5],"to":[8.65,3.0435,3.2],"rotation":{"angle":0,"axis":"y","origin":[8.2,1.5935,2.85]},"faces":{"north":{"uv":[10.5,14,10.75,14.75],"texture":"#4"},"east":{"uv":[11,14,11.1875,14.75],"texture":"#4"},"south":{"uv":[10.75,14,11,14.75],"texture":"#4"},"west":{"uv":[3.5,14.25,3.6875,15],"texture":"#4"},"up":{"uv":[15.25,5.9375,15,5.75],"texture":"#4"},"down":{"uv":[15.25,6,15,6.1875],"texture":"#4"}}},{"from":[7.65,-1.53574,2.20546],"to":[8.75,0.16426,4.10546],"rotation":{"angle":22.5,"axis":"x","origin":[8.2,-0.68574,3.15546]},"faces":{"north":{"uv":[14.5,11,14.75,11.4375],"texture":"#4"},"east":{"uv":[12.25,13.5,12.75,13.9375],"texture":"#4"},"south":{"uv":[11.75,14.5,12,14.9375],"texture":"#4"},"west":{"uv":[12.75,13.5,13.25,13.9375],"texture":"#4"},"up":{"uv":[14.75,2,14.5,1.5],"texture":"#4"},"down":{"uv":[14.75,2,14.5,2.5],"texture":"#4"}}},{"from":[7.7,-1.09565,3.22273],"to":[8.7,0.60435,7.42273],"rotation":{"angle":-22.5,"axis":"x","origin":[8.2,-0.24565,5.32273]},"faces":{"north":{"uv":[12,14.5,12.25,14.9375],"texture":"#4"},"east":{"uv":[9.5,1,10.5625,1.4375],"texture":"#4"},"south":{"uv":[12.25,14.5,12.5,14.9375],"texture":"#4"},"west":{"uv":[9.5,1.5,10.5625,1.9375],"texture":"#4"},"up":{"uv":[11.5,14.0625,11.25,13],"texture":"#4"},"down":{"uv":[11.75,13,11.5,14.0625],"texture":"#4"}}},{"from":[7.75,-0.15027,5.94497],"to":[8.65,2.04973,6.64497],"rotation":{"angle":-45,"axis":"x","origin":[8.2,0.94973,6.29497]},"faces":{"north":{"uv":[8.5,14.25,8.75,14.8125],"texture":"#4"},"east":{"uv":[14.5,12.75,14.6875,13.3125],"texture":"#4"},"south":{"uv":[14.25,11,14.5,11.5625],"texture":"#4"},"west":{"uv":[13,14.5,13.1875,15.0625],"texture":"#4"},"up":{"uv":[15.25,6.4375,15,6.25],"texture":"#4"},"down":{"uv":[15.25,6.5,15,6.6875],"texture":"#4"}}},{"from":[7.7,1.27504,4.56464],"to":[8.7,1.97504,5.76464],"rotation":{"angle":0,"axis":"y","origin":[8.2,1.62504,5.16464]},"faces":{"north":{"uv":[15,6.75,15.25,6.9375],"texture":"#4"},"east":{"uv":[15,5,15.3125,5.1875],"texture":"#4"},"south":{"uv":[15,7,15.25,7.1875],"texture":"#4"},"west":{"uv":[5.25,15,5.5625,15.1875],"texture":"#4"},"up":{"uv":[15,14.8125,14.75,14.5],"texture":"#4"},"down":{"uv":[0.25,15,0,15.3125],"texture":"#4"}}},{"from":[7.75,1.87504,4.56464],"to":[8.65,3.07504,5.26464],"rotation":{"angle":0,"axis":"y","origin":[8.2,2.47504,4.91464]},"faces":{"north":{"uv":[0.25,15,0.5,15.3125],"texture":"#4"},"east":{"uv":[15,5.25,15.1875,5.5625],"texture":"#4"},"south":{"uv":[15,1,15.25,1.3125],"texture":"#4"},"west":{"uv":[5.75,15,5.9375,15.3125],"texture":"#4"},"up":{"uv":[15.25,7.4375,15,7.25],"texture":"#4"},"down":{"uv":[7.75,15,7.5,15.1875],"texture":"#4"}}},{"from":[7.55,3.27782,4.73431],"to":[8.85,4.40919,5.86569],"rotation":{"angle":-45,"axis":"x","origin":[8.2,3.8435,5.3]},"faces":{"north":{"uv":[13.25,14.5,13.5625,14.8125],"texture":"#4"},"east":{"uv":[14.5,13.5,14.8125,13.8125],"texture":"#4"},"south":{"uv":[13.75,14.5,14.0625,14.8125],"texture":"#4"},"west":{"uv":[14.5,14,14.8125,14.3125],"texture":"#4"},"up":{"uv":[14.5625,14.8125,14.25,14.5],"texture":"#4"},"down":{"uv":[15.0625,0,14.75,0.3125],"texture":"#4"}}},{"from":[7.8,-1.17365,2.29949],"to":[8.6,3.05772,6.63087],"rotation":{"angle":0,"axis":"y","origin":[8.2,0.94203,4.46518]},"faces":{"north":{"uv":[6.5,14,6.6875,15.0625],"texture":"#4"},"east":{"uv":[5.25,2.5,6.3125,3.5625],"texture":"#4"},"south":{"uv":[6.75,14,6.9375,15.0625],"texture":"#4"},"west":{"uv":[5.25,3.75,6.3125,4.8125],"texture":"#4"},"up":{"uv":[7.1875,15.0625,7,14],"texture":"#4"},"down":{"uv":[7.4375,14,7.25,15.0625],"texture":"#4"}}},{"from":[7.7,3.20919,12.34142],"to":[8.7,4.40919,13.54142],"rotation":{"angle":45,"axis":"x","origin":[8.2,3.80919,12.94142]},"faces":{"north":{"uv":[15,1.5,15.25,1.8125],"texture":"#4"},"east":{"uv":[0.5,14.75,0.8125,15.0625],"texture":"#4"},"south":{"uv":[15,2,15.25,2.3125],"texture":"#4"},"west":{"uv":[14.75,0.5,15.0625,0.8125],"texture":"#4"},"up":{"uv":[15.25,2.8125,15,2.5],"texture":"#4"},"down":{"uv":[15.25,3,15,3.3125],"texture":"#4"}}}],"display":{"thirdperson_righthand":{"rotation":[90,0,0],"translation":[-0.25,3.25,7],"scale":[1.5,1.5,1.5]},"thirdperson_lefthand":{"rotation":[90,0,0],"translation":[0.25,3.25,7],"scale":[1.5,1.5,1.5]},"firstperson_righthand":{"rotation":[90,-7,0],"translation":[12,2.75,0],"scale":[1.5,1.5,1.5]},"firstperson_lefthand":{"rotation":[90,-7,0],"translation":[12,2.75,0],"scale":[1.5,1.5,1.5]},"ground":{"rotation":[0,0,90],"translation":[-5.25,-2,2.25],"scale":[1.5,1.5,1.5]},"gui":{"rotation":[90,45,-90],"translation":[5.5,3.5,0],"scale":[1.2,1.2,1.2]},"fixed":{"rotation":[90,0,90],"translation":[-7,0,-0.5],"scale":[1.5,1.5,1.5]}},"groups":[{"name":"rightarmlow","origin":[0.14472,10.1435,2.3],"color":0,"boneType":"","children":[0,1,2,3,4,5,6,7,8,9,10]}]}