{"credit":"Made with Blockbench","textures":{"0":"item/custom/elitecreatures/skeletons2/slash","particle":"item/custom/elitecreatures/skeletons2/slash"},"elements":[{"from":[9,0,-8],"to":[9,30,22],"rotation":{"angle":-45,"axis":"z","origin":[9,15,7]},"faces":{"north":{"uv":[0,0,16,0],"rotation":90,"texture":"#0"},"east":{"uv":[0,0,16,16],"rotation":270,"texture":"#0"},"south":{"uv":[0,0,16,0],"rotation":90,"texture":"#0"},"west":{"uv":[16,0,0,16],"rotation":90,"texture":"#0"},"up":{"uv":[0,0,0,16],"rotation":180,"texture":"#0"},"down":{"uv":[0,0,0,16],"texture":"#0"}}}],"display":{"thirdperson_righthand":{"rotation":[-79.33,-82.71,113.7],"translation":[-2.5,9.5,4.75]},"head":{"rotation":[68.77,1.9,42.23],"translation":[13,-19.5,-25.25],"scale":[4,4,4]}}}