{"credit":"Made with Blockbench","texture_size":[64,64],"textures":{"7":"item/custom/elitecreatures/skeletons2/skeletonspear"},"elements":[{"from":[7.1,-1.8,2],"to":[8.1,9.2,13],"rotation":{"angle":0,"axis":"y","origin":[7.6,3.88136,7.47485]},"faces":{"north":{"uv":[1.75,8.5,2,11.25],"texture":"#7"},"east":{"uv":[0,0,2.75,2.75],"texture":"#7"},"south":{"uv":[2,8.5,2.25,11.25],"texture":"#7"},"west":{"uv":[0,2.75,2.75,5.5],"texture":"#7"},"up":{"uv":[2.5,11.25,2.25,8.5],"texture":"#7"},"down":{"uv":[6.5,8.5,6.25,11.25],"texture":"#7"}}},{"from":[6.9,8.75116,4.70985],"to":[8.3,10.71116,10.30985],"rotation":{"angle":0,"axis":"y","origin":[7.6,3.88136,7.47485]},"faces":{"north":{"uv":[14.75,2.5,15.125,3],"texture":"#7"},"east":{"uv":[8.25,2.25,9.625,2.75],"texture":"#7"},"south":{"uv":[14.75,3,15.125,3.5],"texture":"#7"},"west":{"uv":[6.5,8.5,7.875,9],"texture":"#7"},"up":{"uv":[5.625,11.625,5.25,10.25],"texture":"#7"},"down":{"uv":[8.625,10.25,8.25,11.625],"texture":"#7"}}},{"from":[6.95,9.1754,4.6501],"to":[8.25,10.7154,10.2501],"rotation":{"angle":45,"axis":"x","origin":[7.6,3.88136,7.47485]},"faces":{"north":{"uv":[15.25,8,15.5625,8.375],"texture":"#7"},"east":{"uv":[9.75,2.25,11.125,2.625],"texture":"#7"},"south":{"uv":[8.75,15.25,9.0625,15.625],"texture":"#7"},"west":{"uv":[10,0,11.375,0.375],"texture":"#7"},"up":{"uv":[9.0625,12.375,8.75,11],"texture":"#7"},"down":{"uv":[1.8125,11.25,1.5,12.625],"texture":"#7"}}},{"from":[6.9,1.15136,12.72965],"to":[8.3,6.75136,14.26965],"rotation":{"angle":0,"axis":"y","origin":[7.6,3.88136,7.47485]},"faces":{"north":{"uv":[9.25,10.25,9.625,11.625],"texture":"#7"},"east":{"uv":[0.5,10.5,0.875,11.875],"texture":"#7"},"south":{"uv":[1,10.5,1.375,11.875],"texture":"#7"},"west":{"uv":[10.5,3.5,10.875,4.875],"texture":"#7"},"up":{"uv":[11.625,15.375,11.25,15],"texture":"#7"},"down":{"uv":[12.125,15,11.75,15.375],"texture":"#7"}}},{"from":[6.95,-2.85369,4.74909],"to":[8.25,-1.31369,10.34909],"rotation":{"angle":-45,"axis":"x","origin":[7.6,3.88136,7.47485]},"faces":{"north":{"uv":[15.25,9.25,15.5625,9.625],"texture":"#7"},"east":{"uv":[10.5,5,11.875,5.375],"texture":"#7"},"south":{"uv":[9.75,15.25,10.0625,15.625],"texture":"#7"},"west":{"uv":[10.5,5.5,11.875,5.875],"texture":"#7"},"up":{"uv":[11.5625,2.875,11.25,1.5],"texture":"#7"},"down":{"uv":[2.3125,11.25,2,12.625],"texture":"#7"}}},{"from":[6.9,-2.80844,4.70985],"to":[8.3,-1.12844,10.30985],"rotation":{"angle":0,"axis":"y","origin":[7.6,3.88136,7.47485]},"faces":{"north":{"uv":[6.5,15,6.875,15.4375],"texture":"#7"},"east":{"uv":[9,4,10.375,4.4375],"texture":"#7"},"south":{"uv":[8.25,15,8.625,15.4375],"texture":"#7"},"west":{"uv":[6.5,9,7.875,9.4375],"texture":"#7"},"up":{"uv":[6.125,11.875,5.75,10.5],"texture":"#7"},"down":{"uv":[10.875,6,10.5,7.375],"texture":"#7"}}},{"from":[6.95,-2.80419,4.6501],"to":[8.25,-1.26419,10.2501],"rotation":{"angle":45,"axis":"x","origin":[7.6,3.88136,7.47485]},"faces":{"north":{"uv":[15.25,10.5,15.5625,10.875],"texture":"#7"},"east":{"uv":[10.5,7.5,11.875,7.875],"texture":"#7"},"south":{"uv":[10.75,15.25,11.0625,15.625],"texture":"#7"},"west":{"uv":[10.5,8,11.875,8.375],"texture":"#7"},"up":{"uv":[2.8125,12.625,2.5,11.25],"texture":"#7"},"down":{"uv":[6.5625,11.25,6.25,12.625],"texture":"#7"}}},{"from":[6.9,1.15136,0.75005],"to":[8.3,6.75136,2.15005],"rotation":{"angle":0,"axis":"y","origin":[7.6,3.88136,7.47485]},"faces":{"north":{"uv":[10.5,8.5,10.875,9.875],"texture":"#7"},"east":{"uv":[10.5,10,10.875,11.375],"texture":"#7"},"south":{"uv":[10.75,0.5,11.125,1.875],"texture":"#7"},"west":{"uv":[11,3.5,11.375,4.875],"texture":"#7"},"up":{"uv":[13.125,15.375,12.75,15],"texture":"#7"},"down":{"uv":[13.625,15,13.25,15.375],"texture":"#7"}}},{"from":[6.95,9.12591,4.74909],"to":[8.25,10.66591,10.34909],"rotation":{"angle":-45,"axis":"x","origin":[7.6,3.88136,7.47485]},"faces":{"north":{"uv":[15.25,11,15.5625,11.375],"texture":"#7"},"east":{"uv":[11,6,12.375,6.375],"texture":"#7"},"south":{"uv":[15.25,11.75,15.5625,12.125],"texture":"#7"},"west":{"uv":[11,6.5,12.375,6.875],"texture":"#7"},"up":{"uv":[7.0625,12.625,6.75,11.25],"texture":"#7"},"down":{"uv":[7.5625,11.25,7.25,12.625],"texture":"#7"}}}],"gui_light":"front","display":{"thirdperson_righthand":{"rotation":[-29.39,20.61,64.83],"translation":[-2.75,3.75,1.25],"scale":[1.5,1.5,1.5]},"thirdperson_lefthand":{"rotation":[-29.39,20.61,64.83],"translation":[-2.75,3.75,1.25],"scale":[1.5,1.5,1.5]},"firstperson_righthand":{"rotation":[0,90,0],"translation":[0.75,2,-2.25],"scale":[1.33,1.33,1.35]},"firstperson_lefthand":{"rotation":[0,90,0],"translation":[0.75,2,-2.25],"scale":[1.33,1.33,1.35]},"ground":{"rotation":[0,0,90],"translation":[0,-1.25,0]},"gui":{"rotation":[0,90,0],"translation":[0.5,3.75,0]},"fixed":{"rotation":[0,90,0],"translation":[0.25,4.75,-0.75]}}}