{"credit":"Made with Blockbench","textures":{"1":"item/custom/elitecreatures/skeletons2/whirl"},"elements":[{"from":[-6.84,0,6.94],"to":[24.96,31.8,6.94],"rotation":{"angle":0,"axis":"y","origin":[-0.48,0,-0.48]},"faces":{"north":{"uv":[0,0,16,16],"texture":"#1"},"east":{"uv":[0,0,0,16],"texture":"#1"},"south":{"uv":[16,0,0,16],"texture":"#1"},"west":{"uv":[0,0,0,16],"texture":"#1"},"up":{"uv":[0,0,16,0],"texture":"#1"},"down":{"uv":[0,0,16,0],"texture":"#1"}}}],"display":{"thirdperson_righthand":{"rotation":[-79.33,-82.71,113.7],"translation":[-2.5,0,4.75]},"head":{"rotation":[-100,-0.22,-73.36],"translation":[-36.25,-8.5,-4.75],"scale":[4,4,4]}}}