{"credit":"Made with Blockbench","texture_size":[64,64],"textures":{"2":"item/custom/elitecreatures/skeletons2/skeletonsword"},"elements":[{"from":[7.2,-1.0565,2.9],"to":[8,6.0435,12.8],"rotation":{"angle":0,"axis":"y","origin":[7.6,2.4935,7.85]},"faces":{"north":{"uv":[9.25,10.5,9.4375,12.25],"texture":"#2"},"east":{"uv":[0,0,2.5,1.75],"texture":"#2"},"south":{"uv":[0.5,10.75,0.6875,12.5],"texture":"#2"},"west":{"uv":[0,1.75,2.5,3.5],"texture":"#2"},"up":{"uv":[6.9375,10.75,6.75,8.25],"texture":"#2"},"down":{"uv":[5.6875,8.5,5.5,11],"texture":"#2"}}},{"from":[6.9,4.37239,8.91336],"to":[8.3,5.57239,13.31336],"rotation":{"angle":22.5,"axis":"x","origin":[7.6,4.97239,11.11336]},"faces":{"north":{"uv":[14.25,8,14.625,8.3125],"texture":"#2"},"east":{"uv":[10.25,2.75,11.375,3.0625],"texture":"#2"},"south":{"uv":[14.25,8.5,14.625,8.8125],"texture":"#2"},"west":{"uv":[10.5,4.25,11.625,4.5625],"texture":"#2"},"up":{"uv":[9.375,10.375,9,9.25],"texture":"#2"},"down":{"uv":[9.875,1,9.5,2.125],"texture":"#2"}}},{"from":[6.85,0.28481,12.6755],"to":[8.25,4.68481,13.3755],"rotation":{"angle":0,"axis":"y","origin":[7.55,2.48481,13.0255]},"faces":{"north":{"uv":[5.75,9.5,6.125,10.625],"texture":"#2"},"east":{"uv":[1,13.5,1.1875,14.625],"texture":"#2"},"south":{"uv":[6.25,9.5,6.625,10.625],"texture":"#2"},"west":{"uv":[3.75,13.5,3.9375,14.625],"texture":"#2"},"up":{"uv":[14.875,10.9375,14.5,10.75],"texture":"#2"},"down":{"uv":[14.875,11.5,14.5,11.6875],"texture":"#2"}}},{"from":[6.8,5.06862,3.61043],"to":[8.4,6.36862,9.31043],"rotation":{"angle":0,"axis":"y","origin":[7.6,5.71862,6.46043]},"faces":{"north":{"uv":[14.25,5.75,14.625,6.0625],"texture":"#2"},"east":{"uv":[9,4.25,10.4375,4.5625],"texture":"#2"},"south":{"uv":[14.25,7.5,14.625,7.8125],"texture":"#2"},"west":{"uv":[9.25,0,10.6875,0.3125],"texture":"#2"},"up":{"uv":[2.875,9.1875,2.5,7.75],"texture":"#2"},"down":{"uv":[7.375,7.75,7,9.1875],"texture":"#2"}}},{"from":[6.8,-1.39899,3.61043],"to":[8.4,-0.09899,9.31043],"rotation":{"angle":0,"axis":"y","origin":[7.6,-0.74899,6.46043]},"faces":{"north":{"uv":[14.25,6.0625,14.625,5.75],"texture":"#2"},"east":{"uv":[9,4.5625,10.4375,4.25],"texture":"#2"},"south":{"uv":[14.25,7.8125,14.625,7.5],"texture":"#2"},"west":{"uv":[9.25,0.3125,10.6875,0],"texture":"#2"},"up":{"uv":[7.375,9.1875,7,7.75],"texture":"#2"},"down":{"uv":[2.875,7.75,2.5,9.1875],"texture":"#2"}}},{"from":[6.9,-0.60276,8.91336],"to":[8.3,0.59724,13.31336],"rotation":{"angle":-22.5,"axis":"x","origin":[7.6,-0.00276,11.11336]},"faces":{"north":{"uv":[14.25,8.3125,14.625,8],"texture":"#2"},"east":{"uv":[10.25,3.0625,11.375,2.75],"texture":"#2"},"south":{"uv":[14.25,8.8125,14.625,8.5],"texture":"#2"},"west":{"uv":[10.5,4.5625,11.625,4.25],"texture":"#2"},"up":{"uv":[9.875,2.125,9.5,1],"texture":"#2"},"down":{"uv":[9.375,9.25,9,10.375],"texture":"#2"}}},{"from":[6.8,-2.4565,1.7],"to":[8.6,7.0435,3.6],"rotation":{"angle":0,"axis":"y","origin":[7.7,2.2935,2.65]},"faces":{"north":{"uv":[4,5.5,4.4375,7.875],"texture":"#2"},"east":{"uv":[5.25,4.5,5.75,6.875],"texture":"#2"},"south":{"uv":[4.5,5.5,4.9375,7.875],"texture":"#2"},"west":{"uv":[5.5,0,6,2.375],"texture":"#2"},"up":{"uv":[0.9375,14,0.5,13.5],"texture":"#2"},"down":{"uv":[13.9375,1.75,13.5,2.25],"texture":"#2"}}}],"gui_light":"front","display":{"thirdperson_righthand":{"rotation":[90,0,0],"translation":[4,-3.5,9.25],"scale":[1.5,1.5,1.5]},"thirdperson_lefthand":{"rotation":[90,0,0],"translation":[3.25,-3.5,9.25],"scale":[1.5,1.5,1.5]},"firstperson_righthand":{"rotation":[90,0,-90],"translation":[8.25,-5.25,-2.25],"scale":[1.33,1.33,1.35]},"firstperson_lefthand":{"rotation":[90,0,-90],"translation":[8.25,-5.25,-2.25],"scale":[1.33,1.33,1.35]},"ground":{"rotation":[0,0,90],"translation":[0,-1.25,0]},"gui":{"rotation":[90,0,-90],"translation":[5.25,-0.25,0]},"fixed":{"rotation":[90,0,-90],"translation":[5.25,-0.5,-0.75]}},"groups":[{"name":"leftarmlow","origin":[1.85528,6.1435,1.3],"color":0,"boneType":"","children":[0,1,2,3,4,5,6]}]}