{"credit":"Made with Blockbench","texture_size":[32,32],"textures":{"0":"item/bows/arrow","1":"item/bows/string","2":"item/bows/bow_9","particle":"item/bows/arrow"},"elements":[{"from":[8,20.21201,10.53497],"to":[8,24.61201,16.69497],"rotation":{"angle":0,"axis":"x","origin":[8,8,11]},"faces":{"north":{"uv":[0,0,0,2.5],"texture":"#2"},"east":{"uv":[0,0,3.5,2.5],"texture":"#2"},"south":{"uv":[0,0,0,2.5],"texture":"#2"},"west":{"uv":[0,2.5,3.5,5],"texture":"#2"},"up":{"uv":[0,3.5,0,0],"texture":"#2"},"down":{"uv":[0,0,0,3.5],"texture":"#2"}}},{"from":[6.768,16.88593,3.49362],"to":[9.232,20.75793,5.60562],"rotation":{"angle":22.5,"axis":"x","origin":[8,8,11]},"faces":{"north":{"uv":[7,0,5.5,2.25],"rotation":180,"texture":"#2"},"east":{"uv":[5.5,2.5,7.75,3.75],"rotation":270,"texture":"#2"},"south":{"uv":[3.5,7.25,2,5],"texture":"#2"},"west":{"uv":[3.5,5.5,5.75,6.75],"rotation":90,"texture":"#2"},"up":{"uv":[8,7.5,9.5,8.75],"rotation":180,"texture":"#2"},"down":{"uv":[8.5,4.5,10,5.75],"texture":"#2"}}},{"from":[7.12,19.10807,4.48563],"to":[8.88,22.27607,6.24563],"rotation":{"angle":22.5,"axis":"x","origin":[8,8,11]},"faces":{"north":{"uv":[9.5,1.5,10.5,3.25],"texture":"#2"},"east":{"uv":[3,9.5,4,11.25],"texture":"#2"},"south":{"uv":[4,9.5,5,11.25],"texture":"#2"},"west":{"uv":[9.5,6,10.5,7.75],"texture":"#2"},"up":{"uv":[11.5,3.5,10.5,2.5],"texture":"#2"},"down":{"uv":[5,11.5,4,12.5],"texture":"#2"}}},{"from":[7.296,22.28216,10.5166],"to":[8.704,23.69016,13.6846],"rotation":{"angle":0,"axis":"x","origin":[8,8,11]},"faces":{"north":{"uv":[11.5,11,12.25,11.75],"texture":"#2"},"east":{"uv":[9.5,8,11.25,8.75],"texture":"#2"},"south":{"uv":[12,0,12.75,0.75],"texture":"#2"},"west":{"uv":[10,5,11.75,5.75],"texture":"#2"},"up":{"uv":[2.75,11.75,2,10],"texture":"#2"},"down":{"uv":[10.75,9,10,10.75],"texture":"#2"}}},{"from":[6.988,10.87288,4.71238],"to":[9.012,12.98488,7.17638],"rotation":{"angle":0,"axis":"x","origin":[8,8,11]},"faces":{"north":{"uv":[10,3.5,11.25,4.75],"texture":"#2"},"east":{"uv":[5.5,8.5,7,9.75],"texture":"#2"},"south":{"uv":[5,10,6.25,11.25],"texture":"#2"},"west":{"uv":[7,9,8.5,10.25],"texture":"#2"},"up":{"uv":[9.75,10.5,8.5,9],"texture":"#2"},"down":{"uv":[10.75,0,9.5,1.5],"texture":"#2"}}},{"from":[7.384,12.10184,7.95211],"to":[8.616,14.56584,10.41611],"rotation":{"angle":-45,"axis":"x","origin":[8,8,11]},"faces":{"north":{"uv":[11,0,11.75,1.5],"texture":"#2"},"east":{"uv":[8,0,9.5,1.5],"texture":"#2"},"south":{"uv":[11,9,11.75,10.5],"texture":"#2"},"west":{"uv":[8,1.5,9.5,3],"texture":"#2"},"up":{"uv":[10.25,12.5,9.5,11],"texture":"#2"},"down":{"uv":[11.25,11,10.5,12.5],"texture":"#2"}}},{"from":[7.384,18.34443,10.61438],"to":[8.616,20.80843,13.07838],"rotation":{"angle":-22.5,"axis":"x","origin":[8,8,11]},"faces":{"north":{"uv":[0,11.5,0.75,13],"texture":"#2"},"east":{"uv":[8,3,9.5,4.5],"texture":"#2"},"south":{"uv":[1,11.5,1.75,13],"texture":"#2"},"west":{"uv":[8,6,9.5,7.5],"texture":"#2"},"up":{"uv":[12.25,4,11.5,2.5],"texture":"#2"},"down":{"uv":[3.75,11.5,3,13],"texture":"#2"}}},{"from":[7.384,20.28023,15.50777],"to":[8.616,21.68823,18.67577],"rotation":{"angle":-22.5,"axis":"x","origin":[8,8,11]},"faces":{"north":{"uv":[2,12,2.75,12.75],"texture":"#2"},"east":{"uv":[0,10.5,1.75,11.25],"texture":"#2"},"south":{"uv":[12,5,12.75,5.75],"texture":"#2"},"west":{"uv":[10.5,1.5,12.25,2.25],"texture":"#2"},"up":{"uv":[11.25,7.75,10.5,6],"texture":"#2"},"down":{"uv":[7.25,10.5,6.5,12.25],"texture":"#2"}}},{"from":[7.12,13.13698,7.05636],"to":[8.88,14.89698,11.45636],"rotation":{"angle":-22.5,"axis":"x","origin":[8,8,11]},"faces":{"north":{"uv":[11.5,4,12.5,5],"texture":"#2"},"east":{"uv":[5.5,4,8,5],"texture":"#2"},"south":{"uv":[5,11.5,6,12.5],"texture":"#2"},"west":{"uv":[6,5,8.5,6],"texture":"#2"},"up":{"uv":[7,8.5,6,6],"texture":"#2"},"down":{"uv":[8,0,7,2.5],"texture":"#2"}}},{"from":[7.1244,14.68407,9.51853],"to":[8.8756,19.08407,11.27853],"rotation":{"angle":-22.5,"axis":"x","origin":[8,8,11]},"faces":{"north":{"uv":[3.5,7,4.5,9.5],"texture":"#2"},"east":{"uv":[4.5,7,5.5,9.5],"texture":"#2"},"south":{"uv":[7,6,8,8.5],"texture":"#2"},"west":{"uv":[2,7.5,3,10],"texture":"#2"},"up":{"uv":[12.5,7,11.5,6],"texture":"#2"},"down":{"uv":[12.5,7,11.5,8],"texture":"#2"}}},{"from":[7.1156,9.65912,5.54838],"to":[8.8844,10.36312,7.66038],"rotation":{"angle":0,"axis":"y","origin":[8,8,11]},"faces":{"north":{"uv":[7,8.5,8,9],"texture":"#2"},"east":{"uv":[11,10.5,12.25,11],"texture":"#2"},"south":{"uv":[11.5,8.5,12.5,9],"texture":"#2"},"west":{"uv":[11.5,8,12.75,8.5],"texture":"#2"},"up":{"uv":[8.5,11.75,7.5,10.5],"texture":"#2"},"down":{"uv":[9.5,10.5,8.5,11.75],"texture":"#2"}}},{"from":[8,-8.61201,10.53497],"to":[8,-4.21201,16.69497],"rotation":{"angle":0,"axis":"x","origin":[8,8,11]},"faces":{"north":{"uv":[0,2.5,0,0],"texture":"#2"},"east":{"uv":[0,2.5,3.5,0],"texture":"#2"},"south":{"uv":[0,2.5,0,0],"texture":"#2"},"west":{"uv":[0,5,3.5,2.5],"texture":"#2"},"up":{"uv":[0,3.5,0,0],"texture":"#2"},"down":{"uv":[0,0,0,3.5],"texture":"#2"}}},{"from":[6.768,-4.75793,3.49362],"to":[9.232,-0.88593,5.60562],"rotation":{"angle":-22.5,"axis":"x","origin":[8,8,11]},"faces":{"north":{"uv":[7,2.25,5.5,0],"rotation":180,"texture":"#2"},"east":{"uv":[5.5,3.75,7.75,2.5],"rotation":90,"texture":"#2"},"south":{"uv":[3.5,5,2,7.25],"texture":"#2"},"west":{"uv":[3.5,6.75,5.75,5.5],"rotation":270,"texture":"#2"},"up":{"uv":[8.5,5.75,10,4.5],"texture":"#2"},"down":{"uv":[8,8.75,9.5,7.5],"rotation":180,"texture":"#2"}}},{"from":[7.12,-6.27607,4.48563],"to":[8.88,-3.10807,6.24563],"rotation":{"angle":-22.5,"axis":"x","origin":[8,8,11]},"faces":{"north":{"uv":[9.5,3.25,10.5,1.5],"texture":"#2"},"east":{"uv":[3,11.25,4,9.5],"texture":"#2"},"south":{"uv":[4,11.25,5,9.5],"texture":"#2"},"west":{"uv":[9.5,7.75,10.5,6],"texture":"#2"},"up":{"uv":[5,12.5,4,11.5],"texture":"#2"},"down":{"uv":[11.5,2.5,10.5,3.5],"texture":"#2"}}},{"from":[7.296,-7.69016,10.5166],"to":[8.704,-6.28216,13.6846],"rotation":{"angle":0,"axis":"x","origin":[8,8,11]},"faces":{"north":{"uv":[11.5,11.75,12.25,11],"texture":"#2"},"east":{"uv":[9.5,8.75,11.25,8],"texture":"#2"},"south":{"uv":[12,0.75,12.75,0],"texture":"#2"},"west":{"uv":[10,5.75,11.75,5],"texture":"#2"},"up":{"uv":[10.75,10.75,10,9],"texture":"#2"},"down":{"uv":[2.75,10,2,11.75],"texture":"#2"}}},{"from":[6.988,3.01512,4.71238],"to":[9.012,5.12712,7.17638],"rotation":{"angle":0,"axis":"x","origin":[8,8,11]},"faces":{"north":{"uv":[10,4.75,11.25,3.5],"texture":"#2"},"east":{"uv":[5.5,9.75,7,8.5],"texture":"#2"},"south":{"uv":[5,11.25,6.25,10],"texture":"#2"},"west":{"uv":[7,10.25,8.5,9],"texture":"#2"},"up":{"uv":[10.75,1.5,9.5,0],"texture":"#2"},"down":{"uv":[9.75,9,8.5,10.5],"texture":"#2"}}},{"from":[7.384,1.43416,7.95211],"to":[8.616,3.89816,10.41611],"rotation":{"angle":45,"axis":"x","origin":[8,8,11]},"faces":{"north":{"uv":[11,1.5,11.75,0],"texture":"#2"},"east":{"uv":[8,1.5,9.5,0],"texture":"#2"},"south":{"uv":[11,10.5,11.75,9],"texture":"#2"},"west":{"uv":[8,3,9.5,1.5],"texture":"#2"},"up":{"uv":[11.25,12.5,10.5,11],"texture":"#2"},"down":{"uv":[10.25,11,9.5,12.5],"texture":"#2"}}},{"from":[7.384,-4.80843,10.61438],"to":[8.616,-2.34443,13.07838],"rotation":{"angle":22.5,"axis":"x","origin":[8,8,11]},"faces":{"north":{"uv":[0,13,0.75,11.5],"texture":"#2"},"east":{"uv":[8,4.5,9.5,3],"texture":"#2"},"south":{"uv":[1,13,1.75,11.5],"texture":"#2"},"west":{"uv":[8,7.5,9.5,6],"texture":"#2"},"up":{"uv":[3.75,13,3,11.5],"texture":"#2"},"down":{"uv":[12.25,2.5,11.5,4],"texture":"#2"}}},{"from":[7.384,-5.68823,15.50777],"to":[8.616,-4.28023,18.67577],"rotation":{"angle":22.5,"axis":"x","origin":[8,8,11]},"faces":{"north":{"uv":[2,12.75,2.75,12],"texture":"#2"},"east":{"uv":[0,11.25,1.75,10.5],"texture":"#2"},"south":{"uv":[12,5.75,12.75,5],"texture":"#2"},"west":{"uv":[10.5,2.25,12.25,1.5],"texture":"#2"},"up":{"uv":[7.25,12.25,6.5,10.5],"texture":"#2"},"down":{"uv":[11.25,6,10.5,7.75],"texture":"#2"}}},{"from":[7.12,1.10302,7.05636],"to":[8.88,2.86302,11.45636],"rotation":{"angle":22.5,"axis":"x","origin":[8,8,11]},"faces":{"north":{"uv":[11.5,5,12.5,4],"texture":"#2"},"east":{"uv":[5.5,5,8,4],"texture":"#2"},"south":{"uv":[5,12.5,6,11.5],"texture":"#2"},"west":{"uv":[6,6,8.5,5],"texture":"#2"},"up":{"uv":[8,2.5,7,0],"texture":"#2"},"down":{"uv":[7,6,6,8.5],"texture":"#2"}}},{"from":[7.1244,-3.08407,9.51853],"to":[8.8756,1.31593,11.27853],"rotation":{"angle":22.5,"axis":"x","origin":[8,8,11]},"faces":{"north":{"uv":[3.5,9.5,4.5,7],"texture":"#2"},"east":{"uv":[4.5,9.5,5.5,7],"texture":"#2"},"south":{"uv":[7,8.5,8,6],"texture":"#2"},"west":{"uv":[2,10,3,7.5],"texture":"#2"},"up":{"uv":[12.5,8,11.5,7],"texture":"#2"},"down":{"uv":[12.5,6,11.5,7],"texture":"#2"}}},{"from":[7.1156,5.63688,5.54838],"to":[8.8844,6.34088,7.66038],"rotation":{"angle":0,"axis":"y","origin":[8,8,11]},"faces":{"north":{"uv":[7,9,8,8.5],"texture":"#2"},"east":{"uv":[11,11,12.25,10.5],"texture":"#2"},"south":{"uv":[11.5,9,12.5,8.5],"texture":"#2"},"west":{"uv":[11.5,8.5,12.75,8],"texture":"#2"},"up":{"uv":[9.5,11.75,8.5,10.5],"texture":"#2"},"down":{"uv":[8.5,10.5,7.5,11.75],"texture":"#2"}}},{"from":[8,-4.65,15.81362],"to":[8,20.65,16.29762],"rotation":{"angle":0,"axis":"y","origin":[8,8,11]},"faces":{"north":{"uv":[0,0,0,45],"texture":"#1"},"east":{"uv":[0.15,0,0,12],"texture":"#1"},"south":{"uv":[0,0,0,45],"texture":"#1"},"west":{"uv":[0,0,0.15,12],"texture":"#1"},"up":{"uv":[0,0,0,24.75],"texture":"#1"},"down":{"uv":[0,24.75,0,0],"texture":"#1"}}},{"from":[7.296,3.424,5.90038],"to":[8.704,12.576,7.30838],"rotation":{"angle":0,"axis":"y","origin":[8,8,11]},"faces":{"north":{"uv":[3.5,0,4.25,5.25],"texture":"#2"},"east":{"uv":[4.5,0,5.25,5.25],"texture":"#2"},"south":{"uv":[0,5,0.75,10.25],"texture":"#2"},"west":{"uv":[1,5,1.75,10.25],"texture":"#2"},"up":{"uv":[8.25,12.75,7.5,12],"texture":"#2"},"down":{"uv":[9.25,12,8.5,12.75],"texture":"#2"}}},{"from":[8,6.75,-7],"to":[8,9.25,17],"rotation":{"angle":0,"axis":"y","origin":[8,8,2]},"faces":{"north":{"uv":[0,0,0,2],"texture":"#0"},"east":{"uv":[0,0.33333,16,2],"texture":"#0"},"south":{"uv":[0,0,0,2],"texture":"#0"},"west":{"uv":[0,2.33333,16,4],"texture":"#0"},"up":{"uv":[0,16,0,0],"texture":"#0"},"down":{"uv":[0,0,0,16],"texture":"#0"}}},{"from":[6.75,8,-7],"to":[9.25,8,17],"rotation":{"angle":0,"axis":"y","origin":[8,8,2]},"faces":{"north":{"uv":[0,0,0,2],"rotation":90,"texture":"#0"},"east":{"uv":[0,0,0,16],"rotation":270,"texture":"#0"},"south":{"uv":[0,0,0,2],"rotation":270,"texture":"#0"},"west":{"uv":[0,16,0,0],"rotation":270,"texture":"#0"},"up":{"uv":[0,0.33333,16,2],"rotation":270,"texture":"#0"},"down":{"uv":[0,2.33333,16,4],"rotation":270,"texture":"#0"}}}],"gui_light":"front","display":{"thirdperson_righthand":{"translation":[0,-2,3.25],"scale":[0.8,0.8,0.8]},"thirdperson_lefthand":{"translation":[0,-2,3.25],"scale":[0.8,0.8,0.8]},"firstperson_righthand":{"rotation":[9.04,0.22,8.08],"translation":[7.25,0,-8.75]},"firstperson_lefthand":{"rotation":[9.04,0.22,8.08],"translation":[7.25,0,-8.75]},"ground":{"rotation":[0,0,-82],"scale":[0.67,0.67,0.67]},"gui":{"rotation":[90,45,90],"translation":[-1,1,-2],"scale":[0.5,0.5,0.5]},"head":{"scale":[0,0,0]},"fixed":{"rotation":[90,-45,90],"translation":[0.75,1.25,-2]}},"groups":[{"name":"bow9","origin":[8,20.80866,13.04304],"color":0,"children":[{"name":"group","origin":[7.995,8.03536,3.00498],"color":0,"children":[0,1,2,3,4,5,6,7,8,9,10]},{"name":"group","origin":[7.995,8.03536,3.00498],"color":0,"children":[11,12,13,14,15,16,17,18,19,20,21]},22,23]},{"name":"arrow","origin":[8,8,2],"color":0,"children":[24,25]}]}