{"credit":"Made with Blockbench","texture_size":[32,32],"textures":{"0":"item/bows/arrow","1":"item/bows/bow_31","2":"item/bows/string","particle":"item/bows/arrow"},"elements":[{"from":[6.94375,13.20606,8.45147],"to":[9.04375,15.00606,10.25147],"rotation":{"angle":-22.5,"axis":"x","origin":[8,0,9]},"faces":{"north":{"uv":[9,3,8,4],"rotation":180,"texture":"#1"},"east":{"uv":[7.5,7.5,8.5,8.5],"rotation":270,"texture":"#1"},"south":{"uv":[3,9,2,8],"texture":"#1"},"west":{"uv":[1,8,2,9],"rotation":90,"texture":"#1"},"up":{"uv":[7.5,6.5,8.5,7.5],"rotation":180,"texture":"#1"},"down":{"uv":[8,0,9,1],"texture":"#1"}}},{"from":[7.35625,19.74289,6.15268],"to":[8.65625,21.39289,7.50268],"rotation":{"angle":0,"axis":"x","origin":[8,14.5,10.25]},"faces":{"north":{"uv":[6.5,10,7.25,10.75],"texture":"#1"},"east":{"uv":[1,10.5,1.75,11.25],"texture":"#1"},"south":{"uv":[10.5,1.5,11.25,2.25],"texture":"#1"},"west":{"uv":[10.5,2.5,11.25,3.25],"texture":"#1"},"up":{"uv":[4.25,11.25,3.5,10.5],"texture":"#1"},"down":{"uv":[11.25,3.5,10.5,4.25],"texture":"#1"}}},{"from":[7.39375,19.46413,11.06402],"to":[8.59375,21.11413,12.41402],"rotation":{"angle":-45,"axis":"x","origin":[8,14.5,10.25]},"faces":{"north":{"uv":[2,10.5,2.5,11.25],"texture":"#1"},"east":{"uv":[5,10.5,5.75,11.25],"texture":"#1"},"south":{"uv":[4.5,11,5,11.75],"texture":"#1"},"west":{"uv":[10.5,5,11.25,5.75],"texture":"#1"},"up":{"uv":[7.5,11.75,7,11],"texture":"#1"},"down":{"uv":[2.5,11.5,2,12.25],"texture":"#1"}}},{"from":[6.94375,18.17042,8.99463],"to":[9.04375,19.97042,10.79463],"rotation":{"angle":-22.5,"axis":"x","origin":[8,14.5,10.25]},"faces":{"north":{"uv":[8,4,9,5],"texture":"#1"},"east":{"uv":[6.5,8,7.5,9],"texture":"#1"},"south":{"uv":[8.5,1,9.5,2],"texture":"#1"},"west":{"uv":[8.5,2,9.5,3],"texture":"#1"},"up":{"uv":[4,9.5,3,8.5],"texture":"#1"},"down":{"uv":[5,8.5,4,9.5],"texture":"#1"}}},{"from":[6.94375,11.61508,10.04245],"to":[9.04375,13.41508,11.84245],"rotation":{"angle":-22.5,"axis":"x","origin":[8,0,9]},"faces":{"north":{"uv":[1,9,0,10],"rotation":180,"texture":"#1"},"east":{"uv":[8.5,6,9.5,7],"rotation":270,"texture":"#1"},"south":{"uv":[9.5,9,8.5,8],"texture":"#1"},"west":{"uv":[7.5,8.5,8.5,9.5],"rotation":90,"texture":"#1"},"up":{"uv":[8.5,5,9.5,6],"rotation":180,"texture":"#1"},"down":{"uv":[8.5,7,9.5,8],"texture":"#1"}}},{"from":[7.19375,8.02199,-4.19978],"to":[8.79375,11.62199,-2.59978],"rotation":{"angle":45,"axis":"x","origin":[8,0,9]},"faces":{"north":{"uv":[1.5,4.5,2.25,6.25],"texture":"#1"},"east":{"uv":[4.5,1.5,5.25,3.25],"texture":"#1"},"south":{"uv":[2.5,4.5,3.25,6.25],"texture":"#1"},"west":{"uv":[4.5,3.5,5.25,5.25],"texture":"#1"},"up":{"uv":[9.25,11.25,8.5,10.5],"texture":"#1"},"down":{"uv":[10.25,10.5,9.5,11.25],"texture":"#1"}}},{"from":[7.39375,15.65014,5.21387],"to":[8.59375,17.00014,7.61387],"rotation":{"angle":0,"axis":"x","origin":[8,0,9]},"faces":{"north":{"uv":[3,11.5,3.5,12.25],"texture":"#1"},"east":{"uv":[6,9,7.25,9.75],"texture":"#1"},"south":{"uv":[11.5,3,12,3.75],"texture":"#1"},"west":{"uv":[8.5,9,9.75,9.75],"texture":"#1"},"up":{"uv":[3,11.25,2.5,10],"texture":"#1"},"down":{"uv":[10.5,3,10,4.25],"texture":"#1"}}},{"from":[7.06875,14.9761,1.20108],"to":[8.91875,16.7761,3.00108],"rotation":{"angle":22.5,"axis":"x","origin":[8,0,9]},"faces":{"north":{"uv":[9,0,10,1],"texture":"#1"},"east":{"uv":[1,9,2,10],"texture":"#1"},"south":{"uv":[2,9,3,10],"texture":"#1"},"west":{"uv":[9,3,10,4],"texture":"#1"},"up":{"uv":[10,5,9,4],"texture":"#1"},"down":{"uv":[6,9,5,10],"texture":"#1"}}},{"from":[7.35351,24.25373,7.22519],"to":[8.63399,25.56177,10.25255],"rotation":{"angle":-45,"axis":"x","origin":[7.99375,24.54508,9.84783]},"faces":{"north":{"uv":[10.5,10.5,11.25,11.25],"texture":"#1"},"east":{"uv":[6.5,3,8,3.75],"texture":"#1"},"south":{"uv":[0,11,0.75,11.75],"texture":"#1"},"west":{"uv":[6.5,4,8,4.75],"texture":"#1"},"up":{"uv":[3.25,8,2.5,6.5],"texture":"#1"},"down":{"uv":[7.25,5,6.5,6.5],"texture":"#1"}}},{"from":[7.54219,24.59898,9.40656],"to":[8.44531,25.54662,12.37032],"rotation":{"angle":0,"axis":"x","origin":[7.99375,24.54508,9.84783]},"faces":{"north":{"uv":[1,7.5,1.5,8],"texture":"#1"},"east":{"uv":[1,10,2.5,10.5],"texture":"#1"},"south":{"uv":[8,1,8.5,1.5],"texture":"#1"},"west":{"uv":[10,1,11.5,1.5],"texture":"#1"},"up":{"uv":[5,11,4.5,9.5],"texture":"#1"},"down":{"uv":[10.5,1.5,10,3],"texture":"#1"}}},{"from":[7.16875,20.75865,11.68936],"to":[8.81875,23.55865,14.48936],"rotation":{"angle":-45,"axis":"x","origin":[8,14.5,10.25]},"faces":{"north":{"uv":[6.5,6.5,7.25,8],"texture":"#1"},"east":{"uv":[0,0,1.5,1.5],"texture":"#1"},"south":{"uv":[7,0,7.75,1.5],"texture":"#1"},"west":{"uv":[0,1.5,1.5,3],"texture":"#1"},"up":{"uv":[4.25,8.5,3.5,7],"texture":"#1"},"down":{"uv":[5.25,7,4.5,8.5],"texture":"#1"}}},{"from":[7.16875,13.29624,3.37776],"to":[8.81875,16.09624,6.17776],"rotation":{"angle":0,"axis":"x","origin":[8,0,9]},"faces":{"north":{"uv":[0,7.5,0.75,9],"texture":"#1"},"east":{"uv":[1.5,0,3,1.5],"texture":"#1"},"south":{"uv":[7.5,1.5,8.25,3],"texture":"#1"},"west":{"uv":[1.5,1.5,3,3],"texture":"#1"},"up":{"uv":[8.25,6.5,7.5,5],"texture":"#1"},"down":{"uv":[6.25,7.5,5.5,9],"texture":"#1"}}},{"from":[6.98875,20.38536,5.64225],"to":[8.99875,21.18536,8.04225],"rotation":{"angle":0,"axis":"y","origin":[8,14.5,10.25]},"faces":{"north":{"uv":[11,0,12,0.5],"texture":"#1"},"east":{"uv":[10,4.5,11.25,5],"texture":"#1"},"south":{"uv":[11,0.5,12,1],"texture":"#1"},"west":{"uv":[5,10,6.25,10.5],"texture":"#1"},"up":{"uv":[6,1.25,5,0],"texture":"#1"},"down":{"uv":[6.5,1.5,5.5,2.75],"texture":"#1"}}},{"from":[6.98875,9.02302,-0.73455],"to":[8.99875,11.42302,1.56545],"rotation":{"angle":22.5,"axis":"x","origin":[8,0,9]},"faces":{"north":{"uv":[5.5,3,6.5,4.25],"texture":"#1"},"east":{"uv":[1.5,3,2.75,4.25],"texture":"#1"},"south":{"uv":[3.5,5.5,4.5,6.75],"texture":"#1"},"west":{"uv":[3.5,0,4.75,1.25],"texture":"#1"},"up":{"uv":[5.5,6.75,4.5,5.5],"texture":"#1"},"down":{"uv":[6.5,4.5,5.5,5.75],"texture":"#1"}}},{"from":[6.98875,10.88536,4.89225],"to":[8.99875,11.68536,7.29225],"rotation":{"angle":0,"axis":"y","origin":[8,8,8]},"faces":{"north":{"uv":[6,11,7,11.5],"texture":"#1"},"east":{"uv":[8.5,10,9.75,10.5],"texture":"#1"},"south":{"uv":[1,11.5,2,12],"texture":"#1"},"west":{"uv":[10,9,11.25,9.5],"texture":"#1"},"up":{"uv":[7,1.25,6,0],"texture":"#1"},"down":{"uv":[6.5,6,5.5,7.25],"texture":"#1"}}},{"from":[6.98875,9.63536,4.89225],"to":[8.99875,10.43536,7.29225],"rotation":{"angle":0,"axis":"y","origin":[8,8,8]},"faces":{"north":{"uv":[11.5,1,12.5,1.5],"texture":"#1"},"east":{"uv":[10,9.5,11.25,10],"texture":"#1"},"south":{"uv":[11.5,1.5,12.5,2],"texture":"#1"},"west":{"uv":[10,10,11.25,10.5],"texture":"#1"},"up":{"uv":[2.5,7.75,1.5,6.5],"texture":"#1"},"down":{"uv":[7.5,1.5,6.5,2.75],"texture":"#1"}}},{"from":[6.94375,0.99394,8.45147],"to":[9.04375,2.79394,10.25147],"rotation":{"angle":22.5,"axis":"x","origin":[8,16,9]},"faces":{"north":{"uv":[9,4,8,3],"rotation":180,"texture":"#1"},"east":{"uv":[8.5,7.5,7.5,8.5],"rotation":270,"texture":"#1"},"south":{"uv":[3,8,2,9],"texture":"#1"},"west":{"uv":[2,8,1,9],"rotation":90,"texture":"#1"},"up":{"uv":[8,1,9,0],"texture":"#1"},"down":{"uv":[7.5,7.5,8.5,6.5],"rotation":180,"texture":"#1"}}},{"from":[7.35625,-5.39289,6.15268],"to":[8.65625,-3.74289,7.50268],"rotation":{"angle":0,"axis":"x","origin":[8,1.5,10.25]},"faces":{"north":{"uv":[6.5,10.75,7.25,10],"texture":"#1"},"east":{"uv":[1,11.25,1.75,10.5],"texture":"#1"},"south":{"uv":[10.5,2.25,11.25,1.5],"texture":"#1"},"west":{"uv":[10.5,3.25,11.25,2.5],"texture":"#1"},"up":{"uv":[11.25,4.25,10.5,3.5],"texture":"#1"},"down":{"uv":[4.25,10.5,3.5,11.25],"texture":"#1"}}},{"from":[7.39375,-5.11413,11.06402],"to":[8.59375,-3.46413,12.41402],"rotation":{"angle":45,"axis":"x","origin":[8,1.5,10.25]},"faces":{"north":{"uv":[2,11.25,2.5,10.5],"texture":"#1"},"east":{"uv":[5,11.25,5.75,10.5],"texture":"#1"},"south":{"uv":[4.5,11.75,5,11],"texture":"#1"},"west":{"uv":[10.5,5.75,11.25,5],"texture":"#1"},"up":{"uv":[2.5,12.25,2,11.5],"texture":"#1"},"down":{"uv":[7.5,11,7,11.75],"texture":"#1"}}},{"from":[6.94375,-3.97042,8.99463],"to":[9.04375,-2.17042,10.79463],"rotation":{"angle":22.5,"axis":"x","origin":[8,1.5,10.25]},"faces":{"north":{"uv":[8,5,9,4],"texture":"#1"},"east":{"uv":[6.5,9,7.5,8],"texture":"#1"},"south":{"uv":[8.5,2,9.5,1],"texture":"#1"},"west":{"uv":[8.5,3,9.5,2],"texture":"#1"},"up":{"uv":[5,9.5,4,8.5],"texture":"#1"},"down":{"uv":[4,8.5,3,9.5],"texture":"#1"}}},{"from":[6.94375,2.58492,10.04245],"to":[9.04375,4.38492,11.84245],"rotation":{"angle":22.5,"axis":"x","origin":[8,16,9]},"faces":{"north":{"uv":[1,10,0,9],"rotation":180,"texture":"#1"},"east":{"uv":[9.5,6,8.5,7],"rotation":270,"texture":"#1"},"south":{"uv":[9.5,8,8.5,9],"texture":"#1"},"west":{"uv":[8.5,8.5,7.5,9.5],"rotation":90,"texture":"#1"},"up":{"uv":[8.5,8,9.5,7],"texture":"#1"},"down":{"uv":[8.5,6,9.5,5],"rotation":180,"texture":"#1"}}},{"from":[7.19375,4.37801,-4.19978],"to":[8.79375,7.97801,-2.59978],"rotation":{"angle":-45,"axis":"x","origin":[8,16,9]},"faces":{"north":{"uv":[1.5,6.25,2.25,4.5],"texture":"#1"},"east":{"uv":[4.5,3.25,5.25,1.5],"texture":"#1"},"south":{"uv":[2.5,6.25,3.25,4.5],"texture":"#1"},"west":{"uv":[4.5,5.25,5.25,3.5],"texture":"#1"},"up":{"uv":[10.25,11.25,9.5,10.5],"texture":"#1"},"down":{"uv":[9.25,10.5,8.5,11.25],"texture":"#1"}}},{"from":[7.39375,-1.00014,5.21387],"to":[8.59375,0.34986,7.61387],"rotation":{"angle":0,"axis":"x","origin":[8,16,9]},"faces":{"north":{"uv":[3,12.25,3.5,11.5],"texture":"#1"},"east":{"uv":[6,9.75,7.25,9],"texture":"#1"},"south":{"uv":[11.5,3.75,12,3],"texture":"#1"},"west":{"uv":[8.5,9.75,9.75,9],"texture":"#1"},"up":{"uv":[10.5,4.25,10,3],"texture":"#1"},"down":{"uv":[3,10,2.5,11.25],"texture":"#1"}}},{"from":[7.06875,-0.7761,1.20108],"to":[8.91875,1.0239,3.00108],"rotation":{"angle":-22.5,"axis":"x","origin":[8,16,9]},"faces":{"north":{"uv":[9,1,10,0],"texture":"#1"},"east":{"uv":[1,10,2,9],"texture":"#1"},"south":{"uv":[2,10,3,9],"texture":"#1"},"west":{"uv":[9,4,10,3],"texture":"#1"},"up":{"uv":[6,10,5,9],"texture":"#1"},"down":{"uv":[10,4,9,5],"texture":"#1"}}},{"from":[7.35351,-9.56177,7.22519],"to":[8.63399,-8.25373,10.25255],"rotation":{"angle":45,"axis":"x","origin":[7.99375,-8.54508,9.84783]},"faces":{"north":{"uv":[10.5,11.25,11.25,10.5],"texture":"#1"},"east":{"uv":[6.5,3.75,8,3],"texture":"#1"},"south":{"uv":[0,11.75,0.75,11],"texture":"#1"},"west":{"uv":[6.5,4.75,8,4],"texture":"#1"},"up":{"uv":[7.25,6.5,6.5,5],"texture":"#1"},"down":{"uv":[3.25,6.5,2.5,8],"texture":"#1"}}},{"from":[7.54219,-9.54662,9.40656],"to":[8.44531,-8.59898,12.37032],"rotation":{"angle":0,"axis":"x","origin":[7.99375,-8.54508,9.84783]},"faces":{"north":{"uv":[1,8,1.5,7.5],"texture":"#1"},"east":{"uv":[1,10.5,2.5,10],"texture":"#1"},"south":{"uv":[8,1.5,8.5,1],"texture":"#1"},"west":{"uv":[10,1.5,11.5,1],"texture":"#1"},"up":{"uv":[10.5,3,10,1.5],"texture":"#1"},"down":{"uv":[5,9.5,4.5,11],"texture":"#1"}}},{"from":[7.16875,-7.55865,11.68936],"to":[8.81875,-4.75865,14.48936],"rotation":{"angle":45,"axis":"x","origin":[8,1.5,10.25]},"faces":{"north":{"uv":[6.5,8,7.25,6.5],"texture":"#1"},"east":{"uv":[0,1.5,1.5,0],"texture":"#1"},"south":{"uv":[7,1.5,7.75,0],"texture":"#1"},"west":{"uv":[0,3,1.5,1.5],"texture":"#1"},"up":{"uv":[5.25,8.5,4.5,7],"texture":"#1"},"down":{"uv":[4.25,7,3.5,8.5],"texture":"#1"}}},{"from":[7.16875,-0.09624,3.37776],"to":[8.81875,2.70376,6.17776],"rotation":{"angle":0,"axis":"x","origin":[8,16,9]},"faces":{"north":{"uv":[0,9,0.75,7.5],"texture":"#1"},"east":{"uv":[1.5,1.5,3,0],"texture":"#1"},"south":{"uv":[7.5,3,8.25,1.5],"texture":"#1"},"west":{"uv":[1.5,3,3,1.5],"texture":"#1"},"up":{"uv":[6.25,9,5.5,7.5],"texture":"#1"},"down":{"uv":[8.25,5,7.5,6.5],"texture":"#1"}}},{"from":[6.98875,-5.18536,5.64225],"to":[8.99875,-4.38536,8.04225],"rotation":{"angle":0,"axis":"y","origin":[8,1.5,10.25]},"faces":{"north":{"uv":[11,0.5,12,0],"texture":"#1"},"east":{"uv":[10,5,11.25,4.5],"texture":"#1"},"south":{"uv":[11,1,12,0.5],"texture":"#1"},"west":{"uv":[5,10.5,6.25,10],"texture":"#1"},"up":{"uv":[6.5,2.75,5.5,1.5],"texture":"#1"},"down":{"uv":[6,0,5,1.25],"texture":"#1"}}},{"from":[6.98875,4.57698,-0.73455],"to":[8.99875,6.97698,1.56545],"rotation":{"angle":-22.5,"axis":"x","origin":[8,16,9]},"faces":{"north":{"uv":[5.5,4.25,6.5,3],"texture":"#1"},"east":{"uv":[1.5,4.25,2.75,3],"texture":"#1"},"south":{"uv":[3.5,6.75,4.5,5.5],"texture":"#1"},"west":{"uv":[3.5,1.25,4.75,0],"texture":"#1"},"up":{"uv":[6.5,5.75,5.5,4.5],"texture":"#1"},"down":{"uv":[5.5,5.5,4.5,6.75],"texture":"#1"}}},{"from":[6.98875,4.31464,4.89225],"to":[8.99875,5.11464,7.29225],"rotation":{"angle":0,"axis":"y","origin":[8,8,8]},"faces":{"north":{"uv":[6,11.5,7,11],"texture":"#1"},"east":{"uv":[8.5,10.5,9.75,10],"texture":"#1"},"south":{"uv":[1,12,2,11.5],"texture":"#1"},"west":{"uv":[10,9.5,11.25,9],"texture":"#1"},"up":{"uv":[6.5,7.25,5.5,6],"texture":"#1"},"down":{"uv":[7,0,6,1.25],"texture":"#1"}}},{"from":[6.98875,5.56464,4.89225],"to":[8.99875,6.36464,7.29225],"rotation":{"angle":0,"axis":"y","origin":[8,8,8]},"faces":{"north":{"uv":[11.5,1.5,12.5,1],"texture":"#1"},"east":{"uv":[10,10,11.25,9.5],"texture":"#1"},"south":{"uv":[11.5,2,12.5,1.5],"texture":"#1"},"west":{"uv":[10,10.5,11.25,10],"texture":"#1"},"up":{"uv":[7.5,2.75,6.5,1.5],"texture":"#1"},"down":{"uv":[2.5,6.5,1.5,7.75],"texture":"#1"}}},{"from":[8.79456,3.8,6.0966],"to":[9.89456,12.2,7.1966],"rotation":{"angle":45,"axis":"y","origin":[8,8,8]},"faces":{"north":{"uv":[0,3,0.5,7.25],"texture":"#1"},"east":{"uv":[3,0,3.5,4.25],"texture":"#1"},"south":{"uv":[0.5,3,1,7.25],"texture":"#1"},"west":{"uv":[1,3,1.5,7.25],"texture":"#1"},"up":{"uv":[3.5,8.5,3,8],"texture":"#1"},"down":{"uv":[5.5,8.5,5,9],"texture":"#1"}}},{"from":[7.99375,-9.125,11.54844],"to":[7.99375,25.125,15.09844],"rotation":{"angle":0,"axis":"y","origin":[8,8,6.75]},"faces":{"north":{"uv":[0,0,0,45],"texture":"#2"},"east":{"uv":[2.2,0,0.8,12],"texture":"#2"},"south":{"uv":[0,0,0,45],"texture":"#2"},"west":{"uv":[0.8,0,2.2,12],"texture":"#2"},"up":{"uv":[0,0,0,24.75],"texture":"#2"},"down":{"uv":[0,24.75,0,0],"texture":"#2"}}},{"from":[8,6.75,-8],"to":[8,9.25,16],"rotation":{"angle":0,"axis":"y","origin":[8,8,2]},"faces":{"north":{"uv":[0,0,0,2],"texture":"#0"},"east":{"uv":[0,0.33333,16,2],"texture":"#0"},"south":{"uv":[0,0,0,2],"texture":"#0"},"west":{"uv":[0,2.33333,16,4],"texture":"#0"},"up":{"uv":[0,16,0,0],"texture":"#0"},"down":{"uv":[0,0,0,16],"texture":"#0"}}},{"from":[6.75,8,-8],"to":[9.25,8,16],"rotation":{"angle":0,"axis":"y","origin":[8,8,2]},"faces":{"north":{"uv":[0,0,0,2],"rotation":90,"texture":"#0"},"east":{"uv":[0,0,0,16],"rotation":270,"texture":"#0"},"south":{"uv":[0,0,0,2],"rotation":270,"texture":"#0"},"west":{"uv":[0,16,0,0],"rotation":270,"texture":"#0"},"up":{"uv":[0,0.33333,16,2],"rotation":270,"texture":"#0"},"down":{"uv":[0,2.33333,16,4],"rotation":270,"texture":"#0"}}}],"display":{"thirdperson_righthand":{"translation":[0,-2,3.25],"scale":[0.8,0.8,0.8]},"thirdperson_lefthand":{"translation":[0,-2,3.25],"scale":[0.8,0.8,0.8]},"firstperson_righthand":{"rotation":[9.04,0.22,8.08],"translation":[7.25,0,-8.75]},"firstperson_lefthand":{"rotation":[9.04,0.22,8.08],"translation":[7.25,0,-8.75]},"ground":{"rotation":[0,0,-82],"scale":[0.67,0.67,0.67]},"gui":{"rotation":[90,45,90],"translation":[0,0,-2],"scale":[0.43,0.43,0.43]},"head":{"scale":[0,0,0]},"fixed":{"rotation":[90,-45,90],"translation":[0.75,1.25,-2]}},"groups":[{"name":"bow31","origin":[8.00625,20.80866,16.38031],"color":0,"children":[{"name":"group","origin":[8.00125,8.53536,6.09225],"color":0,"children":[0,1,2,3,4,5,6,7,8,9,10,11,12,13,14,15]},{"name":"group","origin":[8.00125,8.53536,6.09225],"color":0,"children":[16,17,18,19,20,21,22,23,24,25,26,27,28,29,30,31]},32,33]},{"name":"arrow","origin":[8,8,2],"color":0,"children":[34,35]}]}