{"credit":"Made with Blockbench","texture_size":[24,24],"textures":{"0":"item/bows/arrow","1":"item/bows/bow_12","2":"item/bows/string","particle":"item/bows/arrow"},"elements":[{"from":[8,13.24511,12.5757],"to":[8,17.64511,25.7757],"rotation":{"angle":-45,"axis":"x","origin":[8,8,10]},"faces":{"north":{"uv":[0,0,0,2.66667],"texture":"#1"},"east":{"uv":[0,0,8,2.66667],"texture":"#1"},"south":{"uv":[0,0,0,2.66667],"texture":"#1"},"west":{"uv":[0,2.66667,8,5.33333],"texture":"#1"},"up":{"uv":[0,8,0,0],"texture":"#1"},"down":{"uv":[0,0,0,8],"texture":"#1"}}},{"from":[7.45,8.17661,1.61614],"to":[8.55,15.87661,2.71614],"rotation":{"angle":45,"axis":"x","origin":[8,8,10]},"faces":{"north":{"uv":[0,5.33333,0.66667,10],"texture":"#1"},"east":{"uv":[0.66667,5.33333,1.33333,10],"texture":"#1"},"south":{"uv":[1.33333,5.33333,2,10],"texture":"#1"},"west":{"uv":[2,5.33333,2.66667,10],"texture":"#1"},"up":{"uv":[10.66667,6.66667,10,6],"texture":"#1"},"down":{"uv":[12,5.33333,11.33333,6],"texture":"#1"}}},{"from":[7.505,11.41799,3.47838],"to":[8.495,19.11799,4.57838],"rotation":{"angle":22.5,"axis":"x","origin":[8,8,10]},"faces":{"north":{"uv":[2.66667,5.33333,3.33333,10],"texture":"#1"},"east":{"uv":[3.33333,5.33333,4,10],"texture":"#1"},"south":{"uv":[4,5.33333,4.66667,10],"texture":"#1"},"west":{"uv":[4.66667,5.33333,5.33333,10],"texture":"#1"},"up":{"uv":[2.66667,12.66667,2,12],"texture":"#1"},"down":{"uv":[12.66667,4,12,4.66667],"texture":"#1"}}},{"from":[7.3125,14.37445,0.1231],"to":[8.6875,17.12445,2.8731],"rotation":{"angle":45,"axis":"x","origin":[8,8,10]},"faces":{"north":{"uv":[9.33333,8,10.33333,9.66667],"texture":"#1"},"east":{"uv":[5.33333,5.33333,7,7],"texture":"#1"},"south":{"uv":[0,10,1,11.66667],"texture":"#1"},"west":{"uv":[5.33333,7.33333,7,9],"texture":"#1"},"up":{"uv":[11,1.66667,10,0],"texture":"#1"},"down":{"uv":[2.33333,10,1.33333,11.66667],"texture":"#1"}}},{"from":[7.3125,12.12187,5.80064],"to":[8.6875,14.32187,8.00064],"rotation":{"angle":-22.5,"axis":"x","origin":[8,8,10]},"faces":{"north":{"uv":[10,2,11,3.33333],"texture":"#1"},"east":{"uv":[5.33333,9.33333,6.66667,10.66667],"texture":"#1"},"south":{"uv":[2.66667,10,3.66667,11.33333],"texture":"#1"},"west":{"uv":[9.33333,6.66667,10.66667,8],"texture":"#1"},"up":{"uv":[11,4.66667,10,3.33333],"texture":"#1"},"down":{"uv":[5,10,4,11.33333],"texture":"#1"}}},{"from":[7.175,17.29144,8.20685],"to":[8.825,21.69144,9.58185],"rotation":{"angle":0,"axis":"x","origin":[8,8,10]},"faces":{"north":{"uv":[7.33333,5.33333,8.33333,8],"texture":"#1"},"east":{"uv":[8,0,9,2.66667],"texture":"#1"},"south":{"uv":[8,2.66667,9,5.33333],"texture":"#1"},"west":{"uv":[7.33333,8,8.33333,10.66667],"texture":"#1"},"up":{"uv":[11,5.66667,10,4.66667],"texture":"#1"},"down":{"uv":[10.33333,10,9.33333,11],"texture":"#1"}}},{"from":[7.34,10.09801,3.346],"to":[8.66,11.47301,4.886],"rotation":{"angle":22.5,"axis":"x","origin":[8,8,10]},"faces":{"north":{"uv":[6.66667,9.33333,7.33333,10.33333],"texture":"#1"},"east":{"uv":[5.33333,10.66667,6.33333,11.66667],"texture":"#1"},"south":{"uv":[8,10.66667,8.66667,11.66667],"texture":"#1"},"west":{"uv":[10.66667,6,11.66667,7],"texture":"#1"},"up":{"uv":[4.66667,12.33333,4,11.33333],"texture":"#1"},"down":{"uv":[12,4,11.33333,5],"texture":"#1"}}},{"from":[7.34,9.61184,4.73633],"to":[8.66,10.98684,6.27633],"rotation":{"angle":0,"axis":"x","origin":[8,8,10]},"faces":{"north":{"uv":[4.66667,11.33333,5.33333,12.33333],"texture":"#1"},"east":{"uv":[6.66667,10.66667,7.66667,11.66667],"texture":"#1"},"south":{"uv":[9.33333,11.33333,10,12.33333],"texture":"#1"},"west":{"uv":[10.66667,7.33333,11.66667,8.33333],"texture":"#1"},"up":{"uv":[10.66667,12.33333,10,11.33333],"texture":"#1"},"down":{"uv":[11.33333,11.33333,10.66667,12.33333],"texture":"#1"}}},{"from":[7.23,17.28422,7.52153],"to":[8.77,18.82422,8.89653],"rotation":{"angle":0,"axis":"x","origin":[8,8,10]},"faces":{"north":{"uv":[10.66667,8.66667,11.66667,9.66667],"texture":"#1"},"east":{"uv":[10.66667,10,11.66667,11],"texture":"#1"},"south":{"uv":[11.33333,0,12.33333,1],"texture":"#1"},"west":{"uv":[11.33333,1.33333,12.33333,2.33333],"texture":"#1"},"up":{"uv":[3.66667,12.33333,2.66667,11.33333],"texture":"#1"},"down":{"uv":[12.33333,2.66667,11.33333,3.66667],"texture":"#1"}}},{"from":[7.34,7.0237,4.62888],"to":[8.66,7.5737,6.16888],"rotation":{"angle":22.5,"axis":"x","origin":[8,8,10]},"faces":{"north":{"uv":[7.33333,12,8,12.33333],"texture":"#1"},"east":{"uv":[12,5.33333,13,5.66667],"texture":"#1"},"south":{"uv":[12,7.33333,12.66667,7.66667],"texture":"#1"},"west":{"uv":[6,12,7,12.33333],"texture":"#1"},"up":{"uv":[12,12.33333,11.33333,11.33333],"texture":"#1"},"down":{"uv":[0.66667,12,0,13],"texture":"#1"}}},{"from":[7.3345,9.87283,5.22805],"to":[8.6655,10.42283,6.76805],"rotation":{"angle":-22.5,"axis":"x","origin":[8,8,10]},"faces":{"north":{"uv":[8,12,8.66667,12.33333],"texture":"#1"},"east":{"uv":[12,6,13,6.33333],"texture":"#1"},"south":{"uv":[12,8,12.66667,8.33333],"texture":"#1"},"west":{"uv":[12,6.66667,13,7],"texture":"#1"},"up":{"uv":[1.33333,13,0.66667,12],"texture":"#1"},"down":{"uv":[2,12,1.33333,13],"texture":"#1"}}},{"from":[8,-1.64511,12.5757],"to":[8,2.75489,25.7757],"rotation":{"angle":45,"axis":"x","origin":[8,8,10]},"faces":{"north":{"uv":[0,2.66667,0,0],"texture":"#1"},"east":{"uv":[0,2.66667,8,0],"texture":"#1"},"south":{"uv":[0,2.66667,0,0],"texture":"#1"},"west":{"uv":[0,5.33333,8,2.66667],"texture":"#1"},"up":{"uv":[0,8,0,0],"texture":"#1"},"down":{"uv":[0,0,0,8],"texture":"#1"}}},{"from":[7.45,0.12339,1.61614],"to":[8.55,7.82339,2.71614],"rotation":{"angle":-45,"axis":"x","origin":[8,8,10]},"faces":{"north":{"uv":[0,10,0.66667,5.33333],"texture":"#1"},"east":{"uv":[0.66667,10,1.33333,5.33333],"texture":"#1"},"south":{"uv":[1.33333,10,2,5.33333],"texture":"#1"},"west":{"uv":[2,10,2.66667,5.33333],"texture":"#1"},"up":{"uv":[12,6,11.33333,5.33333],"texture":"#1"},"down":{"uv":[10.66667,6,10,6.66667],"texture":"#1"}}},{"from":[7.505,-3.11799,3.47838],"to":[8.495,4.58201,4.57838],"rotation":{"angle":-22.5,"axis":"x","origin":[8,8,10]},"faces":{"north":{"uv":[2.66667,10,3.33333,5.33333],"texture":"#1"},"east":{"uv":[3.33333,10,4,5.33333],"texture":"#1"},"south":{"uv":[4,10,4.66667,5.33333],"texture":"#1"},"west":{"uv":[4.66667,10,5.33333,5.33333],"texture":"#1"},"up":{"uv":[12.66667,4.66667,12,4],"texture":"#1"},"down":{"uv":[2.66667,12,2,12.66667],"texture":"#1"}}},{"from":[7.3125,-1.12445,0.1231],"to":[8.6875,1.62555,2.8731],"rotation":{"angle":-45,"axis":"x","origin":[8,8,10]},"faces":{"north":{"uv":[9.33333,9.66667,10.33333,8],"texture":"#1"},"east":{"uv":[5.33333,7,7,5.33333],"texture":"#1"},"south":{"uv":[0,11.66667,1,10],"texture":"#1"},"west":{"uv":[5.33333,9,7,7.33333],"texture":"#1"},"up":{"uv":[2.33333,11.66667,1.33333,10],"texture":"#1"},"down":{"uv":[11,0,10,1.66667],"texture":"#1"}}},{"from":[7.3125,1.67813,5.80064],"to":[8.6875,3.87813,8.00064],"rotation":{"angle":22.5,"axis":"x","origin":[8,8,10]},"faces":{"north":{"uv":[10,3.33333,11,2],"texture":"#1"},"east":{"uv":[5.33333,10.66667,6.66667,9.33333],"texture":"#1"},"south":{"uv":[2.66667,11.33333,3.66667,10],"texture":"#1"},"west":{"uv":[9.33333,8,10.66667,6.66667],"texture":"#1"},"up":{"uv":[5,11.33333,4,10],"texture":"#1"},"down":{"uv":[11,3.33333,10,4.66667],"texture":"#1"}}},{"from":[7.175,-5.69144,8.20685],"to":[8.825,-1.29144,9.58185],"rotation":{"angle":0,"axis":"x","origin":[8,8,10]},"faces":{"north":{"uv":[7.33333,8,8.33333,5.33333],"texture":"#1"},"east":{"uv":[8,2.66667,9,0],"texture":"#1"},"south":{"uv":[8,5.33333,9,2.66667],"texture":"#1"},"west":{"uv":[7.33333,10.66667,8.33333,8],"texture":"#1"},"up":{"uv":[10.33333,11,9.33333,10],"texture":"#1"},"down":{"uv":[11,4.66667,10,5.66667],"texture":"#1"}}},{"from":[7.34,4.52699,3.346],"to":[8.66,5.90199,4.886],"rotation":{"angle":-22.5,"axis":"x","origin":[8,8,10]},"faces":{"north":{"uv":[6.66667,10.33333,7.33333,9.33333],"texture":"#1"},"east":{"uv":[5.33333,11.66667,6.33333,10.66667],"texture":"#1"},"south":{"uv":[8,11.66667,8.66667,10.66667],"texture":"#1"},"west":{"uv":[10.66667,7,11.66667,6],"texture":"#1"},"up":{"uv":[12,5,11.33333,4],"texture":"#1"},"down":{"uv":[4.66667,11.33333,4,12.33333],"texture":"#1"}}},{"from":[7.34,5.01316,4.73633],"to":[8.66,6.38816,6.27633],"rotation":{"angle":0,"axis":"x","origin":[8,8,10]},"faces":{"north":{"uv":[4.66667,12.33333,5.33333,11.33333],"texture":"#1"},"east":{"uv":[6.66667,11.66667,7.66667,10.66667],"texture":"#1"},"south":{"uv":[9.33333,12.33333,10,11.33333],"texture":"#1"},"west":{"uv":[10.66667,8.33333,11.66667,7.33333],"texture":"#1"},"up":{"uv":[11.33333,12.33333,10.66667,11.33333],"texture":"#1"},"down":{"uv":[10.66667,11.33333,10,12.33333],"texture":"#1"}}},{"from":[7.23,-2.82422,7.52153],"to":[8.77,-1.28422,8.89653],"rotation":{"angle":0,"axis":"x","origin":[8,8,10]},"faces":{"north":{"uv":[10.66667,9.66667,11.66667,8.66667],"texture":"#1"},"east":{"uv":[10.66667,11,11.66667,10],"texture":"#1"},"south":{"uv":[11.33333,1,12.33333,0],"texture":"#1"},"west":{"uv":[11.33333,2.33333,12.33333,1.33333],"texture":"#1"},"up":{"uv":[12.33333,3.66667,11.33333,2.66667],"texture":"#1"},"down":{"uv":[3.66667,11.33333,2.66667,12.33333],"texture":"#1"}}},{"from":[7.34,8.4263,4.62888],"to":[8.66,8.9763,6.16888],"rotation":{"angle":-22.5,"axis":"x","origin":[8,8,10]},"faces":{"north":{"uv":[7.33333,12.33333,8,12],"texture":"#1"},"east":{"uv":[12,5.66667,13,5.33333],"texture":"#1"},"south":{"uv":[12,7.66667,12.66667,7.33333],"texture":"#1"},"west":{"uv":[6,12.33333,7,12],"texture":"#1"},"up":{"uv":[0.66667,13,0,12],"texture":"#1"},"down":{"uv":[12,11.33333,11.33333,12.33333],"texture":"#1"}}},{"from":[7.3345,5.57717,5.22805],"to":[8.6655,6.12717,6.76805],"rotation":{"angle":22.5,"axis":"x","origin":[8,8,10]},"faces":{"north":{"uv":[8,12.33333,8.66667,12],"texture":"#1"},"east":{"uv":[12,6.33333,13,6],"texture":"#1"},"south":{"uv":[12,8.33333,12.66667,8],"texture":"#1"},"west":{"uv":[12,7,13,6.66667],"texture":"#1"},"up":{"uv":[2,13,1.33333,12],"texture":"#1"},"down":{"uv":[1.33333,12,0.66667,13],"texture":"#1"}}},{"from":[8,-5.3375,14.55926],"to":[8,21.3375,21.16426],"rotation":{"angle":0,"axis":"y","origin":[8,8,10]},"faces":{"north":{"uv":[0,0,0,60],"texture":"#2"},"east":{"uv":[6,0,3.2,12],"texture":"#2"},"south":{"uv":[0,0,0,60],"texture":"#2"},"west":{"uv":[3.2,0,6,12],"texture":"#2"},"up":{"uv":[0,0,0,33],"texture":"#2"},"down":{"uv":[0,33,0,0],"texture":"#2"}}},{"from":[7.45,4.48045,4.99049],"to":[8.55,9.65045,6.09049],"rotation":{"angle":0,"axis":"x","origin":[8,8,10]},"faces":{"north":{"uv":[8.66667,5.33333,9.33333,8.33333],"texture":"#1"},"east":{"uv":[8.66667,8.66667,9.33333,11.66667],"texture":"#1"},"south":{"uv":[9.33333,0,10,3],"texture":"#1"},"west":{"uv":[9.33333,3.33333,10,6.33333],"texture":"#1"},"up":{"uv":[12.66667,5.33333,12,4.66667],"texture":"#1"},"down":{"uv":[6,12,5.33333,12.66667],"texture":"#1"}}},{"from":[8,6.75,-3],"to":[8,9.25,21],"rotation":{"angle":0,"axis":"y","origin":[8,8,2]},"faces":{"north":{"uv":[0,0,0,2],"texture":"#0"},"east":{"uv":[0,0.33333,16,2],"texture":"#0"},"south":{"uv":[0,0,0,2],"texture":"#0"},"west":{"uv":[0,2.33333,16,4],"texture":"#0"},"up":{"uv":[0,16,0,0],"texture":"#0"},"down":{"uv":[0,0,0,16],"texture":"#0"}}},{"from":[6.75,8,-3],"to":[9.25,8,21],"rotation":{"angle":0,"axis":"y","origin":[8,8,2]},"faces":{"north":{"uv":[0,0,0,2],"rotation":90,"texture":"#0"},"east":{"uv":[0,0,0,16],"rotation":270,"texture":"#0"},"south":{"uv":[0,0,0,2],"rotation":270,"texture":"#0"},"west":{"uv":[0,16,0,0],"rotation":270,"texture":"#0"},"up":{"uv":[0,0.33333,16,2],"rotation":270,"texture":"#0"},"down":{"uv":[0,2.33333,16,4],"rotation":270,"texture":"#0"}}}],"display":{"thirdperson_righthand":{"translation":[0,-2,4],"scale":[0.8,0.8,0.8]},"thirdperson_lefthand":{"translation":[0,-2,4],"scale":[0.8,0.8,0.8]},"firstperson_righthand":{"rotation":[9.04,0.22,8.08],"translation":[7.25,0,-8.75]},"firstperson_lefthand":{"rotation":[9.04,0.22,8.08],"translation":[7.25,0,-8.75]},"ground":{"rotation":[0,0,-82],"scale":[0.67,0.67,0.67]},"gui":{"rotation":[90,45,90],"translation":[-1.5,1.5,-2],"scale":[0.5,0.5,0.5]},"head":{"scale":[0,0,0]},"fixed":{"rotation":[90,-45,90],"translation":[0.75,1.25,-2]}},"groups":[{"name":"bow12","origin":[8,27.72281,9.09412],"color":0,"children":[{"name":"group","origin":[8,8.01169,3.89158],"color":0,"children":[0,1,2,3,4,5,6,7,8,9,10]},{"name":"group","origin":[8,8.01169,3.89158],"color":0,"children":[11,12,13,14,15,16,17,18,19,20,21]},22,23]},{"name":"arrow","origin":[8,8,2],"color":0,"children":[24,25]}]}