{"credit":"Made with Blockbench","texture_size":[32,32],"textures":{"0":"item/bows/arrow","1":"item/bows/bow_5","2":"item/bows/string","particle":"item/bows/arrow"},"elements":[{"from":[7.34,10.0644,8.63257],"to":[8.66,13.9364,10.04057],"rotation":{"angle":-45,"axis":"x","origin":[8,8,8]},"faces":{"north":{"uv":[7.5,7.5,8.25,9.75],"texture":"#1"},"east":{"uv":[8.5,1.5,9.25,3.75],"texture":"#1"},"south":{"uv":[3.5,8.5,4.25,10.75],"texture":"#1"},"west":{"uv":[8.5,4,9.25,6.25],"texture":"#1"},"up":{"uv":[6.25,13.25,5.5,12.5],"texture":"#1"},"down":{"uv":[13.25,5.5,12.5,6.25],"texture":"#1"}}},{"from":[7.296,10.85618,2.75756],"to":[8.704,14.72818,4.16556],"rotation":{"angle":22.5,"axis":"x","origin":[8,8,8]},"faces":{"north":{"uv":[4.5,8.5,5.25,10.75],"texture":"#1"},"east":{"uv":[8.5,6.5,9.25,8.75],"texture":"#1"},"south":{"uv":[0,9,0.75,11.25],"texture":"#1"},"west":{"uv":[8.5,9,9.25,11.25],"texture":"#1"},"up":{"uv":[7.25,13.25,6.5,12.5],"texture":"#1"},"down":{"uv":[13.25,6.5,12.5,7.25],"texture":"#1"}}},{"from":[6.944,15.02658,-4.23348],"to":[9.056,15.73058,-2.12148],"rotation":{"angle":45,"axis":"x","origin":[8,8,8]},"faces":{"north":{"uv":[12,3.5,13.25,4],"texture":"#1"},"east":{"uv":[12,4,13.25,4.5],"texture":"#1"},"south":{"uv":[12.5,0,13.75,0.5],"texture":"#1"},"west":{"uv":[12.5,0.5,13.75,1],"texture":"#1"},"up":{"uv":[10.25,1.25,9,0],"texture":"#1"},"down":{"uv":[2.25,9.5,1,10.75],"texture":"#1"}}},{"from":[6.944,16.34658,-4.67348],"to":[9.056,17.05058,-2.56148],"rotation":{"angle":45,"axis":"x","origin":[8,8,8]},"faces":{"north":{"uv":[1,12.5,2.25,13],"texture":"#1"},"east":{"uv":[12.5,1,13.75,1.5],"texture":"#1"},"south":{"uv":[12.5,1.5,13.75,2],"texture":"#1"},"west":{"uv":[12.5,2,13.75,2.5],"texture":"#1"},"up":{"uv":[10.75,2.75,9.5,1.5],"texture":"#1"},"down":{"uv":[10.75,3,9.5,4.25],"texture":"#1"}}},{"from":[6.768,15.30843,8.07905],"to":[9.232,17.42043,10.54305],"rotation":{"angle":-22.5,"axis":"x","origin":[8,8,8]},"faces":{"north":{"uv":[7,3,8.5,4.25],"texture":"#1"},"east":{"uv":[4,7,5.5,8.25],"texture":"#1"},"south":{"uv":[7,4.5,8.5,5.75],"texture":"#1"},"west":{"uv":[7,6,8.5,7.25],"texture":"#1"},"up":{"uv":[4.5,1.5,3,0],"texture":"#1"},"down":{"uv":[5.5,4,4,5.5],"texture":"#1"}}},{"from":[7.12,14.69321,0.69691],"to":[8.88,17.15721,3.16091],"rotation":{"angle":22.5,"axis":"x","origin":[8,8,8]},"faces":{"north":{"uv":[2.5,9.5,3.5,11],"texture":"#1"},"east":{"uv":[4.5,0,6,1.5],"texture":"#1"},"south":{"uv":[9.5,4.5,10.5,6],"texture":"#1"},"west":{"uv":[5,1.5,6.5,3],"texture":"#1"},"up":{"uv":[6.5,11,5.5,9.5],"texture":"#1"},"down":{"uv":[10.5,6,9.5,7.5],"texture":"#1"}}},{"from":[7.12,12.233,-4.41451],"to":[8.88,14.697,-1.95051],"rotation":{"angle":45,"axis":"x","origin":[8,8,8]},"faces":{"north":{"uv":[6.5,9.5,7.5,11],"texture":"#1"},"east":{"uv":[5.5,3,7,4.5],"texture":"#1"},"south":{"uv":[9.5,7.5,10.5,9],"texture":"#1"},"west":{"uv":[4,5.5,5.5,7],"texture":"#1"},"up":{"uv":[10.5,10.5,9.5,9],"texture":"#1"},"down":{"uv":[8.5,10,7.5,11.5],"texture":"#1"}}},{"from":[6.768,17.84312,2.02111],"to":[9.232,19.95512,5.89311],"rotation":{"angle":0,"axis":"y","origin":[8,8,8]},"faces":{"north":{"uv":[0,7.5,1.5,8.75],"texture":"#1"},"east":{"uv":[0,2.5,2.25,3.75],"texture":"#1"},"south":{"uv":[7.5,0,9,1.25],"texture":"#1"},"west":{"uv":[2.5,2.5,4.75,3.75],"texture":"#1"},"up":{"uv":[1.5,2.25,0,0],"texture":"#1"},"down":{"uv":[3,0,1.5,2.25],"texture":"#1"}}},{"from":[7.384,7.53498,1.16911],"to":[8.616,9.99898,3.63311],"rotation":{"angle":45,"axis":"x","origin":[8,8,8]},"faces":{"north":{"uv":[11,3,11.75,4.5],"texture":"#1"},"east":{"uv":[5.5,4.5,7,6],"texture":"#1"},"south":{"uv":[4,11,4.75,12.5],"texture":"#1"},"west":{"uv":[6,0,7.5,1.5],"texture":"#1"},"up":{"uv":[5.75,12.5,5,11],"texture":"#1"},"down":{"uv":[6.75,11,6,12.5],"texture":"#1"}}},{"from":[7.12,8.99912,6.20111],"to":[8.88,9.70312,8.31311],"rotation":{"angle":0,"axis":"y","origin":[8,8,8]},"faces":{"north":{"uv":[12.5,10.5,13.5,11],"texture":"#1"},"east":{"uv":[2.5,12.5,3.75,13],"texture":"#1"},"south":{"uv":[12.5,11,13.5,11.5],"texture":"#1"},"west":{"uv":[12.5,2.5,13.75,3],"texture":"#1"},"up":{"uv":[11.5,1.25,10.5,0],"texture":"#1"},"down":{"uv":[11.5,10.5,10.5,11.75],"texture":"#1"}}},{"from":[7.12,10.19683,7.19566],"to":[8.88,10.90083,9.30766],"rotation":{"angle":-22.5,"axis":"x","origin":[8,8,8]},"faces":{"north":{"uv":[11.5,12.5,12.5,13],"texture":"#1"},"east":{"uv":[12.5,3,13.75,3.5],"texture":"#1"},"south":{"uv":[12.5,11.5,13.5,12],"texture":"#1"},"west":{"uv":[4,12.5,5.25,13],"texture":"#1"},"up":{"uv":[2,12.25,1,11],"texture":"#1"},"down":{"uv":[12,1.5,11,2.75],"texture":"#1"}}},{"from":[7.12,12.69747,2.38145],"to":[8.88,13.40147,4.49345],"rotation":{"angle":22.5,"axis":"x","origin":[8,8,8]},"faces":{"north":{"uv":[12.5,12,13.5,12.5],"texture":"#1"},"east":{"uv":[12.5,4.5,13.75,5],"texture":"#1"},"south":{"uv":[12.5,12.5,13.5,13],"texture":"#1"},"west":{"uv":[12.5,5,13.75,5.5],"texture":"#1"},"up":{"uv":[3,12.25,2,11],"texture":"#1"},"down":{"uv":[4,11,3,12.25],"texture":"#1"}}},{"from":[7.516,6.93538,0.56951],"to":[8.484,8.82738,2.46151],"rotation":{"angle":45,"axis":"x","origin":[8,8,8]},"faces":{"north":{"uv":[5,3,5.5,4],"texture":"#1"},"east":{"uv":[3,1.5,4,2.5],"texture":"#1"},"south":{"uv":[3.5,7.5,4,8.5],"texture":"#1"},"west":{"uv":[4,1.5,5,2.5],"texture":"#1"},"up":{"uv":[8.5,2.5,8,1.5],"texture":"#1"},"down":{"uv":[9,12.5,8.5,13.5],"texture":"#1"}}},{"from":[7.384,21.27234,-4.3834],"to":[8.616,23.73634,-1.9194],"rotation":{"angle":45,"axis":"x","origin":[8,8,8]},"faces":{"north":{"uv":[0,11.5,0.75,13],"texture":"#1"},"east":{"uv":[5.5,6,7,7.5],"texture":"#1"},"south":{"uv":[11.5,0,12.25,1.5],"texture":"#1"},"west":{"uv":[6.5,1.5,8,3],"texture":"#1"},"up":{"uv":[12.25,6,11.5,4.5],"texture":"#1"},"down":{"uv":[12.25,6,11.5,7.5],"texture":"#1"}}},{"from":[7.516,22.44395,-3.21179],"to":[8.484,24.33595,-1.31979],"rotation":{"angle":45,"axis":"x","origin":[8,8,8]},"faces":{"north":{"uv":[0,13,0.5,14],"texture":"#1"},"east":{"uv":[7,11.5,8,12.5],"texture":"#1"},"south":{"uv":[0.5,13,1,14],"texture":"#1"},"west":{"uv":[11.5,7.5,12.5,8.5],"texture":"#1"},"up":{"uv":[1.5,14,1,13],"texture":"#1"},"down":{"uv":[2,13,1.5,14],"texture":"#1"}}},{"from":[7.164,18.22972,-1.04184],"to":[8.836,21.39772,0.63016],"rotation":{"angle":22.5,"axis":"x","origin":[8,8,8]},"faces":{"north":{"uv":[1.5,7.5,2.5,9.25],"texture":"#1"},"east":{"uv":[2.5,7.5,3.5,9.25],"texture":"#1"},"south":{"uv":[5.5,7.5,6.5,9.25],"texture":"#1"},"west":{"uv":[6.5,7.5,7.5,9.25],"texture":"#1"},"up":{"uv":[9,12.5,8,11.5],"texture":"#1"},"down":{"uv":[12.5,8.5,11.5,9.5],"texture":"#1"}}},{"from":[7.296,16.81338,-5.37477],"to":[8.704,19.98138,-3.96677],"rotation":{"angle":45,"axis":"x","origin":[8,8,8]},"faces":{"north":{"uv":[10.5,4.5,11.25,6.25],"texture":"#1"},"east":{"uv":[10.5,6.5,11.25,8.25],"texture":"#1"},"south":{"uv":[10.5,8.5,11.25,10.25],"texture":"#1"},"west":{"uv":[9.5,10.5,10.25,12.25],"texture":"#1"},"up":{"uv":[8.25,13.25,7.5,12.5],"texture":"#1"},"down":{"uv":[13.25,7.5,12.5,8.25],"texture":"#1"}}},{"from":[7.472,23.67965,13.81413],"to":[8.528,24.73565,16.98213],"rotation":{"angle":-22.5,"axis":"x","origin":[8,8,8]},"faces":{"north":{"uv":[8,2.5,8.5,3],"texture":"#1"},"east":{"uv":[11.5,9.5,13.25,10],"texture":"#1"},"south":{"uv":[1,9,1.5,9.5],"texture":"#1"},"west":{"uv":[11.5,10,13.25,10.5],"texture":"#1"},"up":{"uv":[9.5,13.25,9,11.5],"texture":"#1"},"down":{"uv":[12,10.5,11.5,12.25],"texture":"#1"}}},{"from":[7.472,21.28451,-0.85955],"to":[8.528,24.45251,0.19645],"rotation":{"angle":22.5,"axis":"x","origin":[8,8,8]},"faces":{"north":{"uv":[12,1.5,12.5,3.25],"texture":"#1"},"east":{"uv":[10.5,12,11,13.75],"texture":"#1"},"south":{"uv":[12,10.5,12.5,12.25],"texture":"#1"},"west":{"uv":[11,12,11.5,13.75],"texture":"#1"},"up":{"uv":[7.5,11.5,7,11],"texture":"#1"},"down":{"uv":[2.5,13,2,13.5],"texture":"#1"}}},{"from":[7.34,2.0636,8.63257],"to":[8.66,5.9356,10.04057],"rotation":{"angle":45,"axis":"x","origin":[8,8,8]},"faces":{"north":{"uv":[7.5,9.75,8.25,7.5],"texture":"#1"},"east":{"uv":[8.5,3.75,9.25,1.5],"texture":"#1"},"south":{"uv":[3.5,10.75,4.25,8.5],"texture":"#1"},"west":{"uv":[8.5,6.25,9.25,4],"texture":"#1"},"up":{"uv":[13.25,6.25,12.5,5.5],"texture":"#1"},"down":{"uv":[6.25,12.5,5.5,13.25],"texture":"#1"}}},{"from":[7.296,1.27182,2.75756],"to":[8.704,5.14382,4.16556],"rotation":{"angle":-22.5,"axis":"x","origin":[8,8,8]},"faces":{"north":{"uv":[4.5,10.75,5.25,8.5],"texture":"#1"},"east":{"uv":[8.5,8.75,9.25,6.5],"texture":"#1"},"south":{"uv":[0,11.25,0.75,9],"texture":"#1"},"west":{"uv":[8.5,11.25,9.25,9],"texture":"#1"},"up":{"uv":[13.25,7.25,12.5,6.5],"texture":"#1"},"down":{"uv":[7.25,12.5,6.5,13.25],"texture":"#1"}}},{"from":[6.944,0.26942,-4.23348],"to":[9.056,0.97342,-2.12148],"rotation":{"angle":-45,"axis":"x","origin":[8,8,8]},"faces":{"north":{"uv":[12,4,13.25,3.5],"texture":"#1"},"east":{"uv":[12,4.5,13.25,4],"texture":"#1"},"south":{"uv":[12.5,0.5,13.75,0],"texture":"#1"},"west":{"uv":[12.5,1,13.75,0.5],"texture":"#1"},"up":{"uv":[2.25,10.75,1,9.5],"texture":"#1"},"down":{"uv":[10.25,0,9,1.25],"texture":"#1"}}},{"from":[6.944,-1.05058,-4.67348],"to":[9.056,-0.34658,-2.56148],"rotation":{"angle":-45,"axis":"x","origin":[8,8,8]},"faces":{"north":{"uv":[1,13,2.25,12.5],"texture":"#1"},"east":{"uv":[12.5,1.5,13.75,1],"texture":"#1"},"south":{"uv":[12.5,2,13.75,1.5],"texture":"#1"},"west":{"uv":[12.5,2.5,13.75,2],"texture":"#1"},"up":{"uv":[10.75,4.25,9.5,3],"texture":"#1"},"down":{"uv":[10.75,1.5,9.5,2.75],"texture":"#1"}}},{"from":[6.768,-1.42043,8.07905],"to":[9.232,0.69157,10.54305],"rotation":{"angle":22.5,"axis":"x","origin":[8,8,8]},"faces":{"north":{"uv":[7,4.25,8.5,3],"texture":"#1"},"east":{"uv":[4,8.25,5.5,7],"texture":"#1"},"south":{"uv":[7,5.75,8.5,4.5],"texture":"#1"},"west":{"uv":[7,7.25,8.5,6],"texture":"#1"},"up":{"uv":[5.5,5.5,4,4],"texture":"#1"},"down":{"uv":[4.5,0,3,1.5],"texture":"#1"}}},{"from":[7.12,-1.15721,0.69691],"to":[8.88,1.30679,3.16091],"rotation":{"angle":-22.5,"axis":"x","origin":[8,8,8]},"faces":{"north":{"uv":[2.5,11,3.5,9.5],"texture":"#1"},"east":{"uv":[4.5,1.5,6,0],"texture":"#1"},"south":{"uv":[9.5,6,10.5,4.5],"texture":"#1"},"west":{"uv":[5,3,6.5,1.5],"texture":"#1"},"up":{"uv":[10.5,7.5,9.5,6],"texture":"#1"},"down":{"uv":[6.5,9.5,5.5,11],"texture":"#1"}}},{"from":[7.12,1.303,-4.41451],"to":[8.88,3.767,-1.95051],"rotation":{"angle":-45,"axis":"x","origin":[8,8,8]},"faces":{"north":{"uv":[6.5,11,7.5,9.5],"texture":"#1"},"east":{"uv":[5.5,4.5,7,3],"texture":"#1"},"south":{"uv":[9.5,9,10.5,7.5],"texture":"#1"},"west":{"uv":[4,7,5.5,5.5],"texture":"#1"},"up":{"uv":[8.5,11.5,7.5,10],"texture":"#1"},"down":{"uv":[10.5,9,9.5,10.5],"texture":"#1"}}},{"from":[6.768,-3.95512,2.02111],"to":[9.232,-1.84312,5.89311],"rotation":{"angle":0,"axis":"y","origin":[8,8,8]},"faces":{"north":{"uv":[0,8.75,1.5,7.5],"texture":"#1"},"east":{"uv":[0,3.75,2.25,2.5],"texture":"#1"},"south":{"uv":[7.5,1.25,9,0],"texture":"#1"},"west":{"uv":[2.5,3.75,4.75,2.5],"texture":"#1"},"up":{"uv":[3,2.25,1.5,0],"texture":"#1"},"down":{"uv":[1.5,0,0,2.25],"texture":"#1"}}},{"from":[7.384,6.00102,1.16911],"to":[8.616,8.46502,3.63311],"rotation":{"angle":-45,"axis":"x","origin":[8,8,8]},"faces":{"north":{"uv":[11,4.5,11.75,3],"texture":"#1"},"east":{"uv":[5.5,6,7,4.5],"texture":"#1"},"south":{"uv":[4,12.5,4.75,11],"texture":"#1"},"west":{"uv":[6,1.5,7.5,0],"texture":"#1"},"up":{"uv":[6.75,12.5,6,11],"texture":"#1"},"down":{"uv":[5.75,11,5,12.5],"texture":"#1"}}},{"from":[7.12,6.29688,6.20111],"to":[8.88,7.00088,8.31311],"rotation":{"angle":0,"axis":"y","origin":[8,8,8]},"faces":{"north":{"uv":[12.5,11,13.5,10.5],"texture":"#1"},"east":{"uv":[2.5,13,3.75,12.5],"texture":"#1"},"south":{"uv":[12.5,11.5,13.5,11],"texture":"#1"},"west":{"uv":[12.5,3,13.75,2.5],"texture":"#1"},"up":{"uv":[11.5,11.75,10.5,10.5],"texture":"#1"},"down":{"uv":[11.5,0,10.5,1.25],"texture":"#1"}}},{"from":[7.12,5.09917,7.19566],"to":[8.88,5.80317,9.30766],"rotation":{"angle":22.5,"axis":"x","origin":[8,8,8]},"faces":{"north":{"uv":[11.5,13,12.5,12.5],"texture":"#1"},"east":{"uv":[12.5,3.5,13.75,3],"texture":"#1"},"south":{"uv":[12.5,12,13.5,11.5],"texture":"#1"},"west":{"uv":[4,13,5.25,12.5],"texture":"#1"},"up":{"uv":[12,2.75,11,1.5],"texture":"#1"},"down":{"uv":[2,11,1,12.25],"texture":"#1"}}},{"from":[7.12,2.59853,2.38145],"to":[8.88,3.30253,4.49345],"rotation":{"angle":-22.5,"axis":"x","origin":[8,8,8]},"faces":{"north":{"uv":[12.5,12.5,13.5,12],"texture":"#1"},"east":{"uv":[12.5,5,13.75,4.5],"texture":"#1"},"south":{"uv":[12.5,13,13.5,12.5],"texture":"#1"},"west":{"uv":[12.5,5.5,13.75,5],"texture":"#1"},"up":{"uv":[4,12.25,3,11],"texture":"#1"},"down":{"uv":[3,11,2,12.25],"texture":"#1"}}},{"from":[7.516,7.17262,0.56951],"to":[8.484,9.06462,2.46151],"rotation":{"angle":-45,"axis":"x","origin":[8,8,8]},"faces":{"north":{"uv":[5,4,5.5,3],"texture":"#1"},"east":{"uv":[3,2.5,4,1.5],"texture":"#1"},"south":{"uv":[3.5,8.5,4,7.5],"texture":"#1"},"west":{"uv":[4,2.5,5,1.5],"texture":"#1"},"up":{"uv":[9,13.5,8.5,12.5],"texture":"#1"},"down":{"uv":[8.5,1.5,8,2.5],"texture":"#1"}}},{"from":[7.384,-7.73634,-4.3834],"to":[8.616,-5.27234,-1.9194],"rotation":{"angle":-45,"axis":"x","origin":[8,8,8]},"faces":{"north":{"uv":[0,13,0.75,11.5],"texture":"#1"},"east":{"uv":[5.5,7.5,7,6],"texture":"#1"},"south":{"uv":[11.5,1.5,12.25,0],"texture":"#1"},"west":{"uv":[6.5,3,8,1.5],"texture":"#1"},"up":{"uv":[12.25,7.5,11.5,6],"texture":"#1"},"down":{"uv":[12.25,4.5,11.5,6],"texture":"#1"}}},{"from":[7.516,-8.49151,-3.05623],"to":[8.484,-6.59951,-1.16423],"rotation":{"angle":-45,"axis":"x","origin":[8,8,8]},"faces":{"north":{"uv":[0,14,0.5,13],"texture":"#1"},"east":{"uv":[7,12.5,8,11.5],"texture":"#1"},"south":{"uv":[0.5,14,1,13],"texture":"#1"},"west":{"uv":[11.5,8.5,12.5,7.5],"texture":"#1"},"up":{"uv":[2,14,1.5,13],"texture":"#1"},"down":{"uv":[1.5,13,1,14],"texture":"#1"}}},{"from":[7.164,-5.39772,-1.04184],"to":[8.836,-2.22972,0.63016],"rotation":{"angle":-22.5,"axis":"x","origin":[8,8,8]},"faces":{"north":{"uv":[1.5,9.25,2.5,7.5],"texture":"#1"},"east":{"uv":[2.5,9.25,3.5,7.5],"texture":"#1"},"south":{"uv":[5.5,9.25,6.5,7.5],"texture":"#1"},"west":{"uv":[6.5,9.25,7.5,7.5],"texture":"#1"},"up":{"uv":[12.5,9.5,11.5,8.5],"texture":"#1"},"down":{"uv":[9,11.5,8,12.5],"texture":"#1"}}},{"from":[7.296,-3.98138,-5.37477],"to":[8.704,-0.81338,-3.96677],"rotation":{"angle":-45,"axis":"x","origin":[8,8,8]},"faces":{"north":{"uv":[10.5,6.25,11.25,4.5],"texture":"#1"},"east":{"uv":[10.5,8.25,11.25,6.5],"texture":"#1"},"south":{"uv":[10.5,10.25,11.25,8.5],"texture":"#1"},"west":{"uv":[9.5,12.25,10.25,10.5],"texture":"#1"},"up":{"uv":[13.25,8.25,12.5,7.5],"texture":"#1"},"down":{"uv":[8.25,12.5,7.5,13.25],"texture":"#1"}}},{"from":[7.472,-8.73565,13.81413],"to":[8.528,-7.67965,16.98213],"rotation":{"angle":22.5,"axis":"x","origin":[8,8,8]},"faces":{"north":{"uv":[8,3,8.5,2.5],"texture":"#1"},"east":{"uv":[11.5,10,13.25,9.5],"texture":"#1"},"south":{"uv":[1,9.5,1.5,9],"texture":"#1"},"west":{"uv":[11.5,10.5,13.25,10],"texture":"#1"},"up":{"uv":[12,12.25,11.5,10.5],"texture":"#1"},"down":{"uv":[9.5,11.5,9,13.25],"texture":"#1"}}},{"from":[7.472,-8.45251,-0.85955],"to":[8.528,-5.28451,0.19645],"rotation":{"angle":-22.5,"axis":"x","origin":[8,8,8]},"faces":{"north":{"uv":[12,3.25,12.5,1.5],"texture":"#1"},"east":{"uv":[10.5,13.75,11,12],"texture":"#1"},"south":{"uv":[12,12.25,12.5,10.5],"texture":"#1"},"west":{"uv":[11,13.75,11.5,12],"texture":"#1"},"up":{"uv":[2.5,13.5,2,13],"texture":"#1"},"down":{"uv":[7.5,11,7,11.5],"texture":"#1"}}},{"from":[8,-10.15,12.42711],"to":[8,26.15,20.91111],"rotation":{"angle":0,"axis":"y","origin":[8,8,8]},"faces":{"north":{"uv":[0,0,0,15],"texture":"#2"},"east":{"uv":[6,0,3,12],"texture":"#2"},"south":{"uv":[0,0,0,15],"texture":"#2"},"west":{"uv":[3,0,6,12],"texture":"#2"},"up":{"uv":[0,0,0,8.25],"texture":"#2"},"down":{"uv":[0,8.25,0,0],"texture":"#2"}}},{"from":[7.296,5.184,6.57515],"to":[8.704,10.816,7.98315],"rotation":{"angle":0,"axis":"y","origin":[8,8,8]},"faces":{"north":{"uv":[0,4,0.75,7.25],"texture":"#1"},"east":{"uv":[1,4,1.75,7.25],"texture":"#1"},"south":{"uv":[2,4,2.75,7.25],"texture":"#1"},"west":{"uv":[3,4,3.75,7.25],"texture":"#1"},"up":{"uv":[13.25,9.25,12.5,8.5],"texture":"#1"},"down":{"uv":[10.25,12.5,9.5,13.25],"texture":"#1"}}},{"from":[8,6.75,-3],"to":[8,9.25,21],"rotation":{"angle":0,"axis":"y","origin":[8,8,2]},"faces":{"north":{"uv":[0,0,0,2],"texture":"#0"},"east":{"uv":[0,0.33333,16,2],"texture":"#0"},"south":{"uv":[0,0,0,2],"texture":"#0"},"west":{"uv":[0,2.33333,16,4],"texture":"#0"},"up":{"uv":[0,16,0,0],"texture":"#0"},"down":{"uv":[0,0,0,16],"texture":"#0"}}},{"from":[6.75,8,-3],"to":[9.25,8,21],"rotation":{"angle":0,"axis":"y","origin":[8,8,2]},"faces":{"north":{"uv":[0,0,0,2],"rotation":90,"texture":"#0"},"east":{"uv":[0,0,0,16],"rotation":270,"texture":"#0"},"south":{"uv":[0,0,0,2],"rotation":270,"texture":"#0"},"west":{"uv":[0,16,0,0],"rotation":270,"texture":"#0"},"up":{"uv":[0,0.33333,16,2],"rotation":270,"texture":"#0"},"down":{"uv":[0,2.33333,16,4],"rotation":270,"texture":"#0"}}}],"gui_light":"front","display":{"thirdperson_righthand":{"translation":[0,-2,3.25],"scale":[0.8,0.8,0.8]},"thirdperson_lefthand":{"translation":[0,-2,3.25],"scale":[0.8,0.8,0.8]},"firstperson_righthand":{"rotation":[9.04,0.22,8.08],"translation":[7.25,0,-8.75]},"firstperson_lefthand":{"rotation":[9.04,0.22,8.08],"translation":[7.25,0,-8.75]},"ground":{"rotation":[0,0,-82],"scale":[0.67,0.67,0.67]},"gui":{"rotation":[90,45,90],"translation":[-0.75,0.75,-2],"scale":[0.45,0.45,0.45]},"head":{"scale":[0,0,0]},"fixed":{"rotation":[90,-45,90],"translation":[0.75,1.25,-2]}},"groups":[{"name":"bow5","origin":[8,20.80866,15.19386],"color":0,"children":[{"name":"group","origin":[8,23.23302,5.71884],"color":0,"children":[0,1,2,3,4,5,6,7,8,9,10,11,12,13,14,15,16,17,18]},{"name":"group","origin":[8,23.23302,5.71884],"color":0,"children":[19,20,21,22,23,24,25,26,27,28,29,30,31,32,33,34,35,36,37]},38,39]},{"name":"arrow","origin":[8,8,2],"color":0,"children":[40,41]}]}