{"credit":"Made with Blockbench","textures":{"1":"item/bows/string","2":"item/bows/bow_30","particle":"item/bows/bow_30"},"elements":[{"from":[7.34,9.74819,2.26529],"to":[8.66,12.21219,4.72929],"rotation":{"angle":22.5,"axis":"x","origin":[8,10.98019,3.49729]},"faces":{"north":{"uv":[6,12,6.75,13.5],"rotation":180,"texture":"#2"},"east":{"uv":[4.5,8.5,6,10],"rotation":180,"texture":"#2"},"south":{"uv":[12,5.5,12.75,7],"rotation":180,"texture":"#2"},"west":{"uv":[6,8.5,7.5,10],"rotation":180,"texture":"#2"},"up":{"uv":[12.75,10.5,12,12],"texture":"#2"},"down":{"uv":[12.75,10.5,12,9],"texture":"#2"}}},{"from":[7.34,13.48171,4.99882],"to":[8.66,15.94571,7.46282],"rotation":{"angle":0,"axis":"x","origin":[8,12.84695,4.36406]},"faces":{"north":{"uv":[12,10.5,12.75,12],"texture":"#2"},"east":{"uv":[4.5,10,6,8.5],"rotation":90,"texture":"#2"},"south":{"uv":[12,10.5,12.75,9],"rotation":180,"texture":"#2"},"west":{"uv":[6,10,7.5,8.5],"rotation":270,"texture":"#2"},"up":{"uv":[6,13.5,6.75,12],"texture":"#2"},"down":{"uv":[12,7,12.75,5.5],"rotation":180,"texture":"#2"}}},{"from":[7.384,18.68456,7.39141],"to":[8.616,20.09256,11.43941],"rotation":{"angle":-22.5,"axis":"x","origin":[8,17.79783,5.89291]},"faces":{"north":{"uv":[10.75,13,10,13.75],"texture":"#2"},"east":{"uv":[12.25,3,10.5,3.75],"texture":"#2"},"south":{"uv":[13.75,9,13,9.75],"texture":"#2"},"west":{"uv":[11.75,10.5,10,11.25],"texture":"#2"},"up":{"uv":[11.75,4,11,5.75],"texture":"#2"},"down":{"uv":[7.75,12.75,7,11],"texture":"#2"}}},{"from":[7.12,17.50519,1.89996],"to":[8.88,20.67319,3.65996],"rotation":{"angle":22.5,"axis":"x","origin":[8,6.75,8.5]},"faces":{"north":{"uv":[10,9.5,9,11.25],"rotation":180,"texture":"#2"},"east":{"uv":[11.25,7.5,9.5,8.5],"rotation":90,"texture":"#2"},"south":{"uv":[3,11.75,2,10],"texture":"#2"},"west":{"uv":[11.25,8.5,9.5,9.5],"rotation":270,"texture":"#2"},"up":{"uv":[13.5,0,12.5,1],"texture":"#2"},"down":{"uv":[2,12.5,1,13.5],"rotation":180,"texture":"#2"}}},{"from":[7.296,20.73893,7.80242],"to":[8.704,22.14693,10.97042],"rotation":{"angle":0,"axis":"x","origin":[8,6.75,8.5]},"faces":{"north":{"uv":[9.75,13,9,13.75],"texture":"#2"},"east":{"uv":[11.75,9.5,10,10.25],"texture":"#2"},"south":{"uv":[7.75,13,7,13.75],"texture":"#2"},"west":{"uv":[12.25,0,10.5,0.75],"texture":"#2"},"up":{"uv":[6.75,10,6,11.75],"texture":"#2"},"down":{"uv":[11.25,2.75,10.5,1],"texture":"#2"}}},{"from":[8,15.35109,-2.86587],"to":[8,21.51109,1.53413],"rotation":{"angle":45,"axis":"x","origin":[8,6.75,8.5]},"faces":{"north":{"uv":[0,0,0,3.5],"rotation":180,"texture":"#2"},"east":{"uv":[3.5,0,0,2.5],"rotation":90,"texture":"#2"},"south":{"uv":[0,3.5,0,0],"texture":"#2"},"west":{"uv":[3.5,2.5,0,5],"rotation":270,"texture":"#2"},"up":{"uv":[0,0,0,2.5],"texture":"#2"},"down":{"uv":[0,0,0,2.5],"rotation":180,"texture":"#2"}}},{"from":[8,11.41103,2.07853],"to":[8,17.57103,6.47853],"rotation":{"angle":-22.5,"axis":"x","origin":[8,14.49103,4.27853]},"faces":{"north":{"uv":[0,0,0,3.5],"rotation":180,"texture":"#2"},"east":{"uv":[3.5,0,0,2.5],"rotation":90,"texture":"#2"},"south":{"uv":[0,3.5,0,0],"texture":"#2"},"west":{"uv":[3.5,2.5,0,5],"rotation":270,"texture":"#2"},"up":{"uv":[0,0,0,2.5],"texture":"#2"},"down":{"uv":[0,0,0,2.5],"rotation":180,"texture":"#2"}}},{"from":[6.988,15.86065,5.68893],"to":[9.012,17.97265,8.15293],"rotation":{"angle":-22.5,"axis":"x","origin":[8,16.91665,6.92093]},"faces":{"north":{"uv":[3,10,4.25,11.25],"texture":"#2"},"east":{"uv":[9,0,10.5,1.25],"texture":"#2"},"south":{"uv":[4.5,10,5.75,11.25],"texture":"#2"},"west":{"uv":[9,1.5,10.5,2.75],"texture":"#2"},"up":{"uv":[10.25,4.5,9,3],"texture":"#2"},"down":{"uv":[10.75,4.5,9.5,6],"texture":"#2"}}},{"from":[7.384,16.91626,5.28735],"to":[8.616,19.38026,7.75135],"rotation":{"angle":0,"axis":"x","origin":[8,18.14826,6.51935]},"faces":{"north":{"uv":[11,11.5,11.75,13],"rotation":180,"texture":"#2"},"east":{"uv":[8,8,9.5,9.5],"rotation":180,"texture":"#2"},"south":{"uv":[10,11.5,10.75,13],"rotation":180,"texture":"#2"},"west":{"uv":[3,8.5,4.5,10],"rotation":180,"texture":"#2"},"up":{"uv":[12.75,4,12,5.5],"texture":"#2"},"down":{"uv":[2.75,13.5,2,12],"texture":"#2"}}},{"from":[7.1156,16.03284,6.77353],"to":[8.8844,16.73684,8.88553],"rotation":{"angle":-22.5,"axis":"x","origin":[8,8.25,9.25]},"faces":{"north":{"uv":[12,13,13,13.5],"texture":"#2"},"east":{"uv":[13,5,14.25,5.5],"texture":"#2"},"south":{"uv":[13,12,14,12.5],"texture":"#2"},"west":{"uv":[13,5.5,14.25,6],"texture":"#2"},"up":{"uv":[12.5,8.75,11.5,7.5],"texture":"#2"},"down":{"uv":[10,11.5,9,12.75],"texture":"#2"}}},{"from":[7.12,10.44361,3.68739],"to":[8.88,14.84361,5.44739],"rotation":{"angle":0,"axis":"x","origin":[8,12.84695,4.36406]},"faces":{"north":{"uv":[7,0,8,2.5],"texture":"#2"},"east":{"uv":[7,2.5,8,5],"texture":"#2"},"south":{"uv":[7,5,8,7.5],"texture":"#2"},"west":{"uv":[2,7.5,3,10],"texture":"#2"},"up":{"uv":[13.5,2,12.5,1],"texture":"#2"},"down":{"uv":[13.5,2,12.5,3],"texture":"#2"}}},{"from":[7.1244,11.76361,2.36739],"to":[8.8756,13.52361,6.76739],"rotation":{"angle":0,"axis":"x","origin":[8,12.84695,4.36406]},"faces":{"north":{"uv":[12.5,3,13.5,4],"texture":"#2"},"east":{"uv":[3,7.5,5.5,8.5],"texture":"#2"},"south":{"uv":[12.5,7,13.5,8],"texture":"#2"},"west":{"uv":[5.5,7.5,8,8.5],"texture":"#2"},"up":{"uv":[9,2.5,8,0],"texture":"#2"},"down":{"uv":[9,2.5,8,5],"texture":"#2"}}},{"from":[7.1156,10.97912,4.89676],"to":[8.8844,11.68312,7.00876],"rotation":{"angle":0,"axis":"y","origin":[8,8,9]},"faces":{"north":{"uv":[13,10.5,14,11],"texture":"#2"},"east":{"uv":[3,13,4.25,13.5],"texture":"#2"},"south":{"uv":[11,13,12,13.5],"texture":"#2"},"west":{"uv":[13,4,14.25,4.5],"texture":"#2"},"up":{"uv":[12.5,2.25,11.5,1],"texture":"#2"},"down":{"uv":[4,11.5,3,12.75],"texture":"#2"}}},{"from":[7.1156,8.99912,4.89676],"to":[8.8844,9.70312,7.00876],"rotation":{"angle":0,"axis":"y","origin":[8,8,9]},"faces":{"north":{"uv":[11.5,2.5,12.5,3],"texture":"#2"},"east":{"uv":[12.5,8,13.75,8.5],"texture":"#2"},"south":{"uv":[13,10,14,10.5],"texture":"#2"},"west":{"uv":[12.5,8.5,13.75,9],"texture":"#2"},"up":{"uv":[12,7.25,11,6],"texture":"#2"},"down":{"uv":[9,11,8,12.25],"texture":"#2"}}},{"from":[7.34,3.78781,2.26529],"to":[8.66,6.25181,4.72929],"rotation":{"angle":-22.5,"axis":"x","origin":[8,5.01981,3.49729]},"faces":{"north":{"uv":[6,13.5,6.75,12],"rotation":180,"texture":"#2"},"east":{"uv":[4.5,10,6,8.5],"rotation":180,"texture":"#2"},"south":{"uv":[12,7,12.75,5.5],"rotation":180,"texture":"#2"},"west":{"uv":[6,10,7.5,8.5],"rotation":180,"texture":"#2"},"up":{"uv":[12.75,9,12,10.5],"texture":"#2"},"down":{"uv":[12.75,12,12,10.5],"texture":"#2"}}},{"from":[7.34,0.05429,4.99882],"to":[8.66,2.51829,7.46282],"rotation":{"angle":0,"axis":"x","origin":[8,3.15305,4.36406]},"faces":{"north":{"uv":[12,12,12.75,10.5],"texture":"#2"},"east":{"uv":[6,10,4.5,8.5],"rotation":90,"texture":"#2"},"south":{"uv":[12,9,12.75,10.5],"rotation":180,"texture":"#2"},"west":{"uv":[7.5,10,6,8.5],"rotation":270,"texture":"#2"},"up":{"uv":[12,5.5,12.75,7],"rotation":180,"texture":"#2"},"down":{"uv":[6,12,6.75,13.5],"texture":"#2"}}},{"from":[7.384,-4.09256,7.39141],"to":[8.616,-2.68456,11.43941],"rotation":{"angle":22.5,"axis":"x","origin":[8,-1.79783,5.89291]},"faces":{"north":{"uv":[10.75,13.75,10,13],"texture":"#2"},"east":{"uv":[12.25,3.75,10.5,3],"texture":"#2"},"south":{"uv":[13.75,9.75,13,9],"texture":"#2"},"west":{"uv":[11.75,11.25,10,10.5],"texture":"#2"},"up":{"uv":[7.75,11,7,12.75],"texture":"#2"},"down":{"uv":[11.75,5.75,11,4],"texture":"#2"}}},{"from":[7.12,-4.67319,1.89996],"to":[8.88,-1.50519,3.65996],"rotation":{"angle":-22.5,"axis":"x","origin":[8,9.25,8.5]},"faces":{"north":{"uv":[10,11.25,9,9.5],"rotation":180,"texture":"#2"},"east":{"uv":[9.5,7.5,11.25,8.5],"rotation":90,"texture":"#2"},"south":{"uv":[3,10,2,11.75],"texture":"#2"},"west":{"uv":[9.5,8.5,11.25,9.5],"rotation":270,"texture":"#2"},"up":{"uv":[2,13.5,1,12.5],"rotation":180,"texture":"#2"},"down":{"uv":[13.5,1,12.5,0],"texture":"#2"}}},{"from":[7.296,-6.14693,7.80242],"to":[8.704,-4.73893,10.97042],"rotation":{"angle":0,"axis":"x","origin":[8,9.25,8.5]},"faces":{"north":{"uv":[9.75,13.75,9,13],"texture":"#2"},"east":{"uv":[11.75,10.25,10,9.5],"texture":"#2"},"south":{"uv":[7.75,13.75,7,13],"texture":"#2"},"west":{"uv":[12.25,0.75,10.5,0],"texture":"#2"},"up":{"uv":[11.25,1,10.5,2.75],"texture":"#2"},"down":{"uv":[6.75,11.75,6,10],"texture":"#2"}}},{"from":[8,-5.51109,-2.86587],"to":[8,0.64891,1.53413],"rotation":{"angle":-45,"axis":"x","origin":[8,9.25,8.5]},"faces":{"north":{"uv":[0,3.5,0,0],"rotation":180,"texture":"#2"},"east":{"uv":[0,0,3.5,2.5],"rotation":90,"texture":"#2"},"south":{"uv":[0,0,0,3.5],"texture":"#2"},"west":{"uv":[0,2.5,3.5,5],"rotation":270,"texture":"#2"},"up":{"uv":[0,2.5,0,0],"rotation":180,"texture":"#2"},"down":{"uv":[0,2.5,0,0],"texture":"#2"}}},{"from":[6.988,-1.97265,5.68893],"to":[9.012,0.13935,8.15293],"rotation":{"angle":22.5,"axis":"x","origin":[8,-0.91665,6.92093]},"faces":{"north":{"uv":[3,11.25,4.25,10],"texture":"#2"},"east":{"uv":[9,1.25,10.5,0],"texture":"#2"},"south":{"uv":[4.5,11.25,5.75,10],"texture":"#2"},"west":{"uv":[9,2.75,10.5,1.5],"texture":"#2"},"up":{"uv":[10.75,6,9.5,4.5],"texture":"#2"},"down":{"uv":[10.25,3,9,4.5],"texture":"#2"}}},{"from":[7.384,-3.38026,5.28735],"to":[8.616,-0.91626,7.75135],"rotation":{"angle":0,"axis":"x","origin":[8,-2.14826,6.51935]},"faces":{"north":{"uv":[11,13,11.75,11.5],"rotation":180,"texture":"#2"},"east":{"uv":[8,9.5,9.5,8],"rotation":180,"texture":"#2"},"south":{"uv":[10,13,10.75,11.5],"rotation":180,"texture":"#2"},"west":{"uv":[3,10,4.5,8.5],"rotation":180,"texture":"#2"},"up":{"uv":[2.75,12,2,13.5],"texture":"#2"},"down":{"uv":[12.75,5.5,12,4],"texture":"#2"}}},{"from":[7.1156,-0.73684,6.77353],"to":[8.8844,-0.03284,8.88553],"rotation":{"angle":22.5,"axis":"x","origin":[8,7.75,9.25]},"faces":{"north":{"uv":[12,13.5,13,13],"texture":"#2"},"east":{"uv":[13,5.5,14.25,5],"texture":"#2"},"south":{"uv":[13,12.5,14,12],"texture":"#2"},"west":{"uv":[13,6,14.25,5.5],"texture":"#2"},"up":{"uv":[10,12.75,9,11.5],"texture":"#2"},"down":{"uv":[12.5,7.5,11.5,8.75],"texture":"#2"}}},{"from":[7.12,1.15639,3.68739],"to":[8.88,5.55639,5.44739],"rotation":{"angle":0,"axis":"x","origin":[8,3.15305,4.36406]},"faces":{"north":{"uv":[7,2.5,8,0],"texture":"#2"},"east":{"uv":[7,5,8,2.5],"texture":"#2"},"south":{"uv":[7,7.5,8,5],"texture":"#2"},"west":{"uv":[2,10,3,7.5],"texture":"#2"},"up":{"uv":[13.5,3,12.5,2],"texture":"#2"},"down":{"uv":[13.5,1,12.5,2],"texture":"#2"}}},{"from":[7.1244,2.47639,2.36739],"to":[8.8756,4.23639,6.76739],"rotation":{"angle":0,"axis":"x","origin":[8,3.15305,4.36406]},"faces":{"north":{"uv":[12.5,4,13.5,3],"texture":"#2"},"east":{"uv":[3,8.5,5.5,7.5],"texture":"#2"},"south":{"uv":[12.5,8,13.5,7],"texture":"#2"},"west":{"uv":[5.5,8.5,8,7.5],"texture":"#2"},"up":{"uv":[9,5,8,2.5],"texture":"#2"},"down":{"uv":[9,0,8,2.5],"texture":"#2"}}},{"from":[7.1156,4.31688,4.89676],"to":[8.8844,5.02088,7.00876],"rotation":{"angle":0,"axis":"y","origin":[8,8,9]},"faces":{"north":{"uv":[13,11,14,10.5],"texture":"#2"},"east":{"uv":[3,13.5,4.25,13],"texture":"#2"},"south":{"uv":[11,13.5,12,13],"texture":"#2"},"west":{"uv":[13,4.5,14.25,4],"texture":"#2"},"up":{"uv":[4,12.75,3,11.5],"texture":"#2"},"down":{"uv":[12.5,1,11.5,2.25],"texture":"#2"}}},{"from":[7.1156,6.29688,4.89676],"to":[8.8844,7.00088,7.00876],"rotation":{"angle":0,"axis":"y","origin":[8,8,9]},"faces":{"north":{"uv":[11.5,3,12.5,2.5],"texture":"#2"},"east":{"uv":[12.5,8.5,13.75,8],"texture":"#2"},"south":{"uv":[13,10.5,14,10],"texture":"#2"},"west":{"uv":[12.5,9,13.75,8.5],"texture":"#2"},"up":{"uv":[9,12.25,8,11],"texture":"#2"},"down":{"uv":[12,6,11,7.25],"texture":"#2"}}},{"from":[8,-1.57103,2.07853],"to":[8,4.58897,6.47853],"rotation":{"angle":22.5,"axis":"x","origin":[8,1.50897,4.27853]},"faces":{"north":{"uv":[0,3.5,0,0],"rotation":180,"texture":"#2"},"east":{"uv":[0,0,3.5,2.5],"rotation":90,"texture":"#2"},"south":{"uv":[0,0,0,3.5],"texture":"#2"},"west":{"uv":[0,2.5,3.5,5],"rotation":270,"texture":"#2"},"up":{"uv":[0,2.5,0,0],"rotation":180,"texture":"#2"},"down":{"uv":[0,2.5,0,0],"texture":"#2"}}},{"from":[8,-6.04,12.66071],"to":[8,22.04,13.14471],"rotation":{"angle":0,"axis":"y","origin":[8,8,7.65]},"faces":{"north":{"uv":[0,0,0,90],"texture":"#1"},"east":{"uv":[0.2,0,0,12],"texture":"#1"},"south":{"uv":[0,0,0,90],"texture":"#1"},"west":{"uv":[0,0,0.2,12],"texture":"#1"},"up":{"uv":[0,0,0,49.5],"texture":"#1"},"down":{"uv":[0,49.5,0,0],"texture":"#1"}}},{"from":[7.296,3.424,5.24876],"to":[8.704,12.576,6.65676],"rotation":{"angle":0,"axis":"y","origin":[8,8,9]},"faces":{"north":{"uv":[1,5,1.75,12.25],"texture":"#2"},"east":{"uv":[4.5,0,5.25,7.25],"texture":"#2"},"south":{"uv":[1,5,1.75,12.25],"texture":"#2"},"west":{"uv":[1,5,1.75,12.25],"texture":"#2"},"up":{"uv":[8.75,13.25,8,12.5],"texture":"#2"},"down":{"uv":[13.75,6,13,6.75],"texture":"#2"}}}],"gui_light":"front","display":{"thirdperson_righthand":{"translation":[0,-2,3.25],"scale":[0.8,0.8,0.8]},"thirdperson_lefthand":{"translation":[0,-2,3.25],"scale":[0.8,0.8,0.8]},"firstperson_righthand":{"rotation":[9.04,0.22,8.08],"translation":[7.25,0,-8.75]},"firstperson_lefthand":{"rotation":[9.04,0.22,8.08],"translation":[7.25,0,-8.75]},"ground":{"rotation":[0,0,-82],"scale":[0.67,0.67,0.67]},"gui":{"rotation":[90,45,90],"translation":[-0.75,0.75,-2],"scale":[0.5,0.5,0.5]},"head":{"scale":[0,0,0]},"fixed":{"rotation":[90,-45,90],"translation":[0.75,1.25,-2]}},"groups":[{"name":"bow30","origin":[8,20.80866,14.32529],"color":0,"children":[{"name":"group","origin":[7.995,9.53536,4.53723],"color":0,"children":[0,1,2,3,4,5,6,7,8,9,10,11,12,13]},{"name":"group","origin":[7.995,9.53536,4.53723],"color":0,"children":[14,15,16,17,18,19,20,21,22,23,24,25,26,27]},28,29]}]}