{"credit":"Made with Blockbench","texture_size":[24,24],"textures":{"0":"item/bows/arrow","1":"item/bows/string","2":"item/bows/bow_28","particle":"item/bows/arrow"},"elements":[{"from":[6.85,18.95399,3.07966],"to":[9.15,21.75399,5.47966],"rotation":{"angle":22.5,"axis":"x","origin":[8,16.4,8.25]},"faces":{"north":{"uv":[5.33333,4,7,6],"texture":"#2"},"east":{"uv":[5.33333,6,7,8],"texture":"#2"},"south":{"uv":[0,7.33333,1.66667,9.33333],"texture":"#2"},"west":{"uv":[7.33333,0,9,2],"texture":"#2"},"up":{"uv":[1.66667,11,0,9.33333],"texture":"#2"},"down":{"uv":[11,0,9.33333,1.66667],"texture":"#2"}}},{"from":[7.45,12.39854,4.67873],"to":[8.55,14.54854,6.82873],"rotation":{"angle":-22.5,"axis":"x","origin":[8,14.86526,4.72472]},"faces":{"north":{"uv":[6,15.33333,5.33333,14],"rotation":180,"texture":"#2"},"east":{"uv":[11.33333,2.66667,12.66667,4],"rotation":90,"texture":"#2"},"south":{"uv":[6.66667,14,6,15.33333],"texture":"#2"},"west":{"uv":[9.33333,12,10.66667,13.33333],"rotation":270,"texture":"#2"},"up":{"uv":[14,4.66667,14.66667,6],"texture":"#2"},"down":{"uv":[2.66667,14,3.33333,15.33333],"rotation":180,"texture":"#2"}}},{"from":[7.4,13.18595,2.50984],"to":[8.6,15.98595,3.70984],"rotation":{"angle":22.5,"axis":"x","origin":[8,14.58595,3.10984]},"faces":{"north":{"uv":[4,15.33333,3.33333,13.33333],"rotation":180,"texture":"#2"},"east":{"uv":[1.33333,13.33333,3.33333,14],"rotation":90,"texture":"#2"},"south":{"uv":[14,4.66667,13.33333,6.66667],"texture":"#2"},"west":{"uv":[13.33333,4,15.33333,4.66667],"rotation":270,"texture":"#2"},"up":{"uv":[8.66667,14,9.33333,14.66667],"texture":"#2"},"down":{"uv":[14,8,14.66667,8.66667],"rotation":180,"texture":"#2"}}},{"from":[7.3,14.3632,4.33532],"to":[8.7,17.9632,5.93532],"rotation":{"angle":-45,"axis":"x","origin":[8,14.61526,4.97472]},"faces":{"north":{"uv":[9.33333,4,10.33333,6.33333],"texture":"#2"},"east":{"uv":[9.33333,6.66667,10.33333,9],"texture":"#2"},"south":{"uv":[9.33333,9.33333,10.33333,11.66667],"texture":"#2"},"west":{"uv":[4,10,5,12.33333],"texture":"#2"},"up":{"uv":[11.66667,14.33333,10.66667,13.33333],"texture":"#2"},"down":{"uv":[14.33333,10.66667,13.33333,11.66667],"texture":"#2"}}},{"from":[7.4,16.33584,5.10883],"to":[8.6,19.93584,6.30883],"rotation":{"angle":45,"axis":"x","origin":[8,18.72953,5.21354]},"faces":{"north":{"uv":[12,12,12.66667,14.33333],"texture":"#2"},"east":{"uv":[12.66667,0,13.33333,2.33333],"texture":"#2"},"south":{"uv":[4,12.66667,4.66667,15],"texture":"#2"},"west":{"uv":[4.66667,12.66667,5.33333,15],"texture":"#2"},"up":{"uv":[14.66667,9.33333,14,8.66667],"texture":"#2"},"down":{"uv":[10,14,9.33333,14.66667],"texture":"#2"}}},{"from":[7.3,18.01432,4.1725],"to":[8.7,20.81432,6.9725],"rotation":{"angle":-22.5,"axis":"x","origin":[8,18.72953,5.21354]},"faces":{"north":{"uv":[13,7.33333,12,9.33333],"rotation":180,"texture":"#2"},"east":{"uv":[5.33333,0,7.33333,2],"rotation":270,"texture":"#2"},"south":{"uv":[7.66667,14,6.66667,12],"texture":"#2"},"west":{"uv":[5.33333,2,7.33333,4],"rotation":90,"texture":"#2"},"up":{"uv":[5.33333,12,6.33333,14],"rotation":180,"texture":"#2"},"down":{"uv":[12,5.33333,13,7.33333],"texture":"#2"}}},{"from":[7,13.95899,3.09907],"to":[9,15.95899,6.69907],"rotation":{"angle":0,"axis":"x","origin":[8,14.61526,4.97472]},"faces":{"north":{"uv":[13.33333,10.66667,12,9.33333],"rotation":180,"texture":"#2"},"east":{"uv":[5.33333,8,6.66667,10.33333],"rotation":90,"texture":"#2"},"south":{"uv":[13.33333,10.66667,12,12],"texture":"#2"},"west":{"uv":[8,8,9.33333,10.33333],"rotation":270,"texture":"#2"},"up":{"uv":[6.66667,8,8,10.33333],"texture":"#2"},"down":{"uv":[4,7.33333,5.33333,9.66667],"rotation":180,"texture":"#2"}}},{"from":[7.4,22.93618,5.36796],"to":[8.6,24.13618,8.16796],"rotation":{"angle":0,"axis":"x","origin":[8,5.9,7.75]},"faces":{"north":{"uv":[14,9.33333,14.66667,10],"texture":"#2"},"east":{"uv":[13.33333,6.66667,15.33333,7.33333],"texture":"#2"},"south":{"uv":[10,14,10.66667,14.66667],"texture":"#2"},"west":{"uv":[13.33333,7.33333,15.33333,8],"texture":"#2"},"up":{"uv":[8.66667,15.33333,8,13.33333],"texture":"#2"},"down":{"uv":[14,8,13.33333,10],"texture":"#2"}}},{"from":[7.2,21.22832,13.09836],"to":[8.8,22.82832,16.69836],"rotation":{"angle":-22.5,"axis":"x","origin":[8,5.9,7.75]},"faces":{"north":{"uv":[13.33333,12,14.33333,13],"texture":"#2"},"east":{"uv":[10.66667,4,13,5],"texture":"#2"},"south":{"uv":[13.33333,13.33333,14.33333,14.33333],"texture":"#2"},"west":{"uv":[5.33333,10.66667,7.66667,11.66667],"texture":"#2"},"up":{"uv":[11.66667,7.66667,10.66667,5.33333],"texture":"#2"},"down":{"uv":[9,10.66667,8,13],"texture":"#2"}}},{"from":[7.4,23.5299,9.38342],"to":[8.6,24.7299,12.98342],"rotation":{"angle":0,"axis":"x","origin":[8,5.9,7.75]},"faces":{"north":{"uv":[14.66667,4.66667,15.33333,5.33333],"texture":"#2"},"east":{"uv":[12.66667,2.66667,15,3.33333],"texture":"#2"},"south":{"uv":[14.66667,5.33333,15.33333,6],"texture":"#2"},"west":{"uv":[12.66667,3.33333,15,4],"texture":"#2"},"up":{"uv":[13.33333,14.33333,12.66667,12],"texture":"#2"},"down":{"uv":[14,0,13.33333,2.33333],"texture":"#2"}}},{"from":[7.35,16.12626,-4.71507],"to":[8.65,19.72626,-3.11507],"rotation":{"angle":45,"axis":"x","origin":[8,5.9,7.75]},"faces":{"north":{"uv":[10.66667,8,11.66667,10.33333],"texture":"#2"},"east":{"uv":[10.66667,10.66667,11.66667,13],"texture":"#2"},"south":{"uv":[0,11.33333,1,13.66667],"texture":"#2"},"west":{"uv":[11.33333,0,12.33333,2.33333],"texture":"#2"},"up":{"uv":[1,15,0,14],"texture":"#2"},"down":{"uv":[15,0,14,1],"texture":"#2"}}},{"from":[6.995,10.13536,5.26824],"to":[9.005,10.93536,7.66824],"rotation":{"angle":0,"axis":"y","origin":[8,8,8]},"faces":{"north":{"uv":[14,6,15.33333,6.66667],"texture":"#2"},"east":{"uv":[8.66667,13.33333,10.33333,14],"texture":"#2"},"south":{"uv":[6.66667,14,8,14.66667],"texture":"#2"},"west":{"uv":[13.33333,10,15,10.66667],"texture":"#2"},"up":{"uv":[2.66667,13,1.33333,11.33333],"texture":"#2"},"down":{"uv":[4,11.33333,2.66667,13],"texture":"#2"}}},{"from":[6.85,-5.75399,3.07966],"to":[9.15,-2.95399,5.47966],"rotation":{"angle":-22.5,"axis":"x","origin":[8,-0.4,8.25]},"faces":{"north":{"uv":[5.33333,6,7,4],"texture":"#2"},"east":{"uv":[5.33333,8,7,6],"texture":"#2"},"south":{"uv":[0,9.33333,1.66667,7.33333],"texture":"#2"},"west":{"uv":[7.33333,2,9,0],"texture":"#2"},"up":{"uv":[11,1.66667,9.33333,0],"texture":"#2"},"down":{"uv":[1.66667,9.33333,0,11],"texture":"#2"}}},{"from":[7.45,1.45146,4.67873],"to":[8.55,3.60146,6.82873],"rotation":{"angle":22.5,"axis":"x","origin":[8,1.13474,4.72472]},"faces":{"north":{"uv":[6,14,5.33333,15.33333],"rotation":180,"texture":"#2"},"east":{"uv":[12.66667,2.66667,11.33333,4],"rotation":90,"texture":"#2"},"south":{"uv":[6.66667,15.33333,6,14],"texture":"#2"},"west":{"uv":[10.66667,12,9.33333,13.33333],"rotation":270,"texture":"#2"},"up":{"uv":[2.66667,15.33333,3.33333,14],"rotation":180,"texture":"#2"},"down":{"uv":[14,6,14.66667,4.66667],"texture":"#2"}}},{"from":[7.4,0.01405,2.50984],"to":[8.6,2.81405,3.70984],"rotation":{"angle":-22.5,"axis":"x","origin":[8,1.41405,3.10984]},"faces":{"north":{"uv":[4,13.33333,3.33333,15.33333],"rotation":180,"texture":"#2"},"east":{"uv":[3.33333,13.33333,1.33333,14],"rotation":90,"texture":"#2"},"south":{"uv":[14,6.66667,13.33333,4.66667],"texture":"#2"},"west":{"uv":[15.33333,4,13.33333,4.66667],"rotation":270,"texture":"#2"},"up":{"uv":[14,8.66667,14.66667,8],"rotation":180,"texture":"#2"},"down":{"uv":[8.66667,14.66667,9.33333,14],"texture":"#2"}}},{"from":[7.3,-1.9632,4.33532],"to":[8.7,1.6368,5.93532],"rotation":{"angle":45,"axis":"x","origin":[8,1.38474,4.97472]},"faces":{"north":{"uv":[9.33333,6.33333,10.33333,4],"texture":"#2"},"east":{"uv":[9.33333,9,10.33333,6.66667],"texture":"#2"},"south":{"uv":[9.33333,11.66667,10.33333,9.33333],"texture":"#2"},"west":{"uv":[4,12.33333,5,10],"texture":"#2"},"up":{"uv":[14.33333,11.66667,13.33333,10.66667],"texture":"#2"},"down":{"uv":[11.66667,13.33333,10.66667,14.33333],"texture":"#2"}}},{"from":[7.4,-3.93584,5.10883],"to":[8.6,-0.33584,6.30883],"rotation":{"angle":-45,"axis":"x","origin":[8,-2.72953,5.21354]},"faces":{"north":{"uv":[12,14.33333,12.66667,12],"texture":"#2"},"east":{"uv":[12.66667,2.33333,13.33333,0],"texture":"#2"},"south":{"uv":[4,15,4.66667,12.66667],"texture":"#2"},"west":{"uv":[4.66667,15,5.33333,12.66667],"texture":"#2"},"up":{"uv":[10,14.66667,9.33333,14],"texture":"#2"},"down":{"uv":[14.66667,8.66667,14,9.33333],"texture":"#2"}}},{"from":[7.3,-4.81432,4.1725],"to":[8.7,-2.01432,6.9725],"rotation":{"angle":22.5,"axis":"x","origin":[8,-2.72953,5.21354]},"faces":{"north":{"uv":[13,9.33333,12,7.33333],"rotation":180,"texture":"#2"},"east":{"uv":[7.33333,0,5.33333,2],"rotation":270,"texture":"#2"},"south":{"uv":[7.66667,12,6.66667,14],"texture":"#2"},"west":{"uv":[7.33333,2,5.33333,4],"rotation":90,"texture":"#2"},"up":{"uv":[12,7.33333,13,5.33333],"texture":"#2"},"down":{"uv":[5.33333,14,6.33333,12],"rotation":180,"texture":"#2"}}},{"from":[7,0.04101,3.09907],"to":[9,2.04101,6.69907],"rotation":{"angle":0,"axis":"x","origin":[8,1.38474,4.97472]},"faces":{"north":{"uv":[13.33333,9.33333,12,10.66667],"rotation":180,"texture":"#2"},"east":{"uv":[6.66667,8,5.33333,10.33333],"rotation":90,"texture":"#2"},"south":{"uv":[13.33333,12,12,10.66667],"texture":"#2"},"west":{"uv":[9.33333,8,8,10.33333],"rotation":270,"texture":"#2"},"up":{"uv":[4,9.66667,5.33333,7.33333],"rotation":180,"texture":"#2"},"down":{"uv":[6.66667,10.33333,8,8],"texture":"#2"}}},{"from":[7.4,-8.13618,5.36796],"to":[8.6,-6.93618,8.16796],"rotation":{"angle":0,"axis":"x","origin":[8,10.1,7.75]},"faces":{"north":{"uv":[14,10,14.66667,9.33333],"texture":"#2"},"east":{"uv":[13.33333,7.33333,15.33333,6.66667],"texture":"#2"},"south":{"uv":[10,14.66667,10.66667,14],"texture":"#2"},"west":{"uv":[13.33333,8,15.33333,7.33333],"texture":"#2"},"up":{"uv":[14,10,13.33333,8],"texture":"#2"},"down":{"uv":[8.66667,13.33333,8,15.33333],"texture":"#2"}}},{"from":[7.2,-6.82832,13.09836],"to":[8.8,-5.22832,16.69836],"rotation":{"angle":22.5,"axis":"x","origin":[8,10.1,7.75]},"faces":{"north":{"uv":[13.33333,13,14.33333,12],"texture":"#2"},"east":{"uv":[10.66667,5,13,4],"texture":"#2"},"south":{"uv":[13.33333,14.33333,14.33333,13.33333],"texture":"#2"},"west":{"uv":[5.33333,11.66667,7.66667,10.66667],"texture":"#2"},"up":{"uv":[9,13,8,10.66667],"texture":"#2"},"down":{"uv":[11.66667,5.33333,10.66667,7.66667],"texture":"#2"}}},{"from":[7.4,-8.7299,9.38342],"to":[8.6,-7.5299,12.98342],"rotation":{"angle":0,"axis":"x","origin":[8,10.1,7.75]},"faces":{"north":{"uv":[14.66667,5.33333,15.33333,4.66667],"texture":"#2"},"east":{"uv":[12.66667,3.33333,15,2.66667],"texture":"#2"},"south":{"uv":[14.66667,6,15.33333,5.33333],"texture":"#2"},"west":{"uv":[12.66667,4,15,3.33333],"texture":"#2"},"up":{"uv":[14,2.33333,13.33333,0],"texture":"#2"},"down":{"uv":[13.33333,12,12.66667,14.33333],"texture":"#2"}}},{"from":[7.35,-3.72626,-4.71507],"to":[8.65,-0.12626,-3.11507],"rotation":{"angle":-45,"axis":"x","origin":[8,10.1,7.75]},"faces":{"north":{"uv":[10.66667,10.33333,11.66667,8],"texture":"#2"},"east":{"uv":[10.66667,13,11.66667,10.66667],"texture":"#2"},"south":{"uv":[0,13.66667,1,11.33333],"texture":"#2"},"west":{"uv":[11.33333,2.33333,12.33333,0],"texture":"#2"},"up":{"uv":[15,1,14,0],"texture":"#2"},"down":{"uv":[1,14,0,15],"texture":"#2"}}},{"from":[6.995,5.06464,5.26824],"to":[9.005,5.86464,7.66824],"rotation":{"angle":0,"axis":"y","origin":[8,8,8]},"faces":{"north":{"uv":[14,6.66667,15.33333,6],"texture":"#2"},"east":{"uv":[8.66667,14,10.33333,13.33333],"texture":"#2"},"south":{"uv":[6.66667,14.66667,8,14],"texture":"#2"},"west":{"uv":[13.33333,10.66667,15,10],"texture":"#2"},"up":{"uv":[4,13,2.66667,11.33333],"texture":"#2"},"down":{"uv":[2.66667,11.33333,1.33333,13],"texture":"#2"}}},{"from":[8,-7.925,11.75676],"to":[8,23.925,19.80676],"rotation":{"angle":0,"axis":"y","origin":[8,8,7.5]},"faces":{"north":{"uv":[0,0,0,60],"texture":"#1"},"east":{"uv":[6,0,3.2,12],"texture":"#1"},"south":{"uv":[0,0,0,60],"texture":"#1"},"west":{"uv":[3.2,0,6,12],"texture":"#1"},"up":{"uv":[0,0,0,33],"texture":"#1"},"down":{"uv":[0,33,0,0],"texture":"#1"}}},{"from":[7.2,2.55,5.66824],"to":[8.8,13.45,7.26824],"rotation":{"angle":0,"axis":"y","origin":[8,8,8]},"faces":{"north":{"uv":[0,0,1,7.33333],"texture":"#2"},"east":{"uv":[1.33333,0,2.33333,7.33333],"texture":"#2"},"south":{"uv":[2.66667,0,3.66667,7.33333],"texture":"#2"},"west":{"uv":[4,0,5,7.33333],"texture":"#2"},"up":{"uv":[2.33333,15,1.33333,14],"texture":"#2"},"down":{"uv":[15,1.33333,14,2.33333],"texture":"#2"}}},{"from":[8,6.75,-3],"to":[8,9.25,21],"rotation":{"angle":0,"axis":"y","origin":[8,8,2]},"faces":{"north":{"uv":[0,0,0,2],"texture":"#0"},"east":{"uv":[0,0.33333,16,2],"texture":"#0"},"south":{"uv":[0,0,0,2],"texture":"#0"},"west":{"uv":[0,2.33333,16,4],"texture":"#0"},"up":{"uv":[0,16,0,0],"texture":"#0"},"down":{"uv":[0,0,0,16],"texture":"#0"}}},{"from":[6.75,8,-3],"to":[9.25,8,21],"rotation":{"angle":0,"axis":"y","origin":[8,8,2]},"faces":{"north":{"uv":[0,0,0,2],"rotation":90,"texture":"#0"},"east":{"uv":[0,0,0,16],"rotation":270,"texture":"#0"},"south":{"uv":[0,0,0,2],"rotation":270,"texture":"#0"},"west":{"uv":[0,16,0,0],"rotation":270,"texture":"#0"},"up":{"uv":[0,0.33333,16,2],"rotation":270,"texture":"#0"},"down":{"uv":[0,2.33333,16,4],"rotation":270,"texture":"#0"}}}],"gui_light":"front","display":{"thirdperson_righthand":{"translation":[0,-2,3.25],"scale":[0.8,0.8,0.8]},"thirdperson_lefthand":{"translation":[0,-2,3.25],"scale":[0.8,0.8,0.8]},"firstperson_righthand":{"rotation":[9.04,0.22,8.08],"translation":[7.25,0,-8.75]},"firstperson_lefthand":{"rotation":[9.04,0.22,8.08],"translation":[7.25,0,-8.75]},"ground":{"rotation":[0,0,-82],"scale":[0.67,0.67,0.67]},"gui":{"rotation":[90,45,90],"translation":[-0.75,0.75,-2],"scale":[0.42,0.42,0.42]},"head":{"scale":[0,0,0]},"fixed":{"rotation":[90,-45,90],"translation":[0.75,1.25,-2]}},"groups":[{"name":"bow28","origin":[8,20.80866,16.2563],"color":0,"children":[{"name":"group","origin":[7.995,12.53536,6.46824],"color":0,"children":[0,1,2,3,4,5,6,7,8,9,10,11]},{"name":"group","origin":[7.995,12.53536,6.46824],"color":0,"children":[12,13,14,15,16,17,18,19,20,21,22,23]},24,25]},{"name":"arrow","origin":[8,8,2],"color":0,"children":[26,27]}]}