{"credit":"Made with Blockbench","texture_size":[32,32],"textures":{"0":"item/bows/arrow","2":"item/bows/string","3":"item/bows/bow_32","particle":"item/bows/arrow"},"elements":[{"from":[8,11.65269,-0.62629],"to":[8,24.85269,3.77371],"rotation":{"angle":22.5,"axis":"x","origin":[8,18.25269,1.57371]},"faces":{"north":{"uv":[0,0,0,6.5],"texture":"#3"},"east":{"uv":[0,0,2.25,6.5],"texture":"#3"},"south":{"uv":[0,0,0,6.5],"texture":"#3"},"west":{"uv":[2.5,0,4.75,6.5],"texture":"#3"},"up":{"uv":[0,2.25,0,0],"texture":"#3"},"down":{"uv":[0,0,0,2.25],"texture":"#3"}}},{"from":[8,19.55269,-0.02629],"to":[8,23.95269,13.17371],"rotation":{"angle":-45,"axis":"x","origin":[8,21.75269,6.57371]},"faces":{"north":{"uv":[0,0,0,2.25],"texture":"#3"},"east":{"uv":[5,0,11.5,2.25],"texture":"#3"},"south":{"uv":[0,0,0,2.25],"texture":"#3"},"west":{"uv":[5,2.5,11.5,4.75],"texture":"#3"},"up":{"uv":[0,6.5,0,0],"texture":"#3"},"down":{"uv":[0,0,0,6.5],"texture":"#3"}}},{"from":[7.45,10.17661,-3.03386],"to":[8.55,17.87661,-1.93386],"rotation":{"angle":45,"axis":"x","origin":[8,10,5.35]},"faces":{"north":{"uv":[1.5,6.5,2,10.25],"texture":"#3"},"east":{"uv":[2,6.5,2.5,10.25],"texture":"#3"},"south":{"uv":[2.5,6.5,3,10.25],"texture":"#3"},"west":{"uv":[3,6.5,3.5,10.25],"texture":"#3"},"up":{"uv":[5.5,11,5,10.5],"texture":"#3"},"down":{"uv":[5.5,11,5,11.5],"texture":"#3"}}},{"from":[7.505,15.14999,2.06428],"to":[8.495,22.84999,3.16428],"rotation":{"angle":22.5,"axis":"x","origin":[8,18.99999,2.61428]},"faces":{"north":{"uv":[3.5,6.5,4,10.25],"texture":"#3"},"east":{"uv":[4,6.5,4.5,10.25],"texture":"#3"},"south":{"uv":[4.5,6.5,5,10.25],"texture":"#3"},"west":{"uv":[5,6.5,5.5,10.25],"texture":"#3"},"up":{"uv":[11.5,7.5,11,7],"texture":"#3"},"down":{"uv":[12,1,11.5,1.5],"texture":"#3"}}},{"from":[7.3125,15.11644,0.69294],"to":[8.6875,17.86644,3.44294],"rotation":{"angle":22.5,"axis":"x","origin":[8,16.49144,2.06794]},"faces":{"north":{"uv":[9.5,7.5,10.25,9],"texture":"#3"},"east":{"uv":[5,5,6.5,6.5],"texture":"#3"},"south":{"uv":[9.5,9,10.25,10.5],"texture":"#3"},"west":{"uv":[0,6.5,1.5,8],"texture":"#3"},"up":{"uv":[10.75,6.5,10,5],"texture":"#3"},"down":{"uv":[7.25,10,6.5,11.5],"texture":"#3"}}},{"from":[7.3125,12.12187,5.90064],"to":[8.6875,14.32187,8.10064],"rotation":{"angle":-22.5,"axis":"x","origin":[8,8,10.1]},"faces":{"north":{"uv":[8.5,10,9.25,11],"texture":"#3"},"east":{"uv":[10,6.5,11,7.5],"texture":"#3"},"south":{"uv":[0,10.5,0.75,11.5],"texture":"#3"},"west":{"uv":[7.5,10,8.5,11],"texture":"#3"},"up":{"uv":[1.75,11.5,1,10.5],"texture":"#3"},"down":{"uv":[2.75,10.5,2,11.5],"texture":"#3"}}},{"from":[7.175,11.94144,3.05685],"to":[8.825,16.34144,4.43185],"rotation":{"angle":-45,"axis":"x","origin":[8,14.14144,3.74435]},"faces":{"north":{"uv":[7.5,7.5,8.25,9.75],"texture":"#3"},"east":{"uv":[0,8,0.75,10.25],"texture":"#3"},"south":{"uv":[8.5,5,9.25,7.25],"texture":"#3"},"west":{"uv":[8.5,7.5,9.25,9.75],"texture":"#3"},"up":{"uv":[9.25,11.75,8.5,11],"texture":"#3"},"down":{"uv":[0.75,11.5,0,12.25],"texture":"#3"}}},{"from":[7.34,9.61184,4.83633],"to":[8.66,10.98684,6.37633],"rotation":{"angle":0,"axis":"x","origin":[8,8,10.1]},"faces":{"north":{"uv":[10.5,7.5,11.25,8.25],"texture":"#3"},"east":{"uv":[10.5,8.5,11.25,9.25],"texture":"#3"},"south":{"uv":[9.5,10.5,10.25,11.25],"texture":"#3"},"west":{"uv":[10.5,9.5,11.25,10.25],"texture":"#3"},"up":{"uv":[11.25,11.25,10.5,10.5],"texture":"#3"},"down":{"uv":[11.75,5,11,5.75],"texture":"#3"}}},{"from":[7.34,8.83786,4.81074],"to":[8.66,9.38786,6.35074],"rotation":{"angle":0,"axis":"x","origin":[8,9.11286,5.58074]},"faces":{"north":{"uv":[11.5,2,12.25,2.25],"texture":"#3"},"east":{"uv":[2.5,11.5,3.25,11.75],"texture":"#3"},"south":{"uv":[11.5,2.5,12.25,2.75],"texture":"#3"},"west":{"uv":[11.5,3,12.25,3.25],"texture":"#3"},"up":{"uv":[11.75,6.75,11,6],"texture":"#3"},"down":{"uv":[8.25,11,7.5,11.75],"texture":"#3"}}},{"from":[7.34,12.09286,3.70574],"to":[8.66,13.63286,4.25574],"rotation":{"angle":-22.5,"axis":"x","origin":[8,12.86286,3.98074]},"faces":{"north":{"uv":[11.5,0,12.25,0.75],"texture":"#3"},"east":{"uv":[3.5,11.5,3.75,12.25],"texture":"#3"},"south":{"uv":[1,11.5,1.75,12.25],"texture":"#3"},"west":{"uv":[11.5,3.5,11.75,4.25],"texture":"#3"},"up":{"uv":[4.75,11.75,4,11.5],"texture":"#3"},"down":{"uv":[12.25,4.5,11.5,4.75],"texture":"#3"}}},{"from":[8,-8.85269,-0.62629],"to":[8,4.34731,3.77371],"rotation":{"angle":-22.5,"axis":"x","origin":[8,-2.25269,1.57371]},"faces":{"north":{"uv":[0,6.5,0,0],"texture":"#3"},"east":{"uv":[0,6.5,2.25,0],"texture":"#3"},"south":{"uv":[0,6.5,0,0],"texture":"#3"},"west":{"uv":[2.5,6.5,4.75,0],"texture":"#3"},"up":{"uv":[0,2.25,0,0],"texture":"#3"},"down":{"uv":[0,0,0,2.25],"texture":"#3"}}},{"from":[8,-7.95269,-0.02629],"to":[8,-3.55269,13.17371],"rotation":{"angle":45,"axis":"x","origin":[8,-5.75269,6.57371]},"faces":{"north":{"uv":[0,2.25,0,0],"texture":"#3"},"east":{"uv":[5,2.25,11.5,0],"texture":"#3"},"south":{"uv":[0,2.25,0,0],"texture":"#3"},"west":{"uv":[5,4.75,11.5,2.5],"texture":"#3"},"up":{"uv":[0,6.5,0,0],"texture":"#3"},"down":{"uv":[0,0,0,6.5],"texture":"#3"}}},{"from":[7.45,-1.87661,-3.03386],"to":[8.55,5.82339,-1.93386],"rotation":{"angle":-45,"axis":"x","origin":[8,6,5.35]},"faces":{"north":{"uv":[1.5,10.25,2,6.5],"texture":"#3"},"east":{"uv":[2,10.25,2.5,6.5],"texture":"#3"},"south":{"uv":[2.5,10.25,3,6.5],"texture":"#3"},"west":{"uv":[3,10.25,3.5,6.5],"texture":"#3"},"up":{"uv":[5.5,11.5,5,11],"texture":"#3"},"down":{"uv":[5.5,10.5,5,11],"texture":"#3"}}},{"from":[7.505,-6.84999,2.06428],"to":[8.495,0.85001,3.16428],"rotation":{"angle":-22.5,"axis":"x","origin":[8,-2.99999,2.61428]},"faces":{"north":{"uv":[3.5,10.25,4,6.5],"texture":"#3"},"east":{"uv":[4,10.25,4.5,6.5],"texture":"#3"},"south":{"uv":[4.5,10.25,5,6.5],"texture":"#3"},"west":{"uv":[5,10.25,5.5,6.5],"texture":"#3"},"up":{"uv":[12,1.5,11.5,1],"texture":"#3"},"down":{"uv":[11.5,7,11,7.5],"texture":"#3"}}},{"from":[7.3125,-1.86644,0.69294],"to":[8.6875,0.88356,3.44294],"rotation":{"angle":-22.5,"axis":"x","origin":[8,-0.49144,2.06794]},"faces":{"north":{"uv":[9.5,9,10.25,7.5],"texture":"#3"},"east":{"uv":[5,6.5,6.5,5],"texture":"#3"},"south":{"uv":[9.5,10.5,10.25,9],"texture":"#3"},"west":{"uv":[0,8,1.5,6.5],"texture":"#3"},"up":{"uv":[7.25,11.5,6.5,10],"texture":"#3"},"down":{"uv":[10.75,5,10,6.5],"texture":"#3"}}},{"from":[7.3125,1.67813,5.90064],"to":[8.6875,3.87813,8.10064],"rotation":{"angle":22.5,"axis":"x","origin":[8,8,10.1]},"faces":{"north":{"uv":[8.5,11,9.25,10],"texture":"#3"},"east":{"uv":[10,7.5,11,6.5],"texture":"#3"},"south":{"uv":[0,11.5,0.75,10.5],"texture":"#3"},"west":{"uv":[7.5,11,8.5,10],"texture":"#3"},"up":{"uv":[2.75,11.5,2,10.5],"texture":"#3"},"down":{"uv":[1.75,10.5,1,11.5],"texture":"#3"}}},{"from":[7.175,-0.34144,3.05685],"to":[8.825,4.05856,4.43185],"rotation":{"angle":45,"axis":"x","origin":[8,1.85856,3.74435]},"faces":{"north":{"uv":[7.5,9.75,8.25,7.5],"texture":"#3"},"east":{"uv":[0,10.25,0.75,8],"texture":"#3"},"south":{"uv":[8.5,7.25,9.25,5],"texture":"#3"},"west":{"uv":[8.5,9.75,9.25,7.5],"texture":"#3"},"up":{"uv":[0.75,12.25,0,11.5],"texture":"#3"},"down":{"uv":[9.25,11,8.5,11.75],"texture":"#3"}}},{"from":[7.34,5.01316,4.83633],"to":[8.66,6.38816,6.37633],"rotation":{"angle":0,"axis":"x","origin":[8,8,10.1]},"faces":{"north":{"uv":[10.5,8.25,11.25,7.5],"texture":"#3"},"east":{"uv":[10.5,9.25,11.25,8.5],"texture":"#3"},"south":{"uv":[9.5,11.25,10.25,10.5],"texture":"#3"},"west":{"uv":[10.5,10.25,11.25,9.5],"texture":"#3"},"up":{"uv":[11.75,5.75,11,5],"texture":"#3"},"down":{"uv":[11.25,10.5,10.5,11.25],"texture":"#3"}}},{"from":[7.34,6.61214,4.81074],"to":[8.66,7.16214,6.35074],"rotation":{"angle":0,"axis":"x","origin":[8,6.88714,5.58074]},"faces":{"north":{"uv":[11.5,2.25,12.25,2],"texture":"#3"},"east":{"uv":[2.5,11.75,3.25,11.5],"texture":"#3"},"south":{"uv":[11.5,2.75,12.25,2.5],"texture":"#3"},"west":{"uv":[11.5,3.25,12.25,3],"texture":"#3"},"up":{"uv":[8.25,11.75,7.5,11],"texture":"#3"},"down":{"uv":[11.75,6,11,6.75],"texture":"#3"}}},{"from":[7.34,2.36714,3.70574],"to":[8.66,3.90714,4.25574],"rotation":{"angle":22.5,"axis":"x","origin":[8,3.13714,3.98074]},"faces":{"north":{"uv":[11.5,0.75,12.25,0],"texture":"#3"},"east":{"uv":[3.5,12.25,3.75,11.5],"texture":"#3"},"south":{"uv":[1,12.25,1.75,11.5],"texture":"#3"},"west":{"uv":[11.5,4.25,11.75,3.5],"texture":"#3"},"up":{"uv":[12.25,4.75,11.5,4.5],"texture":"#3"},"down":{"uv":[4.75,11.5,4,11.75],"texture":"#3"}}},{"from":[8,-8.0875,10.55926],"to":[8,24.0875,14.56426],"rotation":{"angle":0,"axis":"y","origin":[8,8,6]},"faces":{"north":{"uv":[0,0,0,60],"texture":"#2"},"east":{"uv":[2.2,0,0.8,12],"texture":"#2"},"south":{"uv":[0,0,0,60],"texture":"#2"},"west":{"uv":[0.8,0,2.2,12],"texture":"#2"},"up":{"uv":[0,0,0,33],"texture":"#2"},"down":{"uv":[0,33,0,0],"texture":"#2"}}},{"from":[7.45,4.48045,5.09049],"to":[8.55,9.65045,6.19049],"rotation":{"angle":0,"axis":"x","origin":[8,8,10.1]},"faces":{"north":{"uv":[1,8,1.5,10.5],"texture":"#3"},"east":{"uv":[5.5,9,6,11.5],"texture":"#3"},"south":{"uv":[6,9,6.5,11.5],"texture":"#3"},"west":{"uv":[9.5,5,10,7.5],"texture":"#3"},"up":{"uv":[12,2,11.5,1.5],"texture":"#3"},"down":{"uv":[2.5,11.5,2,12],"texture":"#3"}}},{"from":[8,6.75,-8.5],"to":[8,9.25,15.5],"rotation":{"angle":0,"axis":"y","origin":[8,8,2]},"faces":{"north":{"uv":[0,0,0,2],"texture":"#0"},"east":{"uv":[0,0.33333,16,2],"texture":"#0"},"south":{"uv":[0,0,0,2],"texture":"#0"},"west":{"uv":[0,2.33333,16,4],"texture":"#0"},"up":{"uv":[0,16,0,0],"texture":"#0"},"down":{"uv":[0,0,0,16],"texture":"#0"}}},{"from":[6.75,8,-8.5],"to":[9.25,8,15.5],"rotation":{"angle":0,"axis":"y","origin":[8,8,2]},"faces":{"north":{"uv":[0,0,0,2],"rotation":90,"texture":"#0"},"east":{"uv":[0,0,0,16],"rotation":270,"texture":"#0"},"south":{"uv":[0,0,0,2],"rotation":270,"texture":"#0"},"west":{"uv":[0,16,0,0],"rotation":270,"texture":"#0"},"up":{"uv":[0,0.33333,16,2],"rotation":270,"texture":"#0"},"down":{"uv":[0,2.33333,16,4],"rotation":270,"texture":"#0"}}}],"display":{"thirdperson_righthand":{"translation":[0,-2,4],"scale":[0.8,0.8,0.8]},"thirdperson_lefthand":{"translation":[0,-2,4],"scale":[0.8,0.8,0.8]},"firstperson_righthand":{"rotation":[9.04,0.22,8.08],"translation":[7.25,0,-8.75]},"firstperson_lefthand":{"rotation":[9.04,0.22,8.08],"translation":[7.25,0,-8.75]},"ground":{"rotation":[0,0,-82],"scale":[0.67,0.67,0.67]},"gui":{"rotation":[90,45,90],"translation":[-1.5,1.5,-2],"scale":[0.5,0.5,0.5]},"head":{"scale":[0,0,0]},"fixed":{"rotation":[90,-45,90],"translation":[0.75,1.25,-2]}},"groups":[{"name":"bow32","origin":[8,27.72281,9.09412],"color":0,"children":[{"name":"group","origin":[8,8.01169,3.89158],"color":0,"children":[0,1,2,3,4,5,6,7,8,9]},{"name":"group","origin":[8,8.01169,3.89158],"color":0,"children":[10,11,12,13,14,15,16,17,18,19]},20]},21,{"name":"arrow","origin":[8,8,2],"color":0,"children":[22,23]}]}