{"credit":"Made with Blockbench","texture_size":[24,24],"textures":{"0":"item/bows/arrow","2":"item/bows/string","3":"item/bows/bow_1","particle":"item/bows/arrow"},"elements":[{"from":[8,6.75,-4],"to":[8,9.25,20],"rotation":{"angle":0,"axis":"y","origin":[8,8,2]},"faces":{"north":{"uv":[0,0,0,2],"texture":"#0"},"east":{"uv":[0,0.33333,16,2],"texture":"#0"},"south":{"uv":[0,0,0,2],"texture":"#0"},"west":{"uv":[0,2.33333,16,4],"texture":"#0"},"up":{"uv":[0,16,0,0],"texture":"#0"},"down":{"uv":[0,0,0,16],"texture":"#0"}}},{"from":[6.75,8,-4],"to":[9.25,8,20],"rotation":{"angle":0,"axis":"y","origin":[8,8,2]},"faces":{"north":{"uv":[0,0,0,2],"rotation":90,"texture":"#0"},"east":{"uv":[0,0,0,16],"rotation":270,"texture":"#0"},"south":{"uv":[0,0,0,2],"rotation":270,"texture":"#0"},"west":{"uv":[0,16,0,0],"rotation":270,"texture":"#0"},"up":{"uv":[0,0.33333,16,2],"rotation":270,"texture":"#0"},"down":{"uv":[0,2.33333,16,4],"rotation":270,"texture":"#0"}}},{"from":[7.54844,23.5772,9.3289],"to":[8.45156,24.52484,12.29266],"rotation":{"angle":0,"axis":"x","origin":[8,8,8]},"faces":{"north":{"uv":[11.33333,10,10.66667,10.66667],"texture":"#3"},"east":{"uv":[14,9.33333,12,10],"texture":"#3"},"south":{"uv":[8,10,7.33333,10.66667],"texture":"#3"},"west":{"uv":[14.66667,0,12.66667,0.66667],"texture":"#3"},"up":{"uv":[9.33333,12.66667,8.66667,14.66667],"texture":"#3"},"down":{"uv":[10,14.66667,9.33333,12.66667],"texture":"#3"}}},{"from":[7.35976,17.6057,-2.74161],"to":[8.64024,20.63306,-1.43357],"rotation":{"angle":45,"axis":"x","origin":[8,8,8]},"faces":{"north":{"uv":[7,10,6,12],"texture":"#3"},"east":{"uv":[5.66667,10,4.66667,12],"texture":"#3"},"south":{"uv":[4.33333,10,3.33333,12],"texture":"#3"},"west":{"uv":[11.66667,2,10.66667,4],"texture":"#3"},"up":{"uv":[11,12.66667,10,13.66667],"texture":"#3"},"down":{"uv":[13.66667,11,12.66667,10],"texture":"#3"}}},{"from":[8,15.6057,-2.74161],"to":[8,23.63306,1.56643],"rotation":{"angle":45,"axis":"x","origin":[8,8,8]},"faces":{"north":{"uv":[0,0,0,5.33333],"texture":"#3"},"east":{"uv":[3,0,0,5.33333],"texture":"#3"},"south":{"uv":[0,0,0,5.33333],"texture":"#3"},"west":{"uv":[6.33333,0,3.33333,5.33333],"texture":"#3"},"up":{"uv":[0,0,0,3],"texture":"#3"},"down":{"uv":[0,3,0,0],"texture":"#3"}}},{"from":[7.4,14.51009,-2.98357],"to":[8.6,17.91009,-1.63357],"rotation":{"angle":45,"axis":"x","origin":[8,8,8]},"faces":{"north":{"uv":[8.66667,12.66667,8,15],"texture":"#3"},"east":{"uv":[1,7.33333,0,9.66667],"texture":"#3"},"south":{"uv":[8,12.66667,7.33333,15],"texture":"#3"},"west":{"uv":[2.33333,7.33333,1.33333,9.66667],"texture":"#3"},"up":{"uv":[7.33333,13.33333,6.66667,14.33333],"texture":"#3"},"down":{"uv":[14.66667,12.33333,14,11.33333],"texture":"#3"}}},{"from":[7.3,17.71475,1.47213],"to":[8.7,21.01475,3.07213],"rotation":{"angle":22.5,"axis":"x","origin":[8,8,8]},"faces":{"north":{"uv":[6.33333,7.33333,5.33333,9.66667],"texture":"#3"},"east":{"uv":[5,7.33333,4,9.66667],"texture":"#3"},"south":{"uv":[3.66667,7.33333,2.66667,9.66667],"texture":"#3"},"west":{"uv":[7.66667,7.33333,6.66667,9.66667],"texture":"#3"},"up":{"uv":[13.66667,11.33333,12.66667,12.33333],"texture":"#3"},"down":{"uv":[13.66667,13.66667,12.66667,12.66667],"texture":"#3"}}},{"from":[7.3,17.14052,9.35219],"to":[8.7,18.74052,12.65219],"rotation":{"angle":-45,"axis":"x","origin":[8,8,8]},"faces":{"north":{"uv":[2.33333,13.33333,1.33333,14.33333],"texture":"#3"},"east":{"uv":[10.33333,5.33333,8,6.33333],"texture":"#3"},"south":{"uv":[1,13.33333,0,14.33333],"texture":"#3"},"west":{"uv":[10.33333,6.66667,8,7.66667],"texture":"#3"},"up":{"uv":[9,8,8,10.33333],"texture":"#3"},"down":{"uv":[9.66667,2.33333,8.66667,0],"texture":"#3"}}},{"from":[6.95,18.89506,9.67522],"to":[9.05,20.69506,11.47522],"rotation":{"angle":-22.5,"axis":"x","origin":[8,8,8]},"faces":{"north":{"uv":[4.66667,12,3.33333,13.33333],"texture":"#3"},"east":{"uv":[13.33333,2,12,3.33333],"texture":"#3"},"south":{"uv":[1.33333,12,0,13.33333],"texture":"#3"},"west":{"uv":[13.33333,3.33333,12,4.66667],"texture":"#3"},"up":{"uv":[6,12,4.66667,13.33333],"texture":"#3"},"down":{"uv":[13.33333,6,12,4.66667],"texture":"#3"}}},{"from":[7.4,11.95049,6.45129],"to":[8.6,13.60049,7.80129],"rotation":{"angle":-22.5,"axis":"x","origin":[8,8,8]},"faces":{"north":{"uv":[14.66667,12.66667,14,13.66667],"texture":"#3"},"east":{"uv":[14.33333,2,13.33333,3],"texture":"#3"},"south":{"uv":[13.33333,14,12.66667,15],"texture":"#3"},"west":{"uv":[3.66667,13.33333,2.66667,14.33333],"texture":"#3"},"up":{"uv":[14,14,13.33333,15],"texture":"#3"},"down":{"uv":[14.66667,15,14,14],"texture":"#3"}}},{"from":[7.35,9.7023,4.10187],"to":[8.65,11.0523,5.75187],"rotation":{"angle":22.5,"axis":"x","origin":[8,8,8]},"faces":{"north":{"uv":[14.33333,4.66667,13.33333,5.66667],"texture":"#3"},"east":{"uv":[5,13.33333,4,14.33333],"texture":"#3"},"south":{"uv":[14.33333,3.33333,13.33333,4.33333],"texture":"#3"},"west":{"uv":[6.33333,13.33333,5.33333,14.33333],"texture":"#3"},"up":{"uv":[14.33333,6,13.33333,7],"texture":"#3"},"down":{"uv":[14.33333,8.33333,13.33333,7.33333],"texture":"#3"}}},{"from":[7.175,17.34703,8.12264],"to":[8.825,20.14703,10.92264],"rotation":{"angle":-22.5,"axis":"x","origin":[8,8,8]},"faces":{"north":{"uv":[11.66667,6,10.66667,8],"texture":"#3"},"east":{"uv":[2,5.33333,0,7.33333],"texture":"#3"},"south":{"uv":[11.66667,4,10.66667,6],"texture":"#3"},"west":{"uv":[4,5.33333,2,7.33333],"texture":"#3"},"up":{"uv":[8.33333,10.66667,7.33333,12.66667],"texture":"#3"},"down":{"uv":[11.66667,10,10.66667,8],"texture":"#3"}}},{"from":[7.175,12.95028,8.97542],"to":[8.825,15.75028,11.77542],"rotation":{"angle":-45,"axis":"x","origin":[8,8,8]},"faces":{"north":{"uv":[11,10.66667,10,12.66667],"texture":"#3"},"east":{"uv":[6,5.33333,4,7.33333],"texture":"#3"},"south":{"uv":[9.66667,10.66667,8.66667,12.66667],"texture":"#3"},"west":{"uv":[8,5.33333,6,7.33333],"texture":"#3"},"up":{"uv":[12.33333,0,11.33333,2],"texture":"#3"},"down":{"uv":[12.33333,12,11.33333,10],"texture":"#3"}}},{"from":[6.995,10.38536,4.98114],"to":[9.005,11.18536,7.38114],"rotation":{"angle":0,"axis":"y","origin":[8,8,8]},"faces":{"north":{"uv":[15.33333,9.33333,14,10],"texture":"#3"},"east":{"uv":[14.33333,0.66667,12.66667,1.33333],"texture":"#3"},"south":{"uv":[14.66667,8.66667,13.33333,9.33333],"texture":"#3"},"west":{"uv":[14.33333,1.33333,12.66667,2],"texture":"#3"},"up":{"uv":[1.33333,10,0,11.66667],"texture":"#3"},"down":{"uv":[11.33333,1.66667,10,0],"texture":"#3"}}},{"from":[7.245,14.905,3.97293],"to":[8.755,18.205,6.37293],"rotation":{"angle":0,"axis":"x","origin":[8,8,8]},"faces":{"north":{"uv":[10.33333,8,9.33333,10.33333],"texture":"#3"},"east":{"uv":[8.33333,0,6.66667,2.33333],"texture":"#3"},"south":{"uv":[9.66667,2.66667,8.66667,5],"texture":"#3"},"west":{"uv":[8.33333,2.66667,6.66667,5],"texture":"#3"},"up":{"uv":[13,7.33333,12,9],"texture":"#3"},"down":{"uv":[12.33333,13.66667,11.33333,12],"texture":"#3"}}},{"from":[6.995,9.13536,5.23114],"to":[9.005,9.93536,7.13114],"rotation":{"angle":0,"axis":"y","origin":[8,8,8]},"faces":{"north":{"uv":[15.33333,10.66667,14,11.33333],"texture":"#3"},"east":{"uv":[15.33333,10,14,10.66667],"texture":"#3"},"south":{"uv":[11.33333,14,10,14.66667],"texture":"#3"},"west":{"uv":[12.66667,14,11.33333,14.66667],"texture":"#3"},"up":{"uv":[7.33333,12,6,13.33333],"texture":"#3"},"down":{"uv":[13.33333,7.33333,12,6],"texture":"#3"}}},{"from":[7.54844,-8.52484,9.3289],"to":[8.45156,-7.5772,12.29266],"rotation":{"angle":0,"axis":"x","origin":[8,8,8]},"faces":{"north":{"uv":[11.33333,10.66667,10.66667,10],"texture":"#3"},"east":{"uv":[14,10,12,9.33333],"texture":"#3"},"south":{"uv":[8,10.66667,7.33333,10],"texture":"#3"},"west":{"uv":[14.66667,0.66667,12.66667,0],"texture":"#3"},"up":{"uv":[10,12.66667,9.33333,14.66667],"texture":"#3"},"down":{"uv":[9.33333,14.66667,8.66667,12.66667],"texture":"#3"}}},{"from":[7.35976,-4.63306,-2.74161],"to":[8.64024,-1.6057,-1.43357],"rotation":{"angle":-45,"axis":"x","origin":[8,8,8]},"faces":{"north":{"uv":[7,12,6,10],"texture":"#3"},"east":{"uv":[5.66667,12,4.66667,10],"texture":"#3"},"south":{"uv":[4.33333,12,3.33333,10],"texture":"#3"},"west":{"uv":[11.66667,4,10.66667,2],"texture":"#3"},"up":{"uv":[13.66667,10,12.66667,11],"texture":"#3"},"down":{"uv":[11,13.66667,10,12.66667],"texture":"#3"}}},{"from":[8,-7.63306,-2.74161],"to":[8,0.3943,1.56643],"rotation":{"angle":-45,"axis":"x","origin":[8,8,8]},"faces":{"north":{"uv":[0,5.33333,0,0],"texture":"#3"},"east":{"uv":[3,5.33333,0,0],"texture":"#3"},"south":{"uv":[0,5.33333,0,0],"texture":"#3"},"west":{"uv":[6.33333,5.33333,3.33333,0],"texture":"#3"},"up":{"uv":[0,0,0,3],"texture":"#3"},"down":{"uv":[0,3,0,0],"texture":"#3"}}},{"from":[7.4,-1.91009,-2.98357],"to":[8.6,1.48991,-1.63357],"rotation":{"angle":-45,"axis":"x","origin":[8,8,8]},"faces":{"north":{"uv":[8.66667,15,8,12.66667],"texture":"#3"},"east":{"uv":[1,9.66667,0,7.33333],"texture":"#3"},"south":{"uv":[8,15,7.33333,12.66667],"texture":"#3"},"west":{"uv":[2.33333,9.66667,1.33333,7.33333],"texture":"#3"},"up":{"uv":[14.66667,11.33333,14,12.33333],"texture":"#3"},"down":{"uv":[7.33333,14.33333,6.66667,13.33333],"texture":"#3"}}},{"from":[7.3,-5.01475,1.47213],"to":[8.7,-1.71475,3.07213],"rotation":{"angle":-22.5,"axis":"x","origin":[8,8,8]},"faces":{"north":{"uv":[6.33333,9.66667,5.33333,7.33333],"texture":"#3"},"east":{"uv":[5,9.66667,4,7.33333],"texture":"#3"},"south":{"uv":[3.66667,9.66667,2.66667,7.33333],"texture":"#3"},"west":{"uv":[7.66667,9.66667,6.66667,7.33333],"texture":"#3"},"up":{"uv":[13.66667,12.66667,12.66667,13.66667],"texture":"#3"},"down":{"uv":[13.66667,12.33333,12.66667,11.33333],"texture":"#3"}}},{"from":[7.3,-2.74052,9.35219],"to":[8.7,-1.14052,12.65219],"rotation":{"angle":45,"axis":"x","origin":[8,8,8]},"faces":{"north":{"uv":[2.33333,14.33333,1.33333,13.33333],"texture":"#3"},"east":{"uv":[10.33333,6.33333,8,5.33333],"texture":"#3"},"south":{"uv":[1,14.33333,0,13.33333],"texture":"#3"},"west":{"uv":[10.33333,7.66667,8,6.66667],"texture":"#3"},"up":{"uv":[9.66667,0,8.66667,2.33333],"texture":"#3"},"down":{"uv":[9,10.33333,8,8],"texture":"#3"}}},{"from":[6.95,-4.69506,9.67522],"to":[9.05,-2.89506,11.47522],"rotation":{"angle":22.5,"axis":"x","origin":[8,8,8]},"faces":{"north":{"uv":[4.66667,13.33333,3.33333,12],"texture":"#3"},"east":{"uv":[13.33333,3.33333,12,2],"texture":"#3"},"south":{"uv":[1.33333,13.33333,0,12],"texture":"#3"},"west":{"uv":[13.33333,4.66667,12,3.33333],"texture":"#3"},"up":{"uv":[13.33333,4.66667,12,6],"texture":"#3"},"down":{"uv":[6,13.33333,4.66667,12],"texture":"#3"}}},{"from":[7.4,2.39951,6.45129],"to":[8.6,4.04951,7.80129],"rotation":{"angle":22.5,"axis":"x","origin":[8,8,8]},"faces":{"north":{"uv":[14.66667,13.66667,14,12.66667],"texture":"#3"},"east":{"uv":[14.33333,3,13.33333,2],"texture":"#3"},"south":{"uv":[13.33333,15,12.66667,14],"texture":"#3"},"west":{"uv":[3.66667,14.33333,2.66667,13.33333],"texture":"#3"},"up":{"uv":[14.66667,14,14,15],"texture":"#3"},"down":{"uv":[14,15,13.33333,14],"texture":"#3"}}},{"from":[7.35,4.9477,4.10187],"to":[8.65,6.2977,5.75187],"rotation":{"angle":-22.5,"axis":"x","origin":[8,8,8]},"faces":{"north":{"uv":[14.33333,5.66667,13.33333,4.66667],"texture":"#3"},"east":{"uv":[5,14.33333,4,13.33333],"texture":"#3"},"south":{"uv":[14.33333,4.33333,13.33333,3.33333],"texture":"#3"},"west":{"uv":[6.33333,14.33333,5.33333,13.33333],"texture":"#3"},"up":{"uv":[14.33333,7.33333,13.33333,8.33333],"texture":"#3"},"down":{"uv":[14.33333,7,13.33333,6],"texture":"#3"}}},{"from":[7.175,-4.14703,8.12264],"to":[8.825,-1.34703,10.92264],"rotation":{"angle":22.5,"axis":"x","origin":[8,8,8]},"faces":{"north":{"uv":[11.66667,8,10.66667,6],"texture":"#3"},"east":{"uv":[2,7.33333,0,5.33333],"texture":"#3"},"south":{"uv":[11.66667,6,10.66667,4],"texture":"#3"},"west":{"uv":[4,7.33333,2,5.33333],"texture":"#3"},"up":{"uv":[11.66667,8,10.66667,10],"texture":"#3"},"down":{"uv":[8.33333,12.66667,7.33333,10.66667],"texture":"#3"}}},{"from":[7.175,0.24972,8.97542],"to":[8.825,3.04972,11.77542],"rotation":{"angle":45,"axis":"x","origin":[8,8,8]},"faces":{"north":{"uv":[11,12.66667,10,10.66667],"texture":"#3"},"east":{"uv":[6,7.33333,4,5.33333],"texture":"#3"},"south":{"uv":[9.66667,12.66667,8.66667,10.66667],"texture":"#3"},"west":{"uv":[8,7.33333,6,5.33333],"texture":"#3"},"up":{"uv":[12.33333,10,11.33333,12],"texture":"#3"},"down":{"uv":[12.33333,2,11.33333,0],"texture":"#3"}}},{"from":[6.995,4.81464,4.98114],"to":[9.005,5.61464,7.38114],"rotation":{"angle":0,"axis":"y","origin":[8,8,8]},"faces":{"north":{"uv":[15.33333,10,14,9.33333],"texture":"#3"},"east":{"uv":[14.33333,1.33333,12.66667,0.66667],"texture":"#3"},"south":{"uv":[14.66667,9.33333,13.33333,8.66667],"texture":"#3"},"west":{"uv":[14.33333,2,12.66667,1.33333],"texture":"#3"},"up":{"uv":[11.33333,0,10,1.66667],"texture":"#3"},"down":{"uv":[1.33333,11.66667,0,10],"texture":"#3"}}},{"from":[7.245,-2.205,3.97293],"to":[8.755,1.095,6.37293],"rotation":{"angle":0,"axis":"x","origin":[8,8,8]},"faces":{"north":{"uv":[10.33333,10.33333,9.33333,8],"texture":"#3"},"east":{"uv":[8.33333,2.33333,6.66667,0],"texture":"#3"},"south":{"uv":[9.66667,5,8.66667,2.66667],"texture":"#3"},"west":{"uv":[8.33333,5,6.66667,2.66667],"texture":"#3"},"up":{"uv":[12.33333,12,11.33333,13.66667],"texture":"#3"},"down":{"uv":[13,9,12,7.33333],"texture":"#3"}}},{"from":[6.995,6.06464,5.23114],"to":[9.005,6.86464,7.13114],"rotation":{"angle":0,"axis":"y","origin":[8,8,8]},"faces":{"north":{"uv":[15.33333,11.33333,14,10.66667],"texture":"#3"},"east":{"uv":[15.33333,10.66667,14,10],"texture":"#3"},"south":{"uv":[11.33333,14.66667,10,14],"texture":"#3"},"west":{"uv":[12.66667,14.66667,11.33333,14],"texture":"#3"},"up":{"uv":[13.33333,6,12,7.33333],"texture":"#3"},"down":{"uv":[7.33333,13.33333,6,12],"texture":"#3"}}},{"from":[7.45,5.68536,5.63114],"to":[8.55,10.43536,6.73114],"rotation":{"angle":0,"axis":"y","origin":[8,8,8]},"faces":{"north":{"uv":[10.66667,2,10,5.33333],"texture":"#3"},"east":{"uv":[2.66667,10,2,13.33333],"texture":"#3"},"south":{"uv":[2,10,1.33333,13.33333],"texture":"#3"},"west":{"uv":[3.33333,10,2.66667,13.33333],"texture":"#3"},"up":{"uv":[0.66667,14.66667,0,15.33333],"texture":"#3"},"down":{"uv":[15.33333,0.66667,14.66667,0],"texture":"#3"}}},{"from":[8,-6.875,12.63114],"to":[8,22.875,20.18114],"rotation":{"angle":0,"axis":"y","origin":[8,7.93964,8]},"faces":{"north":{"uv":[0,0,0,12],"texture":"#2"},"east":{"uv":[6,0,3.2,12],"texture":"#2"},"south":{"uv":[0,0,0,12],"texture":"#2"},"west":{"uv":[3.2,0,6,12],"texture":"#2"},"up":{"uv":[0,0,0,6.6],"texture":"#2"},"down":{"uv":[0,6.6,0,0],"texture":"#2"}}}],"gui_light":"front","display":{"thirdperson_righthand":{"translation":[0,-2,3.25],"scale":[0.8,0.8,0.8]},"thirdperson_lefthand":{"translation":[0,-2,3.25],"scale":[0.8,0.8,0.8]},"firstperson_righthand":{"rotation":[9.04,0.22,8.08],"translation":[7.25,0,-8.75]},"firstperson_lefthand":{"rotation":[9.04,0.22,8.08],"translation":[7.25,0,-8.75]},"ground":{"rotation":[0,0,-82],"scale":[0.67,0.67,0.67]},"gui":{"rotation":[90,45,90],"translation":[-0.75,0.75,-2],"scale":[0.5,0.5,0.5]},"head":{"scale":[0,0,0]},"fixed":{"rotation":[90,-45,90],"translation":[0.75,1.25,-2]}},"groups":[{"name":"bow1","origin":[8,20.80866,22.60692],"color":0,"children":[{"name":"arrow","origin":[8,8,2],"color":0,"children":[0,1]},{"name":"group","origin":[7.995,10.78536,10.81886],"color":0,"children":[2,3,4,5,6,7,8,9,10,11,12,13,14,15]},{"name":"group","origin":[7.995,10.78536,10.81886],"color":0,"children":[16,17,18,19,20,21,22,23,24,25,26,27,28,29]},30,31]}]}