{"credit":"Made with Blockbench","texture_size":[64,64],"textures":{"0":"item/bows/arrow","1":"item/bows/string","3":"item/bows/bow_18","particle":"item/bows/arrow"},"elements":[{"from":[6.6,13.94366,12.78407],"to":[9.4,18.34366,15.18407],"rotation":{"angle":-45,"axis":"x","origin":[8,8,10]},"faces":{"north":{"uv":[9.5,2.5,8,4.75],"rotation":180,"texture":"#3"},"east":{"uv":[8,5,10.25,6.25],"rotation":270,"texture":"#3"},"south":{"uv":[9.5,2.25,8,0],"texture":"#3"},"west":{"uv":[8,6.5,10.25,7.75],"rotation":90,"texture":"#3"},"up":{"uv":[6,8.5,7.5,9.75],"rotation":180,"texture":"#3"},"down":{"uv":[9,8,10.5,9.25],"texture":"#3"}}},{"from":[7.45,22.95547,3.19356],"to":[8.55,25.10547,5.34356],"rotation":{"angle":22.5,"axis":"x","origin":[8,8,10]},"faces":{"north":{"uv":[11.5,12.5,11,13.5],"rotation":180,"texture":"#3"},"east":{"uv":[11,10,12,11],"rotation":270,"texture":"#3"},"south":{"uv":[11,13.5,10.5,12.5],"texture":"#3"},"west":{"uv":[11.5,5,12.5,6],"rotation":90,"texture":"#3"},"up":{"uv":[12.5,8.5,13,9.5],"rotation":180,"texture":"#3"},"down":{"uv":[12.5,9.5,13,10.5],"texture":"#3"}}},{"from":[7.15,8.86309,2.77621],"to":[8.85,11.66309,5.57621],"rotation":{"angle":22.5,"axis":"x","origin":[8,8,10]},"faces":{"north":{"uv":[0,12,0.75,13.5],"texture":"#3"},"east":{"uv":[3,8.5,4.5,10],"texture":"#3"},"south":{"uv":[12,0,12.75,1.5],"texture":"#3"},"west":{"uv":[4.5,8.5,6,10],"texture":"#3"},"up":{"uv":[1.75,13.5,1,12],"texture":"#3"},"down":{"uv":[2.75,12,2,13.5],"texture":"#3"}}},{"from":[7,18.13418,2.29201],"to":[9,21.73418,4.29201],"rotation":{"angle":22.5,"axis":"x","origin":[8,8,10]},"faces":{"north":{"uv":[9.5,3,10.5,4.75],"texture":"#3"},"east":{"uv":[9,9.5,10,11.25],"texture":"#3"},"south":{"uv":[3,10,4,11.75],"texture":"#3"},"west":{"uv":[4,10,5,11.75],"texture":"#3"},"up":{"uv":[4,13,3,12],"texture":"#3"},"down":{"uv":[5,12,4,13],"texture":"#3"}}},{"from":[7.2,21.83663,13.70559],"to":[8.8,23.43663,17.30559],"rotation":{"angle":-22.5,"axis":"x","origin":[8,8,10]},"faces":{"north":{"uv":[12,12,12.75,12.75],"texture":"#3"},"east":{"uv":[10.5,6,12.25,6.75],"texture":"#3"},"south":{"uv":[12.5,3,13.25,3.75],"texture":"#3"},"west":{"uv":[10.5,7,12.25,7.75],"texture":"#3"},"up":{"uv":[11.75,1.75,11,0],"texture":"#3"},"down":{"uv":[11.75,8,11,9.75],"texture":"#3"}}},{"from":[7.2,14.14306,9.95921],"to":[8.8,15.74306,13.55921],"rotation":{"angle":-45,"axis":"x","origin":[8,8,10]},"faces":{"north":{"uv":[12.5,4,13.25,4.75],"texture":"#3"},"east":{"uv":[11,2,12.75,2.75],"texture":"#3"},"south":{"uv":[12.5,5,13.25,5.75],"texture":"#3"},"west":{"uv":[10,11,11.75,11.75],"texture":"#3"},"up":{"uv":[12.25,4.75,11.5,3],"texture":"#3"},"down":{"uv":[5.75,11.5,5,13.25],"texture":"#3"}}},{"from":[6.9,18.19826,10.3333],"to":[9.1,20.59826,13.1333],"rotation":{"angle":-22.5,"axis":"x","origin":[8,8,10]},"faces":{"north":{"uv":[8,11.5,7,12.75],"rotation":180,"texture":"#3"},"east":{"uv":[9.5,0,10.75,1.5],"rotation":270,"texture":"#3"},"south":{"uv":[7,12.75,6,11.5],"texture":"#3"},"west":{"uv":[9.5,1.5,10.75,3],"rotation":90,"texture":"#3"},"up":{"uv":[10.5,3,11.5,4.5],"rotation":180,"texture":"#3"},"down":{"uv":[10.5,4.5,11.5,6],"texture":"#3"}}},{"from":[7,9.38536,4.53943],"to":[9,10.18536,6.93943],"rotation":{"angle":0,"axis":"x","origin":[8,8,10]},"faces":{"north":{"uv":[13,2.5,14,3],"texture":"#3"},"east":{"uv":[12,11,13.25,11.5],"texture":"#3"},"south":{"uv":[3,13,4,13.5],"texture":"#3"},"west":{"uv":[12,11.5,13.25,12],"texture":"#3"},"up":{"uv":[9,12.75,8,11.5],"texture":"#3"},"down":{"uv":[10,11.5,9,12.75],"texture":"#3"}}},{"from":[8,18.33891,6.7794],"to":[8,26.33891,23.7794],"rotation":{"angle":-22.5,"axis":"x","origin":[8,8,10]},"faces":{"north":{"uv":[0,0,0,4],"rotation":180,"texture":"#3"},"east":{"uv":[0,0,4,8.5],"rotation":270,"texture":"#3"},"south":{"uv":[0,4,0,0],"texture":"#3"},"west":{"uv":[4,0,8,8.5],"rotation":90,"texture":"#3"},"up":{"uv":[0,0,0,8.5],"rotation":180,"texture":"#3"},"down":{"uv":[0,0,0,8.5],"texture":"#3"}}},{"from":[6.6,-2.34366,12.78407],"to":[9.4,2.05634,15.18407],"rotation":{"angle":45,"axis":"x","origin":[8,8,10]},"faces":{"north":{"uv":[9.5,4.75,8,2.5],"rotation":180,"texture":"#3"},"east":{"uv":[10.25,5,8,6.25],"rotation":270,"texture":"#3"},"south":{"uv":[9.5,0,8,2.25],"texture":"#3"},"west":{"uv":[10.25,6.5,8,7.75],"rotation":90,"texture":"#3"},"up":{"uv":[9,9.25,10.5,8],"texture":"#3"},"down":{"uv":[6,9.75,7.5,8.5],"rotation":180,"texture":"#3"}}},{"from":[7.45,-9.10547,3.19356],"to":[8.55,-6.95547,5.34356],"rotation":{"angle":-22.5,"axis":"x","origin":[8,8,10]},"faces":{"north":{"uv":[11.5,13.5,11,12.5],"rotation":180,"texture":"#3"},"east":{"uv":[12,10,11,11],"rotation":270,"texture":"#3"},"south":{"uv":[11,12.5,10.5,13.5],"texture":"#3"},"west":{"uv":[12.5,5,11.5,6],"rotation":90,"texture":"#3"},"up":{"uv":[12.5,10.5,13,9.5],"texture":"#3"},"down":{"uv":[12.5,9.5,13,8.5],"rotation":180,"texture":"#3"}}},{"from":[7.15,4.33691,2.77621],"to":[8.85,7.13691,5.57621],"rotation":{"angle":-22.5,"axis":"x","origin":[8,8,10]},"faces":{"north":{"uv":[0,13.5,0.75,12],"texture":"#3"},"east":{"uv":[3,10,4.5,8.5],"texture":"#3"},"south":{"uv":[12,1.5,12.75,0],"texture":"#3"},"west":{"uv":[4.5,10,6,8.5],"texture":"#3"},"up":{"uv":[2.75,13.5,2,12],"texture":"#3"},"down":{"uv":[1.75,12,1,13.5],"texture":"#3"}}},{"from":[7,-5.73418,2.29201],"to":[9,-2.13418,4.29201],"rotation":{"angle":-22.5,"axis":"x","origin":[8,8,10]},"faces":{"north":{"uv":[9.5,4.75,10.5,3],"texture":"#3"},"east":{"uv":[9,11.25,10,9.5],"texture":"#3"},"south":{"uv":[3,11.75,4,10],"texture":"#3"},"west":{"uv":[4,11.75,5,10],"texture":"#3"},"up":{"uv":[5,13,4,12],"texture":"#3"},"down":{"uv":[4,12,3,13],"texture":"#3"}}},{"from":[7.2,-7.43663,13.70559],"to":[8.8,-5.83663,17.30559],"rotation":{"angle":22.5,"axis":"x","origin":[8,8,10]},"faces":{"north":{"uv":[12,12.75,12.75,12],"texture":"#3"},"east":{"uv":[10.5,6.75,12.25,6],"texture":"#3"},"south":{"uv":[12.5,3.75,13.25,3],"texture":"#3"},"west":{"uv":[10.5,7.75,12.25,7],"texture":"#3"},"up":{"uv":[11.75,9.75,11,8],"texture":"#3"},"down":{"uv":[11.75,0,11,1.75],"texture":"#3"}}},{"from":[7.2,0.25694,9.95921],"to":[8.8,1.85694,13.55921],"rotation":{"angle":45,"axis":"x","origin":[8,8,10]},"faces":{"north":{"uv":[12.5,4.75,13.25,4],"texture":"#3"},"east":{"uv":[11,2.75,12.75,2],"texture":"#3"},"south":{"uv":[12.5,5.75,13.25,5],"texture":"#3"},"west":{"uv":[10,11.75,11.75,11],"texture":"#3"},"up":{"uv":[5.75,13.25,5,11.5],"texture":"#3"},"down":{"uv":[12.25,3,11.5,4.75],"texture":"#3"}}},{"from":[6.9,-4.59826,10.3333],"to":[9.1,-2.19826,13.1333],"rotation":{"angle":22.5,"axis":"x","origin":[8,8,10]},"faces":{"north":{"uv":[8,12.75,7,11.5],"rotation":180,"texture":"#3"},"east":{"uv":[10.75,0,9.5,1.5],"rotation":270,"texture":"#3"},"south":{"uv":[7,11.5,6,12.75],"texture":"#3"},"west":{"uv":[10.75,1.5,9.5,3],"rotation":90,"texture":"#3"},"up":{"uv":[10.5,6,11.5,4.5],"texture":"#3"},"down":{"uv":[10.5,4.5,11.5,3],"rotation":180,"texture":"#3"}}},{"from":[7,5.81464,4.53943],"to":[9,6.61464,6.93943],"rotation":{"angle":0,"axis":"x","origin":[8,8,10]},"faces":{"north":{"uv":[13,3,14,2.5],"texture":"#3"},"east":{"uv":[12,11.5,13.25,11],"texture":"#3"},"south":{"uv":[3,13.5,4,13],"texture":"#3"},"west":{"uv":[12,12,13.25,11.5],"texture":"#3"},"up":{"uv":[10,12.75,9,11.5],"texture":"#3"},"down":{"uv":[9,11.5,8,12.75],"texture":"#3"}}},{"from":[8,-10.33891,6.7794],"to":[8,-2.33891,23.7794],"rotation":{"angle":22.5,"axis":"x","origin":[8,8,10]},"faces":{"north":{"uv":[0,4,0,0],"rotation":180,"texture":"#3"},"east":{"uv":[4,0,0,8.5],"rotation":270,"texture":"#3"},"south":{"uv":[0,0,0,4],"texture":"#3"},"west":{"uv":[8,0,4,8.5],"rotation":90,"texture":"#3"},"up":{"uv":[0,8.5,0,0],"texture":"#3"},"down":{"uv":[0,8.5,0,0],"rotation":180,"texture":"#3"}}},{"from":[8,-9.375,14.23943],"to":[8,25.375,20.78943],"rotation":{"angle":0,"axis":"y","origin":[8,8,10]},"faces":{"north":{"uv":[0,0,0,30],"texture":"#1"},"east":{"uv":[6,0,3.2,12],"texture":"#1"},"south":{"uv":[0,0,0,30],"texture":"#1"},"west":{"uv":[3.2,0,6,12],"texture":"#1"},"up":{"uv":[0,0,0,16.5],"texture":"#1"},"down":{"uv":[0,16.5,0,0],"texture":"#1"}}},{"from":[7.2,4.8,4.93943],"to":[8.8,11.2,6.53943],"rotation":{"angle":0,"axis":"y","origin":[8,8,10]},"faces":{"north":{"uv":[8,8,8.75,11.25],"texture":"#3"},"east":{"uv":[0,8.5,0.75,11.75],"texture":"#3"},"south":{"uv":[1,8.5,1.75,11.75],"texture":"#3"},"west":{"uv":[2,8.5,2.75,11.75],"texture":"#3"},"up":{"uv":[13.25,6.75,12.5,6],"texture":"#3"},"down":{"uv":[13.25,7,12.5,7.75],"texture":"#3"}}},{"from":[8,6.75,-3],"to":[8,9.25,21],"rotation":{"angle":0,"axis":"y","origin":[8,8,2]},"faces":{"north":{"uv":[0,0,0,2],"texture":"#0"},"east":{"uv":[0,0.33333,16,2],"texture":"#0"},"south":{"uv":[0,0,0,2],"texture":"#0"},"west":{"uv":[0,2.33333,16,4],"texture":"#0"},"up":{"uv":[0,16,0,0],"texture":"#0"},"down":{"uv":[0,0,0,16],"texture":"#0"}}},{"from":[6.75,8,-3],"to":[9.25,8,21],"rotation":{"angle":0,"axis":"y","origin":[8,8,2]},"faces":{"north":{"uv":[0,0,0,2],"rotation":90,"texture":"#0"},"east":{"uv":[0,0,0,16],"rotation":270,"texture":"#0"},"south":{"uv":[0,0,0,2],"rotation":270,"texture":"#0"},"west":{"uv":[0,16,0,0],"rotation":270,"texture":"#0"},"up":{"uv":[0,0.33333,16,2],"rotation":270,"texture":"#0"},"down":{"uv":[0,2.33333,16,4],"rotation":270,"texture":"#0"}}}],"display":{"thirdperson_righthand":{"translation":[0,-2,3.25],"scale":[0.8,0.8,0.8]},"thirdperson_lefthand":{"translation":[0,-2,3.25],"scale":[0.8,0.8,0.8]},"firstperson_righthand":{"rotation":[9.04,0.22,8.08],"translation":[7.25,0,-8.75]},"firstperson_lefthand":{"rotation":[9.04,0.22,8.08],"translation":[7.25,0,-8.75]},"ground":{"rotation":[0,0,-82],"scale":[0.56,0.56,0.56]},"gui":{"rotation":[90,45,90],"translation":[-1,1,-2],"scale":[0.42,0.42,0.42]},"head":{"scale":[0,0,0]},"fixed":{"rotation":[90,-45,90],"translation":[0.75,1.25,-2],"scale":[0.88,0.88,0.88]}},"groups":[{"name":"bow18","origin":[8,20.80866,16.27749],"color":0,"children":[{"name":"group","origin":[8,10.03536,4.73943],"color":0,"children":[0,1,2,3,4,5,6,7,8]},{"name":"group","origin":[8,10.03536,4.73943],"color":0,"children":[9,10,11,12,13,14,15,16,17]},18,19]},{"name":"arrow","origin":[8,8,2],"color":0,"children":[20,21]}]}