{"credit":"Made with Blockbench","texture_size":[32,32],"textures":{"0":"item/bows/arrow","1":"item/bows/string","3":"item/bows/bow_17","particle":"item/bows/arrow"},"elements":[{"from":[6.6,13.34699,-0.24945],"to":[9.4,15.74699,4.15055],"rotation":{"angle":22.5,"axis":"x","origin":[8,7.5,8]},"faces":{"north":{"uv":[6,8.5,7.5,9.75],"texture":"#3"},"east":{"uv":[8,5,10.25,6.25],"texture":"#3"},"south":{"uv":[9,8,10.5,9.25],"texture":"#3"},"west":{"uv":[8,6.5,10.25,7.75],"texture":"#3"},"up":{"uv":[9.5,2.25,8,0],"texture":"#3"},"down":{"uv":[9.5,2.5,8,4.75],"texture":"#3"}}},{"from":[7.45,21.57855,5.71352],"to":[8.55,23.72855,7.86352],"rotation":{"angle":-45,"axis":"x","origin":[8,22.65355,6.78852]},"faces":{"north":{"uv":[12.5,8.5,13,9.5],"texture":"#3"},"east":{"uv":[11,10,12,11],"texture":"#3"},"south":{"uv":[12.5,9.5,13,10.5],"texture":"#3"},"west":{"uv":[11.5,5,12.5,6],"texture":"#3"},"up":{"uv":[11,13.5,10.5,12.5],"texture":"#3"},"down":{"uv":[11.5,12.5,11,13.5],"texture":"#3"}}},{"from":[7,16.37154,5.99969],"to":[9,19.27154,6.79969],"rotation":{"angle":0,"axis":"y","origin":[8,7.5,8]},"faces":{"north":{"uv":[5,10,6,11.5],"texture":"#3"},"east":{"uv":[7.5,8.5,8,10],"texture":"#3"},"south":{"uv":[6,10,7,11.5],"texture":"#3"},"west":{"uv":[10.5,8,11,9.5],"texture":"#3"},"up":{"uv":[14,0.5,13,0],"texture":"#3"},"down":{"uv":[14,0.5,13,1],"texture":"#3"}}},{"from":[7.005,18.07154,3.54969],"to":[8.995,18.87154,6.44969],"rotation":{"angle":-45,"axis":"x","origin":[8,18.47154,4.99969]},"faces":{"north":{"uv":[13,1,14,1.5],"texture":"#3"},"east":{"uv":[10.5,12,12,12.5],"texture":"#3"},"south":{"uv":[13,2,14,2.5],"texture":"#3"},"west":{"uv":[12,10.5,13.5,11],"texture":"#3"},"up":{"uv":[8,11.5,7,10],"texture":"#3"},"down":{"uv":[11,9.5,10,11],"texture":"#3"}}},{"from":[7.25,13.95181,-2.97058],"to":[8.75,16.75181,-0.17058],"rotation":{"angle":45,"axis":"x","origin":[8,7.5,8]},"faces":{"north":{"uv":[0,12,0.75,13.5],"texture":"#3"},"east":{"uv":[3,8.5,4.5,10],"texture":"#3"},"south":{"uv":[12,0,12.75,1.5],"texture":"#3"},"west":{"uv":[4.5,8.5,6,10],"texture":"#3"},"up":{"uv":[1.75,13.5,1,12],"texture":"#3"},"down":{"uv":[2.75,12,2,13.5],"texture":"#3"}}},{"from":[7,19.0552,1.10952],"to":[9,22.6552,3.10952],"rotation":{"angle":22.5,"axis":"x","origin":[8,7.5,8]},"faces":{"north":{"uv":[9.5,3,10.5,4.75],"texture":"#3"},"east":{"uv":[9,9.5,10,11.25],"texture":"#3"},"south":{"uv":[3,10,4,11.75],"texture":"#3"},"west":{"uv":[4,10,5,11.75],"texture":"#3"},"up":{"uv":[4,13,3,12],"texture":"#3"},"down":{"uv":[5,12,4,13],"texture":"#3"}}},{"from":[7.2,21.76337,13.28847],"to":[8.8,23.36337,16.88847],"rotation":{"angle":-22.5,"axis":"x","origin":[8,7.5,8]},"faces":{"north":{"uv":[12,12,12.75,12.75],"texture":"#3"},"east":{"uv":[10.5,6,12.25,6.75],"texture":"#3"},"south":{"uv":[12.5,3,13.25,3.75],"texture":"#3"},"west":{"uv":[10.5,7,12.25,7.75],"texture":"#3"},"up":{"uv":[11.75,1.75,11,0],"texture":"#3"},"down":{"uv":[11.75,8,11,9.75],"texture":"#3"}}},{"from":[7.4,24.1231,9.98564],"to":[8.6,25.3231,13.58564],"rotation":{"angle":0,"axis":"y","origin":[8,7.5,8]},"faces":{"north":{"uv":[11.5,12.5,12,13],"texture":"#3"},"east":{"uv":[12,1.5,13.75,2],"texture":"#3"},"south":{"uv":[4,13,4.5,13.5],"texture":"#3"},"west":{"uv":[12,8,13.75,8.5],"texture":"#3"},"up":{"uv":[12.5,10.25,12,8.5],"texture":"#3"},"down":{"uv":[10.5,12,10,13.75],"texture":"#3"}}},{"from":[7.2,13.10344,2.58354],"to":[8.8,14.70344,6.18354],"rotation":{"angle":-45,"axis":"x","origin":[8,13.90344,4.38354]},"faces":{"north":{"uv":[12.5,4,13.25,4.75],"texture":"#3"},"east":{"uv":[11,2,12.75,2.75],"texture":"#3"},"south":{"uv":[12.5,5,13.25,5.75],"texture":"#3"},"west":{"uv":[10,11,11.75,11.75],"texture":"#3"},"up":{"uv":[12.25,4.75,11.5,3],"texture":"#3"},"down":{"uv":[5.75,11.5,5,13.25],"texture":"#3"}}},{"from":[6.9,11.04393,4.58851],"to":[9.1,13.84393,6.98851],"rotation":{"angle":-22.5,"axis":"x","origin":[8,12.44393,5.78851]},"faces":{"north":{"uv":[10.5,4.5,11.5,6],"rotation":180,"texture":"#3"},"east":{"uv":[9.5,0,10.75,1.5],"rotation":180,"texture":"#3"},"south":{"uv":[10.5,3,11.5,4.5],"rotation":180,"texture":"#3"},"west":{"uv":[9.5,1.5,10.75,3],"rotation":180,"texture":"#3"},"up":{"uv":[8,11.5,7,12.75],"texture":"#3"},"down":{"uv":[7,12.75,6,11.5],"texture":"#3"}}},{"from":[7,7.65223,2.91314],"to":[9,8.45223,5.31314],"rotation":{"angle":45,"axis":"x","origin":[8,8,8]},"faces":{"north":{"uv":[13,2.5,14,3],"texture":"#3"},"east":{"uv":[12,11,13.25,11.5],"texture":"#3"},"south":{"uv":[3,13,4,13.5],"texture":"#3"},"west":{"uv":[12,11.5,13.25,12],"texture":"#3"},"up":{"uv":[9,12.75,8,11.5],"texture":"#3"},"down":{"uv":[10,11.5,9,12.75],"texture":"#3"}}},{"from":[8,12.5,2],"to":[8,29.5,10],"rotation":{"angle":45,"axis":"x","origin":[8,20.5,8]},"faces":{"north":{"uv":[0,0,0,8.5],"texture":"#3"},"east":{"uv":[0,0,4,8.5],"texture":"#3"},"south":{"uv":[0,0,0,8.5],"texture":"#3"},"west":{"uv":[4,0,8,8.5],"texture":"#3"},"up":{"uv":[0,4,0,0],"texture":"#3"},"down":{"uv":[0,0,0,4],"texture":"#3"}}},{"from":[6.6,0.25301,-0.24945],"to":[9.4,2.65301,4.15055],"rotation":{"angle":-22.5,"axis":"x","origin":[8,8.5,8]},"faces":{"north":{"uv":[6,9.75,7.5,8.5],"texture":"#3"},"east":{"uv":[8,6.25,10.25,5],"texture":"#3"},"south":{"uv":[9,9.25,10.5,8],"texture":"#3"},"west":{"uv":[8,7.75,10.25,6.5],"texture":"#3"},"up":{"uv":[9.5,4.75,8,2.5],"texture":"#3"},"down":{"uv":[9.5,0,8,2.25],"texture":"#3"}}},{"from":[7.45,-7.72855,5.71352],"to":[8.55,-5.57855,7.86352],"rotation":{"angle":45,"axis":"x","origin":[8,-6.65355,6.78852]},"faces":{"north":{"uv":[12.5,9.5,13,8.5],"texture":"#3"},"east":{"uv":[11,11,12,10],"texture":"#3"},"south":{"uv":[12.5,10.5,13,9.5],"texture":"#3"},"west":{"uv":[11.5,6,12.5,5],"texture":"#3"},"up":{"uv":[11.5,13.5,11,12.5],"texture":"#3"},"down":{"uv":[11,12.5,10.5,13.5],"texture":"#3"}}},{"from":[7,-3.27154,5.99969],"to":[9,-0.37154,6.79969],"rotation":{"angle":0,"axis":"y","origin":[8,8.5,8]},"faces":{"north":{"uv":[5,11.5,6,10],"texture":"#3"},"east":{"uv":[7.5,10,8,8.5],"texture":"#3"},"south":{"uv":[6,11.5,7,10],"texture":"#3"},"west":{"uv":[10.5,9.5,11,8],"texture":"#3"},"up":{"uv":[14,1,13,0.5],"texture":"#3"},"down":{"uv":[14,0,13,0.5],"texture":"#3"}}},{"from":[7.005,-2.87154,3.54969],"to":[8.995,-2.07154,6.44969],"rotation":{"angle":45,"axis":"x","origin":[8,-2.47154,4.99969]},"faces":{"north":{"uv":[13,1.5,14,1],"texture":"#3"},"east":{"uv":[10.5,12.5,12,12],"texture":"#3"},"south":{"uv":[13,2.5,14,2],"texture":"#3"},"west":{"uv":[12,11,13.5,10.5],"texture":"#3"},"up":{"uv":[11,11,10,9.5],"texture":"#3"},"down":{"uv":[8,10,7,11.5],"texture":"#3"}}},{"from":[7.25,-0.75181,-2.97058],"to":[8.75,2.04819,-0.17058],"rotation":{"angle":-45,"axis":"x","origin":[8,8.5,8]},"faces":{"north":{"uv":[0,13.5,0.75,12],"texture":"#3"},"east":{"uv":[3,10,4.5,8.5],"texture":"#3"},"south":{"uv":[12,1.5,12.75,0],"texture":"#3"},"west":{"uv":[4.5,10,6,8.5],"texture":"#3"},"up":{"uv":[2.75,13.5,2,12],"texture":"#3"},"down":{"uv":[1.75,12,1,13.5],"texture":"#3"}}},{"from":[7,-6.6552,1.10952],"to":[9,-3.0552,3.10952],"rotation":{"angle":-22.5,"axis":"x","origin":[8,8.5,8]},"faces":{"north":{"uv":[9.5,4.75,10.5,3],"texture":"#3"},"east":{"uv":[9,11.25,10,9.5],"texture":"#3"},"south":{"uv":[3,11.75,4,10],"texture":"#3"},"west":{"uv":[4,11.75,5,10],"texture":"#3"},"up":{"uv":[5,13,4,12],"texture":"#3"},"down":{"uv":[4,12,3,13],"texture":"#3"}}},{"from":[7.2,-7.36337,13.28847],"to":[8.8,-5.76337,16.88847],"rotation":{"angle":22.5,"axis":"x","origin":[8,8.5,8]},"faces":{"north":{"uv":[12,12.75,12.75,12],"texture":"#3"},"east":{"uv":[10.5,6.75,12.25,6],"texture":"#3"},"south":{"uv":[12.5,3.75,13.25,3],"texture":"#3"},"west":{"uv":[10.5,7.75,12.25,7],"texture":"#3"},"up":{"uv":[11.75,9.75,11,8],"texture":"#3"},"down":{"uv":[11.75,0,11,1.75],"texture":"#3"}}},{"from":[7.4,-9.3231,9.98564],"to":[8.6,-8.1231,13.58564],"rotation":{"angle":0,"axis":"y","origin":[8,8.5,8]},"faces":{"north":{"uv":[11.5,13,12,12.5],"texture":"#3"},"east":{"uv":[12,2,13.75,1.5],"texture":"#3"},"south":{"uv":[4,13.5,4.5,13],"texture":"#3"},"west":{"uv":[12,8.5,13.75,8],"texture":"#3"},"up":{"uv":[10.5,13.75,10,12],"texture":"#3"},"down":{"uv":[12.5,8.5,12,10.25],"texture":"#3"}}},{"from":[7.2,1.29656,2.58354],"to":[8.8,2.89656,6.18354],"rotation":{"angle":45,"axis":"x","origin":[8,2.09656,4.38354]},"faces":{"north":{"uv":[12.5,4.75,13.25,4],"texture":"#3"},"east":{"uv":[11,2.75,12.75,2],"texture":"#3"},"south":{"uv":[12.5,5.75,13.25,5],"texture":"#3"},"west":{"uv":[10,11.75,11.75,11],"texture":"#3"},"up":{"uv":[5.75,13.25,5,11.5],"texture":"#3"},"down":{"uv":[12.25,3,11.5,4.75],"texture":"#3"}}},{"from":[6.9,2.15607,4.58851],"to":[9.1,4.95607,6.98851],"rotation":{"angle":22.5,"axis":"x","origin":[8,3.55607,5.78851]},"faces":{"north":{"uv":[10.5,6,11.5,4.5],"rotation":180,"texture":"#3"},"east":{"uv":[9.5,1.5,10.75,0],"rotation":180,"texture":"#3"},"south":{"uv":[10.5,4.5,11.5,3],"rotation":180,"texture":"#3"},"west":{"uv":[9.5,3,10.75,1.5],"rotation":180,"texture":"#3"},"up":{"uv":[7,11.5,6,12.75],"texture":"#3"},"down":{"uv":[8,12.75,7,11.5],"texture":"#3"}}},{"from":[7,7.54777,2.91314],"to":[9,8.34777,5.31314],"rotation":{"angle":-45,"axis":"x","origin":[8,8,8]},"faces":{"north":{"uv":[13,3,14,2.5],"texture":"#3"},"east":{"uv":[12,11.5,13.25,11],"texture":"#3"},"south":{"uv":[3,13.5,4,13],"texture":"#3"},"west":{"uv":[12,12,13.25,11.5],"texture":"#3"},"up":{"uv":[10,12.75,9,11.5],"texture":"#3"},"down":{"uv":[9,11.5,8,12.75],"texture":"#3"}}},{"from":[8,-13.5,2],"to":[8,3.5,10],"rotation":{"angle":-45,"axis":"x","origin":[8,-4.5,8]},"faces":{"north":{"uv":[0,8.5,0,0],"texture":"#3"},"east":{"uv":[0,8.5,4,0],"texture":"#3"},"south":{"uv":[0,8.5,0,0],"texture":"#3"},"west":{"uv":[4,8.5,8,0],"texture":"#3"},"up":{"uv":[0,4,0,0],"texture":"#3"},"down":{"uv":[0,0,0,4],"texture":"#3"}}},{"from":[8,-8.125,12.78851],"to":[8,24.125,13.33851],"rotation":{"angle":0,"axis":"y","origin":[8,8,8]},"faces":{"north":{"uv":[0,0,0,30],"texture":"#1"},"east":{"uv":[0.2,0,0,12],"texture":"#1"},"south":{"uv":[0,0,0,30],"texture":"#1"},"west":{"uv":[0,0,0.2,12],"texture":"#1"},"up":{"uv":[0,0,0,16.5],"texture":"#1"},"down":{"uv":[0,16.5,0,0],"texture":"#1"}}},{"from":[7.2,4.8,4.48851],"to":[8.8,11.2,6.08851],"rotation":{"angle":0,"axis":"y","origin":[8,8,8]},"faces":{"north":{"uv":[8,8,8.75,11.25],"texture":"#3"},"east":{"uv":[0,8.5,0.75,11.75],"texture":"#3"},"south":{"uv":[1,8.5,1.75,11.75],"texture":"#3"},"west":{"uv":[2,8.5,2.75,11.75],"texture":"#3"},"up":{"uv":[13.25,6.75,12.5,6],"texture":"#3"},"down":{"uv":[13.25,7,12.5,7.75],"texture":"#3"}}},{"from":[8,6.75,-10],"to":[8,9.25,14],"rotation":{"angle":0,"axis":"y","origin":[8,8,2]},"faces":{"north":{"uv":[0,0,0,2],"texture":"#0"},"east":{"uv":[0,0.33333,16,2],"texture":"#0"},"south":{"uv":[0,0,0,2],"texture":"#0"},"west":{"uv":[0,2.33333,16,4],"texture":"#0"},"up":{"uv":[0,16,0,0],"texture":"#0"},"down":{"uv":[0,0,0,16],"texture":"#0"}}},{"from":[6.75,8,-10],"to":[9.25,8,14],"rotation":{"angle":0,"axis":"y","origin":[8,8,2]},"faces":{"north":{"uv":[0,0,0,2],"rotation":90,"texture":"#0"},"east":{"uv":[0,0,0,16],"rotation":270,"texture":"#0"},"south":{"uv":[0,0,0,2],"rotation":270,"texture":"#0"},"west":{"uv":[0,16,0,0],"rotation":270,"texture":"#0"},"up":{"uv":[0,0.33333,16,2],"rotation":270,"texture":"#0"},"down":{"uv":[0,2.33333,16,4],"rotation":270,"texture":"#0"}}}],"gui_light":"front","display":{"thirdperson_righthand":{"translation":[0,-2,3.25],"scale":[0.8,0.8,0.8]},"thirdperson_lefthand":{"translation":[0,-2,3.25],"scale":[0.8,0.8,0.8]},"firstperson_righthand":{"rotation":[9.04,0.22,8.08],"translation":[7.25,0,-8.75]},"firstperson_lefthand":{"rotation":[9.04,0.22,8.08],"translation":[7.25,0,-8.75]},"ground":{"rotation":[0,0,-82],"scale":[0.67,0.67,0.67]},"gui":{"rotation":[90,45,90],"translation":[-0.75,0.75,-2],"scale":[0.46,0.46,0.46]},"head":{"scale":[0,0,0]},"fixed":{"rotation":[90,-45,90],"translation":[0.75,1.25,-2]}},"groups":[{"name":"bow17","origin":[8,20.80866,16.82657],"color":0,"children":[{"name":"group","origin":[8,10.03536,5.28851],"color":0,"children":[0,1,2,3,4,5,6,7,8,9,10,11]},{"name":"group","origin":[8,10.03536,5.28851],"color":0,"children":[12,13,14,15,16,17,18,19,20,21,22,23]},24,25]},{"name":"arrow","origin":[8,8,2],"color":0,"children":[26,27]}]}