{"credit":"Made with Blockbench","texture_size":[24,24],"textures":{"1":"item/bows/string","3":"item/bows/bow_33"},"elements":[{"from":[7.37359,9.16921,4.76773],"to":[8.63354,10.87016,6.02768],"rotation":{"angle":0,"axis":"y","origin":[8,8,9]},"faces":{"north":{"uv":[12,0,13,1],"texture":"#3"},"east":{"uv":[0.66667,12,1.66667,13],"texture":"#3"},"south":{"uv":[12,1.33333,13,2.33333],"texture":"#3"},"west":{"uv":[12,2.66667,13,3.66667],"texture":"#3"},"up":{"uv":[5,13,4,12],"texture":"#3"},"down":{"uv":[13,4,12,5],"texture":"#3"}}},{"from":[8.00356,16.59944,6.17302],"to":[8.00356,21.30939,14.12285],"rotation":{"angle":0,"axis":"x","origin":[8,7.5,8.25]},"faces":{"north":{"uv":[0,0,0,3],"texture":"#3"},"east":{"uv":[0,0,5.33333,3],"texture":"#3"},"south":{"uv":[0,0,0,3],"texture":"#3"},"west":{"uv":[0,3.33333,5.33333,6.33333],"texture":"#3"},"up":{"uv":[0,5.33333,0,0],"texture":"#3"},"down":{"uv":[0,0,0,5.33333],"texture":"#3"}}},{"from":[8.00356,11.6695,2.34296],"to":[8.00356,19.61933,7.05291],"rotation":{"angle":22.5,"axis":"x","origin":[8.00356,15.64441,4.69794]},"faces":{"north":{"uv":[0,5.33333,0,0],"rotation":180,"texture":"#3"},"east":{"uv":[5.33333,0,10.66667,3],"rotation":90,"texture":"#3"},"south":{"uv":[0,0,0,5.33333],"texture":"#3"},"west":{"uv":[5.33333,3.33333,10.66667,6.33333],"rotation":270,"texture":"#3"},"up":{"uv":[0,0,0,3],"texture":"#3"},"down":{"uv":[0,0,0,3],"rotation":180,"texture":"#3"}}},{"from":[7.34057,17.98475,6.91735],"to":[8.66655,19.8747,8.8073],"rotation":{"angle":0,"axis":"x","origin":[8,7.75,8.5]},"faces":{"north":{"uv":[2.66667,10,3.66667,11.33333],"texture":"#3"},"east":{"uv":[2.66667,8.66667,4,10],"texture":"#3"},"south":{"uv":[10,6.66667,11,8],"texture":"#3"},"west":{"uv":[4,9.33333,5.33333,10.66667],"texture":"#3"},"up":{"uv":[11,9.33333,10,8],"texture":"#3"},"down":{"uv":[11,9.33333,10,10.66667],"texture":"#3"}}},{"from":[7.40987,10.79449,-0.80113],"to":[8.59725,14.88936,1.08881],"rotation":{"angle":45,"axis":"x","origin":[8,7.75,8.5]},"faces":{"north":{"uv":[5.33333,9.33333,6,12],"texture":"#3"},"east":{"uv":[4,6.66667,5.33333,9.33333],"texture":"#3"},"south":{"uv":[6,9.33333,6.66667,12],"texture":"#3"},"west":{"uv":[5.33333,6.66667,6.66667,9.33333],"texture":"#3"},"up":{"uv":[2.66667,13.33333,2,12],"texture":"#3"},"down":{"uv":[7.33333,12,6.66667,13.33333],"texture":"#3"}}},{"from":[7.40987,10.36583,3.08211],"to":[8.59725,14.4607,4.97205],"rotation":{"angle":-22.5,"axis":"x","origin":[8.00356,13.59448,4.02708]},"faces":{"north":{"uv":[6.66667,9.33333,7.33333,12],"texture":"#3"},"east":{"uv":[6.66667,6.66667,8,9.33333],"texture":"#3"},"south":{"uv":[9.33333,6.66667,10,9.33333],"texture":"#3"},"west":{"uv":[8,6.66667,9.33333,9.33333],"texture":"#3"},"up":{"uv":[12.66667,12,12,10.66667],"texture":"#3"},"down":{"uv":[12.66667,12,12,13.33333],"texture":"#3"}}},{"from":[7.34057,13.48475,2.24686],"to":[8.66655,15.3747,4.13681],"rotation":{"angle":22.5,"axis":"x","origin":[8.00356,13.59448,4.02708]},"faces":{"north":{"uv":[10.66667,0,11.66667,1.33333],"texture":"#3"},"east":{"uv":[7.33333,9.33333,8.66667,10.66667],"texture":"#3"},"south":{"uv":[10.66667,1.33333,11.66667,2.66667],"texture":"#3"},"west":{"uv":[8.66667,9.33333,10,10.66667],"texture":"#3"},"up":{"uv":[11.66667,4,10.66667,2.66667],"texture":"#3"},"down":{"uv":[5,10.66667,4,12],"texture":"#3"}}},{"from":[7.41618,17.66305,6.96553],"to":[8.59095,18.29304,9.80044],"rotation":{"angle":-22.5,"axis":"x","origin":[8,7.75,8.5]},"faces":{"north":{"uv":[2.66667,12.66667,3.33333,13],"texture":"#3"},"east":{"uv":[12.66667,10.66667,14.66667,11],"texture":"#3"},"south":{"uv":[3.33333,12.66667,4,13],"texture":"#3"},"west":{"uv":[12.66667,11.33333,14.66667,11.66667],"texture":"#3"},"up":{"uv":[11.33333,6,10.66667,4],"texture":"#3"},"down":{"uv":[8,10.66667,7.33333,12.66667],"texture":"#3"}}},{"from":[7.05859,8.37651,3.47683],"to":[8.94853,9.95146,5.05178],"rotation":{"angle":22.5,"axis":"x","origin":[8,8,9]},"faces":{"north":{"uv":[8,10.66667,9.33333,11.66667],"texture":"#3"},"east":{"uv":[5.33333,12,6.33333,13],"texture":"#3"},"south":{"uv":[9.33333,10.66667,10.66667,11.66667],"texture":"#3"},"west":{"uv":[12,5.33333,13,6.33333],"texture":"#3"},"up":{"uv":[12,11.66667,10.66667,10.66667],"texture":"#3"},"down":{"uv":[4,11.33333,2.66667,12.33333],"texture":"#3"}}},{"from":[7.37359,7.73447,2.83478],"to":[8.63354,8.99443,4.09475],"rotation":{"angle":22.5,"axis":"x","origin":[8,8,9]},"faces":{"north":{"uv":[12,6.66667,13,7.66667],"texture":"#3"},"east":{"uv":[8,12,9,13],"texture":"#3"},"south":{"uv":[12,8,13,9],"texture":"#3"},"west":{"uv":[9.33333,12,10.33333,13],"texture":"#3"},"up":{"uv":[13,10.33333,12,9.33333],"texture":"#3"},"down":{"uv":[11.66667,12,10.66667,13],"texture":"#3"}}},{"from":[7.40357,13.79107,2.72367],"to":[8.60356,16.94097,5.87357],"rotation":{"angle":0,"axis":"x","origin":[8,7.75,8.5]},"faces":{"north":{"uv":[11.33333,4,12,6],"texture":"#3"},"east":{"uv":[0,6.66667,2,8.66667],"texture":"#3"},"south":{"uv":[11.33333,6,12,8],"texture":"#3"},"west":{"uv":[2,6.66667,4,8.66667],"texture":"#3"},"up":{"uv":[12,10,11.33333,8],"texture":"#3"},"down":{"uv":[0.66667,12,0,14],"texture":"#3"}}},{"from":[7.37359,5.12984,4.76773],"to":[8.63354,6.83079,6.02768],"rotation":{"angle":0,"axis":"y","origin":[8,8,9]},"faces":{"north":{"uv":[12,1,13,0],"texture":"#3"},"east":{"uv":[0.66667,13,1.66667,12],"texture":"#3"},"south":{"uv":[12,2.33333,13,1.33333],"texture":"#3"},"west":{"uv":[12,3.66667,13,2.66667],"texture":"#3"},"up":{"uv":[13,5,12,4],"texture":"#3"},"down":{"uv":[5,12,4,13],"texture":"#3"}}},{"from":[8.00356,-5.30939,6.17302],"to":[8.00356,-0.59944,14.12285],"rotation":{"angle":0,"axis":"x","origin":[8,8.5,8.25]},"faces":{"north":{"uv":[0,3,0,0],"texture":"#3"},"east":{"uv":[0,3,5.33333,0],"texture":"#3"},"south":{"uv":[0,3,0,0],"texture":"#3"},"west":{"uv":[0,6.33333,5.33333,3.33333],"texture":"#3"},"up":{"uv":[0,5.33333,0,0],"texture":"#3"},"down":{"uv":[0,0,0,5.33333],"texture":"#3"}}},{"from":[8.00356,-3.61933,2.34296],"to":[8.00356,4.3305,7.05291],"rotation":{"angle":-22.5,"axis":"x","origin":[8.00356,0.35559,4.69794]},"faces":{"north":{"uv":[0,0,0,5.33333],"rotation":180,"texture":"#3"},"east":{"uv":[10.66667,0,5.33333,3],"rotation":90,"texture":"#3"},"south":{"uv":[0,5.33333,0,0],"texture":"#3"},"west":{"uv":[10.66667,3.33333,5.33333,6.33333],"rotation":270,"texture":"#3"},"up":{"uv":[0,3,0,0],"rotation":180,"texture":"#3"},"down":{"uv":[0,3,0,0],"texture":"#3"}}},{"from":[7.34057,-3.8747,6.91735],"to":[8.66655,-1.98475,8.8073],"rotation":{"angle":0,"axis":"x","origin":[8,8.25,8.5]},"faces":{"north":{"uv":[2.66667,11.33333,3.66667,10],"texture":"#3"},"east":{"uv":[2.66667,10,4,8.66667],"texture":"#3"},"south":{"uv":[10,8,11,6.66667],"texture":"#3"},"west":{"uv":[4,10.66667,5.33333,9.33333],"texture":"#3"},"up":{"uv":[11,10.66667,10,9.33333],"texture":"#3"},"down":{"uv":[11,8,10,9.33333],"texture":"#3"}}},{"from":[7.40987,1.11064,-0.80113],"to":[8.59725,5.20551,1.08881],"rotation":{"angle":-45,"axis":"x","origin":[8,8.25,8.5]},"faces":{"north":{"uv":[5.33333,12,6,9.33333],"texture":"#3"},"east":{"uv":[4,9.33333,5.33333,6.66667],"texture":"#3"},"south":{"uv":[6,12,6.66667,9.33333],"texture":"#3"},"west":{"uv":[5.33333,9.33333,6.66667,6.66667],"texture":"#3"},"up":{"uv":[7.33333,13.33333,6.66667,12],"texture":"#3"},"down":{"uv":[2.66667,12,2,13.33333],"texture":"#3"}}},{"from":[7.40987,1.5393,3.08211],"to":[8.59725,5.63417,4.97205],"rotation":{"angle":22.5,"axis":"x","origin":[8.00356,2.40552,4.02708]},"faces":{"north":{"uv":[6.66667,12,7.33333,9.33333],"texture":"#3"},"east":{"uv":[6.66667,9.33333,8,6.66667],"texture":"#3"},"south":{"uv":[9.33333,9.33333,10,6.66667],"texture":"#3"},"west":{"uv":[8,9.33333,9.33333,6.66667],"texture":"#3"},"up":{"uv":[12.66667,13.33333,12,12],"texture":"#3"},"down":{"uv":[12.66667,10.66667,12,12],"texture":"#3"}}},{"from":[7.34057,0.6253,2.24686],"to":[8.66655,2.51525,4.13681],"rotation":{"angle":-22.5,"axis":"x","origin":[8.00356,2.40552,4.02708]},"faces":{"north":{"uv":[10.66667,1.33333,11.66667,0],"texture":"#3"},"east":{"uv":[7.33333,10.66667,8.66667,9.33333],"texture":"#3"},"south":{"uv":[10.66667,2.66667,11.66667,1.33333],"texture":"#3"},"west":{"uv":[8.66667,10.66667,10,9.33333],"texture":"#3"},"up":{"uv":[5,12,4,10.66667],"texture":"#3"},"down":{"uv":[11.66667,2.66667,10.66667,4],"texture":"#3"}}},{"from":[7.41618,-2.29304,6.96553],"to":[8.59095,-1.66305,9.80044],"rotation":{"angle":22.5,"axis":"x","origin":[8,8.25,8.5]},"faces":{"north":{"uv":[2.66667,13,3.33333,12.66667],"texture":"#3"},"east":{"uv":[12.66667,11,14.66667,10.66667],"texture":"#3"},"south":{"uv":[3.33333,13,4,12.66667],"texture":"#3"},"west":{"uv":[12.66667,11.66667,14.66667,11.33333],"texture":"#3"},"up":{"uv":[8,12.66667,7.33333,10.66667],"texture":"#3"},"down":{"uv":[11.33333,4,10.66667,6],"texture":"#3"}}},{"from":[7.05859,6.04854,3.47683],"to":[8.94853,7.62349,5.05178],"rotation":{"angle":-22.5,"axis":"x","origin":[8,8,9]},"faces":{"north":{"uv":[8,11.66667,9.33333,10.66667],"texture":"#3"},"east":{"uv":[5.33333,13,6.33333,12],"texture":"#3"},"south":{"uv":[9.33333,11.66667,10.66667,10.66667],"texture":"#3"},"west":{"uv":[12,6.33333,13,5.33333],"texture":"#3"},"up":{"uv":[4,12.33333,2.66667,11.33333],"texture":"#3"},"down":{"uv":[12,10.66667,10.66667,11.66667],"texture":"#3"}}},{"from":[7.37359,7.00557,2.83478],"to":[8.63354,8.26553,4.09475],"rotation":{"angle":-22.5,"axis":"x","origin":[8,8,9]},"faces":{"north":{"uv":[12,7.66667,13,6.66667],"texture":"#3"},"east":{"uv":[8,13,9,12],"texture":"#3"},"south":{"uv":[12,9,13,8],"texture":"#3"},"west":{"uv":[9.33333,13,10.33333,12],"texture":"#3"},"up":{"uv":[11.66667,13,10.66667,12],"texture":"#3"},"down":{"uv":[13,9.33333,12,10.33333],"texture":"#3"}}},{"from":[7.40357,-0.94097,2.72367],"to":[8.60356,2.20893,5.87357],"rotation":{"angle":0,"axis":"x","origin":[8,8.25,8.5]},"faces":{"north":{"uv":[11.33333,6,12,4],"texture":"#3"},"east":{"uv":[0,8.66667,2,6.66667],"texture":"#3"},"south":{"uv":[11.33333,8,12,6],"texture":"#3"},"west":{"uv":[2,8.66667,4,6.66667],"texture":"#3"},"up":{"uv":[0.66667,14,0,12],"texture":"#3"},"down":{"uv":[12,8,11.33333,10],"texture":"#3"}}},{"from":[7.99644,-4.3025,13.11792],"to":[7.99644,20.3025,13.63092],"rotation":{"angle":0,"axis":"y","origin":[8,8,8.4]},"faces":{"north":{"uv":[0,0,0,60],"texture":"#1"},"east":{"uv":[0.2,0,0,12],"texture":"#1"},"south":{"uv":[0,0,0,60],"texture":"#1"},"west":{"uv":[0,0,0.2,12],"texture":"#1"},"up":{"uv":[0,0,0,33],"texture":"#1"},"down":{"uv":[0,33,0,0],"texture":"#1"}}},{"from":[7.53108,5.66907,4.92522],"to":[8.47605,10.33093,5.87018],"rotation":{"angle":0,"axis":"y","origin":[8,8,9]},"faces":{"north":{"uv":[0,8.66667,0.66667,11.66667],"texture":"#3"},"east":{"uv":[0.66667,8.66667,1.33333,11.66667],"texture":"#3"},"south":{"uv":[1.33333,8.66667,2,11.66667],"texture":"#3"},"west":{"uv":[2,8.66667,2.66667,11.66667],"texture":"#3"},"up":{"uv":[11.33333,6.66667,10.66667,6],"texture":"#3"},"down":{"uv":[12,10,11.33333,10.66667],"texture":"#3"}}}],"gui_light":"front","display":{"thirdperson_righthand":{"translation":[0,-2,3.25],"scale":[0.8,0.8,0.8]},"thirdperson_lefthand":{"translation":[0,-2,3.25],"scale":[0.8,0.8,0.8]},"firstperson_righthand":{"rotation":[9.04,0.22,8.08],"translation":[7.25,3.5,-8.75]},"firstperson_lefthand":{"rotation":[9.04,0.22,8.08],"translation":[7.25,3.5,-8.75]},"ground":{"rotation":[0,0,-82],"scale":[0.67,0.67,0.67]},"gui":{"rotation":[90,45,90],"translation":[-0.75,0.75,-2],"scale":[0.55,0.55,0.55]},"head":{"scale":[0,0,0]},"fixed":{"rotation":[90,-45,90],"translation":[0.75,1.25,-2]}},"groups":[{"name":"bow33","origin":[8.00313,8,4.84009],"color":0,"children":[{"name":"group","origin":[8.00313,17.78554,6.78342],"color":0,"children":[0,1,2,3,4,5,6,7,8,9,10]},{"name":"group","origin":[8.00313,17.78554,6.78342],"color":0,"children":[11,12,13,14,15,16,17,18,19,20,21]},22,23]}]}