{"credit":"Made with Blockbench","texture_size":[32,32],"textures":{"0":"item/bows/arrow","2":"item/bows/string","4":"item/bows/bow_2","particle":"item/bows/arrow"},"elements":[{"from":[7.35,16.80823,-0.61483],"to":[8.65,18.20823,1.48517],"rotation":{"angle":22.5,"axis":"x","origin":[8,8,8]},"faces":{"north":{"uv":[11,8.5,11.75,9.25],"texture":"#4"},"east":{"uv":[2,10,3,10.75],"texture":"#4"},"south":{"uv":[11,9.5,11.75,10.25],"texture":"#4"},"west":{"uv":[10,5.5,11,6.25],"texture":"#4"},"up":{"uv":[10.75,7.5,10,6.5],"texture":"#4"},"down":{"uv":[7.75,10,7,11],"texture":"#4"}}},{"from":[7.1,9.96204,-5.30521],"to":[8.9,15.56204,-3.30521],"rotation":{"angle":45,"axis":"x","origin":[8,8,8]},"faces":{"north":{"uv":[4,0,5,2.75],"texture":"#4"},"east":{"uv":[4,3,5,5.75],"texture":"#4"},"south":{"uv":[5,0,6,2.75],"texture":"#4"},"west":{"uv":[5,3,6,5.75],"texture":"#4"},"up":{"uv":[10.5,2.5,9.5,1.5],"texture":"#4"},"down":{"uv":[10.5,2.5,9.5,3.5],"texture":"#4"}}},{"from":[7.3,19.31045,-3.21544],"to":[8.7,21.16045,-1.81544],"rotation":{"angle":22.5,"axis":"x","origin":[8,8,8]},"faces":{"north":{"uv":[10,7.5,10.75,8.5],"texture":"#4"},"east":{"uv":[8,10,8.75,11],"texture":"#4"},"south":{"uv":[10,8.5,10.75,9.5],"texture":"#4"},"west":{"uv":[9,10,9.75,11],"texture":"#4"},"up":{"uv":[11.75,11.25,11,10.5],"texture":"#4"},"down":{"uv":[0.75,11.5,0,12.25],"texture":"#4"}}},{"from":[7.25,20.09485,1.51517],"to":[8.75,23.69485,3.16517],"rotation":{"angle":0,"axis":"x","origin":[8,8,8]},"faces":{"north":{"uv":[3,7,3.75,8.75],"texture":"#4"},"east":{"uv":[7,6,7.75,7.75],"texture":"#4"},"south":{"uv":[7.5,0,8.25,1.75],"texture":"#4"},"west":{"uv":[7.5,2,8.25,3.75],"texture":"#4"},"up":{"uv":[12.25,0.75,11.5,0],"texture":"#4"},"down":{"uv":[12.25,1,11.5,1.75],"texture":"#4"}}},{"from":[8,10.8032,-3.70915],"to":[8,17.4532,-0.10915],"rotation":{"angle":22.5,"axis":"x","origin":[8,8,8]},"faces":{"east":{"uv":[0,0,1.75,3.25],"texture":"#4"},"west":{"uv":[2,0,3.75,3.25],"texture":"#4"}}},{"from":[7.3,14.67167,-4.07657],"to":[8.7,16.07167,-2.22657],"rotation":{"angle":45,"axis":"x","origin":[8,8,8]},"faces":{"north":{"uv":[11.5,2,12.25,2.75],"texture":"#4"},"east":{"uv":[10,9.5,11,10.25],"texture":"#4"},"south":{"uv":[3,11.5,3.75,12.25],"texture":"#4"},"west":{"uv":[0,10.5,1,11.25],"texture":"#4"},"up":{"uv":[11.25,1,10.5,0],"texture":"#4"},"down":{"uv":[11.25,1,10.5,2],"texture":"#4"}}},{"from":[7.4,10.73822,9.22204],"to":[8.6,12.38822,10.57204],"rotation":{"angle":-45,"axis":"x","origin":[8,8,8]},"faces":{"north":{"uv":[12,10.5,12.5,11.25],"texture":"#4"},"east":{"uv":[11.5,3,12.25,3.75],"texture":"#4"},"south":{"uv":[12,11.5,12.5,12.25],"texture":"#4"},"west":{"uv":[4,11.5,4.75,12.25],"texture":"#4"},"up":{"uv":[0.5,13.25,0,12.5],"texture":"#4"},"down":{"uv":[13,0,12.5,0.75],"texture":"#4"}}},{"from":[7.25,10.84544,3.53086],"to":[8.75,12.64544,5.18086],"rotation":{"angle":22.5,"axis":"x","origin":[8,8,8]},"faces":{"north":{"uv":[10.5,2,11.25,3],"texture":"#4"},"east":{"uv":[10.5,3,11.25,4],"texture":"#4"},"south":{"uv":[4,10.5,4.75,11.5],"texture":"#4"},"west":{"uv":[10.5,4,11.25,5],"texture":"#4"},"up":{"uv":[12.25,4.75,11.5,4],"texture":"#4"},"down":{"uv":[5.75,11.5,5,12.25],"texture":"#4"}}},{"from":[7.3,23.43951,1.43874],"to":[8.7,25.28951,2.83874],"rotation":{"angle":22.5,"axis":"x","origin":[8,8,8]},"faces":{"north":{"uv":[5,10.5,5.75,11.5],"texture":"#4"},"east":{"uv":[6,10.5,6.75,11.5],"texture":"#4"},"south":{"uv":[10,10.5,10.75,11.5],"texture":"#4"},"west":{"uv":[1,11,1.75,12],"texture":"#4"},"up":{"uv":[6.75,12.25,6,11.5],"texture":"#4"},"down":{"uv":[8.75,11.5,8,12.25],"texture":"#4"}}},{"from":[7.25,17.46575,-4.05214],"to":[8.75,21.06575,-2.40214],"rotation":{"angle":45,"axis":"x","origin":[8,8,8]},"faces":{"north":{"uv":[4,7.5,4.75,9.25],"texture":"#4"},"east":{"uv":[7.5,4,8.25,5.75],"texture":"#4"},"south":{"uv":[5,7.5,5.75,9.25],"texture":"#4"},"west":{"uv":[6,7.5,6.75,9.25],"texture":"#4"},"up":{"uv":[9.75,12.25,9,11.5],"texture":"#4"},"down":{"uv":[10.75,11.5,10,12.25],"texture":"#4"}}},{"from":[6.75,19.76552,-0.689],"to":[9.25,22.56552,2.111],"rotation":{"angle":22.5,"axis":"x","origin":[8,8,8]},"faces":{"north":{"uv":[6,4.5,7.25,6],"texture":"#4"},"east":{"uv":[6,0,7.5,1.5],"texture":"#4"},"south":{"uv":[5.5,6,6.75,7.5],"texture":"#4"},"west":{"uv":[6,1.5,7.5,3],"texture":"#4"},"up":{"uv":[1.25,8.5,0,7],"texture":"#4"},"down":{"uv":[2.75,7,1.5,8.5],"texture":"#4"}}},{"from":[7.25,10.35654,6.939],"to":[8.75,12.15654,8.589],"rotation":{"angle":0,"axis":"x","origin":[8,8,8]},"faces":{"north":{"uv":[2,11,2.75,12],"texture":"#4"},"east":{"uv":[11,5,11.75,6],"texture":"#4"},"south":{"uv":[11,6,11.75,7],"texture":"#4"},"west":{"uv":[7,11,7.75,12],"texture":"#4"},"up":{"uv":[11.75,12.25,11,11.5],"texture":"#4"},"down":{"uv":[1.75,12,1,12.75],"texture":"#4"}}},{"from":[7.2,13.68536,5.41446],"to":[8.8,17.08536,7.01446],"rotation":{"angle":0,"axis":"y","origin":[8,8,8]},"faces":{"north":{"uv":[8,6,8.75,7.75],"texture":"#4"},"east":{"uv":[7,8,7.75,9.75],"texture":"#4"},"south":{"uv":[8,8,8.75,9.75],"texture":"#4"},"west":{"uv":[0,8.5,0.75,10.25],"texture":"#4"},"up":{"uv":[2.75,12.75,2,12],"texture":"#4"},"down":{"uv":[12.75,5,12,5.75],"texture":"#4"}}},{"from":[6.925,11.08896,0.5859],"to":[9.075,12.88896,2.3859],"rotation":{"angle":45,"axis":"x","origin":[8,8,8]},"faces":{"north":{"uv":[9.5,3.5,10.5,4.5],"texture":"#4"},"east":{"uv":[4,9.5,5,10.5],"texture":"#4"},"south":{"uv":[9.5,4.5,10.5,5.5],"texture":"#4"},"west":{"uv":[5,9.5,6,10.5],"texture":"#4"},"up":{"uv":[7,10.5,6,9.5],"texture":"#4"},"down":{"uv":[2,10,1,11],"texture":"#4"}}},{"from":[7.3,12.63957,-1.96471],"to":[8.7,15.43957,0.83529],"rotation":{"angle":45,"axis":"x","origin":[8,8,8]},"faces":{"north":{"uv":[9,5.5,9.75,7],"texture":"#4"},"east":{"uv":[6,3,7.5,4.5],"texture":"#4"},"south":{"uv":[9,7,9.75,8.5],"texture":"#4"},"west":{"uv":[4,6,5.5,7.5],"texture":"#4"},"up":{"uv":[9.75,10,9,8.5],"texture":"#4"},"down":{"uv":[10.25,0,9.5,1.5],"texture":"#4"}}},{"from":[6.995,13.13536,5.01446],"to":[9.005,13.93536,7.41446],"rotation":{"angle":0,"axis":"y","origin":[8,8,8]},"faces":{"north":{"uv":[12,8.5,13,9],"texture":"#4"},"east":{"uv":[11,7,12.25,7.5],"texture":"#4"},"south":{"uv":[12,9,13,9.5],"texture":"#4"},"west":{"uv":[11,7.5,12.25,8],"texture":"#4"},"up":{"uv":[9.5,1.25,8.5,0],"texture":"#4"},"down":{"uv":[2,8.5,1,9.75],"texture":"#4"}}},{"from":[6.995,16.88536,5.01446],"to":[9.005,17.68536,7.41446],"rotation":{"angle":0,"axis":"y","origin":[8,8,8]},"faces":{"north":{"uv":[12,9.5,13,10],"texture":"#4"},"east":{"uv":[8,11,9.25,11.5],"texture":"#4"},"south":{"uv":[12,10,13,10.5],"texture":"#4"},"west":{"uv":[11,8,12.25,8.5],"texture":"#4"},"up":{"uv":[9.5,2.75,8.5,1.5],"texture":"#4"},"down":{"uv":[3,8.5,2,9.75],"texture":"#4"}}},{"from":[8,20.27098,-3.13229],"to":[8,26.92098,0.46771],"rotation":{"angle":45,"axis":"x","origin":[8,8,8]},"faces":{"east":{"uv":[0,3.5,1.75,6.75],"texture":"#4"},"west":{"uv":[2,3.5,3.75,6.75],"texture":"#4"}}},{"from":[7.2,9.2,7.01446],"to":[8.8,10,8.61446],"rotation":{"angle":0,"axis":"y","origin":[8,8,8]},"faces":{"north":{"uv":[12.5,1,13.25,1.5],"texture":"#4"},"east":{"uv":[12.5,1.5,13.25,2],"texture":"#4"},"south":{"uv":[12.5,2,13.25,2.5],"texture":"#4"},"west":{"uv":[12.5,2.5,13.25,3],"texture":"#4"},"up":{"uv":[12.75,6.75,12,6],"texture":"#4"},"down":{"uv":[7.75,12,7,12.75],"texture":"#4"}}},{"from":[7.35,-2.20823,-0.61483],"to":[8.65,-0.80823,1.48517],"rotation":{"angle":-22.5,"axis":"x","origin":[8,8,8]},"faces":{"north":{"uv":[11,9.25,11.75,8.5],"texture":"#4"},"east":{"uv":[2,10.75,3,10],"texture":"#4"},"south":{"uv":[11,10.25,11.75,9.5],"texture":"#4"},"west":{"uv":[10,6.25,11,5.5],"texture":"#4"},"up":{"uv":[7.75,11,7,10],"texture":"#4"},"down":{"uv":[10.75,6.5,10,7.5],"texture":"#4"}}},{"from":[7.1,0.43796,-5.30521],"to":[8.9,6.03796,-3.30521],"rotation":{"angle":-45,"axis":"x","origin":[8,8,8]},"faces":{"north":{"uv":[4,2.75,5,0],"texture":"#4"},"east":{"uv":[4,5.75,5,3],"texture":"#4"},"south":{"uv":[5,2.75,6,0],"texture":"#4"},"west":{"uv":[5,5.75,6,3],"texture":"#4"},"up":{"uv":[10.5,3.5,9.5,2.5],"texture":"#4"},"down":{"uv":[10.5,1.5,9.5,2.5],"texture":"#4"}}},{"from":[7.3,-5.16045,-3.21544],"to":[8.7,-3.31045,-1.81544],"rotation":{"angle":-22.5,"axis":"x","origin":[8,8,8]},"faces":{"north":{"uv":[10,8.5,10.75,7.5],"texture":"#4"},"east":{"uv":[8,11,8.75,10],"texture":"#4"},"south":{"uv":[10,9.5,10.75,8.5],"texture":"#4"},"west":{"uv":[9,11,9.75,10],"texture":"#4"},"up":{"uv":[0.75,12.25,0,11.5],"texture":"#4"},"down":{"uv":[11.75,10.5,11,11.25],"texture":"#4"}}},{"from":[7.25,-7.69485,1.51517],"to":[8.75,-4.09485,3.16517],"rotation":{"angle":0,"axis":"x","origin":[8,8,8]},"faces":{"north":{"uv":[3,8.75,3.75,7],"texture":"#4"},"east":{"uv":[7,7.75,7.75,6],"texture":"#4"},"south":{"uv":[7.5,1.75,8.25,0],"texture":"#4"},"west":{"uv":[7.5,3.75,8.25,2],"texture":"#4"},"up":{"uv":[12.25,1.75,11.5,1],"texture":"#4"},"down":{"uv":[12.25,0,11.5,0.75],"texture":"#4"}}},{"from":[8,-1.4532,-3.70915],"to":[8,5.1968,-0.10915],"rotation":{"angle":-22.5,"axis":"x","origin":[8,8,8]},"faces":{"east":{"uv":[0,3.25,1.75,0],"texture":"#4"},"west":{"uv":[2,3.25,3.75,0],"texture":"#4"}}},{"from":[7.3,-0.07167,-4.07657],"to":[8.7,1.32833,-2.22657],"rotation":{"angle":-45,"axis":"x","origin":[8,8,8]},"faces":{"north":{"uv":[11.5,2.75,12.25,2],"texture":"#4"},"east":{"uv":[10,10.25,11,9.5],"texture":"#4"},"south":{"uv":[3,12.25,3.75,11.5],"texture":"#4"},"west":{"uv":[0,11.25,1,10.5],"texture":"#4"},"up":{"uv":[11.25,2,10.5,1],"texture":"#4"},"down":{"uv":[11.25,0,10.5,1],"texture":"#4"}}},{"from":[7.4,3.61178,9.22204],"to":[8.6,5.26178,10.57204],"rotation":{"angle":45,"axis":"x","origin":[8,8,8]},"faces":{"north":{"uv":[12,11.25,12.5,10.5],"texture":"#4"},"east":{"uv":[11.5,3.75,12.25,3],"texture":"#4"},"south":{"uv":[12,12.25,12.5,11.5],"texture":"#4"},"west":{"uv":[4,12.25,4.75,11.5],"texture":"#4"},"up":{"uv":[13,0.75,12.5,0],"texture":"#4"},"down":{"uv":[0.5,12.5,0,13.25],"texture":"#4"}}},{"from":[7.25,3.35456,3.53086],"to":[8.75,5.15456,5.18086],"rotation":{"angle":-22.5,"axis":"x","origin":[8,8,8]},"faces":{"north":{"uv":[10.5,3,11.25,2],"texture":"#4"},"east":{"uv":[10.5,4,11.25,3],"texture":"#4"},"south":{"uv":[4,11.5,4.75,10.5],"texture":"#4"},"west":{"uv":[10.5,5,11.25,4],"texture":"#4"},"up":{"uv":[5.75,12.25,5,11.5],"texture":"#4"},"down":{"uv":[12.25,4,11.5,4.75],"texture":"#4"}}},{"from":[7.3,-9.28951,1.43874],"to":[8.7,-7.43951,2.83874],"rotation":{"angle":-22.5,"axis":"x","origin":[8,8,8]},"faces":{"north":{"uv":[5,11.5,5.75,10.5],"texture":"#4"},"east":{"uv":[6,11.5,6.75,10.5],"texture":"#4"},"south":{"uv":[10,11.5,10.75,10.5],"texture":"#4"},"west":{"uv":[1,12,1.75,11],"texture":"#4"},"up":{"uv":[8.75,12.25,8,11.5],"texture":"#4"},"down":{"uv":[6.75,11.5,6,12.25],"texture":"#4"}}},{"from":[7.25,-5.06575,-4.05214],"to":[8.75,-1.46575,-2.40214],"rotation":{"angle":-45,"axis":"x","origin":[8,8,8]},"faces":{"north":{"uv":[4,9.25,4.75,7.5],"texture":"#4"},"east":{"uv":[7.5,5.75,8.25,4],"texture":"#4"},"south":{"uv":[5,9.25,5.75,7.5],"texture":"#4"},"west":{"uv":[6,9.25,6.75,7.5],"texture":"#4"},"up":{"uv":[10.75,12.25,10,11.5],"texture":"#4"},"down":{"uv":[9.75,11.5,9,12.25],"texture":"#4"}}},{"from":[6.75,-6.56552,-0.689],"to":[9.25,-3.76552,2.111],"rotation":{"angle":-22.5,"axis":"x","origin":[8,8,8]},"faces":{"north":{"uv":[6,6,7.25,4.5],"texture":"#4"},"east":{"uv":[6,1.5,7.5,0],"texture":"#4"},"south":{"uv":[5.5,7.5,6.75,6],"texture":"#4"},"west":{"uv":[6,3,7.5,1.5],"texture":"#4"},"up":{"uv":[2.75,8.5,1.5,7],"texture":"#4"},"down":{"uv":[1.25,7,0,8.5],"texture":"#4"}}},{"from":[7.25,3.84346,6.939],"to":[8.75,5.64346,8.589],"rotation":{"angle":0,"axis":"x","origin":[8,8,8]},"faces":{"north":{"uv":[2,12,2.75,11],"texture":"#4"},"east":{"uv":[11,6,11.75,5],"texture":"#4"},"south":{"uv":[11,7,11.75,6],"texture":"#4"},"west":{"uv":[7,12,7.75,11],"texture":"#4"},"up":{"uv":[1.75,12.75,1,12],"texture":"#4"},"down":{"uv":[11.75,11.5,11,12.25],"texture":"#4"}}},{"from":[7.2,-1.08536,5.41446],"to":[8.8,2.31464,7.01446],"rotation":{"angle":0,"axis":"y","origin":[8,8,8]},"faces":{"north":{"uv":[8,7.75,8.75,6],"texture":"#4"},"east":{"uv":[7,9.75,7.75,8],"texture":"#4"},"south":{"uv":[8,9.75,8.75,8],"texture":"#4"},"west":{"uv":[0,10.25,0.75,8.5],"texture":"#4"},"up":{"uv":[12.75,5.75,12,5],"texture":"#4"},"down":{"uv":[2.75,12,2,12.75],"texture":"#4"}}},{"from":[6.925,3.11104,0.5859],"to":[9.075,4.91104,2.3859],"rotation":{"angle":-45,"axis":"x","origin":[8,8,8]},"faces":{"north":{"uv":[9.5,4.5,10.5,3.5],"texture":"#4"},"east":{"uv":[4,10.5,5,9.5],"texture":"#4"},"south":{"uv":[9.5,5.5,10.5,4.5],"texture":"#4"},"west":{"uv":[5,10.5,6,9.5],"texture":"#4"},"up":{"uv":[2,11,1,10],"texture":"#4"},"down":{"uv":[7,9.5,6,10.5],"texture":"#4"}}},{"from":[7.3,0.56043,-1.96471],"to":[8.7,3.36043,0.83529],"rotation":{"angle":-45,"axis":"x","origin":[8,8,8]},"faces":{"north":{"uv":[9,7,9.75,5.5],"texture":"#4"},"east":{"uv":[6,4.5,7.5,3],"texture":"#4"},"south":{"uv":[9,8.5,9.75,7],"texture":"#4"},"west":{"uv":[4,7.5,5.5,6],"texture":"#4"},"up":{"uv":[10.25,1.5,9.5,0],"texture":"#4"},"down":{"uv":[9.75,8.5,9,10],"texture":"#4"}}},{"from":[6.995,2.06464,5.01446],"to":[9.005,2.86464,7.41446],"rotation":{"angle":0,"axis":"y","origin":[8,8,8]},"faces":{"north":{"uv":[12,9,13,8.5],"texture":"#4"},"east":{"uv":[11,7.5,12.25,7],"texture":"#4"},"south":{"uv":[12,9.5,13,9],"texture":"#4"},"west":{"uv":[11,8,12.25,7.5],"texture":"#4"},"up":{"uv":[2,9.75,1,8.5],"texture":"#4"},"down":{"uv":[9.5,0,8.5,1.25],"texture":"#4"}}},{"from":[6.995,-1.68536,5.01446],"to":[9.005,-0.88536,7.41446],"rotation":{"angle":0,"axis":"y","origin":[8,8,8]},"faces":{"north":{"uv":[12,10,13,9.5],"texture":"#4"},"east":{"uv":[8,11.5,9.25,11],"texture":"#4"},"south":{"uv":[12,10.5,13,10],"texture":"#4"},"west":{"uv":[11,8.5,12.25,8],"texture":"#4"},"up":{"uv":[3,9.75,2,8.5],"texture":"#4"},"down":{"uv":[9.5,1.5,8.5,2.75],"texture":"#4"}}},{"from":[8,-10.92098,-3.13229],"to":[8,-4.27098,0.46771],"rotation":{"angle":-45,"axis":"x","origin":[8,8,8]},"faces":{"east":{"uv":[0,6.75,1.75,3.5],"texture":"#4"},"west":{"uv":[2,6.75,3.75,3.5],"texture":"#4"}}},{"from":[7.2,6,7.01446],"to":[8.8,6.8,8.61446],"rotation":{"angle":0,"axis":"y","origin":[8,8,8]},"faces":{"north":{"uv":[12.5,1.5,13.25,1],"texture":"#4"},"east":{"uv":[12.5,2,13.25,1.5],"texture":"#4"},"south":{"uv":[12.5,2.5,13.25,2],"texture":"#4"},"west":{"uv":[12.5,3,13.25,2.5],"texture":"#4"},"up":{"uv":[7.75,12.75,7,12],"texture":"#4"},"down":{"uv":[12.75,6,12,6.75],"texture":"#4"}}},{"from":[7.45,5.53536,7.26446],"to":[8.55,10.43536,8.36446],"rotation":{"angle":0,"axis":"y","origin":[8,8,8]},"faces":{"north":{"uv":[8.5,3,9,5.5],"texture":"#4"},"east":{"uv":[3,9,3.5,11.5],"texture":"#4"},"south":{"uv":[9,3,9.5,5.5],"texture":"#4"},"west":{"uv":[3.5,9,4,11.5],"texture":"#4"},"up":{"uv":[9,6,8.5,5.5],"texture":"#4"},"down":{"uv":[11,5,10.5,5.5],"texture":"#4"}}},{"from":[8,-10.375,14.5347],"to":[8,26.375,22.5847],"rotation":{"angle":0,"axis":"y","origin":[8,8,8]},"faces":{"north":{"uv":[0,0,0,15],"texture":"#2"},"east":{"uv":[2.2,0,0.8,12],"texture":"#2"},"south":{"uv":[0,0,0,15],"texture":"#2"},"west":{"uv":[3.2,0,6,12],"texture":"#2"},"up":{"uv":[0,8.25,0,0],"texture":"#2"},"down":{"uv":[0,0,0,8.25],"texture":"#2"}}},{"from":[8,6.75,-1],"to":[8,9.25,23],"rotation":{"angle":0,"axis":"y","origin":[8,8,2]},"faces":{"north":{"uv":[0,0,0,2],"texture":"#0"},"east":{"uv":[0,0.33333,16,2],"texture":"#0"},"south":{"uv":[0,0,0,2],"texture":"#0"},"west":{"uv":[0,2.33333,16,4],"texture":"#0"},"up":{"uv":[0,16,0,0],"texture":"#0"},"down":{"uv":[0,0,0,16],"texture":"#0"}}},{"from":[6.75,8,-1],"to":[9.25,8,23],"rotation":{"angle":0,"axis":"y","origin":[8,8,2]},"faces":{"north":{"uv":[0,0,0,2],"rotation":90,"texture":"#0"},"east":{"uv":[0,0,0,16],"rotation":270,"texture":"#0"},"south":{"uv":[0,0,0,2],"rotation":270,"texture":"#0"},"west":{"uv":[0,16,0,0],"rotation":270,"texture":"#0"},"up":{"uv":[0,0.33333,16,2],"rotation":270,"texture":"#0"},"down":{"uv":[0,2.33333,16,4],"rotation":270,"texture":"#0"}}}],"gui_light":"front","display":{"thirdperson_righthand":{"translation":[0,-2,3.25],"scale":[0.8,0.8,0.8]},"thirdperson_lefthand":{"translation":[0,-2,3.25],"scale":[0.8,0.8,0.8]},"firstperson_righthand":{"rotation":[9.04,0.22,8.08],"translation":[7.25,0,-8.75]},"firstperson_lefthand":{"rotation":[9.04,0.22,8.08],"translation":[7.25,0,-8.75]},"ground":{"rotation":[0,0,-82],"scale":[0.67,0.67,0.67]},"gui":{"rotation":[90,45,90],"translation":[-0.75,0.75,-2],"scale":[0.42,0.42,0.42]},"head":{"scale":[0,0,0]},"fixed":{"rotation":[90,-45,90],"translation":[0.75,1.25,-2]}},"groups":[{"name":"bow2","origin":[8,23.30866,18.00252],"color":0,"children":[{"name":"group","origin":[8.005,7.6,7.76446],"color":0,"children":[0,1,2,3,4,5,6,7,8,9,10,11,12,13,14,15,16,17,18]},{"name":"group","origin":[8.005,7.6,7.76446],"color":0,"children":[19,20,21,22,23,24,25,26,27,28,29,30,31,32,33,34,35,36,37]},38,39]},{"name":"arrow","origin":[8,8,2],"color":0,"children":[40,41]}]}