{"credit":"Made with Blockbench","texture_size":[24,24],"textures":{"0":"item/bows/arrow","1":"item/bows/string","2":"item/bows/bow_13","particle":"item/bows/arrow"},"elements":[{"from":[7.18459,7.59286,3.57857],"to":[8.82254,8.22284,5.15352],"rotation":{"angle":45,"axis":"x","origin":[8,8,9]},"faces":{"north":{"uv":[10,5.33333,11,5.66667],"texture":"#2"},"east":{"uv":[6,10,7,10.33333],"texture":"#2"},"south":{"uv":[10,6,11,6.33333],"texture":"#2"},"west":{"uv":[10,6.66667,11,7],"texture":"#2"},"up":{"uv":[9,3,8,2],"texture":"#2"},"down":{"uv":[3.66667,8,2.66667,9],"texture":"#2"}}},{"from":[7.37359,6.89764,3.73607],"to":[8.63354,8.59859,4.99602],"rotation":{"angle":45,"axis":"x","origin":[8,8,9]},"faces":{"north":{"uv":[6.66667,8.66667,7.33333,9.66667],"texture":"#2"},"east":{"uv":[0.66667,9.33333,1.33333,10.33333],"texture":"#2"},"south":{"uv":[2.66667,9.33333,3.33333,10.33333],"texture":"#2"},"west":{"uv":[3.33333,9.33333,4,10.33333],"texture":"#2"},"up":{"uv":[4.66667,6,4,5.33333],"texture":"#2"},"down":{"uv":[8.66667,3.33333,8,4],"texture":"#2"}}},{"from":[7.37359,9.16921,4.76773],"to":[8.63354,10.87016,6.02768],"rotation":{"angle":0,"axis":"y","origin":[8,8,9]},"faces":{"north":{"uv":[4,9.33333,4.66667,10.33333],"texture":"#2"},"east":{"uv":[4.66667,9.33333,5.33333,10.33333],"texture":"#2"},"south":{"uv":[9.33333,4.66667,10,5.66667],"texture":"#2"},"west":{"uv":[9.33333,6,10,7],"texture":"#2"},"up":{"uv":[9.33333,2,8.66667,1.33333],"texture":"#2"},"down":{"uv":[9.33333,4.66667,8.66667,5.33333],"texture":"#2"}}},{"from":[6.86959,12.21436,7.44699],"to":[9.13753,15.36426,9.02194],"rotation":{"angle":-22.5,"axis":"x","origin":[8,8,9]},"faces":{"north":{"uv":[4.66667,4,6,6],"texture":"#2"},"east":{"uv":[4,6,5,8],"texture":"#2"},"south":{"uv":[0,5.33333,1.33333,7.33333],"texture":"#2"},"west":{"uv":[6,4,7,6],"texture":"#2"},"up":{"uv":[8,3.66667,6.66667,2.66667],"texture":"#2"},"down":{"uv":[8.66667,4,7.33333,5],"texture":"#2"}}},{"from":[8.00356,17.09944,6.92302],"to":[8.00356,21.80939,14.87285],"rotation":{"angle":0,"axis":"x","origin":[8,8,9]},"faces":{"north":{"uv":[0,0,0,2.66667],"texture":"#2"},"east":{"uv":[0,0,4.66667,2.66667],"texture":"#2"},"south":{"uv":[0,0,0,2.66667],"texture":"#2"},"west":{"uv":[0,2.66667,4.66667,5.33333],"texture":"#2"},"up":{"uv":[0,4.66667,0,0],"texture":"#2"},"down":{"uv":[0,0,0,4.66667],"texture":"#2"}}},{"from":[8.00356,12.53944,1.22302],"to":[8.00356,17.24939,9.17285],"rotation":{"angle":0,"axis":"x","origin":[8,8,9]},"faces":{"north":{"uv":[0,0,0,2.66667],"texture":"#2"},"east":{"uv":[0,0,4.66667,2.66667],"texture":"#2"},"south":{"uv":[0,0,0,2.66667],"texture":"#2"},"west":{"uv":[0,2.66667,4.66667,5.33333],"texture":"#2"},"up":{"uv":[0,4.66667,0,0],"texture":"#2"},"down":{"uv":[0,0,0,4.66667],"texture":"#2"}}},{"from":[7.34057,18.23475,7.41735],"to":[8.66655,20.1247,9.3073],"rotation":{"angle":0,"axis":"x","origin":[8,8,9]},"faces":{"north":{"uv":[7.33333,9.33333,8,10.33333],"texture":"#2"},"east":{"uv":[4,8,5,9],"texture":"#2"},"south":{"uv":[9.33333,7.33333,10,8.33333],"texture":"#2"},"west":{"uv":[8,5.33333,9,6.33333],"texture":"#2"},"up":{"uv":[8.66667,10.33333,8,9.33333],"texture":"#2"},"down":{"uv":[9.33333,9.33333,8.66667,10.33333],"texture":"#2"}}},{"from":[7.40987,11.04449,-0.30113],"to":[8.59725,15.13936,1.58881],"rotation":{"angle":45,"axis":"x","origin":[8,8,9]},"faces":{"north":{"uv":[0,7.33333,0.66667,9.66667],"texture":"#2"},"east":{"uv":[1.33333,5.33333,2.33333,7.66667],"texture":"#2"},"south":{"uv":[7.33333,0,8,2.33333],"texture":"#2"},"west":{"uv":[2.66667,5.33333,3.66667,7.66667],"texture":"#2"},"up":{"uv":[10,9.66667,9.33333,8.66667],"texture":"#2"},"down":{"uv":[0.66667,10,0,11],"texture":"#2"}}},{"from":[7.41618,17.91305,7.46553],"to":[8.59095,18.54304,10.30044],"rotation":{"angle":-22.5,"axis":"x","origin":[8,8,9]},"faces":{"north":{"uv":[10.66667,8,10,8.33333],"rotation":180,"texture":"#2"},"east":{"uv":[1.33333,10,1.66667,11.66667],"rotation":270,"texture":"#2"},"south":{"uv":[10.66667,7.66667,10,7.33333],"texture":"#2"},"west":{"uv":[2,10,2.33333,11.66667],"rotation":90,"texture":"#2"},"up":{"uv":[1.33333,8,2,9.66667],"rotation":180,"texture":"#2"},"down":{"uv":[2,8,2.66667,9.66667],"texture":"#2"}}},{"from":[7.05859,8.37651,3.47683],"to":[8.94853,9.95146,5.05178],"rotation":{"angle":22.5,"axis":"x","origin":[8,8,9]},"faces":{"north":{"uv":[8,6.66667,9,7.66667],"texture":"#2"},"east":{"uv":[8,8,9,9],"texture":"#2"},"south":{"uv":[8.66667,0,9.66667,1],"texture":"#2"},"west":{"uv":[8.66667,3.33333,9.66667,4.33333],"texture":"#2"},"up":{"uv":[6.33333,9.66667,5.33333,8.66667],"texture":"#2"},"down":{"uv":[10.33333,1.33333,9.33333,2.33333],"texture":"#2"}}},{"from":[7.37359,7.73447,2.83478],"to":[8.63354,8.99443,4.09475],"rotation":{"angle":22.5,"axis":"x","origin":[8,8,9]},"faces":{"north":{"uv":[10,0.66667,10.66667,1.33333],"rotation":180,"texture":"#2"},"east":{"uv":[10,0,10.66667,0.66667],"rotation":180,"texture":"#2"},"south":{"uv":[9.33333,2.66667,10,3.33333],"rotation":180,"texture":"#2"},"west":{"uv":[10,2.66667,10.66667,3.33333],"rotation":180,"texture":"#2"},"up":{"uv":[10.66667,4,10,4.66667],"texture":"#2"},"down":{"uv":[10.66667,4,10,3.33333],"texture":"#2"}}},{"from":[7.40357,14.04107,3.22367],"to":[8.60356,17.19097,6.37357],"rotation":{"angle":0,"axis":"x","origin":[8,8,9]},"faces":{"north":{"uv":[0.66667,7.33333,1.33333,9.33333],"texture":"#2"},"east":{"uv":[4.66667,0,6.66667,2],"texture":"#2"},"south":{"uv":[7.33333,5.33333,8,7.33333],"texture":"#2"},"west":{"uv":[4.66667,2,6.66667,4],"texture":"#2"},"up":{"uv":[8,9.33333,7.33333,7.33333],"texture":"#2"},"down":{"uv":[8.66667,0,8,2],"texture":"#2"}}},{"from":[7.18459,7.77716,3.57857],"to":[8.82254,8.40714,5.15352],"rotation":{"angle":-45,"axis":"x","origin":[8,8,9]},"faces":{"north":{"uv":[10,5.66667,11,5.33333],"texture":"#2"},"east":{"uv":[6,10.33333,7,10],"texture":"#2"},"south":{"uv":[10,6.33333,11,6],"texture":"#2"},"west":{"uv":[10,7,11,6.66667],"texture":"#2"},"up":{"uv":[3.66667,9,2.66667,8],"texture":"#2"},"down":{"uv":[9,2,8,3],"texture":"#2"}}},{"from":[7.37359,7.40141,3.73607],"to":[8.63354,9.10236,4.99602],"rotation":{"angle":-45,"axis":"x","origin":[8,8,9]},"faces":{"north":{"uv":[6.66667,9.66667,7.33333,8.66667],"texture":"#2"},"east":{"uv":[0.66667,10.33333,1.33333,9.33333],"texture":"#2"},"south":{"uv":[2.66667,10.33333,3.33333,9.33333],"texture":"#2"},"west":{"uv":[3.33333,10.33333,4,9.33333],"texture":"#2"},"up":{"uv":[8.66667,4,8,3.33333],"texture":"#2"},"down":{"uv":[4.66667,5.33333,4,6],"texture":"#2"}}},{"from":[7.37359,5.12984,4.76773],"to":[8.63354,6.83079,6.02768],"rotation":{"angle":0,"axis":"y","origin":[8,8,9]},"faces":{"north":{"uv":[4,10.33333,4.66667,9.33333],"texture":"#2"},"east":{"uv":[4.66667,10.33333,5.33333,9.33333],"texture":"#2"},"south":{"uv":[9.33333,5.66667,10,4.66667],"texture":"#2"},"west":{"uv":[9.33333,7,10,6],"texture":"#2"},"up":{"uv":[9.33333,5.33333,8.66667,4.66667],"texture":"#2"},"down":{"uv":[9.33333,1.33333,8.66667,2],"texture":"#2"}}},{"from":[6.86959,0.63574,7.44699],"to":[9.13753,3.78564,9.02194],"rotation":{"angle":22.5,"axis":"x","origin":[8,8,9]},"faces":{"north":{"uv":[4.66667,6,6,4],"texture":"#2"},"east":{"uv":[4,8,5,6],"texture":"#2"},"south":{"uv":[0,7.33333,1.33333,5.33333],"texture":"#2"},"west":{"uv":[6,6,7,4],"texture":"#2"},"up":{"uv":[8.66667,5,7.33333,4],"texture":"#2"},"down":{"uv":[8,2.66667,6.66667,3.66667],"texture":"#2"}}},{"from":[8.00356,-5.80939,6.92302],"to":[8.00356,-1.09944,14.87285],"rotation":{"angle":0,"axis":"x","origin":[8,8,9]},"faces":{"north":{"uv":[0,2.66667,0,0],"texture":"#2"},"east":{"uv":[0,2.66667,4.66667,0],"texture":"#2"},"south":{"uv":[0,2.66667,0,0],"texture":"#2"},"west":{"uv":[0,5.33333,4.66667,2.66667],"texture":"#2"},"up":{"uv":[0,4.66667,0,0],"texture":"#2"},"down":{"uv":[0,0,0,4.66667],"texture":"#2"}}},{"from":[7.34057,-4.1247,7.41735],"to":[8.66655,-2.23475,9.3073],"rotation":{"angle":0,"axis":"x","origin":[8,8,9]},"faces":{"north":{"uv":[7.33333,10.33333,8,9.33333],"texture":"#2"},"east":{"uv":[4,9,5,8],"texture":"#2"},"south":{"uv":[9.33333,8.33333,10,7.33333],"texture":"#2"},"west":{"uv":[8,6.33333,9,5.33333],"texture":"#2"},"up":{"uv":[9.33333,10.33333,8.66667,9.33333],"texture":"#2"},"down":{"uv":[8.66667,9.33333,8,10.33333],"texture":"#2"}}},{"from":[7.40987,0.86064,-0.30113],"to":[8.59725,4.95551,1.58881],"rotation":{"angle":-45,"axis":"x","origin":[8,8,9]},"faces":{"north":{"uv":[0,9.66667,0.66667,7.33333],"texture":"#2"},"east":{"uv":[1.33333,7.66667,2.33333,5.33333],"texture":"#2"},"south":{"uv":[7.33333,2.33333,8,0],"texture":"#2"},"west":{"uv":[2.66667,7.66667,3.66667,5.33333],"texture":"#2"},"up":{"uv":[0.66667,11,0,10],"texture":"#2"},"down":{"uv":[10,8.66667,9.33333,9.66667],"texture":"#2"}}},{"from":[7.41618,-2.54304,7.46553],"to":[8.59095,-1.91305,10.30044],"rotation":{"angle":22.5,"axis":"x","origin":[8,8,9]},"faces":{"north":{"uv":[10.66667,8.33333,10,8],"rotation":180,"texture":"#2"},"east":{"uv":[1.33333,11.66667,1.66667,10],"rotation":90,"texture":"#2"},"south":{"uv":[10.66667,7.33333,10,7.66667],"texture":"#2"},"west":{"uv":[2,11.66667,2.33333,10],"rotation":270,"texture":"#2"},"up":{"uv":[2,9.66667,2.66667,8],"texture":"#2"},"down":{"uv":[1.33333,9.66667,2,8],"rotation":180,"texture":"#2"}}},{"from":[7.05859,6.04854,3.47683],"to":[8.94853,7.62349,5.05178],"rotation":{"angle":-22.5,"axis":"x","origin":[8,8,9]},"faces":{"north":{"uv":[8,7.66667,9,6.66667],"texture":"#2"},"east":{"uv":[8,9,9,8],"texture":"#2"},"south":{"uv":[8.66667,1,9.66667,0],"texture":"#2"},"west":{"uv":[8.66667,4.33333,9.66667,3.33333],"texture":"#2"},"up":{"uv":[10.33333,2.33333,9.33333,1.33333],"texture":"#2"},"down":{"uv":[6.33333,8.66667,5.33333,9.66667],"texture":"#2"}}},{"from":[7.37359,7.00557,2.83478],"to":[8.63354,8.26553,4.09475],"rotation":{"angle":-22.5,"axis":"x","origin":[8,8,9]},"faces":{"north":{"uv":[10,1.33333,10.66667,0.66667],"rotation":180,"texture":"#2"},"east":{"uv":[10,0.66667,10.66667,0],"rotation":180,"texture":"#2"},"south":{"uv":[9.33333,3.33333,10,2.66667],"rotation":180,"texture":"#2"},"west":{"uv":[10,3.33333,10.66667,2.66667],"rotation":180,"texture":"#2"},"up":{"uv":[10.66667,3.33333,10,4],"texture":"#2"},"down":{"uv":[10.66667,4.66667,10,4],"texture":"#2"}}},{"from":[7.40357,-1.19097,3.22367],"to":[8.60356,1.95893,6.37357],"rotation":{"angle":0,"axis":"x","origin":[8,8,9]},"faces":{"north":{"uv":[0.66667,9.33333,1.33333,7.33333],"texture":"#2"},"east":{"uv":[4.66667,2,6.66667,0],"texture":"#2"},"south":{"uv":[7.33333,7.33333,8,5.33333],"texture":"#2"},"west":{"uv":[4.66667,4,6.66667,2],"texture":"#2"},"up":{"uv":[8.66667,2,8,0],"texture":"#2"},"down":{"uv":[8,7.33333,7.33333,9.33333],"texture":"#2"}}},{"from":[8.00356,-1.24939,1.22302],"to":[8.00356,3.46056,9.17285],"rotation":{"angle":0,"axis":"x","origin":[8,8,9]},"faces":{"north":{"uv":[0,2.66667,0,0],"texture":"#2"},"east":{"uv":[0,2.66667,4.66667,0],"texture":"#2"},"south":{"uv":[0,2.66667,0,0],"texture":"#2"},"west":{"uv":[0,5.33333,4.66667,2.66667],"texture":"#2"},"up":{"uv":[0,4.66667,0,0],"texture":"#2"},"down":{"uv":[0,0,0,4.66667],"texture":"#2"}}},{"from":[7.99644,-5.2525,13.71792],"to":[7.99644,21.2525,19.73092],"rotation":{"angle":0,"axis":"y","origin":[8,8,9]},"faces":{"north":{"uv":[0,0,0,60],"texture":"#1"},"east":{"uv":[6,0,3.2,12],"texture":"#1"},"south":{"uv":[0,0,0,60],"texture":"#1"},"west":{"uv":[3.2,0,6,12],"texture":"#1"},"up":{"uv":[0,0,0,33],"texture":"#1"},"down":{"uv":[0,33,0,0],"texture":"#1"}}},{"from":[7.53108,5.66907,4.92522],"to":[8.47605,10.33093,5.87018],"rotation":{"angle":0,"axis":"y","origin":[8,8,9]},"faces":{"north":{"uv":[5.33333,6,6,8.66667],"texture":"#2"},"east":{"uv":[6,6,6.66667,8.66667],"texture":"#2"},"south":{"uv":[6.66667,0,7.33333,2.66667],"texture":"#2"},"west":{"uv":[6.66667,6,7.33333,8.66667],"texture":"#2"},"up":{"uv":[10.66667,5.33333,10,4.66667],"texture":"#2"},"down":{"uv":[6,10,5.33333,10.66667],"texture":"#2"}}},{"from":[8,6.75,-4],"to":[8,9.25,20],"rotation":{"angle":0,"axis":"y","origin":[8,8,2]},"faces":{"north":{"uv":[0,0,0,2],"texture":"#0"},"east":{"uv":[0,0.33333,16,2],"texture":"#0"},"south":{"uv":[0,0,0,2],"texture":"#0"},"west":{"uv":[0,2.33333,16,4],"texture":"#0"},"up":{"uv":[0,16,0,0],"texture":"#0"},"down":{"uv":[0,0,0,16],"texture":"#0"}}},{"from":[6.75,8,-4],"to":[9.25,8,20],"rotation":{"angle":0,"axis":"y","origin":[8,8,2]},"faces":{"north":{"uv":[0,0,0,2],"rotation":90,"texture":"#0"},"east":{"uv":[0,0,0,16],"rotation":270,"texture":"#0"},"south":{"uv":[0,0,0,2],"rotation":270,"texture":"#0"},"west":{"uv":[0,16,0,0],"rotation":270,"texture":"#0"},"up":{"uv":[0,0.33333,16,2],"rotation":270,"texture":"#0"},"down":{"uv":[0,2.33333,16,4],"rotation":270,"texture":"#0"}}}],"gui_light":"front","display":{"thirdperson_righthand":{"translation":[0,-2,3.25],"scale":[0.8,0.8,0.8]},"thirdperson_lefthand":{"translation":[0,-2,3.25],"scale":[0.8,0.8,0.8]},"firstperson_righthand":{"rotation":[9.04,0.22,8.08],"translation":[7.25,3.5,-8.75]},"firstperson_lefthand":{"rotation":[9.04,0.22,8.08],"translation":[7.25,3.5,-8.75]},"ground":{"rotation":[0,0,-82],"scale":[0.67,0.67,0.67]},"gui":{"rotation":[90,45,90],"translation":[-0.75,0.75,-2],"scale":[0.55,0.55,0.55]},"head":{"scale":[0,0,0]},"fixed":{"rotation":[90,-45,90],"translation":[0.75,1.25,-2]}},"groups":[{"name":"bow13","origin":[8.00313,8,4.84009],"color":0,"children":[{"name":"group","origin":[8.00313,17.78554,6.78342],"color":0,"children":[0,1,2,3,4,5,6,7,8,9,10,11]},{"name":"group","origin":[8.00313,17.78554,6.78342],"color":0,"children":[12,13,14,15,16,17,18,19,20,21,22,23]},24,25]},{"name":"arrow","origin":[8,8,2],"color":0,"children":[26,27]}]}