{"credit":"Made with Blockbench","texture_size":[32,32],"textures":{"0":"item/bows/arrow","2":"item/bows/string","3":"item/bows/bow_3","particle":"item/bows/arrow"},"elements":[{"from":[8,14.35891,15.76977],"to":[8,19.95891,26.41977],"rotation":{"angle":-45,"axis":"x","origin":[8,8,8]},"faces":{"north":{"uv":[0,0,0,2.75],"texture":"#3"},"east":{"uv":[0,0,5.25,2.75],"texture":"#3"},"south":{"uv":[0,0,0,2.75],"texture":"#3"},"west":{"uv":[0,3,5.25,5.75],"texture":"#3"},"up":{"uv":[0,5.25,0,0],"texture":"#3"},"down":{"uv":[0,0,0,5.25],"texture":"#3"}}},{"from":[7.2,18.63691,0.96425],"to":[8.8,22.23691,2.56425],"rotation":{"angle":22.5,"axis":"x","origin":[8,8,8]},"faces":{"north":{"uv":[4.25,9.25,3.5,7.5],"rotation":180,"texture":"#3"},"east":{"uv":[7.5,3.5,9.25,4.25],"rotation":90,"texture":"#3"},"south":{"uv":[6.25,7.5,5.5,9.25],"texture":"#3"},"west":{"uv":[7.5,4.5,9.25,5.25],"rotation":270,"texture":"#3"},"up":{"uv":[11.5,2,12.25,2.75],"texture":"#3"},"down":{"uv":[11.5,1,12.25,1.75],"rotation":180,"texture":"#3"}}},{"from":[7.25,21.89206,13.09199],"to":[8.75,23.04206,14.24199],"rotation":{"angle":-22.5,"axis":"x","origin":[8,8,8]},"faces":{"north":{"uv":[11.5,10.5,12.25,11],"texture":"#3"},"east":{"uv":[7,2.5,7.5,3],"texture":"#3"},"south":{"uv":[11.5,11,12.25,11.5],"texture":"#3"},"west":{"uv":[5.5,7,6,7.5],"texture":"#3"},"up":{"uv":[12.25,12,11.5,11.5],"texture":"#3"},"down":{"uv":[0.75,12,0,12.5],"texture":"#3"}}},{"from":[7.325,20.70854,10.2748],"to":[8.675,22.55854,11.8748],"rotation":{"angle":-22.5,"axis":"x","origin":[8,8,8]},"faces":{"north":{"uv":[6.5,10.5,7.25,11.5],"texture":"#3"},"east":{"uv":[10.5,7,11.25,8],"texture":"#3"},"south":{"uv":[10.5,8,11.25,9],"texture":"#3"},"west":{"uv":[10.5,9,11.25,10],"texture":"#3"},"up":{"uv":[12.25,3.75,11.5,3],"texture":"#3"},"down":{"uv":[4.75,11.5,4,12.25],"texture":"#3"}}},{"from":[7.375,19.90296,-0.6859],"to":[8.625,21.05296,0.4641],"rotation":{"angle":22.5,"axis":"x","origin":[8,8,8]},"faces":{"north":{"uv":[3.75,12.5,3,12],"rotation":180,"texture":"#3"},"east":{"uv":[9,11,9.5,11.5],"rotation":90,"texture":"#3"},"south":{"uv":[10.75,12,10,12.5],"texture":"#3"},"west":{"uv":[10,11.5,10.5,12],"rotation":270,"texture":"#3"},"up":{"uv":[2,12,2.75,12.5],"texture":"#3"},"down":{"uv":[1,12,1.75,12.5],"rotation":180,"texture":"#3"}}},{"from":[7.325,15.0806,-1.55089],"to":[8.675,16.6806,0.29911],"rotation":{"angle":22.5,"axis":"x","origin":[8,8,8]},"faces":{"north":{"uv":[12.25,3,11.5,3.75],"rotation":180,"texture":"#3"},"east":{"uv":[11.25,7,10.5,8],"rotation":90,"texture":"#3"},"south":{"uv":[4.75,12.25,4,11.5],"texture":"#3"},"west":{"uv":[11.25,9,10.5,10],"rotation":270,"texture":"#3"},"up":{"uv":[6.5,11.5,7.25,10.5],"rotation":180,"texture":"#3"},"down":{"uv":[10.5,9,11.25,8],"texture":"#3"}}},{"from":[7.375,19.74159,6.23461],"to":[8.625,20.89159,7.38461],"rotation":{"angle":-22.5,"axis":"x","origin":[8,8,8]},"faces":{"north":{"uv":[2,12.5,2.75,12],"rotation":180,"texture":"#3"},"east":{"uv":[9,11.5,9.5,11],"rotation":180,"texture":"#3"},"south":{"uv":[1,12.5,1.75,12],"rotation":180,"texture":"#3"},"west":{"uv":[10,12,10.5,11.5],"rotation":180,"texture":"#3"},"up":{"uv":[3.75,12,3,12.5],"texture":"#3"},"down":{"uv":[10.75,12.5,10,12],"texture":"#3"}}},{"from":[7.2,17.64144,5.05066],"to":[8.8,19.24144,8.65066],"rotation":{"angle":-22.5,"axis":"x","origin":[8,8,8]},"faces":{"north":{"uv":[11.5,2.75,12.25,2],"rotation":180,"texture":"#3"},"east":{"uv":[7.5,4.25,9.25,3.5],"rotation":180,"texture":"#3"},"south":{"uv":[11.5,1.75,12.25,1],"rotation":180,"texture":"#3"},"west":{"uv":[7.5,5.25,9.25,4.5],"rotation":180,"texture":"#3"},"up":{"uv":[4.25,7.5,3.5,9.25],"texture":"#3"},"down":{"uv":[6.25,9.25,5.5,7.5],"texture":"#3"}}},{"from":[7.25,12.71341,-2.03441],"to":[8.75,13.86341,-0.88441],"rotation":{"angle":22.5,"axis":"x","origin":[8,8,8]},"faces":{"north":{"uv":[12.25,11.5,11.5,12],"rotation":180,"texture":"#3"},"east":{"uv":[7.5,2.5,7,3],"rotation":90,"texture":"#3"},"south":{"uv":[0.75,12.5,0,12],"texture":"#3"},"west":{"uv":[6,7,5.5,7.5],"rotation":270,"texture":"#3"},"up":{"uv":[11.5,11,12.25,10.5],"rotation":180,"texture":"#3"},"down":{"uv":[11.5,11.5,12.25,11],"texture":"#3"}}},{"from":[7,18.55946,10.18561],"to":[9,20.85946,12.48561],"rotation":{"angle":-22.5,"axis":"x","origin":[8,8,8]},"faces":{"north":{"uv":[7.5,5.5,8.5,6.75],"texture":"#3"},"east":{"uv":[1.5,6,2.75,7.25],"texture":"#3"},"south":{"uv":[6.5,7.5,7.5,8.75],"texture":"#3"},"west":{"uv":[3,6,4.25,7.25],"texture":"#3"},"up":{"uv":[8.5,8.25,7.5,7],"texture":"#3"},"down":{"uv":[5.5,8,4.5,9.25],"texture":"#3"}}},{"from":[7.4,11.71335,7.48558],"to":[8.6,13.36335,8.83558],"rotation":{"angle":0,"axis":"x","origin":[8,8,8]},"faces":{"north":{"uv":[7,1.5,7.5,2.25],"texture":"#3"},"east":{"uv":[11.5,4,12.25,4.75],"texture":"#3"},"south":{"uv":[1,10,1.5,10.75],"texture":"#3"},"west":{"uv":[5,11.5,5.75,12.25],"texture":"#3"},"up":{"uv":[11.5,12.75,11,12],"texture":"#3"},"down":{"uv":[12,12,11.5,12.75],"texture":"#3"}}},{"from":[7.3,16.19448,8.44072],"to":[8.7,18.29448,9.84072],"rotation":{"angle":-22.5,"axis":"x","origin":[8,8,8]},"faces":{"north":{"uv":[9.5,10.5,10.25,11.5],"texture":"#3"},"east":{"uv":[10.5,10,11.25,11],"texture":"#3"},"south":{"uv":[0,11,0.75,12],"texture":"#3"},"west":{"uv":[1,11,1.75,12],"texture":"#3"},"up":{"uv":[12.25,5.75,11.5,5],"texture":"#3"},"down":{"uv":[6.75,11.5,6,12.25],"texture":"#3"}}},{"from":[7,16.50748,2.85186],"to":[9,18.80748,5.15186],"rotation":{"angle":0,"axis":"x","origin":[8,8,8]},"faces":{"north":{"uv":[8.5,0,9.5,1.25],"texture":"#3"},"east":{"uv":[6,3,7.25,4.25],"texture":"#3"},"south":{"uv":[8.5,1.5,9.5,2.75],"texture":"#3"},"west":{"uv":[6,4.5,7.25,5.75],"texture":"#3"},"up":{"uv":[9.5,6.75,8.5,5.5],"texture":"#3"},"down":{"uv":[9.5,7,8.5,8.25],"texture":"#3"}}},{"from":[6.925,12.44822,9.07424],"to":[9.075,14.24822,10.87424],"rotation":{"angle":-22.5,"axis":"x","origin":[8,8,8]},"faces":{"north":{"uv":[10.5,2,11.5,3],"texture":"#3"},"east":{"uv":[10.5,3,11.5,4],"texture":"#3"},"south":{"uv":[10.5,4,11.5,5],"texture":"#3"},"west":{"uv":[10.5,5,11.5,6],"texture":"#3"},"up":{"uv":[6.5,11.5,5.5,10.5],"texture":"#3"},"down":{"uv":[11.5,6,10.5,7],"texture":"#3"}}},{"from":[7.175,13.45146,5.39892],"to":[8.825,16.25146,8.19892],"rotation":{"angle":0,"axis":"x","origin":[8,8,8]},"faces":{"north":{"uv":[2.5,9.5,3.25,11],"texture":"#3"},"east":{"uv":[5.5,0,7,1.5],"texture":"#3"},"south":{"uv":[9.5,3,10.25,4.5],"texture":"#3"},"west":{"uv":[5.5,1.5,7,3],"texture":"#3"},"up":{"uv":[4.25,11,3.5,9.5],"texture":"#3"},"down":{"uv":[5.25,9.5,4.5,11],"texture":"#3"}}},{"from":[6.995,16.56811,12.55176],"to":[9.005,18.86811,14.95176],"rotation":{"angle":-45,"axis":"x","origin":[8,8,8]},"faces":{"north":{"uv":[7.5,8.5,8.5,9.75],"texture":"#3"},"east":{"uv":[6,6,7.25,7.25],"texture":"#3"},"south":{"uv":[8.5,8.5,9.5,9.75],"texture":"#3"},"west":{"uv":[7,0,8.25,1.25],"texture":"#3"},"up":{"uv":[7.5,10.25,6.5,9],"texture":"#3"},"down":{"uv":[10.5,0,9.5,1.25],"texture":"#3"}}},{"from":[7.35,9.3491,10.26596],"to":[8.65,10.9991,11.61596],"rotation":{"angle":-45,"axis":"x","origin":[8,8,8]},"faces":{"north":{"uv":[11.5,6,12.25,6.75],"texture":"#3"},"east":{"uv":[7,11.5,7.75,12.25],"texture":"#3"},"south":{"uv":[11.5,7,12.25,7.75],"texture":"#3"},"west":{"uv":[8,11.5,8.75,12.25],"texture":"#3"},"up":{"uv":[12.25,8.75,11.5,8],"texture":"#3"},"down":{"uv":[9.75,11.5,9,12.25],"texture":"#3"}}},{"from":[6.995,11.01036,7.26557],"to":[9.005,11.81036,9.66557],"rotation":{"angle":0,"axis":"y","origin":[8,8,8]},"faces":{"north":{"uv":[8.5,3,9.5,3.5],"texture":"#3"},"east":{"uv":[4,11,5.25,11.5],"texture":"#3"},"south":{"uv":[11.5,9,12.5,9.5],"texture":"#3"},"west":{"uv":[7.5,11,8.75,11.5],"texture":"#3"},"up":{"uv":[2.5,10.75,1.5,9.5],"texture":"#3"},"down":{"uv":[10.5,1.5,9.5,2.75],"texture":"#3"}}},{"from":[7.095,9.51036,7.61557],"to":[8.905,10.31036,9.31557],"rotation":{"angle":0,"axis":"y","origin":[8,8,8]},"faces":{"north":{"uv":[11.5,9.5,12.5,10],"texture":"#3"},"east":{"uv":[12,12,12.75,12.5],"texture":"#3"},"south":{"uv":[11.5,10,12.5,10.5],"texture":"#3"},"west":{"uv":[0,12.5,0.75,13],"texture":"#3"},"up":{"uv":[3,11.75,2,11],"texture":"#3"},"down":{"uv":[4,11,3,11.75],"texture":"#3"}}},{"from":[8,-3.95891,15.76977],"to":[8,1.64109,26.41977],"rotation":{"angle":45,"axis":"x","origin":[8,8,8]},"faces":{"north":{"uv":[0,2.75,0,0],"texture":"#3"},"east":{"uv":[0,2.75,5.25,0],"texture":"#3"},"south":{"uv":[0,2.75,0,0],"texture":"#3"},"west":{"uv":[0,5.75,5.25,3],"texture":"#3"},"up":{"uv":[0,5.25,0,0],"texture":"#3"},"down":{"uv":[0,0,0,5.25],"texture":"#3"}}},{"from":[7.2,-6.23691,0.96425],"to":[8.8,-2.63691,2.56425],"rotation":{"angle":-22.5,"axis":"x","origin":[8,8,8]},"faces":{"north":{"uv":[4.25,7.5,3.5,9.25],"rotation":180,"texture":"#3"},"east":{"uv":[9.25,3.5,7.5,4.25],"rotation":90,"texture":"#3"},"south":{"uv":[6.25,9.25,5.5,7.5],"texture":"#3"},"west":{"uv":[9.25,4.5,7.5,5.25],"rotation":270,"texture":"#3"},"up":{"uv":[11.5,1.75,12.25,1],"rotation":180,"texture":"#3"},"down":{"uv":[11.5,2.75,12.25,2],"texture":"#3"}}},{"from":[7.25,-7.04206,13.09199],"to":[8.75,-5.89206,14.24199],"rotation":{"angle":22.5,"axis":"x","origin":[8,8,8]},"faces":{"north":{"uv":[11.5,11,12.25,10.5],"texture":"#3"},"east":{"uv":[7,3,7.5,2.5],"texture":"#3"},"south":{"uv":[11.5,11.5,12.25,11],"texture":"#3"},"west":{"uv":[5.5,7.5,6,7],"texture":"#3"},"up":{"uv":[0.75,12.5,0,12],"texture":"#3"},"down":{"uv":[12.25,11.5,11.5,12],"texture":"#3"}}},{"from":[7.325,-6.55854,10.2748],"to":[8.675,-4.70854,11.8748],"rotation":{"angle":22.5,"axis":"x","origin":[8,8,8]},"faces":{"north":{"uv":[6.5,11.5,7.25,10.5],"texture":"#3"},"east":{"uv":[10.5,8,11.25,7],"texture":"#3"},"south":{"uv":[10.5,9,11.25,8],"texture":"#3"},"west":{"uv":[10.5,10,11.25,9],"texture":"#3"},"up":{"uv":[4.75,12.25,4,11.5],"texture":"#3"},"down":{"uv":[12.25,3,11.5,3.75],"texture":"#3"}}},{"from":[7.375,-5.05296,-0.6859],"to":[8.625,-3.90296,0.4641],"rotation":{"angle":-22.5,"axis":"x","origin":[8,8,8]},"faces":{"north":{"uv":[3.75,12,3,12.5],"rotation":180,"texture":"#3"},"east":{"uv":[9.5,11,9,11.5],"rotation":90,"texture":"#3"},"south":{"uv":[10.75,12.5,10,12],"texture":"#3"},"west":{"uv":[10.5,11.5,10,12],"rotation":270,"texture":"#3"},"up":{"uv":[1,12.5,1.75,12],"rotation":180,"texture":"#3"},"down":{"uv":[2,12.5,2.75,12],"texture":"#3"}}},{"from":[7,-4.85946,10.18561],"to":[9,-2.55946,12.48561],"rotation":{"angle":22.5,"axis":"x","origin":[8,8,8]},"faces":{"north":{"uv":[7.5,6.75,8.5,5.5],"texture":"#3"},"east":{"uv":[1.5,7.25,2.75,6],"texture":"#3"},"south":{"uv":[6.5,8.75,7.5,7.5],"texture":"#3"},"west":{"uv":[3,7.25,4.25,6],"texture":"#3"},"up":{"uv":[5.5,9.25,4.5,8],"texture":"#3"},"down":{"uv":[8.5,7,7.5,8.25],"texture":"#3"}}},{"from":[7.4,2.63665,7.48558],"to":[8.6,4.28665,8.83558],"rotation":{"angle":0,"axis":"x","origin":[8,8,8]},"faces":{"north":{"uv":[7,2.25,7.5,1.5],"texture":"#3"},"east":{"uv":[11.5,4.75,12.25,4],"texture":"#3"},"south":{"uv":[1,10.75,1.5,10],"texture":"#3"},"west":{"uv":[5,12.25,5.75,11.5],"texture":"#3"},"up":{"uv":[12,12.75,11.5,12],"texture":"#3"},"down":{"uv":[11.5,12,11,12.75],"texture":"#3"}}},{"from":[7.3,-2.29448,8.44072],"to":[8.7,-0.19448,9.84072],"rotation":{"angle":22.5,"axis":"x","origin":[8,8,8]},"faces":{"north":{"uv":[9.5,11.5,10.25,10.5],"texture":"#3"},"east":{"uv":[10.5,11,11.25,10],"texture":"#3"},"south":{"uv":[0,12,0.75,11],"texture":"#3"},"west":{"uv":[1,12,1.75,11],"texture":"#3"},"up":{"uv":[6.75,12.25,6,11.5],"texture":"#3"},"down":{"uv":[12.25,5,11.5,5.75],"texture":"#3"}}},{"from":[7,-2.80748,2.85186],"to":[9,-0.50748,5.15186],"rotation":{"angle":0,"axis":"x","origin":[8,8,8]},"faces":{"north":{"uv":[8.5,1.25,9.5,0],"texture":"#3"},"east":{"uv":[6,4.25,7.25,3],"texture":"#3"},"south":{"uv":[8.5,2.75,9.5,1.5],"texture":"#3"},"west":{"uv":[6,5.75,7.25,4.5],"texture":"#3"},"up":{"uv":[9.5,8.25,8.5,7],"texture":"#3"},"down":{"uv":[9.5,5.5,8.5,6.75],"texture":"#3"}}},{"from":[6.925,1.75178,9.07424],"to":[9.075,3.55178,10.87424],"rotation":{"angle":22.5,"axis":"x","origin":[8,8,8]},"faces":{"north":{"uv":[10.5,3,11.5,2],"texture":"#3"},"east":{"uv":[10.5,4,11.5,3],"texture":"#3"},"south":{"uv":[10.5,5,11.5,4],"texture":"#3"},"west":{"uv":[10.5,6,11.5,5],"texture":"#3"},"up":{"uv":[11.5,7,10.5,6],"texture":"#3"},"down":{"uv":[6.5,10.5,5.5,11.5],"texture":"#3"}}},{"from":[7.175,-0.25146,5.39892],"to":[8.825,2.54854,8.19892],"rotation":{"angle":0,"axis":"x","origin":[8,8,8]},"faces":{"north":{"uv":[2.5,11,3.25,9.5],"texture":"#3"},"east":{"uv":[5.5,1.5,7,0],"texture":"#3"},"south":{"uv":[9.5,4.5,10.25,3],"texture":"#3"},"west":{"uv":[5.5,3,7,1.5],"texture":"#3"},"up":{"uv":[5.25,11,4.5,9.5],"texture":"#3"},"down":{"uv":[4.25,9.5,3.5,11],"texture":"#3"}}},{"from":[6.995,-2.86811,12.55176],"to":[9.005,-0.56811,14.95176],"rotation":{"angle":45,"axis":"x","origin":[8,8,8]},"faces":{"north":{"uv":[7.5,9.75,8.5,8.5],"texture":"#3"},"east":{"uv":[6,7.25,7.25,6],"texture":"#3"},"south":{"uv":[8.5,9.75,9.5,8.5],"texture":"#3"},"west":{"uv":[7,1.25,8.25,0],"texture":"#3"},"up":{"uv":[10.5,1.25,9.5,0],"texture":"#3"},"down":{"uv":[7.5,9,6.5,10.25],"texture":"#3"}}},{"from":[7.35,5.0009,10.26596],"to":[8.65,6.6509,11.61596],"rotation":{"angle":45,"axis":"x","origin":[8,8,8]},"faces":{"north":{"uv":[11.5,6.75,12.25,6],"texture":"#3"},"east":{"uv":[7,12.25,7.75,11.5],"texture":"#3"},"south":{"uv":[11.5,7.75,12.25,7],"texture":"#3"},"west":{"uv":[8,12.25,8.75,11.5],"texture":"#3"},"up":{"uv":[9.75,12.25,9,11.5],"texture":"#3"},"down":{"uv":[12.25,8,11.5,8.75],"texture":"#3"}}},{"from":[6.995,4.18964,7.26557],"to":[9.005,4.98964,9.66557],"rotation":{"angle":0,"axis":"y","origin":[8,8,8]},"faces":{"north":{"uv":[8.5,3.5,9.5,3],"texture":"#3"},"east":{"uv":[4,11.5,5.25,11],"texture":"#3"},"south":{"uv":[11.5,9.5,12.5,9],"texture":"#3"},"west":{"uv":[7.5,11.5,8.75,11],"texture":"#3"},"up":{"uv":[10.5,2.75,9.5,1.5],"texture":"#3"},"down":{"uv":[2.5,9.5,1.5,10.75],"texture":"#3"}}},{"from":[7.095,5.68964,7.61557],"to":[8.905,6.48964,9.31557],"rotation":{"angle":0,"axis":"y","origin":[8,8,8]},"faces":{"north":{"uv":[11.5,10,12.5,9.5],"texture":"#3"},"east":{"uv":[12,12.5,12.75,12],"texture":"#3"},"south":{"uv":[11.5,10.5,12.5,10],"texture":"#3"},"west":{"uv":[0,13,0.75,12.5],"texture":"#3"},"up":{"uv":[4,11.75,3,11],"texture":"#3"},"down":{"uv":[3,11,2,11.75],"texture":"#3"}}},{"from":[7.325,-0.6806,-1.55089],"to":[8.675,0.9194,0.29911],"rotation":{"angle":-22.5,"axis":"x","origin":[8,8,8]},"faces":{"north":{"uv":[12.25,3.75,11.5,3],"rotation":180,"texture":"#3"},"east":{"uv":[10.5,7,11.25,8],"rotation":90,"texture":"#3"},"south":{"uv":[4.75,11.5,4,12.25],"texture":"#3"},"west":{"uv":[10.5,9,11.25,10],"rotation":270,"texture":"#3"},"up":{"uv":[10.5,8,11.25,9],"texture":"#3"},"down":{"uv":[6.5,10.5,7.25,11.5],"rotation":180,"texture":"#3"}}},{"from":[7.375,-4.89159,6.23461],"to":[8.625,-3.74159,7.38461],"rotation":{"angle":22.5,"axis":"x","origin":[8,8,8]},"faces":{"north":{"uv":[2,12,2.75,12.5],"rotation":180,"texture":"#3"},"east":{"uv":[9,11,9.5,11.5],"rotation":180,"texture":"#3"},"south":{"uv":[1,12,1.75,12.5],"rotation":180,"texture":"#3"},"west":{"uv":[10,11.5,10.5,12],"rotation":180,"texture":"#3"},"up":{"uv":[10.75,12,10,12.5],"texture":"#3"},"down":{"uv":[3.75,12.5,3,12],"texture":"#3"}}},{"from":[7.2,-3.24144,5.05066],"to":[8.8,-1.64144,8.65066],"rotation":{"angle":22.5,"axis":"x","origin":[8,8,8]},"faces":{"north":{"uv":[11.5,2,12.25,2.75],"rotation":180,"texture":"#3"},"east":{"uv":[7.5,3.5,9.25,4.25],"rotation":180,"texture":"#3"},"south":{"uv":[11.5,1,12.25,1.75],"rotation":180,"texture":"#3"},"west":{"uv":[7.5,4.5,9.25,5.25],"rotation":180,"texture":"#3"},"up":{"uv":[6.25,7.5,5.5,9.25],"texture":"#3"},"down":{"uv":[4.25,9.25,3.5,7.5],"texture":"#3"}}},{"from":[7.25,2.13659,-2.03441],"to":[8.75,3.28659,-0.88441],"rotation":{"angle":-22.5,"axis":"x","origin":[8,8,8]},"faces":{"north":{"uv":[12.25,12,11.5,11.5],"rotation":180,"texture":"#3"},"east":{"uv":[7,2.5,7.5,3],"rotation":90,"texture":"#3"},"south":{"uv":[0.75,12,0,12.5],"texture":"#3"},"west":{"uv":[5.5,7,6,7.5],"rotation":270,"texture":"#3"},"up":{"uv":[11.5,11,12.25,11.5],"texture":"#3"},"down":{"uv":[11.5,10.5,12.25,11],"rotation":180,"texture":"#3"}}},{"from":[7.77921,4.31036,7.77921],"to":[8.87921,11.71036,8.87921],"rotation":{"angle":-45,"axis":"y","origin":[8,8,8]},"faces":{"north":{"uv":[5.5,3,6,6.75],"texture":"#3"},"east":{"uv":[0,6,0.5,9.75],"texture":"#3"},"south":{"uv":[0.5,6,1,9.75],"texture":"#3"},"west":{"uv":[1,6,1.5,9.75],"texture":"#3"},"up":{"uv":[13,0.5,12.5,0],"texture":"#3"},"down":{"uv":[13,0.5,12.5,1],"texture":"#3"}}},{"from":[8,-9.125,14.44057],"to":[8,25.125,14.99057],"rotation":{"angle":0,"axis":"y","origin":[8,8,8]},"faces":{"north":{"uv":[0,0,0,15],"texture":"#2"},"east":{"uv":[0,0,0.2,12],"texture":"#2"},"south":{"uv":[0,0,0,15],"texture":"#2"},"west":{"uv":[0.2,0,0,12],"texture":"#2"},"up":{"uv":[0,8.25,0,0],"texture":"#2"},"down":{"uv":[0,0,0,8.25],"texture":"#2"}}},{"from":[8,6.75,-9],"to":[8,9.25,15],"rotation":{"angle":0,"axis":"y","origin":[8,8,2]},"faces":{"north":{"uv":[0,0,0,2],"texture":"#0"},"east":{"uv":[0,0.33333,16,2],"texture":"#0"},"south":{"uv":[0,0,0,2],"texture":"#0"},"west":{"uv":[0,2.33333,16,4],"texture":"#0"},"up":{"uv":[0,16,0,0],"texture":"#0"},"down":{"uv":[0,0,0,16],"texture":"#0"}}},{"from":[6.75,8,-9],"to":[9.25,8,15],"rotation":{"angle":0,"axis":"y","origin":[8,8,2]},"faces":{"north":{"uv":[0,0,0,2],"rotation":90,"texture":"#0"},"east":{"uv":[0,0,0,16],"rotation":270,"texture":"#0"},"south":{"uv":[0,0,0,2],"rotation":270,"texture":"#0"},"west":{"uv":[0,16,0,0],"rotation":270,"texture":"#0"},"up":{"uv":[0,0.33333,16,2],"rotation":270,"texture":"#0"},"down":{"uv":[0,2.33333,16,4],"rotation":270,"texture":"#0"}}}],"display":{"thirdperson_righthand":{"translation":[0,-2,3.25],"scale":[0.8,0.8,0.8]},"thirdperson_lefthand":{"translation":[0,-2,3.25],"scale":[0.8,0.8,0.8]},"firstperson_righthand":{"rotation":[9.04,0.22,8.08],"translation":[7.25,0,-8.75]},"firstperson_lefthand":{"rotation":[9.04,0.22,8.08],"translation":[7.25,0,-8.75]},"ground":{"rotation":[0,0,-82],"scale":[0.67,0.67,0.67]},"gui":{"rotation":[90,45,90],"translation":[-0.75,0.75,-2],"scale":[0.42,0.42,0.42]},"head":{"scale":[0,0,0]},"fixed":{"rotation":[90,-45,90],"translation":[0.75,1.25,-2]}},"groups":[{"name":"bow3","origin":[8,19.43366,18.25363],"color":0,"children":[{"name":"group","origin":[8,16.99486,11.26208],"color":0,"children":[0,1,2,3,4,5,6,7,8,9,10,11,12,13,14,15,16,17,18]},{"name":"group","origin":[8,16.99486,11.26208],"color":0,"children":[19,20,21,22,23,24,25,26,27,28,29,30,31,32,33,34,35,36,37]},38,39]},{"name":"arrow","origin":[8,8,2],"color":0,"children":[40,41]}]}