{"credit":"Made with Blockbench","texture_size":[32,32],"textures":{"2":"item/bows/string","3":"item/bows/bow_23","particle":"item/bows/string"},"elements":[{"from":[8,12.35891,16.76977],"to":[8,17.95891,27.41977],"rotation":{"angle":-45,"axis":"x","origin":[8,6,9]},"faces":{"north":{"uv":[0,0,0,2.75],"texture":"#3"},"east":{"uv":[0,0,5.25,2.75],"texture":"#3"},"south":{"uv":[0,0,0,2.75],"texture":"#3"},"west":{"uv":[0,3,5.25,5.75],"texture":"#3"},"up":{"uv":[0,5.25,0,0],"texture":"#3"},"down":{"uv":[0,0,0,5.25],"texture":"#3"}}},{"from":[7.2,17.44039,4.60463],"to":[8.8,19.04039,8.20463],"rotation":{"angle":45,"axis":"x","origin":[8,19.35493,5.19204]},"faces":{"north":{"uv":[11.5,2,12.25,2.75],"rotation":180,"texture":"#3"},"east":{"uv":[7.5,3.5,9.25,4.25],"rotation":180,"texture":"#3"},"south":{"uv":[11.5,1,12.25,1.75],"rotation":180,"texture":"#3"},"west":{"uv":[7.5,4.5,9.25,5.25],"rotation":180,"texture":"#3"},"up":{"uv":[6.25,7.5,5.5,9.25],"texture":"#3"},"down":{"uv":[4.25,9.25,3.5,7.5],"texture":"#3"}}},{"from":[7.25,18.41651,3.42287],"to":[8.75,19.56651,4.57287],"rotation":{"angle":0,"axis":"x","origin":[8,19.35493,5.19204]},"faces":{"north":{"uv":[12.25,12,11.5,11.5],"rotation":180,"texture":"#3"},"east":{"uv":[7,2.5,7.5,3],"rotation":90,"texture":"#3"},"south":{"uv":[0.75,12,0,12.5],"texture":"#3"},"west":{"uv":[5.5,7,6,7.5],"rotation":270,"texture":"#3"},"up":{"uv":[11.5,11,12.25,11.5],"texture":"#3"},"down":{"uv":[11.5,10.5,12.25,11],"rotation":180,"texture":"#3"}}},{"from":[7.2,17.40045,5.57304],"to":[8.8,21.00045,7.17304],"rotation":{"angle":0,"axis":"x","origin":[8,19.35493,5.19204]},"faces":{"north":{"uv":[4.25,9.25,3.5,7.5],"rotation":180,"texture":"#3"},"east":{"uv":[7.5,3.5,9.25,4.25],"rotation":90,"texture":"#3"},"south":{"uv":[6.25,7.5,5.5,9.25],"texture":"#3"},"west":{"uv":[7.5,4.5,9.25,5.25],"rotation":270,"texture":"#3"},"up":{"uv":[11.5,2,12.25,2.75],"texture":"#3"},"down":{"uv":[11.5,1,12.25,1.75],"rotation":180,"texture":"#3"}}},{"from":[7.25,20.7879,4.29787],"to":[8.75,21.9379,5.44787],"rotation":{"angle":45,"axis":"x","origin":[8,19.35493,5.19204]},"faces":{"north":{"uv":[12.25,12,11.5,11.5],"rotation":180,"texture":"#3"},"east":{"uv":[7,2.5,7.5,3],"rotation":90,"texture":"#3"},"south":{"uv":[0.75,12,0,12.5],"texture":"#3"},"west":{"uv":[5.5,7,6,7.5],"rotation":270,"texture":"#3"},"up":{"uv":[11.5,11,12.25,11.5],"texture":"#3"},"down":{"uv":[11.5,10.5,12.25,11],"rotation":180,"texture":"#3"}}},{"from":[7.325,15.34932,3.65639],"to":[8.675,16.94932,5.50639],"rotation":{"angle":0,"axis":"x","origin":[8,18.81184,6.36563]},"faces":{"north":{"uv":[12.25,3.75,11.5,3],"rotation":180,"texture":"#3"},"east":{"uv":[10.5,7,11.25,8],"rotation":90,"texture":"#3"},"south":{"uv":[4.75,11.5,4,12.25],"texture":"#3"},"west":{"uv":[10.5,9,11.25,10],"rotation":270,"texture":"#3"},"up":{"uv":[10.5,8,11.25,9],"texture":"#3"},"down":{"uv":[6.5,10.5,7.25,11.5],"rotation":180,"texture":"#3"}}},{"from":[7.375,14.44776,5.7483],"to":[8.625,15.59776,6.8983],"rotation":{"angle":45,"axis":"x","origin":[8,18.81184,6.36563]},"faces":{"north":{"uv":[2,12,2.75,12.5],"rotation":180,"texture":"#3"},"east":{"uv":[9,11,9.5,11.5],"rotation":180,"texture":"#3"},"south":{"uv":[1,12,1.75,12.5],"rotation":180,"texture":"#3"},"west":{"uv":[10,11.5,10.5,12],"rotation":180,"texture":"#3"},"up":{"uv":[10.75,12,10,12.5],"texture":"#3"},"down":{"uv":[3.75,12.5,3,12],"texture":"#3"}}},{"from":[7.325,11.69995,6.24934],"to":[8.675,13.54995,7.84934],"rotation":{"angle":45,"axis":"x","origin":[8,12.16246,7.05593]},"faces":{"north":{"uv":[6.5,11.5,7.25,10.5],"texture":"#3"},"east":{"uv":[11.25,7,10.5,8],"rotation":180,"texture":"#3"},"south":{"uv":[10.5,9,11.25,8],"texture":"#3"},"west":{"uv":[11.25,9,10.5,10],"rotation":180,"texture":"#3"},"up":{"uv":[4.75,12.25,4,11.5],"texture":"#3"},"down":{"uv":[12.25,3,11.5,3.75],"texture":"#3"}}},{"from":[7.375,11.25576,6.15856],"to":[8.625,12.40576,7.30856],"rotation":{"angle":0,"axis":"x","origin":[8,12.16246,7.05593]},"faces":{"north":{"uv":[3.75,12,3,12.5],"rotation":180,"texture":"#3"},"east":{"uv":[9,11.5,9.5,11],"rotation":270,"texture":"#3"},"south":{"uv":[10.75,12.5,10,12],"texture":"#3"},"west":{"uv":[10,12,10.5,11.5],"rotation":90,"texture":"#3"},"up":{"uv":[1,12.5,1.75,12],"rotation":180,"texture":"#3"},"down":{"uv":[2,12.5,2.75,12],"texture":"#3"}}},{"from":[7.2,9.46198,7.4481],"to":[8.8,13.06198,9.0481],"rotation":{"angle":-22.5,"axis":"x","origin":[8,13.77015,6.19614]},"faces":{"north":{"uv":[4.25,7.5,3.5,9.25],"rotation":180,"texture":"#3"},"east":{"uv":[7.5,4.25,9.25,3.5],"rotation":270,"texture":"#3"},"south":{"uv":[6.25,9.25,5.5,7.5],"texture":"#3"},"west":{"uv":[7.5,5.25,9.25,4.5],"rotation":90,"texture":"#3"},"up":{"uv":[11.5,1.75,12.25,1],"rotation":180,"texture":"#3"},"down":{"uv":[11.5,2.75,12.25,2],"texture":"#3"}}},{"from":[7.25,11.60908,10.12773],"to":[8.75,12.75908,11.27773],"rotation":{"angle":22.5,"axis":"x","origin":[8,13.77015,6.19614]},"faces":{"north":{"uv":[11.5,11,12.25,10.5],"texture":"#3"},"east":{"uv":[7.5,2.5,7,3],"rotation":180,"texture":"#3"},"south":{"uv":[11.5,11.5,12.25,11],"texture":"#3"},"west":{"uv":[6,7,5.5,7.5],"rotation":180,"texture":"#3"},"up":{"uv":[0.75,12.5,0,12],"texture":"#3"},"down":{"uv":[12.25,11.5,11.5,12],"texture":"#3"}}},{"from":[7,15.26013,5.35547],"to":[9,17.56013,7.65547],"rotation":{"angle":0,"axis":"x","origin":[8,18.81184,6.36563]},"faces":{"north":{"uv":[8.5,8.25,7.5,7],"rotation":180,"texture":"#3"},"east":{"uv":[1.5,6,2.75,7.25],"rotation":90,"texture":"#3"},"south":{"uv":[5.5,8,4.5,9.25],"texture":"#3"},"west":{"uv":[3,6,4.25,7.25],"rotation":270,"texture":"#3"},"up":{"uv":[6.5,7.5,7.5,8.75],"texture":"#3"},"down":{"uv":[7.5,5.5,8.5,6.75],"rotation":180,"texture":"#3"}}},{"from":[7.4,14.21335,6.48558],"to":[8.6,15.86335,7.83558],"rotation":{"angle":-22.5,"axis":"x","origin":[8,14.57762,7.35142]},"faces":{"north":{"uv":[7,1.5,7.5,2.25],"texture":"#3"},"east":{"uv":[11.5,4,12.25,4.75],"texture":"#3"},"south":{"uv":[1,10,1.5,10.75],"texture":"#3"},"west":{"uv":[5,11.5,5.75,12.25],"texture":"#3"},"up":{"uv":[11.5,12.75,11,12],"texture":"#3"},"down":{"uv":[12,12,11.5,12.75],"texture":"#3"}}},{"from":[7.3,21.89627,6.54172],"to":[8.7,23.99627,7.94172],"rotation":{"angle":45,"axis":"x","origin":[8,18.81184,6.36563]},"faces":{"north":{"uv":[9.5,10.5,10.25,11.5],"texture":"#3"},"east":{"uv":[10.5,10,11.25,11],"texture":"#3"},"south":{"uv":[0,11,0.75,12],"texture":"#3"},"west":{"uv":[1,11,1.75,12],"texture":"#3"},"up":{"uv":[12.25,5.75,11.5,5],"texture":"#3"},"down":{"uv":[6.75,11.5,6,12.25],"texture":"#3"}}},{"from":[7,12.14764,7.45106],"to":[9,14.44764,9.75106],"rotation":{"angle":-22.5,"axis":"x","origin":[8,13.29764,8.60106]},"faces":{"north":{"uv":[8.5,0,9.5,1.25],"texture":"#3"},"east":{"uv":[6,3,7.25,4.25],"texture":"#3"},"south":{"uv":[8.5,1.5,9.5,2.75],"texture":"#3"},"west":{"uv":[6,4.5,7.25,5.75],"texture":"#3"},"up":{"uv":[9.5,6.75,8.5,5.5],"texture":"#3"},"down":{"uv":[9.5,7,8.5,8.25],"texture":"#3"}}},{"from":[6.925,18.15001,7.17524],"to":[9.075,19.95001,8.97524],"rotation":{"angle":45,"axis":"x","origin":[8,18.81184,6.36563]},"faces":{"north":{"uv":[10.5,2,11.5,3],"texture":"#3"},"east":{"uv":[10.5,3,11.5,4],"texture":"#3"},"south":{"uv":[10.5,4,11.5,5],"texture":"#3"},"west":{"uv":[10.5,5,11.5,6],"texture":"#3"},"up":{"uv":[6.5,11.5,5.5,10.5],"texture":"#3"},"down":{"uv":[11.5,6,10.5,7],"texture":"#3"}}},{"from":[7.175,16.90188,6.99475],"to":[8.825,19.70188,9.79475],"rotation":{"angle":-22.5,"axis":"x","origin":[8,18.81184,6.36563]},"faces":{"north":{"uv":[5.25,9.5,4.5,11],"rotation":180,"texture":"#3"},"east":{"uv":[5.5,0,7,1.5],"rotation":270,"texture":"#3"},"south":{"uv":[4.25,11,3.5,9.5],"texture":"#3"},"west":{"uv":[5.5,1.5,7,3],"rotation":90,"texture":"#3"},"up":{"uv":[2.5,9.5,3.25,11],"rotation":180,"texture":"#3"},"down":{"uv":[9.5,3,10.25,4.5],"texture":"#3"}}},{"from":[6.995,10.34114,7.36969],"to":[9.005,12.64114,9.76969],"rotation":{"angle":0,"axis":"x","origin":[8,11.49114,8.56969]},"faces":{"north":{"uv":[7.5,8.5,8.5,9.75],"texture":"#3"},"east":{"uv":[6,6,7.25,7.25],"texture":"#3"},"south":{"uv":[8.5,8.5,9.5,9.75],"texture":"#3"},"west":{"uv":[7,0,8.25,1.25],"texture":"#3"},"up":{"uv":[7.5,10.25,6.5,9],"texture":"#3"},"down":{"uv":[10.5,0,9.5,1.25],"texture":"#3"}}},{"from":[7.35,13.71178,6.98714],"to":[8.65,15.06178,8.63714],"rotation":{"angle":22.5,"axis":"x","origin":[8,14.57762,7.35142]},"faces":{"north":{"uv":[12.25,8.75,11.5,8],"rotation":180,"texture":"#3"},"east":{"uv":[7,11.5,7.75,12.25],"rotation":90,"texture":"#3"},"south":{"uv":[9.75,11.5,9,12.25],"texture":"#3"},"west":{"uv":[8,11.5,8.75,12.25],"rotation":270,"texture":"#3"},"up":{"uv":[11.5,7,12.25,7.75],"texture":"#3"},"down":{"uv":[11.5,6,12.25,6.75],"rotation":180,"texture":"#3"}}},{"from":[7.095,9.26036,7.61557],"to":[8.905,10.06036,9.31557],"rotation":{"angle":0,"axis":"y","origin":[8,7.75,8]},"faces":{"north":{"uv":[11.5,9.5,12.5,10],"texture":"#3"},"east":{"uv":[12,12,12.75,12.5],"texture":"#3"},"south":{"uv":[11.5,10,12.5,10.5],"texture":"#3"},"west":{"uv":[0,12.5,0.75,13],"texture":"#3"},"up":{"uv":[3,11.75,2,11],"texture":"#3"},"down":{"uv":[4,11,3,11.75],"texture":"#3"}}},{"from":[8,-1.95891,16.76977],"to":[8,3.64109,27.41977],"rotation":{"angle":45,"axis":"x","origin":[8,10,9]},"faces":{"north":{"uv":[0,2.75,0,0],"texture":"#3"},"east":{"uv":[0,2.75,5.25,0],"texture":"#3"},"south":{"uv":[0,2.75,0,0],"texture":"#3"},"west":{"uv":[0,5.75,5.25,3],"texture":"#3"},"up":{"uv":[0,5.25,0,0],"texture":"#3"},"down":{"uv":[0,0,0,5.25],"texture":"#3"}}},{"from":[7.2,-3.04039,4.60463],"to":[8.8,-1.44039,8.20463],"rotation":{"angle":-45,"axis":"x","origin":[8,-3.35493,5.19204]},"faces":{"north":{"uv":[11.5,2.75,12.25,2],"rotation":180,"texture":"#3"},"east":{"uv":[7.5,4.25,9.25,3.5],"rotation":180,"texture":"#3"},"south":{"uv":[11.5,1.75,12.25,1],"rotation":180,"texture":"#3"},"west":{"uv":[7.5,5.25,9.25,4.5],"rotation":180,"texture":"#3"},"up":{"uv":[4.25,7.5,3.5,9.25],"texture":"#3"},"down":{"uv":[6.25,9.25,5.5,7.5],"texture":"#3"}}},{"from":[7.25,-3.56651,3.42287],"to":[8.75,-2.41651,4.57287],"rotation":{"angle":0,"axis":"x","origin":[8,-3.35493,5.19204]},"faces":{"north":{"uv":[12.25,11.5,11.5,12],"rotation":180,"texture":"#3"},"east":{"uv":[7.5,2.5,7,3],"rotation":90,"texture":"#3"},"south":{"uv":[0.75,12.5,0,12],"texture":"#3"},"west":{"uv":[6,7,5.5,7.5],"rotation":270,"texture":"#3"},"up":{"uv":[11.5,11,12.25,10.5],"rotation":180,"texture":"#3"},"down":{"uv":[11.5,11.5,12.25,11],"texture":"#3"}}},{"from":[7.2,-5.00045,5.57304],"to":[8.8,-1.40045,7.17304],"rotation":{"angle":0,"axis":"x","origin":[8,-3.35493,5.19204]},"faces":{"north":{"uv":[4.25,7.5,3.5,9.25],"rotation":180,"texture":"#3"},"east":{"uv":[9.25,3.5,7.5,4.25],"rotation":90,"texture":"#3"},"south":{"uv":[6.25,9.25,5.5,7.5],"texture":"#3"},"west":{"uv":[9.25,4.5,7.5,5.25],"rotation":270,"texture":"#3"},"up":{"uv":[11.5,1.75,12.25,1],"rotation":180,"texture":"#3"},"down":{"uv":[11.5,2.75,12.25,2],"texture":"#3"}}},{"from":[7.25,-5.9379,4.29787],"to":[8.75,-4.7879,5.44787],"rotation":{"angle":-45,"axis":"x","origin":[8,-3.35493,5.19204]},"faces":{"north":{"uv":[12.25,11.5,11.5,12],"rotation":180,"texture":"#3"},"east":{"uv":[7.5,2.5,7,3],"rotation":90,"texture":"#3"},"south":{"uv":[0.75,12.5,0,12],"texture":"#3"},"west":{"uv":[6,7,5.5,7.5],"rotation":270,"texture":"#3"},"up":{"uv":[11.5,11,12.25,10.5],"rotation":180,"texture":"#3"},"down":{"uv":[11.5,11.5,12.25,11],"texture":"#3"}}},{"from":[7.325,-0.94932,3.65639],"to":[8.675,0.65068,5.50639],"rotation":{"angle":0,"axis":"x","origin":[8,-2.81184,6.36563]},"faces":{"north":{"uv":[12.25,3,11.5,3.75],"rotation":180,"texture":"#3"},"east":{"uv":[11.25,7,10.5,8],"rotation":90,"texture":"#3"},"south":{"uv":[4.75,12.25,4,11.5],"texture":"#3"},"west":{"uv":[11.25,9,10.5,10],"rotation":270,"texture":"#3"},"up":{"uv":[6.5,11.5,7.25,10.5],"rotation":180,"texture":"#3"},"down":{"uv":[10.5,9,11.25,8],"texture":"#3"}}},{"from":[7.375,0.40224,5.7483],"to":[8.625,1.55224,6.8983],"rotation":{"angle":-45,"axis":"x","origin":[8,-2.81184,6.36563]},"faces":{"north":{"uv":[2,12.5,2.75,12],"rotation":180,"texture":"#3"},"east":{"uv":[9,11.5,9.5,11],"rotation":180,"texture":"#3"},"south":{"uv":[1,12.5,1.75,12],"rotation":180,"texture":"#3"},"west":{"uv":[10,12,10.5,11.5],"rotation":180,"texture":"#3"},"up":{"uv":[3.75,12,3,12.5],"texture":"#3"},"down":{"uv":[10.75,12.5,10,12],"texture":"#3"}}},{"from":[7.325,2.45005,6.24934],"to":[8.675,4.30005,7.84934],"rotation":{"angle":-45,"axis":"x","origin":[8,3.83754,7.05593]},"faces":{"north":{"uv":[6.5,10.5,7.25,11.5],"texture":"#3"},"east":{"uv":[11.25,8,10.5,7],"rotation":180,"texture":"#3"},"south":{"uv":[10.5,8,11.25,9],"texture":"#3"},"west":{"uv":[11.25,10,10.5,9],"rotation":180,"texture":"#3"},"up":{"uv":[12.25,3.75,11.5,3],"texture":"#3"},"down":{"uv":[4.75,11.5,4,12.25],"texture":"#3"}}},{"from":[7.375,3.59424,6.15856],"to":[8.625,4.74424,7.30856],"rotation":{"angle":0,"axis":"x","origin":[8,3.83754,7.05593]},"faces":{"north":{"uv":[3.75,12.5,3,12],"rotation":180,"texture":"#3"},"east":{"uv":[9.5,11.5,9,11],"rotation":270,"texture":"#3"},"south":{"uv":[10.75,12,10,12.5],"texture":"#3"},"west":{"uv":[10.5,12,10,11.5],"rotation":90,"texture":"#3"},"up":{"uv":[2,12,2.75,12.5],"texture":"#3"},"down":{"uv":[1,12,1.75,12.5],"rotation":180,"texture":"#3"}}},{"from":[7.2,2.93802,7.4481],"to":[8.8,6.53802,9.0481],"rotation":{"angle":22.5,"axis":"x","origin":[8,2.22985,6.19614]},"faces":{"north":{"uv":[4.25,9.25,3.5,7.5],"rotation":180,"texture":"#3"},"east":{"uv":[9.25,4.25,7.5,3.5],"rotation":270,"texture":"#3"},"south":{"uv":[6.25,7.5,5.5,9.25],"texture":"#3"},"west":{"uv":[9.25,5.25,7.5,4.5],"rotation":90,"texture":"#3"},"up":{"uv":[11.5,2,12.25,2.75],"texture":"#3"},"down":{"uv":[11.5,1,12.25,1.75],"rotation":180,"texture":"#3"}}},{"from":[7.25,3.24092,10.12773],"to":[8.75,4.39092,11.27773],"rotation":{"angle":-22.5,"axis":"x","origin":[8,2.22985,6.19614]},"faces":{"north":{"uv":[11.5,10.5,12.25,11],"texture":"#3"},"east":{"uv":[7.5,3,7,2.5],"rotation":180,"texture":"#3"},"south":{"uv":[11.5,11,12.25,11.5],"texture":"#3"},"west":{"uv":[6,7.5,5.5,7],"rotation":180,"texture":"#3"},"up":{"uv":[12.25,12,11.5,11.5],"texture":"#3"},"down":{"uv":[0.75,12,0,12.5],"texture":"#3"}}},{"from":[7,-1.56013,5.35547],"to":[9,0.73987,7.65547],"rotation":{"angle":0,"axis":"x","origin":[8,-2.81184,6.36563]},"faces":{"north":{"uv":[8.5,7,7.5,8.25],"rotation":180,"texture":"#3"},"east":{"uv":[2.75,6,1.5,7.25],"rotation":90,"texture":"#3"},"south":{"uv":[5.5,9.25,4.5,8],"texture":"#3"},"west":{"uv":[4.25,6,3,7.25],"rotation":270,"texture":"#3"},"up":{"uv":[7.5,6.75,8.5,5.5],"rotation":180,"texture":"#3"},"down":{"uv":[6.5,8.75,7.5,7.5],"texture":"#3"}}},{"from":[7.4,0.13665,6.48558],"to":[8.6,1.78665,7.83558],"rotation":{"angle":22.5,"axis":"x","origin":[8,1.42238,7.35142]},"faces":{"north":{"uv":[7,2.25,7.5,1.5],"texture":"#3"},"east":{"uv":[11.5,4.75,12.25,4],"texture":"#3"},"south":{"uv":[1,10.75,1.5,10],"texture":"#3"},"west":{"uv":[5,12.25,5.75,11.5],"texture":"#3"},"up":{"uv":[12,12.75,11.5,12],"texture":"#3"},"down":{"uv":[11.5,12,11,12.75],"texture":"#3"}}},{"from":[7.3,-7.99627,6.54172],"to":[8.7,-5.89627,7.94172],"rotation":{"angle":-45,"axis":"x","origin":[8,-2.81184,6.36563]},"faces":{"north":{"uv":[9.5,11.5,10.25,10.5],"texture":"#3"},"east":{"uv":[10.5,11,11.25,10],"texture":"#3"},"south":{"uv":[0,12,0.75,11],"texture":"#3"},"west":{"uv":[1,12,1.75,11],"texture":"#3"},"up":{"uv":[6.75,12.25,6,11.5],"texture":"#3"},"down":{"uv":[12.25,5,11.5,5.75],"texture":"#3"}}},{"from":[7,1.55236,7.45106],"to":[9,3.85236,9.75106],"rotation":{"angle":22.5,"axis":"x","origin":[8,2.70236,8.60106]},"faces":{"north":{"uv":[8.5,1.25,9.5,0],"texture":"#3"},"east":{"uv":[6,4.25,7.25,3],"texture":"#3"},"south":{"uv":[8.5,2.75,9.5,1.5],"texture":"#3"},"west":{"uv":[6,5.75,7.25,4.5],"texture":"#3"},"up":{"uv":[9.5,8.25,8.5,7],"texture":"#3"},"down":{"uv":[9.5,5.5,8.5,6.75],"texture":"#3"}}},{"from":[6.925,-3.95001,7.17524],"to":[9.075,-2.15001,8.97524],"rotation":{"angle":-45,"axis":"x","origin":[8,-2.81184,6.36563]},"faces":{"north":{"uv":[10.5,3,11.5,2],"texture":"#3"},"east":{"uv":[10.5,4,11.5,3],"texture":"#3"},"south":{"uv":[10.5,5,11.5,4],"texture":"#3"},"west":{"uv":[10.5,6,11.5,5],"texture":"#3"},"up":{"uv":[11.5,7,10.5,6],"texture":"#3"},"down":{"uv":[6.5,10.5,5.5,11.5],"texture":"#3"}}},{"from":[7.175,-3.70188,6.99475],"to":[8.825,-0.90188,9.79475],"rotation":{"angle":22.5,"axis":"x","origin":[8,-2.81184,6.36563]},"faces":{"north":{"uv":[5.25,11,4.5,9.5],"rotation":180,"texture":"#3"},"east":{"uv":[7,0,5.5,1.5],"rotation":270,"texture":"#3"},"south":{"uv":[4.25,9.5,3.5,11],"texture":"#3"},"west":{"uv":[7,1.5,5.5,3],"rotation":90,"texture":"#3"},"up":{"uv":[9.5,4.5,10.25,3],"texture":"#3"},"down":{"uv":[2.5,11,3.25,9.5],"rotation":180,"texture":"#3"}}},{"from":[6.995,3.35886,7.36969],"to":[9.005,5.65886,9.76969],"rotation":{"angle":0,"axis":"x","origin":[8,4.50886,8.56969]},"faces":{"north":{"uv":[7.5,9.75,8.5,8.5],"texture":"#3"},"east":{"uv":[6,7.25,7.25,6],"texture":"#3"},"south":{"uv":[8.5,9.75,9.5,8.5],"texture":"#3"},"west":{"uv":[7,1.25,8.25,0],"texture":"#3"},"up":{"uv":[10.5,1.25,9.5,0],"texture":"#3"},"down":{"uv":[7.5,9,6.5,10.25],"texture":"#3"}}},{"from":[7.35,0.93822,6.98714],"to":[8.65,2.28822,8.63714],"rotation":{"angle":-22.5,"axis":"x","origin":[8,1.42238,7.35142]},"faces":{"north":{"uv":[12.25,8,11.5,8.75],"rotation":180,"texture":"#3"},"east":{"uv":[7.75,11.5,7,12.25],"rotation":90,"texture":"#3"},"south":{"uv":[9.75,12.25,9,11.5],"texture":"#3"},"west":{"uv":[8.75,11.5,8,12.25],"rotation":270,"texture":"#3"},"up":{"uv":[11.5,6.75,12.25,6],"rotation":180,"texture":"#3"},"down":{"uv":[11.5,7.75,12.25,7],"texture":"#3"}}},{"from":[7.095,5.93964,7.61557],"to":[8.905,6.73964,9.31557],"rotation":{"angle":0,"axis":"y","origin":[8,8.25,8]},"faces":{"north":{"uv":[11.5,10,12.5,9.5],"texture":"#3"},"east":{"uv":[12,12.5,12.75,12],"texture":"#3"},"south":{"uv":[11.5,10.5,12.5,10],"texture":"#3"},"west":{"uv":[0,13,0.75,12.5],"texture":"#3"},"up":{"uv":[4,11.75,3,11],"texture":"#3"},"down":{"uv":[3,11,2,11.75],"texture":"#3"}}},{"from":[7.77921,4.31036,7.77921],"to":[8.87921,11.71036,8.87921],"rotation":{"angle":-45,"axis":"y","origin":[8,8,8]},"faces":{"north":{"uv":[5.5,3,6,6.75],"texture":"#3"},"east":{"uv":[0,6,0.5,9.75],"texture":"#3"},"south":{"uv":[0.5,6,1,9.75],"texture":"#3"},"west":{"uv":[1,6,1.5,9.75],"texture":"#3"},"up":{"uv":[13,0.5,12.5,0],"texture":"#3"},"down":{"uv":[13,0.5,12.5,1],"texture":"#3"}}},{"from":[8,-6.125,14.94057],"to":[8,22.125,15.49057],"rotation":{"angle":0,"axis":"y","origin":[8,8,9]},"faces":{"north":{"uv":[0,0,0,15],"texture":"#2"},"east":{"uv":[0,0,0.2,12],"texture":"#2"},"south":{"uv":[0,0,0,15],"texture":"#2"},"west":{"uv":[0.2,0,0,12],"texture":"#2"},"up":{"uv":[0,8.25,0,0],"texture":"#2"},"down":{"uv":[0,0,0,8.25],"texture":"#2"}}}],"display":{"thirdperson_righthand":{"translation":[0,-2,3.25],"scale":[0.8,0.8,0.8]},"thirdperson_lefthand":{"translation":[0,-2,3.25],"scale":[0.8,0.8,0.8]},"firstperson_righthand":{"rotation":[9.04,0.22,8.08],"translation":[7.25,0,-8.75]},"firstperson_lefthand":{"rotation":[9.04,0.22,8.08],"translation":[7.25,0,-8.75]},"ground":{"rotation":[0,0,-82],"scale":[0.67,0.67,0.67]},"gui":{"rotation":[90,45,90],"translation":[-0.75,0.75,-2],"scale":[0.42,0.42,0.42]},"head":{"scale":[0,0,0]},"fixed":{"rotation":[90,-45,90],"translation":[0.75,1.25,-2]}},"groups":[{"name":"bow3","origin":[8,19.43366,18.25363],"color":0,"children":[{"name":"group","origin":[8,16.99486,11.26208],"color":0,"children":[0,1,2,3,4,5,6,7,8,9,10,11,12,13,14,15,16,17,18,19]},{"name":"group","origin":[8,16.99486,11.26208],"color":0,"children":[20,21,22,23,24,25,26,27,28,29,30,31,32,33,34,35,36,37,38,39]},40,41]}]}