{"credit":"Made with Blockbench","texture_size":[24,24],"textures":{"0":"item/bows/arrow","1":"item/bows/bow_34","2":"item/bows/string","particle":"item/bows/arrow"},"elements":[{"from":[7.46,18.12506,8.79971],"to":[8.53999,19.30506,13.77971],"rotation":{"angle":0,"axis":"x","origin":[7.99848,8.5,8.25]},"faces":{"north":{"uv":[8,7.33333,8.66667,8],"texture":"#1"},"east":{"uv":[8,0,11.33333,0.66667],"texture":"#1"},"south":{"uv":[11.33333,4.66667,12,5.33333],"texture":"#1"},"west":{"uv":[8,0.66667,11.33333,1.33333],"texture":"#1"},"up":{"uv":[8.66667,4.66667,8,1.33333],"texture":"#1"},"down":{"uv":[3.33333,8,2.66667,11.33333],"texture":"#1"}}},{"from":[7.4601,11.39594,18.96614],"to":[8.5399,12.22574,19.79594],"rotation":{"angle":-45,"axis":"x","origin":[7.99849,8.5,8.25]},"faces":{"north":{"uv":[4,12,4.66667,12.66667],"texture":"#1"},"east":{"uv":[12,11.33333,12.66667,12],"texture":"#1"},"south":{"uv":[12.66667,7.33333,13.33333,8],"texture":"#1"},"west":{"uv":[14,2.66667,14.66667,3.33333],"texture":"#1"},"up":{"uv":[4,14.66667,3.33333,14],"texture":"#1"},"down":{"uv":[14.66667,3.33333,14,4],"texture":"#1"}}},{"from":[7.45152,14.78004,14.475],"to":[8.55152,15.78004,17.475],"rotation":{"angle":-45,"axis":"x","origin":[8,8.25,5.75]},"faces":{"north":{"uv":[4,14,4.66667,14.66667],"texture":"#1"},"east":{"uv":[10,6.66667,12,7.33333],"texture":"#1"},"south":{"uv":[14,4,14.66667,4.66667],"texture":"#1"},"west":{"uv":[10.66667,7.33333,12.66667,8],"texture":"#1"},"up":{"uv":[2,12,1.33333,10],"texture":"#1"},"down":{"uv":[8,10.66667,7.33333,12.66667],"texture":"#1"}}},{"from":[7.45657,21.13557,8.71627],"to":[8.53637,21.86537,9.44607],"rotation":{"angle":0,"axis":"x","origin":[8,8.25,5.75]},"faces":{"north":{"uv":[8,14,8.66667,14.33333],"texture":"#1"},"east":{"uv":[2,14.66667,2.33333,15],"texture":"#1"},"south":{"uv":[11.33333,14,12,14.33333],"texture":"#1"},"west":{"uv":[2.66667,14.66667,3,15],"texture":"#1"},"up":{"uv":[14.66667,11.66667,14,11.33333],"texture":"#1"},"down":{"uv":[12.66667,14,12,14.33333],"texture":"#1"}}},{"from":[7.46152,19.59142,3.21399],"to":[8.54151,21.57142,4.19399],"rotation":{"angle":22.5,"axis":"x","origin":[8,8.25,5.75]},"faces":{"north":{"uv":[8,12.66667,8.66667,14],"texture":"#1"},"east":{"uv":[12.66667,12.66667,13.33333,14],"texture":"#1"},"south":{"uv":[13.33333,4,14,5.33333],"texture":"#1"},"west":{"uv":[13.33333,5.33333,14,6.66667],"texture":"#1"},"up":{"uv":[5.33333,14.66667,4.66667,14],"texture":"#1"},"down":{"uv":[14.66667,4.66667,14,5.33333],"texture":"#1"}}},{"from":[7.45657,20.38557,10.96627],"to":[8.53637,21.11537,11.69607],"rotation":{"angle":22.5,"axis":"x","origin":[7.999,20.2131,10.79517]},"faces":{"north":{"uv":[8,14,8.66667,14.33333],"texture":"#1"},"east":{"uv":[2,14.66667,2.33333,15],"texture":"#1"},"south":{"uv":[11.33333,14,12,14.33333],"texture":"#1"},"west":{"uv":[2.66667,14.66667,3,15],"texture":"#1"},"up":{"uv":[14.66667,11.66667,14,11.33333],"texture":"#1"},"down":{"uv":[12.66667,14,12,14.33333],"texture":"#1"}}},{"from":[7.45152,19.73011,8.55417],"to":[8.55152,20.73011,11.55417],"rotation":{"angle":-22.5,"axis":"x","origin":[7.999,20.2131,10.79517]},"faces":{"north":{"uv":[4,14,4.66667,14.66667],"texture":"#1"},"east":{"uv":[10,6.66667,12,7.33333],"texture":"#1"},"south":{"uv":[14,4,14.66667,4.66667],"texture":"#1"},"west":{"uv":[10.66667,7.33333,12.66667,8],"texture":"#1"},"up":{"uv":[2,12,1.33333,10],"texture":"#1"},"down":{"uv":[8,10.66667,7.33333,12.66667],"texture":"#1"}}},{"from":[7.46152,19.48642,9.32156],"to":[8.54151,20.46642,11.30156],"rotation":{"angle":-45,"axis":"x","origin":[7.999,20.2131,10.79517]},"faces":{"north":{"uv":[14.66667,4.66667,14,5.33333],"rotation":180,"texture":"#1"},"east":{"uv":[12.66667,12.66667,13.33333,14],"rotation":270,"texture":"#1"},"south":{"uv":[5.33333,14.66667,4.66667,14],"texture":"#1"},"west":{"uv":[13.33333,5.33333,14,6.66667],"rotation":90,"texture":"#1"},"up":{"uv":[8,12.66667,8.66667,14],"rotation":180,"texture":"#1"},"down":{"uv":[13.33333,4,14,5.33333],"texture":"#1"}}},{"from":[7.45152,10.72598,1.54307],"to":[8.55152,11.72598,4.54307],"rotation":{"angle":-22.5,"axis":"x","origin":[7.999,11.21796,2.29308]},"faces":{"north":{"uv":[14.66667,4,14,4.66667],"texture":"#1"},"east":{"uv":[12,6.66667,10,7.33333],"texture":"#1"},"south":{"uv":[4.66667,14,4,14.66667],"texture":"#1"},"west":{"uv":[12.66667,7.33333,10.66667,8],"texture":"#1"},"up":{"uv":[2,10,1.33333,12],"texture":"#1"},"down":{"uv":[8,12.66667,7.33333,10.66667],"texture":"#1"}}},{"from":[7.46152,10.48642,1.79844],"to":[8.54151,11.46642,3.77844],"rotation":{"angle":0,"axis":"x","origin":[7.999,11.21796,2.29308]},"faces":{"north":{"uv":[4.66667,14.66667,5.33333,14],"texture":"#1"},"east":{"uv":[12.66667,14,13.33333,12.66667],"rotation":270,"texture":"#1"},"south":{"uv":[14,4.66667,14.66667,5.33333],"rotation":180,"texture":"#1"},"west":{"uv":[13.33333,6.66667,14,5.33333],"rotation":90,"texture":"#1"},"up":{"uv":[8,14,8.66667,12.66667],"rotation":180,"texture":"#1"},"down":{"uv":[13.33333,5.33333,14,4],"texture":"#1"}}},{"from":[7.45657,10.31707,1.40352],"to":[8.53637,11.04687,2.13332],"rotation":{"angle":22.5,"axis":"x","origin":[7.999,11.21796,2.29308]},"faces":{"north":{"uv":[14.66667,11.33333,14,11.66667],"rotation":180,"texture":"#1"},"east":{"uv":[2.33333,14.66667,2,15],"rotation":90,"texture":"#1"},"south":{"uv":[12.66667,14.33333,12,14],"texture":"#1"},"west":{"uv":[3,14.66667,2.66667,15],"rotation":270,"texture":"#1"},"up":{"uv":[8.66667,14,8,14.33333],"texture":"#1"},"down":{"uv":[12,14,11.33333,14.33333],"rotation":180,"texture":"#1"}}},{"from":[7.45152,16.76989,8.55417],"to":[8.55152,17.76989,11.55417],"rotation":{"angle":22.5,"axis":"x","origin":[7.999,17.2869,10.79517]},"faces":{"north":{"uv":[4,14.66667,4.66667,14],"texture":"#1"},"east":{"uv":[10,7.33333,12,6.66667],"texture":"#1"},"south":{"uv":[14,4.66667,14.66667,4],"texture":"#1"},"west":{"uv":[10.66667,8,12.66667,7.33333],"texture":"#1"},"up":{"uv":[8,12.66667,7.33333,10.66667],"texture":"#1"},"down":{"uv":[2,10,1.33333,12],"texture":"#1"}}},{"from":[7.45657,16.38463,10.96627],"to":[8.53637,17.11443,11.69607],"rotation":{"angle":-22.5,"axis":"x","origin":[7.999,17.2869,10.79517]},"faces":{"north":{"uv":[8,14.33333,8.66667,14],"texture":"#1"},"east":{"uv":[2,15,2.33333,14.66667],"texture":"#1"},"south":{"uv":[11.33333,14.33333,12,14],"texture":"#1"},"west":{"uv":[2.66667,15,3,14.66667],"texture":"#1"},"up":{"uv":[12.66667,14.33333,12,14],"texture":"#1"},"down":{"uv":[14.66667,11.33333,14,11.66667],"texture":"#1"}}},{"from":[7.46152,17.03358,9.32156],"to":[8.54151,18.01358,11.30156],"rotation":{"angle":45,"axis":"x","origin":[7.999,17.2869,10.79517]},"faces":{"north":{"uv":[14.66667,5.33333,14,4.66667],"rotation":180,"texture":"#1"},"east":{"uv":[13.33333,12.66667,12.66667,14],"rotation":270,"texture":"#1"},"south":{"uv":[5.33333,14,4.66667,14.66667],"texture":"#1"},"west":{"uv":[14,5.33333,13.33333,6.66667],"rotation":90,"texture":"#1"},"up":{"uv":[13.33333,5.33333,14,4],"texture":"#1"},"down":{"uv":[8,14,8.66667,12.66667],"rotation":180,"texture":"#1"}}},{"from":[7.5,10.81855,1.57829],"to":[8.5,13.81855,2.57829],"rotation":{"angle":-45,"axis":"x","origin":[7.94748,13.43199,3.66434]},"faces":{"north":{"uv":[2,12,1.33333,10],"rotation":180,"texture":"#1"},"east":{"uv":[10,6.66667,12,7.33333],"rotation":90,"texture":"#1"},"south":{"uv":[8,10.66667,7.33333,12.66667],"texture":"#1"},"west":{"uv":[10.66667,7.33333,12.66667,8],"rotation":270,"texture":"#1"},"up":{"uv":[14,4,14.66667,4.66667],"texture":"#1"},"down":{"uv":[4,14,4.66667,14.66667],"rotation":180,"texture":"#1"}}},{"from":[7.19152,16.96169,2.10066],"to":[8.81152,20.23169,5.37066],"rotation":{"angle":22.5,"axis":"x","origin":[8,8.5,6]},"faces":{"north":{"uv":[6.66667,0,7.66667,2.33333],"texture":"#1"},"east":{"uv":[0,0,2.33333,2.33333],"texture":"#1"},"south":{"uv":[6.66667,2.66667,7.66667,5],"texture":"#1"},"west":{"uv":[0,2.66667,2.33333,5],"texture":"#1"},"up":{"uv":[6.33333,9,5.33333,6.66667],"texture":"#1"},"down":{"uv":[7.66667,5.33333,6.66667,7.66667],"texture":"#1"}}},{"from":[6.69988,17.61562,2.75459],"to":[9.29989,19.61562,4.75459],"rotation":{"angle":22.5,"axis":"x","origin":[8,8.5,6]},"faces":{"north":{"uv":[3.33333,8,5,9.33333],"texture":"#1"},"east":{"uv":[4.66667,9.33333,6,10.66667],"texture":"#1"},"south":{"uv":[8,4.66667,9.66667,6],"texture":"#1"},"west":{"uv":[6,9.33333,7.33333,10.66667],"texture":"#1"},"up":{"uv":[9.66667,7.33333,8,6],"texture":"#1"},"down":{"uv":[8.33333,8,6.66667,9.33333],"texture":"#1"}}},{"from":[6.69988,11.8281,2.0204],"to":[9.29989,13.3281,3.5204],"rotation":{"angle":-45,"axis":"x","origin":[7.99989,12.5781,2.7704]},"faces":{"north":{"uv":[12.33333,2.33333,10.66667,1.33333],"rotation":180,"texture":"#1"},"east":{"uv":[12,4.66667,13,5.66667],"rotation":90,"texture":"#1"},"south":{"uv":[12.33333,2.66667,10.66667,3.66667],"texture":"#1"},"west":{"uv":[12,6,13,7],"rotation":270,"texture":"#1"},"up":{"uv":[9.33333,10,11,11],"texture":"#1"},"down":{"uv":[10,5.33333,11.66667,6.33333],"rotation":180,"texture":"#1"}}},{"from":[7.10151,15.9904,1.21525],"to":[8.90152,17.2904,2.51525],"rotation":{"angle":22.5,"axis":"x","origin":[8,8.5,6]},"faces":{"north":{"uv":[10.66667,8,12,9],"texture":"#1"},"east":{"uv":[12,8,13,9],"texture":"#1"},"south":{"uv":[0,11.33333,1.33333,12.33333],"texture":"#1"},"west":{"uv":[12,10,13,11],"texture":"#1"},"up":{"uv":[12.66667,1,11.33333,0],"texture":"#1"},"down":{"uv":[3.33333,11.33333,2,12.33333],"texture":"#1"}}},{"from":[7.50152,17.03139,4.09714],"to":[8.50152,19.03139,6.34714],"rotation":{"angle":0,"axis":"x","origin":[8,8.5,6]},"faces":{"north":{"uv":[8.66667,13.33333,9.33333,14.66667],"texture":"#1"},"east":{"uv":[8.66667,2.66667,10.33333,4],"texture":"#1"},"south":{"uv":[9.33333,13.33333,10,14.66667],"texture":"#1"},"west":{"uv":[8.66667,7.33333,10.33333,8.66667],"texture":"#1"},"up":{"uv":[2,13.66667,1.33333,12],"texture":"#1"},"down":{"uv":[4,12,3.33333,13.66667],"texture":"#1"}}},{"from":[7.10151,13.53892,0.53004],"to":[8.90152,14.53892,2.53004],"rotation":{"angle":22.5,"axis":"x","origin":[8,8.5,6]},"faces":{"north":{"uv":[8.66667,4,10,4.66667],"texture":"#1"},"east":{"uv":[12.66667,9.33333,14,10],"texture":"#1"},"south":{"uv":[10,13.33333,11.33333,14],"texture":"#1"},"west":{"uv":[13.33333,10,14.66667,10.66667],"texture":"#1"},"up":{"uv":[8.66667,10.66667,7.33333,9.33333],"texture":"#1"},"down":{"uv":[10.66667,8.66667,9.33333,10],"texture":"#1"}}},{"from":[7.10151,12.33892,0.58004],"to":[8.90152,13.23892,2.48004],"rotation":{"angle":22.5,"axis":"x","origin":[8,8.5,6]},"faces":{"north":{"uv":[13.33333,10.66667,14.66667,11.33333],"texture":"#1"},"east":{"uv":[11.33333,13.33333,12.66667,14],"texture":"#1"},"south":{"uv":[13.33333,12.66667,14.66667,13.33333],"texture":"#1"},"west":{"uv":[13.33333,13.33333,14.66667,14],"texture":"#1"},"up":{"uv":[1.33333,11.33333,0,10],"texture":"#1"},"down":{"uv":[11.33333,4,10,5.33333],"texture":"#1"}}},{"from":[7.21152,11.49892,0.74004],"to":[8.79151,16.07892,2.32004],"rotation":{"angle":22.5,"axis":"x","origin":[8,8.5,6]},"faces":{"north":{"uv":[0,5.33333,1,8.33333],"texture":"#1"},"east":{"uv":[5.33333,0,6.33333,3],"texture":"#1"},"south":{"uv":[1.33333,5.33333,2.33333,8.33333],"texture":"#1"},"west":{"uv":[5.33333,3.33333,6.33333,6.33333],"texture":"#1"},"up":{"uv":[12.33333,13,11.33333,12],"texture":"#1"},"down":{"uv":[1,12.66667,0,13.66667],"texture":"#1"}}},{"from":[7.21152,9.49892,0.74004],"to":[8.79151,11.07892,2.32004],"rotation":{"angle":22.5,"axis":"x","origin":[8,8.5,6]},"faces":{"north":{"uv":[12.66667,0,13.66667,1],"texture":"#1"},"east":{"uv":[12.66667,1.33333,13.66667,2.33333],"texture":"#1"},"south":{"uv":[2,12.66667,3,13.66667],"texture":"#1"},"west":{"uv":[12.66667,2.66667,13.66667,3.66667],"texture":"#1"},"up":{"uv":[5,13.66667,4,12.66667],"texture":"#1"},"down":{"uv":[6.33333,12.66667,5.33333,13.66667],"texture":"#1"}}},{"from":[7.25152,9.6,3.98002],"to":[8.75152,10.1,5.48002],"rotation":{"angle":0,"axis":"y","origin":[8,8,8]},"faces":{"north":{"uv":[14,8,15,8.33333],"texture":"#1"},"east":{"uv":[14,8.66667,15,9],"texture":"#1"},"south":{"uv":[14,9.33333,15,9.66667],"texture":"#1"},"west":{"uv":[10,14,11,14.33333],"texture":"#1"},"up":{"uv":[7.66667,13.66667,6.66667,12.66667],"texture":"#1"},"down":{"uv":[13.66667,11.33333,12.66667,12.33333],"texture":"#1"}}},{"from":[7.46,-3.30506,8.79971],"to":[8.53999,-2.12506,13.77971],"rotation":{"angle":0,"axis":"x","origin":[7.99848,7.5,8.25]},"faces":{"north":{"uv":[8,8,8.66667,7.33333],"texture":"#1"},"east":{"uv":[8,0.66667,11.33333,0],"texture":"#1"},"south":{"uv":[11.33333,5.33333,12,4.66667],"texture":"#1"},"west":{"uv":[8,1.33333,11.33333,0.66667],"texture":"#1"},"up":{"uv":[3.33333,11.33333,2.66667,8],"texture":"#1"},"down":{"uv":[8.66667,1.33333,8,4.66667],"texture":"#1"}}},{"from":[7.4601,3.77426,18.96614],"to":[8.5399,4.60406,19.79594],"rotation":{"angle":45,"axis":"x","origin":[7.99849,7.5,8.25]},"faces":{"north":{"uv":[4,12.66667,4.66667,12],"texture":"#1"},"east":{"uv":[12,12,12.66667,11.33333],"texture":"#1"},"south":{"uv":[12.66667,8,13.33333,7.33333],"texture":"#1"},"west":{"uv":[14,3.33333,14.66667,2.66667],"texture":"#1"},"up":{"uv":[14.66667,4,14,3.33333],"texture":"#1"},"down":{"uv":[4,14,3.33333,14.66667],"texture":"#1"}}},{"from":[7.45152,0.21996,14.475],"to":[8.55152,1.21996,17.475],"rotation":{"angle":45,"axis":"x","origin":[8,7.75,5.75]},"faces":{"north":{"uv":[4,14.66667,4.66667,14],"texture":"#1"},"east":{"uv":[10,7.33333,12,6.66667],"texture":"#1"},"south":{"uv":[14,4.66667,14.66667,4],"texture":"#1"},"west":{"uv":[10.66667,8,12.66667,7.33333],"texture":"#1"},"up":{"uv":[8,12.66667,7.33333,10.66667],"texture":"#1"},"down":{"uv":[2,10,1.33333,12],"texture":"#1"}}},{"from":[7.45657,-5.86537,8.71627],"to":[8.53637,-5.13557,9.44607],"rotation":{"angle":0,"axis":"x","origin":[8,7.75,5.75]},"faces":{"north":{"uv":[8,14.33333,8.66667,14],"texture":"#1"},"east":{"uv":[2,15,2.33333,14.66667],"texture":"#1"},"south":{"uv":[11.33333,14.33333,12,14],"texture":"#1"},"west":{"uv":[2.66667,15,3,14.66667],"texture":"#1"},"up":{"uv":[12.66667,14.33333,12,14],"texture":"#1"},"down":{"uv":[14.66667,11.33333,14,11.66667],"texture":"#1"}}},{"from":[7.46152,-5.57142,3.21399],"to":[8.54151,-3.59142,4.19399],"rotation":{"angle":-22.5,"axis":"x","origin":[8,7.75,5.75]},"faces":{"north":{"uv":[8,14,8.66667,12.66667],"texture":"#1"},"east":{"uv":[12.66667,14,13.33333,12.66667],"texture":"#1"},"south":{"uv":[13.33333,5.33333,14,4],"texture":"#1"},"west":{"uv":[13.33333,6.66667,14,5.33333],"texture":"#1"},"up":{"uv":[14.66667,5.33333,14,4.66667],"texture":"#1"},"down":{"uv":[5.33333,14,4.66667,14.66667],"texture":"#1"}}},{"from":[7.45657,-5.11537,10.96627],"to":[8.53637,-4.38557,11.69607],"rotation":{"angle":-22.5,"axis":"x","origin":[7.999,-4.2131,10.79517]},"faces":{"north":{"uv":[8,14.33333,8.66667,14],"texture":"#1"},"east":{"uv":[2,15,2.33333,14.66667],"texture":"#1"},"south":{"uv":[11.33333,14.33333,12,14],"texture":"#1"},"west":{"uv":[2.66667,15,3,14.66667],"texture":"#1"},"up":{"uv":[12.66667,14.33333,12,14],"texture":"#1"},"down":{"uv":[14.66667,11.33333,14,11.66667],"texture":"#1"}}},{"from":[7.45152,-4.73011,8.55417],"to":[8.55152,-3.73011,11.55417],"rotation":{"angle":22.5,"axis":"x","origin":[7.999,-4.2131,10.79517]},"faces":{"north":{"uv":[4,14.66667,4.66667,14],"texture":"#1"},"east":{"uv":[10,7.33333,12,6.66667],"texture":"#1"},"south":{"uv":[14,4.66667,14.66667,4],"texture":"#1"},"west":{"uv":[10.66667,8,12.66667,7.33333],"texture":"#1"},"up":{"uv":[8,12.66667,7.33333,10.66667],"texture":"#1"},"down":{"uv":[2,10,1.33333,12],"texture":"#1"}}},{"from":[7.46152,-4.46642,9.32156],"to":[8.54151,-3.48642,11.30156],"rotation":{"angle":45,"axis":"x","origin":[7.999,-4.2131,10.79517]},"faces":{"north":{"uv":[14.66667,5.33333,14,4.66667],"rotation":180,"texture":"#1"},"east":{"uv":[13.33333,12.66667,12.66667,14],"rotation":270,"texture":"#1"},"south":{"uv":[5.33333,14,4.66667,14.66667],"texture":"#1"},"west":{"uv":[14,5.33333,13.33333,6.66667],"rotation":90,"texture":"#1"},"up":{"uv":[13.33333,5.33333,14,4],"texture":"#1"},"down":{"uv":[8,14,8.66667,12.66667],"rotation":180,"texture":"#1"}}},{"from":[7.45152,4.27402,1.54307],"to":[8.55152,5.27402,4.54307],"rotation":{"angle":22.5,"axis":"x","origin":[7.999,4.78204,2.29308]},"faces":{"north":{"uv":[14.66667,4.66667,14,4],"texture":"#1"},"east":{"uv":[12,7.33333,10,6.66667],"texture":"#1"},"south":{"uv":[4.66667,14.66667,4,14],"texture":"#1"},"west":{"uv":[12.66667,8,10.66667,7.33333],"texture":"#1"},"up":{"uv":[8,10.66667,7.33333,12.66667],"texture":"#1"},"down":{"uv":[2,12,1.33333,10],"texture":"#1"}}},{"from":[7.46152,4.53358,1.79844],"to":[8.54151,5.51358,3.77844],"rotation":{"angle":0,"axis":"x","origin":[7.999,4.78204,2.29308]},"faces":{"north":{"uv":[4.66667,14,5.33333,14.66667],"texture":"#1"},"east":{"uv":[13.33333,14,12.66667,12.66667],"rotation":270,"texture":"#1"},"south":{"uv":[14,5.33333,14.66667,4.66667],"rotation":180,"texture":"#1"},"west":{"uv":[14,6.66667,13.33333,5.33333],"rotation":90,"texture":"#1"},"up":{"uv":[13.33333,4,14,5.33333],"texture":"#1"},"down":{"uv":[8,12.66667,8.66667,14],"rotation":180,"texture":"#1"}}},{"from":[7.45657,4.95313,1.40352],"to":[8.53637,5.68293,2.13332],"rotation":{"angle":-22.5,"axis":"x","origin":[7.999,4.78204,2.29308]},"faces":{"north":{"uv":[14.66667,11.66667,14,11.33333],"rotation":180,"texture":"#1"},"east":{"uv":[2,14.66667,2.33333,15],"rotation":90,"texture":"#1"},"south":{"uv":[12.66667,14,12,14.33333],"texture":"#1"},"west":{"uv":[2.66667,14.66667,3,15],"rotation":270,"texture":"#1"},"up":{"uv":[12,14.33333,11.33333,14],"rotation":180,"texture":"#1"},"down":{"uv":[8.66667,14.33333,8,14],"texture":"#1"}}},{"from":[7.45152,-1.76989,8.55417],"to":[8.55152,-0.76989,11.55417],"rotation":{"angle":-22.5,"axis":"x","origin":[7.999,-1.2869,10.79517]},"faces":{"north":{"uv":[4,14,4.66667,14.66667],"texture":"#1"},"east":{"uv":[10,6.66667,12,7.33333],"texture":"#1"},"south":{"uv":[14,4,14.66667,4.66667],"texture":"#1"},"west":{"uv":[10.66667,7.33333,12.66667,8],"texture":"#1"},"up":{"uv":[2,12,1.33333,10],"texture":"#1"},"down":{"uv":[8,10.66667,7.33333,12.66667],"texture":"#1"}}},{"from":[7.45657,-1.11443,10.96627],"to":[8.53637,-0.38463,11.69607],"rotation":{"angle":22.5,"axis":"x","origin":[7.999,-1.2869,10.79517]},"faces":{"north":{"uv":[8,14,8.66667,14.33333],"texture":"#1"},"east":{"uv":[2,14.66667,2.33333,15],"texture":"#1"},"south":{"uv":[11.33333,14,12,14.33333],"texture":"#1"},"west":{"uv":[2.66667,14.66667,3,15],"texture":"#1"},"up":{"uv":[14.66667,11.66667,14,11.33333],"texture":"#1"},"down":{"uv":[12.66667,14,12,14.33333],"texture":"#1"}}},{"from":[7.46152,-2.01358,9.32156],"to":[8.54151,-1.03358,11.30156],"rotation":{"angle":-45,"axis":"x","origin":[7.999,-1.2869,10.79517]},"faces":{"north":{"uv":[14.66667,4.66667,14,5.33333],"rotation":180,"texture":"#1"},"east":{"uv":[12.66667,12.66667,13.33333,14],"rotation":270,"texture":"#1"},"south":{"uv":[5.33333,14.66667,4.66667,14],"texture":"#1"},"west":{"uv":[13.33333,5.33333,14,6.66667],"rotation":90,"texture":"#1"},"up":{"uv":[8,12.66667,8.66667,14],"rotation":180,"texture":"#1"},"down":{"uv":[13.33333,4,14,5.33333],"texture":"#1"}}},{"from":[7.5,2.18145,1.57829],"to":[8.5,5.18145,2.57829],"rotation":{"angle":45,"axis":"x","origin":[7.94748,2.56801,3.66434]},"faces":{"north":{"uv":[2,10,1.33333,12],"rotation":180,"texture":"#1"},"east":{"uv":[12,6.66667,10,7.33333],"rotation":90,"texture":"#1"},"south":{"uv":[8,12.66667,7.33333,10.66667],"texture":"#1"},"west":{"uv":[12.66667,7.33333,10.66667,8],"rotation":270,"texture":"#1"},"up":{"uv":[4,14.66667,4.66667,14],"rotation":180,"texture":"#1"},"down":{"uv":[14,4.66667,14.66667,4],"texture":"#1"}}},{"from":[7.19152,-4.23169,2.10066],"to":[8.81152,-0.96169,5.37066],"rotation":{"angle":-22.5,"axis":"x","origin":[8,7.5,6]},"faces":{"north":{"uv":[6.66667,2.33333,7.66667,0],"texture":"#1"},"east":{"uv":[0,2.33333,2.33333,0],"texture":"#1"},"south":{"uv":[6.66667,5,7.66667,2.66667],"texture":"#1"},"west":{"uv":[0,5,2.33333,2.66667],"texture":"#1"},"up":{"uv":[7.66667,7.66667,6.66667,5.33333],"texture":"#1"},"down":{"uv":[6.33333,6.66667,5.33333,9],"texture":"#1"}}},{"from":[6.69988,-3.61562,2.75459],"to":[9.29989,-1.61562,4.75459],"rotation":{"angle":-22.5,"axis":"x","origin":[8,7.5,6]},"faces":{"north":{"uv":[3.33333,9.33333,5,8],"texture":"#1"},"east":{"uv":[4.66667,10.66667,6,9.33333],"texture":"#1"},"south":{"uv":[8,6,9.66667,4.66667],"texture":"#1"},"west":{"uv":[6,10.66667,7.33333,9.33333],"texture":"#1"},"up":{"uv":[8.33333,9.33333,6.66667,8],"texture":"#1"},"down":{"uv":[9.66667,6,8,7.33333],"texture":"#1"}}},{"from":[6.69988,2.6719,2.0204],"to":[9.29989,4.1719,3.5204],"rotation":{"angle":45,"axis":"x","origin":[7.99989,3.4219,2.7704]},"faces":{"north":{"uv":[12.33333,1.33333,10.66667,2.33333],"rotation":180,"texture":"#1"},"east":{"uv":[13,4.66667,12,5.66667],"rotation":90,"texture":"#1"},"south":{"uv":[12.33333,3.66667,10.66667,2.66667],"texture":"#1"},"west":{"uv":[13,6,12,7],"rotation":270,"texture":"#1"},"up":{"uv":[10,6.33333,11.66667,5.33333],"rotation":180,"texture":"#1"},"down":{"uv":[9.33333,11,11,10],"texture":"#1"}}},{"from":[7.10151,-1.2904,1.21525],"to":[8.90152,0.0096,2.51525],"rotation":{"angle":-22.5,"axis":"x","origin":[8,7.5,6]},"faces":{"north":{"uv":[10.66667,9,12,8],"texture":"#1"},"east":{"uv":[12,9,13,8],"texture":"#1"},"south":{"uv":[0,12.33333,1.33333,11.33333],"texture":"#1"},"west":{"uv":[12,11,13,10],"texture":"#1"},"up":{"uv":[3.33333,12.33333,2,11.33333],"texture":"#1"},"down":{"uv":[12.66667,0,11.33333,1],"texture":"#1"}}},{"from":[7.50152,-3.03139,4.09714],"to":[8.50152,-1.03139,6.34714],"rotation":{"angle":0,"axis":"x","origin":[8,7.5,6]},"faces":{"north":{"uv":[8.66667,14.66667,9.33333,13.33333],"texture":"#1"},"east":{"uv":[8.66667,4,10.33333,2.66667],"texture":"#1"},"south":{"uv":[9.33333,14.66667,10,13.33333],"texture":"#1"},"west":{"uv":[8.66667,8.66667,10.33333,7.33333],"texture":"#1"},"up":{"uv":[4,13.66667,3.33333,12],"texture":"#1"},"down":{"uv":[2,12,1.33333,13.66667],"texture":"#1"}}},{"from":[7.10151,1.46108,0.53004],"to":[8.90152,2.46108,2.53004],"rotation":{"angle":-22.5,"axis":"x","origin":[8,7.5,6]},"faces":{"north":{"uv":[8.66667,4.66667,10,4],"texture":"#1"},"east":{"uv":[12.66667,10,14,9.33333],"texture":"#1"},"south":{"uv":[10,14,11.33333,13.33333],"texture":"#1"},"west":{"uv":[13.33333,10.66667,14.66667,10],"texture":"#1"},"up":{"uv":[10.66667,10,9.33333,8.66667],"texture":"#1"},"down":{"uv":[8.66667,9.33333,7.33333,10.66667],"texture":"#1"}}},{"from":[7.10151,2.76108,0.58004],"to":[8.90152,3.66108,2.48004],"rotation":{"angle":-22.5,"axis":"x","origin":[8,7.5,6]},"faces":{"north":{"uv":[13.33333,11.33333,14.66667,10.66667],"texture":"#1"},"east":{"uv":[11.33333,14,12.66667,13.33333],"texture":"#1"},"south":{"uv":[13.33333,13.33333,14.66667,12.66667],"texture":"#1"},"west":{"uv":[13.33333,14,14.66667,13.33333],"texture":"#1"},"up":{"uv":[11.33333,5.33333,10,4],"texture":"#1"},"down":{"uv":[1.33333,10,0,11.33333],"texture":"#1"}}},{"from":[7.21152,-0.07892,0.74004],"to":[8.79151,4.50108,2.32004],"rotation":{"angle":-22.5,"axis":"x","origin":[8,7.5,6]},"faces":{"north":{"uv":[0,8.33333,1,5.33333],"texture":"#1"},"east":{"uv":[5.33333,3,6.33333,0],"texture":"#1"},"south":{"uv":[1.33333,8.33333,2.33333,5.33333],"texture":"#1"},"west":{"uv":[5.33333,6.33333,6.33333,3.33333],"texture":"#1"},"up":{"uv":[1,13.66667,0,12.66667],"texture":"#1"},"down":{"uv":[12.33333,12,11.33333,13],"texture":"#1"}}},{"from":[7.21152,4.92108,0.74004],"to":[8.79151,6.50108,2.32004],"rotation":{"angle":-22.5,"axis":"x","origin":[8,7.5,6]},"faces":{"north":{"uv":[12.66667,1,13.66667,0],"texture":"#1"},"east":{"uv":[12.66667,2.33333,13.66667,1.33333],"texture":"#1"},"south":{"uv":[2,13.66667,3,12.66667],"texture":"#1"},"west":{"uv":[12.66667,3.66667,13.66667,2.66667],"texture":"#1"},"up":{"uv":[6.33333,13.66667,5.33333,12.66667],"texture":"#1"},"down":{"uv":[5,12.66667,4,13.66667],"texture":"#1"}}},{"from":[7.25152,5.9,3.98002],"to":[8.75152,6.4,5.48002],"rotation":{"angle":0,"axis":"y","origin":[8,8,8]},"faces":{"north":{"uv":[14,8.33333,15,8],"texture":"#1"},"east":{"uv":[14,9,15,8.66667],"texture":"#1"},"south":{"uv":[14,9.66667,15,9.33333],"texture":"#1"},"west":{"uv":[10,14.33333,11,14],"texture":"#1"},"up":{"uv":[13.66667,12.33333,12.66667,11.33333],"texture":"#1"},"down":{"uv":[7.66667,12.66667,6.66667,13.66667],"texture":"#1"}}},{"from":[7.99644,-2.2525,12.71792],"to":[7.99644,18.2525,15.63092],"rotation":{"angle":0,"axis":"y","origin":[8,8,9]},"faces":{"north":{"uv":[0,0,0,60],"texture":"#2"},"east":{"uv":[2.2,0,0.8,12],"texture":"#2"},"south":{"uv":[0,0,0,60],"texture":"#2"},"west":{"uv":[0.8,0,2.2,12],"texture":"#2"},"up":{"uv":[0,0,0,33],"texture":"#2"},"down":{"uv":[0,33,0,0],"texture":"#2"}}},{"from":[7.40152,2.3,4.13002],"to":[8.60151,13.7,5.33002],"rotation":{"angle":0,"axis":"y","origin":[8,8,8]},"faces":{"north":{"uv":[2.66667,0,3.33333,7.66667],"texture":"#1"},"east":{"uv":[3.33333,0,4,7.66667],"texture":"#1"},"south":{"uv":[4,0,4.66667,7.66667],"texture":"#1"},"west":{"uv":[4.66667,0,5.33333,7.66667],"texture":"#1"},"up":{"uv":[8,14.66667,7.33333,14],"texture":"#1"},"down":{"uv":[14.66667,7.33333,14,8],"texture":"#1"}}},{"from":[8,6.75,-7.25],"to":[8,9.25,16.75],"rotation":{"angle":0,"axis":"y","origin":[8,8,2]},"faces":{"north":{"uv":[0,0,0,2],"texture":"#0"},"east":{"uv":[0,0.33333,16,2],"texture":"#0"},"south":{"uv":[0,0,0,2],"texture":"#0"},"west":{"uv":[0,2.33333,16,4],"texture":"#0"},"up":{"uv":[0,16,0,0],"texture":"#0"},"down":{"uv":[0,0,0,16],"texture":"#0"}}},{"from":[6.75,8,-7.25],"to":[9.25,8,16.75],"rotation":{"angle":0,"axis":"y","origin":[8,8,2]},"faces":{"north":{"uv":[0,0,0,2],"rotation":90,"texture":"#0"},"east":{"uv":[0,0,0,16],"rotation":270,"texture":"#0"},"south":{"uv":[0,0,0,2],"rotation":270,"texture":"#0"},"west":{"uv":[0,16,0,0],"rotation":270,"texture":"#0"},"up":{"uv":[0,0.33333,16,2],"rotation":270,"texture":"#0"},"down":{"uv":[0,2.33333,16,4],"rotation":270,"texture":"#0"}}}],"gui_light":"front","display":{"thirdperson_righthand":{"rotation":[0,0,0],"translation":[-0.25,1.25,2.75]},"thirdperson_lefthand":{"rotation":[0,0,0],"translation":[-0.25,1.5,2.75]},"firstperson_righthand":{"rotation":[15,0,0],"translation":[4,3.5,-1.5],"scale":[0.7,0.7,0.7]},"firstperson_lefthand":{"rotation":[15,0,0],"translation":[4,3.25,-1.75],"scale":[0.7,0.7,0.7]},"ground":{"rotation":[-51,0,0],"translation":[0,5.75,-0.75],"scale":[0.7,0.7,0.7]},"gui":{"rotation":[81,44,-75],"translation":[2.2,0.75,0],"scale":[0.65,0.65,0.65]},"head":{"rotation":[0,90,0],"translation":[0,29.75,0],"scale":[0,0,0]},"fixed":{"rotation":[90,-45,90],"translation":[-3.8,1.5,-1.25],"scale":[1.1,1.1,1.1]}},"groups":[{"name":"bow14","origin":[8.00152,8,5.73002],"color":0,"children":[{"name":"group","origin":[15.00152,0.5,-1.26998],"color":0,"children":[0,1,2,3,4,5,6,7,8,9,10,11,12,13,14,15,16,17,18,19,20,21,22,23,24]},{"name":"group","origin":[15.00152,0.5,-1.26998],"color":0,"children":[25,26,27,28,29,30,31,32,33,34,35,36,37,38,39,40,41,42,43,44,45,46,47,48,49]},50,51]},{"name":"arrow","origin":[8,8,2],"color":0,"children":[52,53]}]}