{"credit":"Made with Blockbench","texture_size":[32,32],"textures":{"0":"item/bows/arrow","1":"item/bows/string","2":"item/bows/bow_7","particle":"item/bows/arrow"},"elements":[{"from":[6.6,13.84699,-0.24945],"to":[9.4,16.24699,4.15055],"rotation":{"angle":22.5,"axis":"x","origin":[8,8,8]},"faces":{"north":{"uv":[5.5,3,7,4.25],"texture":"#2"},"east":{"uv":[0,2.5,2.25,3.75],"texture":"#2"},"south":{"uv":[4,5.5,5.5,6.75],"texture":"#2"},"west":{"uv":[2.5,2.5,4.75,3.75],"texture":"#2"},"up":{"uv":[1.5,2.25,0,0],"texture":"#2"},"down":{"uv":[3,0,1.5,2.25],"texture":"#2"}}},{"from":[7.45,19.74867,9.03125],"to":[8.55,21.89867,11.18125],"rotation":{"angle":-22.5,"axis":"x","origin":[8,8,8]},"faces":{"north":{"uv":[5,3,5.5,4],"texture":"#2"},"east":{"uv":[10,5.5,11,6.5],"texture":"#2"},"south":{"uv":[3.5,7.5,4,8.5],"texture":"#2"},"west":{"uv":[10.5,2.5,11.5,3.5],"texture":"#2"},"up":{"uv":[7,8.5,6.5,7.5],"texture":"#2"},"down":{"uv":[3.5,9,3,10],"texture":"#2"}}},{"from":[7,16.87154,5.99969],"to":[9,19.77154,6.79969],"rotation":{"angle":0,"axis":"x","origin":[8,8,8]},"faces":{"north":{"uv":[8,4.5,9,6],"texture":"#2"},"east":{"uv":[5.5,11,6,12.5],"texture":"#2"},"south":{"uv":[8,6,9,7.5],"texture":"#2"},"west":{"uv":[11,5.5,11.5,7],"texture":"#2"},"up":{"uv":[12.5,5,11.5,4.5],"texture":"#2"},"down":{"uv":[12.5,5,11.5,5.5],"texture":"#2"}}},{"from":[7.005,17.92154,4.94969],"to":[8.995,18.72154,7.84969],"rotation":{"angle":0,"axis":"x","origin":[8,8,8]},"faces":{"north":{"uv":[11.5,5.5,12.5,6],"texture":"#2"},"east":{"uv":[11,2,12.5,2.5],"texture":"#2"},"south":{"uv":[6,11.5,7,12],"texture":"#2"},"west":{"uv":[11,7,12.5,7.5],"texture":"#2"},"up":{"uv":[9,9,8,7.5],"texture":"#2"},"down":{"uv":[9.5,3,8.5,4.5],"texture":"#2"}}},{"from":[7.25,14.45181,-2.97058],"to":[8.75,17.25181,-0.17058],"rotation":{"angle":45,"axis":"x","origin":[8,8,8]},"faces":{"north":{"uv":[10,0,10.75,1.5],"texture":"#2"},"east":{"uv":[3,0,4.5,1.5],"texture":"#2"},"south":{"uv":[3,10,3.75,11.5],"texture":"#2"},"west":{"uv":[4,4,5.5,5.5],"texture":"#2"},"up":{"uv":[4.75,11.5,4,10],"texture":"#2"},"down":{"uv":[10.75,4,10,5.5],"texture":"#2"}}},{"from":[7,19.5552,1.10952],"to":[9,23.1552,3.10952],"rotation":{"angle":22.5,"axis":"x","origin":[8,8,8]},"faces":{"north":{"uv":[7,4.5,8,6.25],"texture":"#2"},"east":{"uv":[7,6.5,8,8.25],"texture":"#2"},"south":{"uv":[0,7.5,1,9.25],"texture":"#2"},"west":{"uv":[1,7.5,2,9.25],"texture":"#2"},"up":{"uv":[11.5,10,10.5,9],"texture":"#2"},"down":{"uv":[10.5,10.5,9.5,11.5],"texture":"#2"}}},{"from":[7.2,22.26337,13.28847],"to":[8.8,23.86337,16.88847],"rotation":{"angle":-22.5,"axis":"x","origin":[8,8,8]},"faces":{"north":{"uv":[11,11,11.75,11.75],"texture":"#2"},"east":{"uv":[3,1.5,4.75,2.25],"texture":"#2"},"south":{"uv":[0,11.5,0.75,12.25],"texture":"#2"},"west":{"uv":[9,1.5,10.75,2.25],"texture":"#2"},"up":{"uv":[2.75,10.75,2,9],"texture":"#2"},"down":{"uv":[9.75,4.5,9,6.25],"texture":"#2"}}},{"from":[7.4,24.6231,9.98564],"to":[8.6,25.8231,13.58564],"rotation":{"angle":0,"axis":"x","origin":[8,8,8]},"faces":{"north":{"uv":[7.5,8.5,8,9],"texture":"#2"},"east":{"uv":[10.5,3.5,12.25,4],"texture":"#2"},"south":{"uv":[9,2.5,9.5,3],"texture":"#2"},"west":{"uv":[10.5,10,12.25,10.5],"texture":"#2"},"up":{"uv":[5.5,11.75,5,10],"texture":"#2"},"down":{"uv":[11,10.5,10.5,12.25],"texture":"#2"}}},{"from":[7.4,16.40555,6.14657],"to":[8.6,20.00555,7.34657],"rotation":{"angle":-22.5,"axis":"x","origin":[8,8,8]},"faces":{"north":{"uv":[11,0,11.5,1.75],"texture":"#2"},"east":{"uv":[1,11,1.5,12.75],"texture":"#2"},"south":{"uv":[1.5,11,2,12.75],"texture":"#2"},"west":{"uv":[2,11,2.5,12.75],"texture":"#2"},"up":{"uv":[10,4.5,9.5,4],"texture":"#2"},"down":{"uv":[6.5,11,6,11.5],"texture":"#2"}}},{"from":[7.2,9.34747,-0.70836],"to":[8.8,10.94747,2.89164],"rotation":{"angle":45,"axis":"x","origin":[8,8,8]},"faces":{"north":{"uv":[11.5,0,12.25,0.75],"texture":"#2"},"east":{"uv":[9,6.5,10.75,7.25],"texture":"#2"},"south":{"uv":[11.5,1,12.25,1.75],"texture":"#2"},"west":{"uv":[7.5,9,9.25,9.75],"texture":"#2"},"up":{"uv":[6.25,10.75,5.5,9],"texture":"#2"},"down":{"uv":[0.75,9.5,0,11.25],"texture":"#2"}}},{"from":[6.9,11.22531,6.59277],"to":[9.1,14.02531,8.99277],"rotation":{"angle":-22.5,"axis":"x","origin":[8,8,8]},"faces":{"north":{"uv":[6.5,8.5,7.5,10],"texture":"#2"},"east":{"uv":[7,3,8.25,4.5],"texture":"#2"},"south":{"uv":[9,0,10,1.5],"texture":"#2"},"west":{"uv":[4,7,5.25,8.5],"texture":"#2"},"up":{"uv":[10,8.75,9,7.5],"texture":"#2"},"down":{"uv":[2,9.5,1,10.75],"texture":"#2"}}},{"from":[7,7.65223,2.91314],"to":[9,8.45223,5.31314],"rotation":{"angle":45,"axis":"x","origin":[8,8,8]},"faces":{"north":{"uv":[7,11.5,8,12],"texture":"#2"},"east":{"uv":[11,8.5,12.25,9],"texture":"#2"},"south":{"uv":[8,11.5,9,12],"texture":"#2"},"west":{"uv":[11,10.5,12.25,11],"texture":"#2"},"up":{"uv":[10.5,3.75,9.5,2.5],"texture":"#2"},"down":{"uv":[10.5,9,9.5,10.25],"texture":"#2"}}},{"from":[6.6,-0.24699,-0.24945],"to":[9.4,2.15301,4.15055],"rotation":{"angle":-22.5,"axis":"x","origin":[8,8,8]},"faces":{"north":{"uv":[5.5,4.25,7,3],"texture":"#2"},"east":{"uv":[0,3.75,2.25,2.5],"texture":"#2"},"south":{"uv":[4,6.75,5.5,5.5],"texture":"#2"},"west":{"uv":[2.5,3.75,4.75,2.5],"texture":"#2"},"up":{"uv":[3,2.25,1.5,0],"texture":"#2"},"down":{"uv":[1.5,0,0,2.25],"texture":"#2"}}},{"from":[7.45,-5.89867,9.03125],"to":[8.55,-3.74867,11.18125],"rotation":{"angle":22.5,"axis":"x","origin":[8,8,8]},"faces":{"north":{"uv":[5,4,5.5,3],"texture":"#2"},"east":{"uv":[10,6.5,11,5.5],"texture":"#2"},"south":{"uv":[3.5,8.5,4,7.5],"texture":"#2"},"west":{"uv":[10.5,3.5,11.5,2.5],"texture":"#2"},"up":{"uv":[3.5,10,3,9],"texture":"#2"},"down":{"uv":[7,7.5,6.5,8.5],"texture":"#2"}}},{"from":[7,-3.77154,5.99969],"to":[9,-0.87154,6.79969],"rotation":{"angle":0,"axis":"x","origin":[8,8,8]},"faces":{"north":{"uv":[8,6,9,4.5],"texture":"#2"},"east":{"uv":[5.5,12.5,6,11],"texture":"#2"},"south":{"uv":[8,7.5,9,6],"texture":"#2"},"west":{"uv":[11,7,11.5,5.5],"texture":"#2"},"up":{"uv":[12.5,5.5,11.5,5],"texture":"#2"},"down":{"uv":[12.5,4.5,11.5,5],"texture":"#2"}}},{"from":[7.005,-2.72154,4.94969],"to":[8.995,-1.92154,7.84969],"rotation":{"angle":0,"axis":"x","origin":[8,8,8]},"faces":{"north":{"uv":[11.5,6,12.5,5.5],"texture":"#2"},"east":{"uv":[11,2.5,12.5,2],"texture":"#2"},"south":{"uv":[6,12,7,11.5],"texture":"#2"},"west":{"uv":[11,7.5,12.5,7],"texture":"#2"},"up":{"uv":[9.5,4.5,8.5,3],"texture":"#2"},"down":{"uv":[9,7.5,8,9],"texture":"#2"}}},{"from":[7.25,-1.25181,-2.97058],"to":[8.75,1.54819,-0.17058],"rotation":{"angle":-45,"axis":"x","origin":[8,8,8]},"faces":{"north":{"uv":[10,1.5,10.75,0],"texture":"#2"},"east":{"uv":[3,1.5,4.5,0],"texture":"#2"},"south":{"uv":[3,11.5,3.75,10],"texture":"#2"},"west":{"uv":[4,5.5,5.5,4],"texture":"#2"},"up":{"uv":[10.75,5.5,10,4],"texture":"#2"},"down":{"uv":[4.75,10,4,11.5],"texture":"#2"}}},{"from":[7,-7.1552,1.10952],"to":[9,-3.5552,3.10952],"rotation":{"angle":-22.5,"axis":"x","origin":[8,8,8]},"faces":{"north":{"uv":[7,6.25,8,4.5],"texture":"#2"},"east":{"uv":[7,8.25,8,6.5],"texture":"#2"},"south":{"uv":[0,9.25,1,7.5],"texture":"#2"},"west":{"uv":[1,9.25,2,7.5],"texture":"#2"},"up":{"uv":[10.5,11.5,9.5,10.5],"texture":"#2"},"down":{"uv":[11.5,9,10.5,10],"texture":"#2"}}},{"from":[7.2,-7.86337,13.28847],"to":[8.8,-6.26337,16.88847],"rotation":{"angle":22.5,"axis":"x","origin":[8,8,8]},"faces":{"north":{"uv":[11,11.75,11.75,11],"texture":"#2"},"east":{"uv":[3,2.25,4.75,1.5],"texture":"#2"},"south":{"uv":[0,12.25,0.75,11.5],"texture":"#2"},"west":{"uv":[9,2.25,10.75,1.5],"texture":"#2"},"up":{"uv":[9.75,6.25,9,4.5],"texture":"#2"},"down":{"uv":[2.75,9,2,10.75],"texture":"#2"}}},{"from":[7.4,-9.8231,9.98564],"to":[8.6,-8.6231,13.58564],"rotation":{"angle":0,"axis":"x","origin":[8,8,8]},"faces":{"north":{"uv":[7.5,9,8,8.5],"texture":"#2"},"east":{"uv":[10.5,4,12.25,3.5],"texture":"#2"},"south":{"uv":[9,3,9.5,2.5],"texture":"#2"},"west":{"uv":[10.5,10.5,12.25,10],"texture":"#2"},"up":{"uv":[11,12.25,10.5,10.5],"texture":"#2"},"down":{"uv":[5.5,10,5,11.75],"texture":"#2"}}},{"from":[7.4,-4.00555,6.14657],"to":[8.6,-0.40555,7.34657],"rotation":{"angle":22.5,"axis":"x","origin":[8,8,8]},"faces":{"north":{"uv":[11,1.75,11.5,0],"texture":"#2"},"east":{"uv":[1,12.75,1.5,11],"texture":"#2"},"south":{"uv":[1.5,12.75,2,11],"texture":"#2"},"west":{"uv":[2,12.75,2.5,11],"texture":"#2"},"up":{"uv":[6.5,11.5,6,11],"texture":"#2"},"down":{"uv":[10,4,9.5,4.5],"texture":"#2"}}},{"from":[7.2,5.05253,-0.70836],"to":[8.8,6.65253,2.89164],"rotation":{"angle":-45,"axis":"x","origin":[8,8,8]},"faces":{"north":{"uv":[11.5,0.75,12.25,0],"texture":"#2"},"east":{"uv":[9,7.25,10.75,6.5],"texture":"#2"},"south":{"uv":[11.5,1.75,12.25,1],"texture":"#2"},"west":{"uv":[7.5,9.75,9.25,9],"texture":"#2"},"up":{"uv":[0.75,11.25,0,9.5],"texture":"#2"},"down":{"uv":[6.25,9,5.5,10.75],"texture":"#2"}}},{"from":[6.9,1.97469,6.59277],"to":[9.1,4.77469,8.99277],"rotation":{"angle":22.5,"axis":"x","origin":[8,8,8]},"faces":{"north":{"uv":[6.5,10,7.5,8.5],"texture":"#2"},"east":{"uv":[7,4.5,8.25,3],"texture":"#2"},"south":{"uv":[9,1.5,10,0],"texture":"#2"},"west":{"uv":[4,8.5,5.25,7],"texture":"#2"},"up":{"uv":[2,10.75,1,9.5],"texture":"#2"},"down":{"uv":[10,7.5,9,8.75],"texture":"#2"}}},{"from":[7,7.54777,2.91314],"to":[9,8.34777,5.31314],"rotation":{"angle":-45,"axis":"x","origin":[8,8,8]},"faces":{"north":{"uv":[7,12,8,11.5],"texture":"#2"},"east":{"uv":[11,9,12.25,8.5],"texture":"#2"},"south":{"uv":[8,12,9,11.5],"texture":"#2"},"west":{"uv":[11,11,12.25,10.5],"texture":"#2"},"up":{"uv":[10.5,10.25,9.5,9],"texture":"#2"},"down":{"uv":[10.5,2.5,9.5,3.75],"texture":"#2"}}},{"from":[8,-9.125,12.78851],"to":[8,25.125,16.83851],"rotation":{"angle":0,"axis":"y","origin":[8,8,8]},"faces":{"north":{"uv":[0,0,0,30],"texture":"#1"},"east":{"uv":[2.2,0,0.8,12],"texture":"#1"},"south":{"uv":[0,0,0,30],"texture":"#1"},"west":{"uv":[0.8,0,2.2,12],"texture":"#1"},"up":{"uv":[0,0,0,16.5],"texture":"#1"},"down":{"uv":[0,16.5,0,0],"texture":"#1"}}},{"from":[7.2,4.8,4.48851],"to":[8.8,11.2,6.08851],"rotation":{"angle":0,"axis":"y","origin":[8,8,8]},"faces":{"north":{"uv":[0,4,0.75,7.25],"texture":"#2"},"east":{"uv":[1,4,1.75,7.25],"texture":"#2"},"south":{"uv":[2,4,2.75,7.25],"texture":"#2"},"west":{"uv":[3,4,3.75,7.25],"texture":"#2"},"up":{"uv":[12.25,3.25,11.5,2.5],"texture":"#2"},"down":{"uv":[3.75,11.5,3,12.25],"texture":"#2"}}},{"from":[8,6.75,-7],"to":[8,9.25,17],"rotation":{"angle":0,"axis":"y","origin":[8,8,2]},"faces":{"north":{"uv":[0,0,0,2],"texture":"#0"},"east":{"uv":[0,0.33333,16,2],"texture":"#0"},"south":{"uv":[0,0,0,2],"texture":"#0"},"west":{"uv":[0,2.33333,16,4],"texture":"#0"},"up":{"uv":[0,16,0,0],"texture":"#0"},"down":{"uv":[0,0,0,16],"texture":"#0"}}},{"from":[6.75,8,-7],"to":[9.25,8,17],"rotation":{"angle":0,"axis":"y","origin":[8,8,2]},"faces":{"north":{"uv":[0,0,0,2],"rotation":90,"texture":"#0"},"east":{"uv":[0,0,0,16],"rotation":270,"texture":"#0"},"south":{"uv":[0,0,0,2],"rotation":270,"texture":"#0"},"west":{"uv":[0,16,0,0],"rotation":270,"texture":"#0"},"up":{"uv":[0,0.33333,16,2],"rotation":270,"texture":"#0"},"down":{"uv":[0,2.33333,16,4],"rotation":270,"texture":"#0"}}}],"display":{"thirdperson_righthand":{"translation":[0,-2,3.25],"scale":[0.8,0.8,0.8]},"thirdperson_lefthand":{"translation":[0,-2,3.25],"scale":[0.8,0.8,0.8]},"firstperson_righthand":{"rotation":[9.04,0.22,8.08],"translation":[7.25,0,-8.75]},"firstperson_lefthand":{"rotation":[9.04,0.22,8.08],"translation":[7.25,0,-8.75]},"ground":{"rotation":[0,0,-82],"scale":[0.67,0.67,0.67]},"gui":{"rotation":[90,45,90],"translation":[-0.75,0.75,-2],"scale":[0.46,0.46,0.46]},"head":{"scale":[0,0,0]},"fixed":{"rotation":[90,-45,90],"translation":[0.75,1.25,-2]}},"groups":[{"name":"bow7","origin":[8,20.80866,16.82657],"color":0,"children":[{"name":"group","origin":[8,10.03536,5.28851],"color":0,"children":[0,1,2,3,4,5,6,7,8,9,10,11]},{"name":"group","origin":[8,10.03536,5.28851],"color":0,"children":[12,13,14,15,16,17,18,19,20,21,22,23]},24,25]},{"name":"arrow","origin":[8,8,2],"color":0,"children":[26,27]}]}