{"credit":"Made with Blockbench","texture_size":[32,32],"textures":{"0":"item/bows/arrow","1":"item/bows/bow_4","2":"item/bows/string","particle":"item/bows/arrow"},"elements":[{"from":[6.8,8.309,2.47441],"to":[9.2,9.109,4.87441],"rotation":{"angle":22.5,"axis":"x","origin":[8,8,8]},"faces":{"north":{"uv":[13.25,0,12,0.5],"texture":"#1"},"east":{"uv":[12.75,11.5,11.5,12],"texture":"#1"},"south":{"uv":[12.75,11,11.5,11.5],"texture":"#1"},"west":{"uv":[13.25,0.5,12,1],"texture":"#1"},"up":{"uv":[9.75,2.5,8.5,3.75],"texture":"#1"},"down":{"uv":[5.25,9.75,4,8.5],"texture":"#1"}}},{"from":[6.6,15.23875,8.14955],"to":[9.4,17.63875,10.94955],"rotation":{"angle":-22.5,"axis":"x","origin":[8,8,8]},"faces":{"north":{"uv":[8.5,3,7,4.25],"texture":"#1"},"east":{"uv":[8,1.5,6.5,2.75],"texture":"#1"},"south":{"uv":[7,6,5.5,7.25],"texture":"#1"},"west":{"uv":[5.5,7,4,8.25],"texture":"#1"},"up":{"uv":[4.5,0,3,1.5],"texture":"#1"},"down":{"uv":[5.5,5.5,4,4],"texture":"#1"}}},{"from":[6.6,11.95689,5.99061],"to":[9.4,14.75689,8.39061],"rotation":{"angle":-22.5,"axis":"x","origin":[8,8,8]},"faces":{"north":{"uv":[3,1.5,4.5,0],"texture":"#1"},"east":{"uv":[6.5,2.75,8,1.5],"rotation":270,"texture":"#1"},"south":{"uv":[4,4,5.5,5.5],"rotation":180,"texture":"#1"},"west":{"uv":[4,8.25,5.5,7],"rotation":90,"texture":"#1"},"up":{"uv":[5.5,7.25,7,6],"rotation":180,"texture":"#1"},"down":{"uv":[7,4.25,8.5,3],"texture":"#1"}}},{"from":[7,14.89416,0.49722],"to":[9,17.69416,3.29722],"rotation":{"angle":22.5,"axis":"x","origin":[8,8,8]},"faces":{"north":{"uv":[6.5,9.5,5.5,11],"texture":"#1"},"east":{"uv":[6,0,4.5,1.5],"texture":"#1"},"south":{"uv":[10,0,9,1.5],"texture":"#1"},"west":{"uv":[6.5,1.5,5,3],"texture":"#1"},"up":{"uv":[7.5,9.5,6.5,11],"texture":"#1"},"down":{"uv":[8.5,11,7.5,9.5],"texture":"#1"}}},{"from":[7,19.9242,2.75815],"to":[9,22.7242,5.55815],"rotation":{"angle":0,"axis":"x","origin":[8,8,8]},"faces":{"north":{"uv":[11,0,10,1.5],"texture":"#1"},"east":{"uv":[7,3,5.5,4.5],"texture":"#1"},"south":{"uv":[1,10,0,11.5],"texture":"#1"},"west":{"uv":[5.5,5.5,4,7],"texture":"#1"},"up":{"uv":[11,1.5,10,3],"texture":"#1"},"down":{"uv":[11,4.5,10,3],"texture":"#1"}}},{"from":[6.6,18.83875,7.34955],"to":[9.4,21.23875,11.74955],"rotation":{"angle":-22.5,"axis":"x","origin":[8,8,8]},"faces":{"north":{"uv":[8.5,6,7,7.25],"texture":"#1"},"east":{"uv":[2.25,2.5,0,3.75],"texture":"#1"},"south":{"uv":[8.5,4.5,7,5.75],"texture":"#1"},"west":{"uv":[4.75,2.5,2.5,3.75],"texture":"#1"},"up":{"uv":[1.5,0,0,2.25],"texture":"#1"},"down":{"uv":[3,2.25,1.5,0],"texture":"#1"}}},{"from":[7,24.79969,9.12308],"to":[9,27.59969,11.92308],"rotation":{"angle":0,"axis":"x","origin":[8,8,8]},"faces":{"north":{"uv":[7.5,9.5,8.5,11],"texture":"#1"},"east":{"uv":[4.5,1.5,6,0],"rotation":90,"texture":"#1"},"south":{"uv":[6.5,11,7.5,9.5],"rotation":180,"texture":"#1"},"west":{"uv":[5,3,6.5,1.5],"rotation":270,"texture":"#1"},"up":{"uv":[5.5,11,6.5,9.5],"texture":"#1"},"down":{"uv":[9,1.5,10,0],"rotation":180,"texture":"#1"}}},{"from":[6.6,16.88503,23.31179],"to":[9.4,21.28503,25.71179],"rotation":{"angle":-45,"axis":"x","origin":[8,8,8]},"faces":{"north":{"uv":[1.5,0,3,2.25],"texture":"#1"},"east":{"uv":[0,3.75,2.25,2.5],"rotation":90,"texture":"#1"},"south":{"uv":[0,2.25,1.5,0],"rotation":180,"texture":"#1"},"west":{"uv":[2.5,3.75,4.75,2.5],"rotation":270,"texture":"#1"},"up":{"uv":[7,7.25,8.5,6],"texture":"#1"},"down":{"uv":[7,5.75,8.5,4.5],"rotation":180,"texture":"#1"}}},{"from":[7,23.82643,19.2217],"to":[9,26.62643,22.0217],"rotation":{"angle":-22.5,"axis":"x","origin":[8,8,8]},"faces":{"north":{"uv":[10,3,11,4.5],"texture":"#1"},"east":{"uv":[5.5,4.5,7,3],"rotation":90,"texture":"#1"},"south":{"uv":[10,3,11,1.5],"rotation":180,"texture":"#1"},"west":{"uv":[4,7,5.5,5.5],"rotation":270,"texture":"#1"},"up":{"uv":[10,1.5,11,0],"texture":"#1"},"down":{"uv":[0,11.5,1,10],"rotation":180,"texture":"#1"}}},{"from":[7.2,6.76036,0.5353],"to":[8.8,9.56036,3.3353],"rotation":{"angle":45,"axis":"x","origin":[8,8,8]},"faces":{"north":{"uv":[8.75,11,8,12.5],"texture":"#1"},"east":{"uv":[7,4.5,5.5,6],"texture":"#1"},"south":{"uv":[7.75,11,7,12.5],"texture":"#1"},"west":{"uv":[7.5,0,6,1.5],"texture":"#1"},"up":{"uv":[9.75,11,9,12.5],"texture":"#1"},"down":{"uv":[0.75,13,0,11.5],"texture":"#1"}}},{"from":[7.1,5.82899,-0.39607],"to":[8.9,8.22899,2.00393],"rotation":{"angle":45,"axis":"x","origin":[8,8,8]},"faces":{"north":{"uv":[6,11,5,12.25],"texture":"#1"},"east":{"uv":[9.75,4,8.5,5.25],"texture":"#1"},"south":{"uv":[12,2,11,3.25],"texture":"#1"},"west":{"uv":[9.75,5.5,8.5,6.75],"texture":"#1"},"up":{"uv":[12,5.5,11,6.75],"texture":"#1"},"down":{"uv":[7,12.25,6,11],"texture":"#1"}}},{"from":[7,19.55273,-0.23887],"to":[9,23.15273,1.76113],"rotation":{"angle":22.5,"axis":"x","origin":[8,8,8]},"faces":{"north":{"uv":[8.5,7.5,7.5,9.25],"texture":"#1"},"east":{"uv":[7.5,7.5,6.5,9.25],"texture":"#1"},"south":{"uv":[6.5,7.5,5.5,9.25],"texture":"#1"},"west":{"uv":[1,8,0,9.75],"texture":"#1"},"up":{"uv":[10,1.5,9,2.5],"texture":"#1"},"down":{"uv":[12,4.5,11,3.5],"texture":"#1"}}},{"from":[7.2,23.23149,12.45216],"to":[8.8,24.83149,16.05216],"rotation":{"angle":-22.5,"axis":"x","origin":[8,8,8]},"faces":{"north":{"uv":[4.75,12,4,12.75],"texture":"#1"},"east":{"uv":[4.75,1.5,3,2.25],"texture":"#1"},"south":{"uv":[12.75,3,12,3.75],"texture":"#1"},"west":{"uv":[11.75,4.5,10,5.25],"texture":"#1"},"up":{"uv":[4.75,10,4,11.75],"texture":"#1"},"down":{"uv":[10.75,7.25,10,5.5],"texture":"#1"}}},{"from":[7.3,8.64822,0.76962],"to":[8.7,13.04822,2.16962],"rotation":{"angle":45,"axis":"x","origin":[8,8,8]},"faces":{"north":{"uv":[2.75,8,2,10.25],"texture":"#1"},"east":{"uv":[1.75,8,1,10.25],"texture":"#1"},"south":{"uv":[8.75,0,8,2.25],"texture":"#1"},"west":{"uv":[3.75,8,3,10.25],"texture":"#1"},"up":{"uv":[12.75,4,12,4.75],"texture":"#1"},"down":{"uv":[12.75,5.75,12,5],"texture":"#1"}}},{"from":[6.8,6.891,2.47441],"to":[9.2,7.691,4.87441],"rotation":{"angle":-22.5,"axis":"x","origin":[8,8,8]},"faces":{"north":{"uv":[13.25,0.5,12,0],"texture":"#1"},"east":{"uv":[12.75,12,11.5,11.5],"texture":"#1"},"south":{"uv":[12.75,11.5,11.5,11],"texture":"#1"},"west":{"uv":[13.25,1,12,0.5],"texture":"#1"},"up":{"uv":[5.25,8.5,4,9.75],"texture":"#1"},"down":{"uv":[9.75,3.75,8.5,2.5],"texture":"#1"}}},{"from":[6.6,-1.63875,8.14955],"to":[9.4,0.76125,10.94955],"rotation":{"angle":22.5,"axis":"x","origin":[8,8,8]},"faces":{"north":{"uv":[8.5,4.25,7,3],"texture":"#1"},"east":{"uv":[8,2.75,6.5,1.5],"texture":"#1"},"south":{"uv":[7,7.25,5.5,6],"texture":"#1"},"west":{"uv":[5.5,8.25,4,7],"texture":"#1"},"up":{"uv":[5.5,4,4,5.5],"texture":"#1"},"down":{"uv":[4.5,1.5,3,0],"texture":"#1"}}},{"from":[6.6,1.24311,5.99061],"to":[9.4,4.04311,8.39061],"rotation":{"angle":22.5,"axis":"x","origin":[8,8,8]},"faces":{"north":{"uv":[3,0,4.5,1.5],"texture":"#1"},"east":{"uv":[8,2.75,6.5,1.5],"rotation":270,"texture":"#1"},"south":{"uv":[4,5.5,5.5,4],"rotation":180,"texture":"#1"},"west":{"uv":[5.5,8.25,4,7],"rotation":90,"texture":"#1"},"up":{"uv":[7,3,8.5,4.25],"texture":"#1"},"down":{"uv":[5.5,6,7,7.25],"rotation":180,"texture":"#1"}}},{"from":[7,-1.69416,0.49722],"to":[9,1.10584,3.29722],"rotation":{"angle":-22.5,"axis":"x","origin":[8,8,8]},"faces":{"north":{"uv":[6.5,11,5.5,9.5],"texture":"#1"},"east":{"uv":[6,1.5,4.5,0],"texture":"#1"},"south":{"uv":[10,1.5,9,0],"texture":"#1"},"west":{"uv":[6.5,3,5,1.5],"texture":"#1"},"up":{"uv":[8.5,9.5,7.5,11],"texture":"#1"},"down":{"uv":[7.5,11,6.5,9.5],"texture":"#1"}}},{"from":[7,-6.7242,2.75815],"to":[9,-3.9242,5.55815],"rotation":{"angle":0,"axis":"x","origin":[8,8,8]},"faces":{"north":{"uv":[11,1.5,10,0],"texture":"#1"},"east":{"uv":[7,4.5,5.5,3],"texture":"#1"},"south":{"uv":[1,11.5,0,10],"texture":"#1"},"west":{"uv":[5.5,7,4,5.5],"texture":"#1"},"up":{"uv":[11,3,10,4.5],"texture":"#1"},"down":{"uv":[11,3,10,1.5],"texture":"#1"}}},{"from":[6.6,-5.23875,7.34955],"to":[9.4,-2.83875,11.74955],"rotation":{"angle":22.5,"axis":"x","origin":[8,8,8]},"faces":{"north":{"uv":[8.5,7.25,7,6],"texture":"#1"},"east":{"uv":[2.25,3.75,0,2.5],"texture":"#1"},"south":{"uv":[8.5,5.75,7,4.5],"texture":"#1"},"west":{"uv":[4.75,3.75,2.5,2.5],"texture":"#1"},"up":{"uv":[3,0,1.5,2.25],"texture":"#1"},"down":{"uv":[1.5,2.25,0,0],"texture":"#1"}}},{"from":[7,-11.59969,9.12308],"to":[9,-8.79969,11.92308],"rotation":{"angle":0,"axis":"x","origin":[8,8,8]},"faces":{"north":{"uv":[7.5,11,8.5,9.5],"texture":"#1"},"east":{"uv":[6,1.5,4.5,0],"rotation":90,"texture":"#1"},"south":{"uv":[6.5,9.5,7.5,11],"rotation":180,"texture":"#1"},"west":{"uv":[6.5,3,5,1.5],"rotation":270,"texture":"#1"},"up":{"uv":[9,0,10,1.5],"rotation":180,"texture":"#1"},"down":{"uv":[5.5,9.5,6.5,11],"texture":"#1"}}},{"from":[6.6,-5.28503,23.31179],"to":[9.4,-0.88503,25.71179],"rotation":{"angle":45,"axis":"x","origin":[8,8,8]},"faces":{"north":{"uv":[1.5,2.25,3,0],"texture":"#1"},"east":{"uv":[2.25,3.75,0,2.5],"rotation":90,"texture":"#1"},"south":{"uv":[0,0,1.5,2.25],"rotation":180,"texture":"#1"},"west":{"uv":[4.75,3.75,2.5,2.5],"rotation":270,"texture":"#1"},"up":{"uv":[7,4.5,8.5,5.75],"rotation":180,"texture":"#1"},"down":{"uv":[7,6,8.5,7.25],"texture":"#1"}}},{"from":[7,-10.62643,19.2217],"to":[9,-7.82643,22.0217],"rotation":{"angle":22.5,"axis":"x","origin":[8,8,8]},"faces":{"north":{"uv":[10,4.5,11,3],"texture":"#1"},"east":{"uv":[7,4.5,5.5,3],"rotation":90,"texture":"#1"},"south":{"uv":[10,1.5,11,3],"rotation":180,"texture":"#1"},"west":{"uv":[5.5,7,4,5.5],"rotation":270,"texture":"#1"},"up":{"uv":[0,10,1,11.5],"rotation":180,"texture":"#1"},"down":{"uv":[10,0,11,1.5],"texture":"#1"}}},{"from":[7.2,6.43964,0.5353],"to":[8.8,9.23964,3.3353],"rotation":{"angle":-45,"axis":"x","origin":[8,8,8]},"faces":{"north":{"uv":[8.75,12.5,8,11],"texture":"#1"},"east":{"uv":[7,6,5.5,4.5],"texture":"#1"},"south":{"uv":[7.75,12.5,7,11],"texture":"#1"},"west":{"uv":[7.5,1.5,6,0],"texture":"#1"},"up":{"uv":[0.75,11.5,0,13],"texture":"#1"},"down":{"uv":[9.75,12.5,9,11],"texture":"#1"}}},{"from":[7.1,7.77101,-0.39607],"to":[8.9,10.17101,2.00393],"rotation":{"angle":-45,"axis":"x","origin":[8,8,8]},"faces":{"north":{"uv":[6,12.25,5,11],"texture":"#1"},"east":{"uv":[9.75,5.25,8.5,4],"texture":"#1"},"south":{"uv":[12,3.25,11,2],"texture":"#1"},"west":{"uv":[9.75,6.75,8.5,5.5],"texture":"#1"},"up":{"uv":[7,11,6,12.25],"texture":"#1"},"down":{"uv":[12,6.75,11,5.5],"texture":"#1"}}},{"from":[7,-7.15273,-0.23887],"to":[9,-3.55273,1.76113],"rotation":{"angle":-22.5,"axis":"x","origin":[8,8,8]},"faces":{"north":{"uv":[8.5,9.25,7.5,7.5],"texture":"#1"},"east":{"uv":[7.5,9.25,6.5,7.5],"texture":"#1"},"south":{"uv":[6.5,9.25,5.5,7.5],"texture":"#1"},"west":{"uv":[1,9.75,0,8],"texture":"#1"},"up":{"uv":[12,3.5,11,4.5],"texture":"#1"},"down":{"uv":[10,2.5,9,1.5],"texture":"#1"}}},{"from":[7.2,-8.83149,12.45216],"to":[8.8,-7.23149,16.05216],"rotation":{"angle":22.5,"axis":"x","origin":[8,8,8]},"faces":{"north":{"uv":[4.75,12.75,4,12],"texture":"#1"},"east":{"uv":[4.75,2.25,3,1.5],"texture":"#1"},"south":{"uv":[12.75,3.75,12,3],"texture":"#1"},"west":{"uv":[11.75,5.25,10,4.5],"texture":"#1"},"up":{"uv":[10.75,5.5,10,7.25],"texture":"#1"},"down":{"uv":[4.75,11.75,4,10],"texture":"#1"}}},{"from":[7.3,2.95178,0.76962],"to":[8.7,7.35178,2.16962],"rotation":{"angle":-45,"axis":"x","origin":[8,8,8]},"faces":{"north":{"uv":[2.75,10.25,2,8],"texture":"#1"},"east":{"uv":[1.75,10.25,1,8],"texture":"#1"},"south":{"uv":[8.75,2.25,8,0],"texture":"#1"},"west":{"uv":[3.75,10.25,3,8],"texture":"#1"},"up":{"uv":[12.75,5,12,5.75],"texture":"#1"},"down":{"uv":[12.75,4.75,12,4],"texture":"#1"}}},{"from":[7.25,4.3,3.575],"to":[8.75,11.7,4.975],"rotation":{"angle":0,"axis":"y","origin":[8,8,8]},"faces":{"north":{"uv":[2.75,4,2,7.75],"texture":"#1"},"east":{"uv":[1.75,4,1,7.75],"texture":"#1"},"south":{"uv":[0.75,4,0,7.75],"texture":"#1"},"west":{"uv":[3.75,4,3,7.75],"texture":"#1"},"up":{"uv":[12.25,12,11.5,12.75],"texture":"#1"},"down":{"uv":[1.75,13.25,1,12.5],"texture":"#1"}}},{"from":[8,-11.125,13.5],"to":[8,27.125,18.05],"rotation":{"angle":0,"axis":"y","origin":[8,8,8]},"faces":{"north":{"uv":[0,0,0,15],"texture":"#2"},"east":{"uv":[2.2,0,0.8,12],"texture":"#2"},"south":{"uv":[0,0,0,15],"texture":"#2"},"west":{"uv":[0.8,0,2.2,12],"texture":"#2"},"up":{"uv":[0,0,0,8.25],"texture":"#2"},"down":{"uv":[0,8.25,0,0],"texture":"#2"}}},{"from":[8,6.75,-6],"to":[8,9.25,18],"rotation":{"angle":0,"axis":"y","origin":[8,8,2]},"faces":{"north":{"uv":[0,0,0,2],"texture":"#0"},"east":{"uv":[0,0.33333,16,2],"texture":"#0"},"south":{"uv":[0,0,0,2],"texture":"#0"},"west":{"uv":[0,2.33333,16,4],"texture":"#0"},"up":{"uv":[0,16,0,0],"texture":"#0"},"down":{"uv":[0,0,0,16],"texture":"#0"}}},{"from":[6.75,8,-6],"to":[9.25,8,18],"rotation":{"angle":0,"axis":"y","origin":[8,8,2]},"faces":{"north":{"uv":[0,0,0,2],"rotation":90,"texture":"#0"},"east":{"uv":[0,0,0,16],"rotation":270,"texture":"#0"},"south":{"uv":[0,0,0,2],"rotation":270,"texture":"#0"},"west":{"uv":[0,16,0,0],"rotation":270,"texture":"#0"},"up":{"uv":[0,0.33333,16,2],"rotation":270,"texture":"#0"},"down":{"uv":[0,2.33333,16,4],"rotation":270,"texture":"#0"}}}],"gui_light":"front","display":{"thirdperson_righthand":{"translation":[0,-2,4.75],"scale":[0.71,0.71,0.71]},"thirdperson_lefthand":{"translation":[0,-2,4.75],"scale":[0.71,0.71,0.71]},"firstperson_righthand":{"rotation":[9.04,0.22,8.08],"translation":[7.25,0,-8.75],"scale":[0.88,0.88,0.88]},"firstperson_lefthand":{"rotation":[9.04,0.22,8.08],"translation":[7.25,0,-8.75],"scale":[0.88,0.88,0.88]},"ground":{"rotation":[0,0,-82],"scale":[0.53,0.53,0.53]},"gui":{"rotation":[90,45,90],"translation":[-0.75,0.75,-2],"scale":[0.41,0.41,0.41]},"head":{"scale":[0,0,0]},"fixed":{"rotation":[90,-45,90],"translation":[0.75,1.25,-2],"scale":[0.91,0.91,0.91]}},"groups":[{"name":"bow4","origin":[8,20.80866,23.51306],"color":0,"children":[{"name":"group","origin":[8,6.83536,11.725],"color":0,"children":[0,1,2,3,4,5,6,7,8,9,10,11,12,13]},{"name":"group","origin":[8,6.83536,11.725],"color":0,"children":[14,15,16,17,18,19,20,21,22,23,24,25,26,27]},28,29]},{"name":"arrow","origin":[8,8,2],"color":0,"children":[30,31]}]}