{"credit":"Made with Blockbench","texture_size":[24,24],"textures":{"0":"item/bows/arrow","1":"item/bows/bow_14","2":"item/bows/string","particle":"item/bows/arrow"},"elements":[{"from":[7.46,17.62506,8.54971],"to":[8.53999,18.80506,13.52971],"rotation":{"angle":0,"axis":"x","origin":[7.99848,8,8]},"faces":{"north":{"uv":[8,7.33333,8.66667,8],"texture":"#1"},"east":{"uv":[8,0,11.33333,0.66667],"texture":"#1"},"south":{"uv":[11.33333,4.66667,12,5.33333],"texture":"#1"},"west":{"uv":[8,0.66667,11.33333,1.33333],"texture":"#1"},"up":{"uv":[8.66667,4.66667,8,1.33333],"texture":"#1"},"down":{"uv":[3.33333,8,2.66667,11.33333],"texture":"#1"}}},{"from":[7.4601,10.89594,18.71614],"to":[8.5399,11.72574,19.54594],"rotation":{"angle":-45,"axis":"x","origin":[7.99849,8,8]},"faces":{"north":{"uv":[4,12,4.66667,12.66667],"texture":"#1"},"east":{"uv":[12,11.33333,12.66667,12],"texture":"#1"},"south":{"uv":[12.66667,7.33333,13.33333,8],"texture":"#1"},"west":{"uv":[14,2.66667,14.66667,3.33333],"texture":"#1"},"up":{"uv":[4,14.66667,3.33333,14],"texture":"#1"},"down":{"uv":[14.66667,3.33333,14,4],"texture":"#1"}}},{"from":[7.45152,14.53004,16.725],"to":[8.55152,15.53004,19.725],"rotation":{"angle":-45,"axis":"x","origin":[8,8,8]},"faces":{"north":{"uv":[4,14,4.66667,14.66667],"texture":"#1"},"east":{"uv":[10,6.66667,12,7.33333],"texture":"#1"},"south":{"uv":[14,4,14.66667,4.66667],"texture":"#1"},"west":{"uv":[10.66667,7.33333,12.66667,8],"texture":"#1"},"up":{"uv":[2,12,1.33333,10],"texture":"#1"},"down":{"uv":[8,10.66667,7.33333,12.66667],"texture":"#1"}}},{"from":[7.45657,20.88557,10.96627],"to":[8.53637,21.61537,11.69607],"rotation":{"angle":0,"axis":"x","origin":[8,8,8]},"faces":{"north":{"uv":[8,14,8.66667,14.33333],"texture":"#1"},"east":{"uv":[2,14.66667,2.33333,15],"texture":"#1"},"south":{"uv":[11.33333,14,12,14.33333],"texture":"#1"},"west":{"uv":[2.66667,14.66667,3,15],"texture":"#1"},"up":{"uv":[14.66667,11.66667,14,11.33333],"texture":"#1"},"down":{"uv":[12.66667,14,12,14.33333],"texture":"#1"}}},{"from":[7.46152,19.34142,5.46399],"to":[8.54151,21.32142,6.44399],"rotation":{"angle":22.5,"axis":"x","origin":[8,8,8]},"faces":{"north":{"uv":[8,12.66667,8.66667,14],"texture":"#1"},"east":{"uv":[12.66667,12.66667,13.33333,14],"texture":"#1"},"south":{"uv":[13.33333,4,14,5.33333],"texture":"#1"},"west":{"uv":[13.33333,5.33333,14,6.66667],"texture":"#1"},"up":{"uv":[5.33333,14.66667,4.66667,14],"texture":"#1"},"down":{"uv":[14.66667,4.66667,14,5.33333],"texture":"#1"}}},{"from":[7.45152,11.56855,1.57829],"to":[8.55152,14.56855,2.57829],"rotation":{"angle":-45,"axis":"x","origin":[7.999,14.18199,3.66434]},"faces":{"north":{"uv":[2,12,1.33333,10],"rotation":180,"texture":"#1"},"east":{"uv":[10,6.66667,12,7.33333],"rotation":90,"texture":"#1"},"south":{"uv":[8,10.66667,7.33333,12.66667],"texture":"#1"},"west":{"uv":[10.66667,7.33333,12.66667,8],"rotation":270,"texture":"#1"},"up":{"uv":[14,4,14.66667,4.66667],"texture":"#1"},"down":{"uv":[4,14,4.66667,14.66667],"rotation":180,"texture":"#1"}}},{"from":[7.45657,12.98025,1.91594],"to":[8.53637,13.71005,2.64574],"rotation":{"angle":0,"axis":"x","origin":[7.999,14.18199,3.66434]},"faces":{"north":{"uv":[14.66667,11.66667,14,11.33333],"rotation":180,"texture":"#1"},"east":{"uv":[2,14.66667,2.33333,15],"rotation":90,"texture":"#1"},"south":{"uv":[12.66667,14,12,14.33333],"texture":"#1"},"west":{"uv":[2.66667,14.66667,3,15],"rotation":270,"texture":"#1"},"up":{"uv":[11.33333,14,12,14.33333],"texture":"#1"},"down":{"uv":[8,14,8.66667,14.33333],"rotation":180,"texture":"#1"}}},{"from":[7.46152,12.33654,2.9016],"to":[8.54151,13.31654,4.8816],"rotation":{"angle":22.5,"axis":"x","origin":[7.999,14.18199,3.66434]},"faces":{"north":{"uv":[5.33333,14.66667,4.66667,14],"rotation":180,"texture":"#1"},"east":{"uv":[12.66667,12.66667,13.33333,14],"rotation":90,"texture":"#1"},"south":{"uv":[14.66667,4.66667,14,5.33333],"texture":"#1"},"west":{"uv":[13.33333,5.33333,14,6.66667],"rotation":270,"texture":"#1"},"up":{"uv":[13.33333,4,14,5.33333],"texture":"#1"},"down":{"uv":[8,12.66667,8.66667,14],"rotation":180,"texture":"#1"}}},{"from":[7.46,10.94638,3.80237],"to":[8.53999,15.92638,4.98237],"rotation":{"angle":0,"axis":"x","origin":[7.999,14.18199,3.66434]},"faces":{"north":{"uv":[8.66667,4.66667,8,1.33333],"rotation":180,"texture":"#1"},"east":{"uv":[8,0,11.33333,0.66667],"rotation":90,"texture":"#1"},"south":{"uv":[3.33333,8,2.66667,11.33333],"texture":"#1"},"west":{"uv":[8,0.66667,11.33333,1.33333],"rotation":270,"texture":"#1"},"up":{"uv":[11.33333,4.66667,12,5.33333],"texture":"#1"},"down":{"uv":[8,7.33333,8.66667,8],"rotation":180,"texture":"#1"}}},{"from":[7.4601,14.48357,4.99991],"to":[8.5399,15.31337,5.82971],"rotation":{"angle":-45,"axis":"x","origin":[7.999,14.18199,3.66434]},"faces":{"north":{"uv":[4,14.66667,3.33333,14],"rotation":180,"texture":"#1"},"east":{"uv":[12,11.33333,12.66667,12],"rotation":90,"texture":"#1"},"south":{"uv":[14.66667,3.33333,14,4],"texture":"#1"},"west":{"uv":[14,2.66667,14.66667,3.33333],"rotation":270,"texture":"#1"},"up":{"uv":[12.66667,7.33333,13.33333,8],"texture":"#1"},"down":{"uv":[4,12,4.66667,12.66667],"rotation":180,"texture":"#1"}}},{"from":[7.19152,16.46169,4.10066],"to":[8.81152,19.73169,7.37066],"rotation":{"angle":22.5,"axis":"x","origin":[8,8,8]},"faces":{"north":{"uv":[6.66667,0,7.66667,2.33333],"texture":"#1"},"east":{"uv":[0,0,2.33333,2.33333],"texture":"#1"},"south":{"uv":[6.66667,2.66667,7.66667,5],"texture":"#1"},"west":{"uv":[0,2.66667,2.33333,5],"texture":"#1"},"up":{"uv":[6.33333,9,5.33333,6.66667],"texture":"#1"},"down":{"uv":[7.66667,5.33333,6.66667,7.66667],"texture":"#1"}}},{"from":[6.69988,17.11562,4.75459],"to":[9.29989,19.11562,6.75459],"rotation":{"angle":22.5,"axis":"x","origin":[8,8,8]},"faces":{"north":{"uv":[3.33333,8,5,9.33333],"texture":"#1"},"east":{"uv":[4.66667,9.33333,6,10.66667],"texture":"#1"},"south":{"uv":[8,4.66667,9.66667,6],"texture":"#1"},"west":{"uv":[6,9.33333,7.33333,10.66667],"texture":"#1"},"up":{"uv":[9.66667,7.33333,8,6],"texture":"#1"},"down":{"uv":[8.33333,8,6.66667,9.33333],"texture":"#1"}}},{"from":[6.69988,12.38889,6.1535],"to":[9.29989,13.88889,7.6535],"rotation":{"angle":-22.5,"axis":"x","origin":[8,8,8]},"faces":{"north":{"uv":[10,5.33333,11.66667,6.33333],"texture":"#1"},"east":{"uv":[12,4.66667,13,5.66667],"texture":"#1"},"south":{"uv":[9.33333,10,11,11],"texture":"#1"},"west":{"uv":[12,6,13,7],"texture":"#1"},"up":{"uv":[12.33333,2.33333,10.66667,1.33333],"texture":"#1"},"down":{"uv":[12.33333,2.66667,10.66667,3.66667],"texture":"#1"}}},{"from":[7.10151,15.4904,3.21525],"to":[8.90152,16.7904,4.51525],"rotation":{"angle":22.5,"axis":"x","origin":[8,8,8]},"faces":{"north":{"uv":[10.66667,8,12,9],"texture":"#1"},"east":{"uv":[12,8,13,9],"texture":"#1"},"south":{"uv":[0,11.33333,1.33333,12.33333],"texture":"#1"},"west":{"uv":[12,10,13,11],"texture":"#1"},"up":{"uv":[12.66667,1,11.33333,0],"texture":"#1"},"down":{"uv":[3.33333,11.33333,2,12.33333],"texture":"#1"}}},{"from":[7.50152,16.53139,6.09714],"to":[8.50152,18.53139,8.34714],"rotation":{"angle":0,"axis":"x","origin":[8,8,8]},"faces":{"north":{"uv":[8.66667,13.33333,9.33333,14.66667],"texture":"#1"},"east":{"uv":[8.66667,2.66667,10.33333,4],"texture":"#1"},"south":{"uv":[9.33333,13.33333,10,14.66667],"texture":"#1"},"west":{"uv":[8.66667,7.33333,10.33333,8.66667],"texture":"#1"},"up":{"uv":[2,13.66667,1.33333,12],"texture":"#1"},"down":{"uv":[4,12,3.33333,13.66667],"texture":"#1"}}},{"from":[7.10151,13.03892,2.53004],"to":[8.90152,14.03892,4.53004],"rotation":{"angle":22.5,"axis":"x","origin":[8,8,8]},"faces":{"north":{"uv":[8.66667,4,10,4.66667],"texture":"#1"},"east":{"uv":[12.66667,9.33333,14,10],"texture":"#1"},"south":{"uv":[10,13.33333,11.33333,14],"texture":"#1"},"west":{"uv":[13.33333,10,14.66667,10.66667],"texture":"#1"},"up":{"uv":[8.66667,10.66667,7.33333,9.33333],"texture":"#1"},"down":{"uv":[10.66667,8.66667,9.33333,10],"texture":"#1"}}},{"from":[7.10151,11.83892,2.58004],"to":[8.90152,12.73892,4.48004],"rotation":{"angle":22.5,"axis":"x","origin":[8,8,8]},"faces":{"north":{"uv":[13.33333,10.66667,14.66667,11.33333],"texture":"#1"},"east":{"uv":[11.33333,13.33333,12.66667,14],"texture":"#1"},"south":{"uv":[13.33333,12.66667,14.66667,13.33333],"texture":"#1"},"west":{"uv":[13.33333,13.33333,14.66667,14],"texture":"#1"},"up":{"uv":[1.33333,11.33333,0,10],"texture":"#1"},"down":{"uv":[11.33333,4,10,5.33333],"texture":"#1"}}},{"from":[7.21152,10.99892,2.74004],"to":[8.79151,15.57892,4.32004],"rotation":{"angle":22.5,"axis":"x","origin":[8,8,8]},"faces":{"north":{"uv":[0,5.33333,1,8.33333],"texture":"#1"},"east":{"uv":[5.33333,0,6.33333,3],"texture":"#1"},"south":{"uv":[1.33333,5.33333,2.33333,8.33333],"texture":"#1"},"west":{"uv":[5.33333,3.33333,6.33333,6.33333],"texture":"#1"},"up":{"uv":[12.33333,13,11.33333,12],"texture":"#1"},"down":{"uv":[1,12.66667,0,13.66667],"texture":"#1"}}},{"from":[7.21152,8.99892,2.74004],"to":[8.79151,10.57892,4.32004],"rotation":{"angle":22.5,"axis":"x","origin":[8,8,8]},"faces":{"north":{"uv":[12.66667,0,13.66667,1],"texture":"#1"},"east":{"uv":[12.66667,1.33333,13.66667,2.33333],"texture":"#1"},"south":{"uv":[2,12.66667,3,13.66667],"texture":"#1"},"west":{"uv":[12.66667,2.66667,13.66667,3.66667],"texture":"#1"},"up":{"uv":[5,13.66667,4,12.66667],"texture":"#1"},"down":{"uv":[6.33333,12.66667,5.33333,13.66667],"texture":"#1"}}},{"from":[7.25152,9.6,3.98002],"to":[8.75152,10.1,5.48002],"rotation":{"angle":0,"axis":"y","origin":[8,8,8]},"faces":{"north":{"uv":[14,8,15,8.33333],"texture":"#1"},"east":{"uv":[14,8.66667,15,9],"texture":"#1"},"south":{"uv":[14,9.33333,15,9.66667],"texture":"#1"},"west":{"uv":[10,14,11,14.33333],"texture":"#1"},"up":{"uv":[7.66667,13.66667,6.66667,12.66667],"texture":"#1"},"down":{"uv":[13.66667,11.33333,12.66667,12.33333],"texture":"#1"}}},{"from":[7.46,-2.80506,8.54971],"to":[8.53999,-1.62506,13.52971],"rotation":{"angle":0,"axis":"x","origin":[7.99848,8,8]},"faces":{"north":{"uv":[8,8,8.66667,7.33333],"texture":"#1"},"east":{"uv":[8,0.66667,11.33333,0],"texture":"#1"},"south":{"uv":[11.33333,5.33333,12,4.66667],"texture":"#1"},"west":{"uv":[8,1.33333,11.33333,0.66667],"texture":"#1"},"up":{"uv":[3.33333,11.33333,2.66667,8],"texture":"#1"},"down":{"uv":[8.66667,1.33333,8,4.66667],"texture":"#1"}}},{"from":[7.4601,4.27426,18.71614],"to":[8.5399,5.10406,19.54594],"rotation":{"angle":45,"axis":"x","origin":[7.99849,8,8]},"faces":{"north":{"uv":[4,12.66667,4.66667,12],"texture":"#1"},"east":{"uv":[12,12,12.66667,11.33333],"texture":"#1"},"south":{"uv":[12.66667,8,13.33333,7.33333],"texture":"#1"},"west":{"uv":[14,3.33333,14.66667,2.66667],"texture":"#1"},"up":{"uv":[14.66667,4,14,3.33333],"texture":"#1"},"down":{"uv":[4,14,3.33333,14.66667],"texture":"#1"}}},{"from":[7.45152,0.46996,16.725],"to":[8.55152,1.46996,19.725],"rotation":{"angle":45,"axis":"x","origin":[8,8,8]},"faces":{"north":{"uv":[4,14.66667,4.66667,14],"texture":"#1"},"east":{"uv":[10,7.33333,12,6.66667],"texture":"#1"},"south":{"uv":[14,4.66667,14.66667,4],"texture":"#1"},"west":{"uv":[10.66667,8,12.66667,7.33333],"texture":"#1"},"up":{"uv":[8,12.66667,7.33333,10.66667],"texture":"#1"},"down":{"uv":[2,10,1.33333,12],"texture":"#1"}}},{"from":[7.45657,-5.61537,10.96627],"to":[8.53637,-4.88557,11.69607],"rotation":{"angle":0,"axis":"x","origin":[8,8,8]},"faces":{"north":{"uv":[8,14.33333,8.66667,14],"texture":"#1"},"east":{"uv":[2,15,2.33333,14.66667],"texture":"#1"},"south":{"uv":[11.33333,14.33333,12,14],"texture":"#1"},"west":{"uv":[2.66667,15,3,14.66667],"texture":"#1"},"up":{"uv":[12.66667,14.33333,12,14],"texture":"#1"},"down":{"uv":[14.66667,11.33333,14,11.66667],"texture":"#1"}}},{"from":[7.46152,-5.32142,5.46399],"to":[8.54151,-3.34142,6.44399],"rotation":{"angle":-22.5,"axis":"x","origin":[8,8,8]},"faces":{"north":{"uv":[8,14,8.66667,12.66667],"texture":"#1"},"east":{"uv":[12.66667,14,13.33333,12.66667],"texture":"#1"},"south":{"uv":[13.33333,5.33333,14,4],"texture":"#1"},"west":{"uv":[13.33333,6.66667,14,5.33333],"texture":"#1"},"up":{"uv":[14.66667,5.33333,14,4.66667],"texture":"#1"},"down":{"uv":[5.33333,14,4.66667,14.66667],"texture":"#1"}}},{"from":[7.45152,1.43145,1.57829],"to":[8.55152,4.43145,2.57829],"rotation":{"angle":45,"axis":"x","origin":[7.999,1.81801,3.66434]},"faces":{"north":{"uv":[2,10,1.33333,12],"rotation":180,"texture":"#1"},"east":{"uv":[12,6.66667,10,7.33333],"rotation":90,"texture":"#1"},"south":{"uv":[8,12.66667,7.33333,10.66667],"texture":"#1"},"west":{"uv":[12.66667,7.33333,10.66667,8],"rotation":270,"texture":"#1"},"up":{"uv":[4,14.66667,4.66667,14],"rotation":180,"texture":"#1"},"down":{"uv":[14,4.66667,14.66667,4],"texture":"#1"}}},{"from":[7.45657,2.28995,1.91594],"to":[8.53637,3.01975,2.64574],"rotation":{"angle":0,"axis":"x","origin":[7.999,1.81801,3.66434]},"faces":{"north":{"uv":[14.66667,11.33333,14,11.66667],"rotation":180,"texture":"#1"},"east":{"uv":[2.33333,14.66667,2,15],"rotation":90,"texture":"#1"},"south":{"uv":[12.66667,14.33333,12,14],"texture":"#1"},"west":{"uv":[3,14.66667,2.66667,15],"rotation":270,"texture":"#1"},"up":{"uv":[8,14.33333,8.66667,14],"rotation":180,"texture":"#1"},"down":{"uv":[11.33333,14.33333,12,14],"texture":"#1"}}},{"from":[7.46152,2.68346,2.9016],"to":[8.54151,3.66346,4.8816],"rotation":{"angle":-22.5,"axis":"x","origin":[7.999,1.81801,3.66434]},"faces":{"north":{"uv":[5.33333,14,4.66667,14.66667],"rotation":180,"texture":"#1"},"east":{"uv":[13.33333,12.66667,12.66667,14],"rotation":90,"texture":"#1"},"south":{"uv":[14.66667,5.33333,14,4.66667],"texture":"#1"},"west":{"uv":[14,5.33333,13.33333,6.66667],"rotation":270,"texture":"#1"},"up":{"uv":[8,14,8.66667,12.66667],"rotation":180,"texture":"#1"},"down":{"uv":[13.33333,5.33333,14,4],"texture":"#1"}}},{"from":[7.46,0.07362,3.80237],"to":[8.53999,5.05362,4.98237],"rotation":{"angle":0,"axis":"x","origin":[7.999,1.81801,3.66434]},"faces":{"north":{"uv":[8.66667,1.33333,8,4.66667],"rotation":180,"texture":"#1"},"east":{"uv":[11.33333,0,8,0.66667],"rotation":90,"texture":"#1"},"south":{"uv":[3.33333,11.33333,2.66667,8],"texture":"#1"},"west":{"uv":[11.33333,0.66667,8,1.33333],"rotation":270,"texture":"#1"},"up":{"uv":[8,8,8.66667,7.33333],"rotation":180,"texture":"#1"},"down":{"uv":[11.33333,5.33333,12,4.66667],"texture":"#1"}}},{"from":[7.4601,0.68663,4.99991],"to":[8.5399,1.51643,5.82971],"rotation":{"angle":45,"axis":"x","origin":[7.999,1.81801,3.66434]},"faces":{"north":{"uv":[4,14,3.33333,14.66667],"rotation":180,"texture":"#1"},"east":{"uv":[12.66667,11.33333,12,12],"rotation":90,"texture":"#1"},"south":{"uv":[14.66667,4,14,3.33333],"texture":"#1"},"west":{"uv":[14.66667,2.66667,14,3.33333],"rotation":270,"texture":"#1"},"up":{"uv":[4,12.66667,4.66667,12],"rotation":180,"texture":"#1"},"down":{"uv":[12.66667,8,13.33333,7.33333],"texture":"#1"}}},{"from":[7.19152,-3.73169,4.10066],"to":[8.81152,-0.46169,7.37066],"rotation":{"angle":-22.5,"axis":"x","origin":[8,8,8]},"faces":{"north":{"uv":[6.66667,2.33333,7.66667,0],"texture":"#1"},"east":{"uv":[0,2.33333,2.33333,0],"texture":"#1"},"south":{"uv":[6.66667,5,7.66667,2.66667],"texture":"#1"},"west":{"uv":[0,5,2.33333,2.66667],"texture":"#1"},"up":{"uv":[7.66667,7.66667,6.66667,5.33333],"texture":"#1"},"down":{"uv":[6.33333,6.66667,5.33333,9],"texture":"#1"}}},{"from":[6.69988,-3.11562,4.75459],"to":[9.29989,-1.11562,6.75459],"rotation":{"angle":-22.5,"axis":"x","origin":[8,8,8]},"faces":{"north":{"uv":[3.33333,9.33333,5,8],"texture":"#1"},"east":{"uv":[4.66667,10.66667,6,9.33333],"texture":"#1"},"south":{"uv":[8,6,9.66667,4.66667],"texture":"#1"},"west":{"uv":[6,10.66667,7.33333,9.33333],"texture":"#1"},"up":{"uv":[8.33333,9.33333,6.66667,8],"texture":"#1"},"down":{"uv":[9.66667,6,8,7.33333],"texture":"#1"}}},{"from":[6.69988,2.11111,6.1535],"to":[9.29989,3.61111,7.6535],"rotation":{"angle":22.5,"axis":"x","origin":[8,8,8]},"faces":{"north":{"uv":[10,6.33333,11.66667,5.33333],"texture":"#1"},"east":{"uv":[12,5.66667,13,4.66667],"texture":"#1"},"south":{"uv":[9.33333,11,11,10],"texture":"#1"},"west":{"uv":[12,7,13,6],"texture":"#1"},"up":{"uv":[12.33333,3.66667,10.66667,2.66667],"texture":"#1"},"down":{"uv":[12.33333,1.33333,10.66667,2.33333],"texture":"#1"}}},{"from":[7.10151,-0.7904,3.21525],"to":[8.90152,0.5096,4.51525],"rotation":{"angle":-22.5,"axis":"x","origin":[8,8,8]},"faces":{"north":{"uv":[10.66667,9,12,8],"texture":"#1"},"east":{"uv":[12,9,13,8],"texture":"#1"},"south":{"uv":[0,12.33333,1.33333,11.33333],"texture":"#1"},"west":{"uv":[12,11,13,10],"texture":"#1"},"up":{"uv":[3.33333,12.33333,2,11.33333],"texture":"#1"},"down":{"uv":[12.66667,0,11.33333,1],"texture":"#1"}}},{"from":[7.50152,-2.53139,6.09714],"to":[8.50152,-0.53139,8.34714],"rotation":{"angle":0,"axis":"x","origin":[8,8,8]},"faces":{"north":{"uv":[8.66667,14.66667,9.33333,13.33333],"texture":"#1"},"east":{"uv":[8.66667,4,10.33333,2.66667],"texture":"#1"},"south":{"uv":[9.33333,14.66667,10,13.33333],"texture":"#1"},"west":{"uv":[8.66667,8.66667,10.33333,7.33333],"texture":"#1"},"up":{"uv":[4,13.66667,3.33333,12],"texture":"#1"},"down":{"uv":[2,12,1.33333,13.66667],"texture":"#1"}}},{"from":[7.10151,1.96108,2.53004],"to":[8.90152,2.96108,4.53004],"rotation":{"angle":-22.5,"axis":"x","origin":[8,8,8]},"faces":{"north":{"uv":[8.66667,4.66667,10,4],"texture":"#1"},"east":{"uv":[12.66667,10,14,9.33333],"texture":"#1"},"south":{"uv":[10,14,11.33333,13.33333],"texture":"#1"},"west":{"uv":[13.33333,10.66667,14.66667,10],"texture":"#1"},"up":{"uv":[10.66667,10,9.33333,8.66667],"texture":"#1"},"down":{"uv":[8.66667,9.33333,7.33333,10.66667],"texture":"#1"}}},{"from":[7.10151,3.26108,2.58004],"to":[8.90152,4.16108,4.48004],"rotation":{"angle":-22.5,"axis":"x","origin":[8,8,8]},"faces":{"north":{"uv":[13.33333,11.33333,14.66667,10.66667],"texture":"#1"},"east":{"uv":[11.33333,14,12.66667,13.33333],"texture":"#1"},"south":{"uv":[13.33333,13.33333,14.66667,12.66667],"texture":"#1"},"west":{"uv":[13.33333,14,14.66667,13.33333],"texture":"#1"},"up":{"uv":[11.33333,5.33333,10,4],"texture":"#1"},"down":{"uv":[1.33333,10,0,11.33333],"texture":"#1"}}},{"from":[7.21152,0.42108,2.74004],"to":[8.79151,5.00108,4.32004],"rotation":{"angle":-22.5,"axis":"x","origin":[8,8,8]},"faces":{"north":{"uv":[0,8.33333,1,5.33333],"texture":"#1"},"east":{"uv":[5.33333,3,6.33333,0],"texture":"#1"},"south":{"uv":[1.33333,8.33333,2.33333,5.33333],"texture":"#1"},"west":{"uv":[5.33333,6.33333,6.33333,3.33333],"texture":"#1"},"up":{"uv":[1,13.66667,0,12.66667],"texture":"#1"},"down":{"uv":[12.33333,12,11.33333,13],"texture":"#1"}}},{"from":[7.21152,5.42108,2.74004],"to":[8.79151,7.00108,4.32004],"rotation":{"angle":-22.5,"axis":"x","origin":[8,8,8]},"faces":{"north":{"uv":[12.66667,1,13.66667,0],"texture":"#1"},"east":{"uv":[12.66667,2.33333,13.66667,1.33333],"texture":"#1"},"south":{"uv":[2,13.66667,3,12.66667],"texture":"#1"},"west":{"uv":[12.66667,3.66667,13.66667,2.66667],"texture":"#1"},"up":{"uv":[6.33333,13.66667,5.33333,12.66667],"texture":"#1"},"down":{"uv":[5,12.66667,4,13.66667],"texture":"#1"}}},{"from":[7.25152,5.9,3.98002],"to":[8.75152,6.4,5.48002],"rotation":{"angle":0,"axis":"y","origin":[8,8,8]},"faces":{"north":{"uv":[14,8.33333,15,8],"texture":"#1"},"east":{"uv":[14,9,15,8.66667],"texture":"#1"},"south":{"uv":[14,9.66667,15,9.33333],"texture":"#1"},"west":{"uv":[10,14.33333,11,14],"texture":"#1"},"up":{"uv":[13.66667,12.33333,12.66667,11.33333],"texture":"#1"},"down":{"uv":[7.66667,12.66667,6.66667,13.66667],"texture":"#1"}}},{"from":[7.99644,-2.2525,12.71792],"to":[7.99644,18.2525,15.63092],"rotation":{"angle":0,"axis":"y","origin":[8,8,9]},"faces":{"north":{"uv":[0,0,0,60],"texture":"#2"},"east":{"uv":[2.2,0,0.8,12],"texture":"#2"},"south":{"uv":[0,0,0,60],"texture":"#2"},"west":{"uv":[0.8,0,2.2,12],"texture":"#2"},"up":{"uv":[0,0,0,33],"texture":"#2"},"down":{"uv":[0,33,0,0],"texture":"#2"}}},{"from":[7.40152,2.3,4.13002],"to":[8.60151,13.7,5.33002],"rotation":{"angle":0,"axis":"y","origin":[8,8,8]},"faces":{"north":{"uv":[2.66667,0,3.33333,7.66667],"texture":"#1"},"east":{"uv":[3.33333,0,4,7.66667],"texture":"#1"},"south":{"uv":[4,0,4.66667,7.66667],"texture":"#1"},"west":{"uv":[4.66667,0,5.33333,7.66667],"texture":"#1"},"up":{"uv":[8,14.66667,7.33333,14],"texture":"#1"},"down":{"uv":[14.66667,7.33333,14,8],"texture":"#1"}}},{"from":[8,6.75,-8],"to":[8,9.25,16],"rotation":{"angle":0,"axis":"y","origin":[8,8,2]},"faces":{"north":{"uv":[0,0,0,2],"texture":"#0"},"east":{"uv":[0,0.33333,16,2],"texture":"#0"},"south":{"uv":[0,0,0,2],"texture":"#0"},"west":{"uv":[0,2.33333,16,4],"texture":"#0"},"up":{"uv":[0,16,0,0],"texture":"#0"},"down":{"uv":[0,0,0,16],"texture":"#0"}}},{"from":[6.75,8,-8],"to":[9.25,8,16],"rotation":{"angle":0,"axis":"y","origin":[8,8,2]},"faces":{"north":{"uv":[0,0,0,2],"rotation":90,"texture":"#0"},"east":{"uv":[0,0,0,16],"rotation":270,"texture":"#0"},"south":{"uv":[0,0,0,2],"rotation":270,"texture":"#0"},"west":{"uv":[0,16,0,0],"rotation":270,"texture":"#0"},"up":{"uv":[0,0.33333,16,2],"rotation":270,"texture":"#0"},"down":{"uv":[0,2.33333,16,4],"rotation":270,"texture":"#0"}}}],"gui_light":"front","display":{"thirdperson_righthand":{"translation":[0,-2,3.25],"scale":[0.8,0.8,0.8]},"thirdperson_lefthand":{"translation":[0,-2,3.25],"scale":[0.8,0.8,0.8]},"firstperson_righthand":{"rotation":[9.04,0.22,8.08],"translation":[7.25,2,-6.75]},"firstperson_lefthand":{"rotation":[9.04,0.22,8.08],"translation":[7.25,2,-6.75]},"ground":{"rotation":[0,0,-82],"scale":[0.67,0.67,0.67]},"gui":{"rotation":[90,45,90],"translation":[-0.5,0.5,-2],"scale":[0.58,0.58,0.58]},"head":{"scale":[0,0,0]},"fixed":{"rotation":[90,-45,90],"translation":[0.75,1.25,-2]}},"groups":[{"name":"bow14","origin":[8.00152,8,5.73002],"color":0,"children":[{"name":"group","origin":[15.00152,0.5,-1.26998],"color":0,"children":[0,1,2,3,4,5,6,7,8,9,10,11,12,13,14,15,16,17,18,19]},{"name":"group","origin":[15.00152,0.5,-1.26998],"color":0,"children":[20,21,22,23,24,25,26,27,28,29,30,31,32,33,34,35,36,37,38,39]},40,41]},{"name":"arrow","origin":[8,8,2],"color":0,"children":[42,43]}]}