{"credit":"Made with Blockbench","textures":{"0":"item/bows/arrow","1":"item/bows/bow_40","2":"item/bows/string","particle":"item/bows/arrow"},"elements":[{"from":[7.5275,3.275,7.11715],"to":[8.4725,12.725,8.06215],"rotation":{"angle":0,"axis":"y","origin":[8,8,11.5]},"faces":{"north":{"uv":[6.5,0,7,5.25],"texture":"#1"},"east":{"uv":[6.5,5.5,7,10.75],"texture":"#1"},"south":{"uv":[7,0,7.5,5.25],"texture":"#1"},"west":{"uv":[7,5.5,7.5,10.75],"texture":"#1"},"up":{"uv":[9,11,8.5,10.5],"texture":"#1"},"down":{"uv":[11,8.5,10.5,9],"texture":"#1"}}},{"from":[8,-4.9375,14.05652],"to":[8,20.9375,14.55152],"rotation":{"angle":0,"axis":"y","origin":[8,8,10]},"faces":{"north":{"uv":[0,0,0,60],"texture":"#2"},"east":{"uv":[0.2,0,0,12],"texture":"#2"},"south":{"uv":[0,0,0,60],"texture":"#2"},"west":{"uv":[0,0,0.2,12],"texture":"#2"},"up":{"uv":[0,0,0,33],"texture":"#2"},"down":{"uv":[0,33,0,0],"texture":"#2"}}},{"from":[7.24125,10.96161,6.8809],"to":[8.75875,11.43411,8.2984],"rotation":{"angle":22.5,"axis":"x","origin":[8.05,11.19786,7.58965]},"faces":{"north":{"uv":[2,13,2.75,13.25],"texture":"#1"},"east":{"uv":[13,2.5,13.75,2.75],"texture":"#1"},"south":{"uv":[3,13,3.75,13.25],"texture":"#1"},"west":{"uv":[4,13,4.75,13.25],"texture":"#1"},"up":{"uv":[1.75,12.75,1,12],"texture":"#1"},"down":{"uv":[2.75,12,2,12.75],"texture":"#1"}}},{"from":[7.29125,10.21161,6.8809],"to":[8.70875,10.68411,8.2984],"rotation":{"angle":-22.5,"axis":"x","origin":[8,10.44786,7.58965]},"faces":{"north":{"uv":[2,13,2.75,13.25],"texture":"#1"},"east":{"uv":[13,2.5,13.75,2.75],"texture":"#1"},"south":{"uv":[3,13,3.75,13.25],"texture":"#1"},"west":{"uv":[4,13,4.75,13.25],"texture":"#1"},"up":{"uv":[1.75,12.75,1,12],"texture":"#1"},"down":{"uv":[2.75,12,2,12.75],"texture":"#1"}}},{"from":[7.29125,11.42036,6.8809],"to":[8.70875,12.36536,8.2984],"rotation":{"angle":-22.5,"axis":"x","origin":[8,11.89286,7.58965]},"faces":{"north":{"uv":[12.5,8.5,13.25,9],"texture":"#1"},"east":{"uv":[12.5,9,13.25,9.5],"texture":"#1"},"south":{"uv":[9.5,12.5,10.25,13],"texture":"#1"},"west":{"uv":[12.5,9.5,13.25,10],"texture":"#1"},"up":{"uv":[3.75,12.75,3,12],"texture":"#1"},"down":{"uv":[4.75,12,4,12.75],"texture":"#1"}}},{"from":[6.70063,7.8831,3.66933],"to":[9.29938,9.3006,5.08683],"rotation":{"angle":45,"axis":"x","origin":[8,7.75,10.75]},"faces":{"north":{"uv":[0,11,1.5,11.75],"texture":"#1"},"east":{"uv":[12,4,12.75,4.75],"texture":"#1"},"south":{"uv":[1.5,11,3,11.75],"texture":"#1"},"west":{"uv":[5,12,5.75,12.75],"texture":"#1"},"up":{"uv":[4.5,11.75,3,11],"texture":"#1"},"down":{"uv":[6,11,4.5,11.75],"texture":"#1"}}},{"from":[7.055,7.4106,3.19683],"to":[8.945,9.7731,5.55933],"rotation":{"angle":45,"axis":"x","origin":[8,7.75,10.75]},"faces":{"north":{"uv":[10.5,4,11.5,5.25],"texture":"#1"},"east":{"uv":[9,0,10.25,1.25],"texture":"#1"},"south":{"uv":[10.5,5.5,11.5,6.75],"texture":"#1"},"west":{"uv":[9,1.5,10.25,2.75],"texture":"#1"},"up":{"uv":[11.5,8.25,10.5,7],"texture":"#1"},"down":{"uv":[8.5,10.5,7.5,11.75],"texture":"#1"}}},{"from":[7.46,13.0531,5.42629],"to":[8.54,15.4156,6.50629],"rotation":{"angle":-22.5,"axis":"x","origin":[8,14.78773,6.3021]},"faces":{"north":{"uv":[7,11,7.5,12.25],"texture":"#1"},"east":{"uv":[11.5,4,12,5.25],"texture":"#1"},"south":{"uv":[11.5,5.5,12,6.75],"texture":"#1"},"west":{"uv":[11.5,7,12,8.25],"texture":"#1"},"up":{"uv":[13,10.5,12.5,10],"texture":"#1"}}},{"from":[7.595,14.76548,5.98037],"to":[8.405,15.57548,7.66787],"rotation":{"angle":-45,"axis":"x","origin":[8,14.78773,6.3021]},"faces":{"east":{"uv":[12,9,12.5,10],"rotation":270,"texture":"#1"},"south":{"uv":[13,11,12.5,10.5],"texture":"#1"},"west":{"uv":[10.5,12,11,13],"rotation":90,"texture":"#1"},"up":{"uv":[12,8,12.5,9],"rotation":180,"texture":"#1"},"down":{"uv":[12,10,12.5,11],"texture":"#1"}}},{"from":[7.19,15.16198,6.61544],"to":[8.81,16.84948,8.30294],"rotation":{"angle":0,"axis":"y","origin":[8,7.75,10.25]},"faces":{"north":{"uv":[11,10,12,11],"texture":"#1"},"east":{"uv":[10.5,11,11.5,12],"texture":"#1"},"south":{"uv":[11.5,0,12.5,1],"texture":"#1"},"west":{"uv":[11.5,1,12.5,2],"texture":"#1"},"up":{"uv":[12.5,3,11.5,2],"texture":"#1"},"down":{"uv":[12.5,3,11.5,4],"texture":"#1"}}},{"from":[7.325,11.99974,1.52094],"to":[8.675,15.37474,2.87094],"rotation":{"angle":45,"axis":"x","origin":[8,7.75,10]},"faces":{"north":{"uv":[9,9,9.75,11],"texture":"#1"},"east":{"uv":[10,9,10.75,11],"texture":"#1"},"south":{"uv":[10.5,0,11.25,2],"texture":"#1"},"west":{"uv":[10.5,2,11.25,4],"texture":"#1"}}},{"from":[6.65,18.02576,9.21672],"to":[9.35,20.72576,11.91672],"rotation":{"angle":0,"axis":"y","origin":[8,7.75,11]},"faces":{"north":{"uv":[7.5,0,9,1.5],"texture":"#1"},"east":{"uv":[7.5,1.5,9,3],"texture":"#1"},"south":{"uv":[7.5,3,9,4.5],"texture":"#1"},"west":{"uv":[7.5,4.5,9,6],"texture":"#1"},"up":{"uv":[9,7.5,7.5,6],"texture":"#1"},"down":{"uv":[9,7.5,7.5,9],"texture":"#1"}}},{"from":[7.325,19.93567,11.12783],"to":[8.675,21.28567,13.82783],"rotation":{"angle":-22.5,"axis":"x","origin":[8,20.61067,12.47783]},"faces":{"east":{"uv":[8.5,11,9.25,12.5],"rotation":270,"texture":"#1"},"south":{"uv":[12.75,5.75,12,5],"texture":"#1"},"west":{"uv":[9.5,11,10.25,12.5],"rotation":90,"texture":"#1"},"up":{"uv":[6,11,6.75,12.5],"rotation":180,"texture":"#1"},"down":{"uv":[11,8.5,11.75,10],"texture":"#1"}}},{"from":[7.595,20.53443,13.33925],"to":[8.405,21.34443,15.02675],"rotation":{"angle":0,"axis":"y","origin":[8,7.75,10]},"faces":{"east":{"uv":[11.5,12,12,13],"rotation":270,"texture":"#1"},"south":{"uv":[13,11.5,12.5,11],"texture":"#1"},"west":{"uv":[12.5,0,13,1],"rotation":90,"texture":"#1"},"up":{"uv":[11,12,11.5,13],"rotation":180,"texture":"#1"},"down":{"uv":[12,12,12.5,13],"texture":"#1"}}},{"from":[8,8.1804,3.60215],"to":[8,28.19685,15.41465],"rotation":{"angle":22.5,"axis":"x","origin":[8,18.18863,9.5084]},"faces":{"north":{"uv":[0,0,0,11],"texture":"#1"},"east":{"uv":[6.5,0,0,11],"texture":"#1"},"south":{"uv":[0,0,0,11],"texture":"#1"},"west":{"uv":[0,0,6.5,11],"texture":"#1"},"up":{"uv":[0,6.5,0,0],"texture":"#1"},"down":{"uv":[0,0,0,6.5],"texture":"#1"}}},{"from":[7.24125,4.56589,6.8809],"to":[8.75875,5.03839,8.2984],"rotation":{"angle":-22.5,"axis":"x","origin":[8.05,4.80214,7.58965]},"faces":{"north":{"uv":[2,13.25,2.75,13],"texture":"#1"},"east":{"uv":[13,2.75,13.75,2.5],"texture":"#1"},"south":{"uv":[3,13.25,3.75,13],"texture":"#1"},"west":{"uv":[4,13.25,4.75,13],"texture":"#1"},"up":{"uv":[2.75,12.75,2,12],"texture":"#1"},"down":{"uv":[1.75,12,1,12.75],"texture":"#1"}}},{"from":[7.29125,5.31589,6.8809],"to":[8.70875,5.78839,8.2984],"rotation":{"angle":22.5,"axis":"x","origin":[8,5.55214,7.58965]},"faces":{"north":{"uv":[2,13.25,2.75,13],"texture":"#1"},"east":{"uv":[13,2.75,13.75,2.5],"texture":"#1"},"south":{"uv":[3,13.25,3.75,13],"texture":"#1"},"west":{"uv":[4,13.25,4.75,13],"texture":"#1"},"up":{"uv":[2.75,12.75,2,12],"texture":"#1"},"down":{"uv":[1.75,12,1,12.75],"texture":"#1"}}},{"from":[7.29125,3.63464,6.8809],"to":[8.70875,4.57964,8.2984],"rotation":{"angle":22.5,"axis":"x","origin":[8,4.10714,7.58965]},"faces":{"north":{"uv":[12.5,9,13.25,8.5],"texture":"#1"},"east":{"uv":[12.5,9.5,13.25,9],"texture":"#1"},"south":{"uv":[9.5,13,10.25,12.5],"texture":"#1"},"west":{"uv":[12.5,10,13.25,9.5],"texture":"#1"},"up":{"uv":[4.75,12.75,4,12],"texture":"#1"},"down":{"uv":[3.75,12,3,12.75],"texture":"#1"}}},{"from":[6.70063,6.6994,3.66933],"to":[9.29938,8.1169,5.08683],"rotation":{"angle":-45,"axis":"x","origin":[8,8.25,10.75]},"faces":{"north":{"uv":[0,11.75,1.5,11],"texture":"#1"},"east":{"uv":[12,4.75,12.75,4],"texture":"#1"},"south":{"uv":[1.5,11.75,3,11],"texture":"#1"},"west":{"uv":[5,12.75,5.75,12],"texture":"#1"},"up":{"uv":[6,11.75,4.5,11],"texture":"#1"},"down":{"uv":[4.5,11,3,11.75],"texture":"#1"}}},{"from":[7.055,6.2269,3.19683],"to":[8.945,8.5894,5.55933],"rotation":{"angle":-45,"axis":"x","origin":[8,8.25,10.75]},"faces":{"north":{"uv":[10.5,5.25,11.5,4],"texture":"#1"},"east":{"uv":[9,1.25,10.25,0],"texture":"#1"},"south":{"uv":[10.5,6.75,11.5,5.5],"texture":"#1"},"west":{"uv":[9,2.75,10.25,1.5],"texture":"#1"},"up":{"uv":[8.5,11.75,7.5,10.5],"texture":"#1"},"down":{"uv":[11.5,7,10.5,8.25],"texture":"#1"}}},{"from":[7.46,0.5844,5.42629],"to":[8.54,2.9469,6.50629],"rotation":{"angle":22.5,"axis":"x","origin":[8,1.21227,6.3021]},"faces":{"north":{"uv":[7,12.25,7.5,11],"texture":"#1"},"east":{"uv":[11.5,5.25,12,4],"texture":"#1"},"south":{"uv":[11.5,6.75,12,5.5],"texture":"#1"},"west":{"uv":[11.5,8.25,12,7],"texture":"#1"},"down":{"uv":[13,10,12.5,10.5],"texture":"#1"}}},{"from":[7.595,0.42452,5.98037],"to":[8.405,1.23452,7.66787],"rotation":{"angle":45,"axis":"x","origin":[8,1.21227,6.3021]},"faces":{"east":{"uv":[12.5,9,12,10],"rotation":270,"texture":"#1"},"south":{"uv":[13,10.5,12.5,11],"texture":"#1"},"west":{"uv":[11,12,10.5,13],"rotation":90,"texture":"#1"},"up":{"uv":[12,11,12.5,10],"texture":"#1"},"down":{"uv":[12,9,12.5,8],"rotation":180,"texture":"#1"}}},{"from":[7.19,-0.84948,6.61544],"to":[8.81,0.83802,8.30294],"rotation":{"angle":0,"axis":"y","origin":[8,8.25,10.25]},"faces":{"north":{"uv":[11,11,12,10],"texture":"#1"},"east":{"uv":[10.5,12,11.5,11],"texture":"#1"},"south":{"uv":[11.5,1,12.5,0],"texture":"#1"},"west":{"uv":[11.5,2,12.5,1],"texture":"#1"},"up":{"uv":[12.5,4,11.5,3],"texture":"#1"},"down":{"uv":[12.5,2,11.5,3],"texture":"#1"}}},{"from":[7.325,0.62526,1.52094],"to":[8.675,4.00026,2.87094],"rotation":{"angle":-45,"axis":"x","origin":[8,8.25,10]},"faces":{"north":{"uv":[9,11,9.75,9],"texture":"#1"},"east":{"uv":[10,11,10.75,9],"texture":"#1"},"south":{"uv":[10.5,2,11.25,0],"texture":"#1"},"west":{"uv":[10.5,4,11.25,2],"texture":"#1"}}},{"from":[6.65,-4.72576,9.21672],"to":[9.35,-2.02576,11.91672],"rotation":{"angle":0,"axis":"y","origin":[8,8.25,11]},"faces":{"north":{"uv":[7.5,1.5,9,0],"texture":"#1"},"east":{"uv":[7.5,3,9,1.5],"texture":"#1"},"south":{"uv":[7.5,4.5,9,3],"texture":"#1"},"west":{"uv":[7.5,6,9,4.5],"texture":"#1"},"up":{"uv":[9,9,7.5,7.5],"texture":"#1"},"down":{"uv":[9,6,7.5,7.5],"texture":"#1"}}},{"from":[7.325,-5.28567,11.12783],"to":[8.675,-3.93567,13.82783],"rotation":{"angle":22.5,"axis":"x","origin":[8,-4.61067,12.47783]},"faces":{"east":{"uv":[9.25,11,8.5,12.5],"rotation":270,"texture":"#1"},"south":{"uv":[12.75,5,12,5.75],"texture":"#1"},"west":{"uv":[10.25,11,9.5,12.5],"rotation":90,"texture":"#1"},"up":{"uv":[11,10,11.75,8.5],"texture":"#1"},"down":{"uv":[6,12.5,6.75,11],"rotation":180,"texture":"#1"}}},{"from":[7.595,-5.34443,13.33925],"to":[8.405,-4.53443,15.02675],"rotation":{"angle":0,"axis":"y","origin":[8,8.25,10]},"faces":{"east":{"uv":[12,12,11.5,13],"rotation":270,"texture":"#1"},"south":{"uv":[13,11,12.5,11.5],"texture":"#1"},"west":{"uv":[13,0,12.5,1],"rotation":90,"texture":"#1"},"up":{"uv":[12,13,12.5,12],"texture":"#1"},"down":{"uv":[11,13,11.5,12],"rotation":180,"texture":"#1"}}},{"from":[8,-12.19685,3.60215],"to":[8,7.8196,15.41465],"rotation":{"angle":-22.5,"axis":"x","origin":[8,-2.18863,9.5084]},"faces":{"north":{"uv":[0,11,0,0],"texture":"#1"},"east":{"uv":[6.5,11,0,0],"texture":"#1"},"south":{"uv":[0,11,0,0],"texture":"#1"},"west":{"uv":[0,11,6.5,0],"texture":"#1"},"up":{"uv":[0,6.5,0,0],"texture":"#1"},"down":{"uv":[0,0,0,6.5],"texture":"#1"}}},{"from":[8,6.75,-9],"to":[8,9.25,15],"rotation":{"angle":0,"axis":"y","origin":[8,8,2]},"faces":{"north":{"uv":[0,0,0,2],"texture":"#0"},"east":{"uv":[0,0.33333,16,2],"texture":"#0"},"south":{"uv":[0,0,0,2],"texture":"#0"},"west":{"uv":[0,2.33333,16,4],"texture":"#0"},"up":{"uv":[0,16,0,0],"texture":"#0"},"down":{"uv":[0,0,0,16],"texture":"#0"}}},{"from":[6.75,8,-9],"to":[9.25,8,15],"rotation":{"angle":0,"axis":"y","origin":[8,8,2]},"faces":{"north":{"uv":[0,0,0,2],"rotation":90,"texture":"#0"},"east":{"uv":[0,0,0,16],"rotation":270,"texture":"#0"},"south":{"uv":[0,0,0,2],"rotation":270,"texture":"#0"},"west":{"uv":[0,16,0,0],"rotation":270,"texture":"#0"},"up":{"uv":[0,0.33333,16,2],"rotation":270,"texture":"#0"},"down":{"uv":[0,2.33333,16,4],"rotation":270,"texture":"#0"}}}],"display":{"thirdperson_righthand":{"translation":[0,-2,3.25],"scale":[0.8,0.8,0.8]},"thirdperson_lefthand":{"translation":[0,-2,3.25],"scale":[0.8,0.8,0.8]},"firstperson_righthand":{"rotation":[9.04,0.22,8.08],"translation":[7.25,0,-8.75]},"firstperson_lefthand":{"rotation":[9.04,0.22,8.08],"translation":[7.25,0,-8.75]},"ground":{"rotation":[0,0,-82],"scale":[0.67,0.67,0.67]},"gui":{"rotation":[90,45,90],"translation":[-1.5,1.5,-2],"scale":[0.5,0.5,0.5]},"head":{"scale":[0,0,0]},"fixed":{"rotation":[90,-45,90],"translation":[0.75,1.25,-2]}},"groups":[{"name":"bow","origin":[8,8,7.70531],"color":0,"children":[0,1,{"name":"group","origin":[9,17.1386,7.70531],"color":0,"children":[2,3,4,5,6,7,8,9,10,11,12,13,14]},{"name":"group","origin":[9,17.1386,7.70531],"color":0,"children":[15,16,17,18,19,20,21,22,23,24,25,26,27]}]},{"name":"arrow","origin":[8,8,2],"color":0,"children":[28,29]}]}