{"credit":"Made with Blockbench","textures":{"1":"item/bows/string","2":"item/bows/bow_10","particle":"item/bows/bow_10"},"elements":[{"from":[7.34,14.99819,2.51529],"to":[8.66,17.46219,4.97929],"rotation":{"angle":0,"axis":"x","origin":[8,8,9]},"faces":{"north":{"uv":[6,12,6.75,13.5],"rotation":180,"texture":"#2"},"east":{"uv":[4.5,8.5,6,10],"rotation":180,"texture":"#2"},"south":{"uv":[12,5.5,12.75,7],"rotation":180,"texture":"#2"},"west":{"uv":[6,8.5,7.5,10],"rotation":180,"texture":"#2"},"up":{"uv":[12.75,10.5,12,12],"texture":"#2"},"down":{"uv":[12.75,10.5,12,9],"texture":"#2"}}},{"from":[8,14.76079,-4.37452],"to":[8,17.22479,-1.91052],"rotation":{"angle":45,"axis":"x","origin":[8,8,9]},"faces":{"north":{"uv":[0,1.5,0,0],"rotation":180,"texture":"#2"},"east":{"uv":[9.5,6.5,8,5],"rotation":180,"texture":"#2"},"south":{"uv":[0,1.5,0,0],"rotation":180,"texture":"#2"},"west":{"uv":[9.5,8,8,6.5],"rotation":180,"texture":"#2"},"up":{"uv":[0,0,0,1.5],"rotation":180,"texture":"#2"},"down":{"uv":[0,1.5,0,0],"rotation":180,"texture":"#2"}}},{"from":[8,17.286,-3.49452],"to":[8,19.31,-1.47052],"rotation":{"angle":45,"axis":"x","origin":[8,8,9]},"faces":{"north":{"uv":[0,1.5,0,0],"texture":"#2"},"east":{"uv":[8,6.5,9.5,5],"texture":"#2"},"south":{"uv":[0,1.5,0,0],"texture":"#2"},"west":{"uv":[8,8,9.5,6.5],"texture":"#2"},"up":{"uv":[0,0,0,1.5],"rotation":180,"texture":"#2"},"down":{"uv":[0,1.5,0,0],"rotation":180,"texture":"#2"}}},{"from":[7.34,18.73171,6.24882],"to":[8.66,21.19571,8.71282],"rotation":{"angle":0,"axis":"x","origin":[8,8,9]},"faces":{"north":{"uv":[12,10.5,12.75,12],"texture":"#2"},"east":{"uv":[4.5,10,6,8.5],"rotation":90,"texture":"#2"},"south":{"uv":[12,10.5,12.75,9],"rotation":180,"texture":"#2"},"west":{"uv":[6,10,7.5,8.5],"rotation":270,"texture":"#2"},"up":{"uv":[6,13.5,6.75,12],"texture":"#2"},"down":{"uv":[12,7,12.75,5.5],"rotation":180,"texture":"#2"}}},{"from":[7.384,20.09128,12.31768],"to":[8.616,21.49928,16.36568],"rotation":{"angle":-22.5,"axis":"x","origin":[8,8,9]},"faces":{"north":{"uv":[10.75,13,10,13.75],"texture":"#2"},"east":{"uv":[12.25,3,10.5,3.75],"texture":"#2"},"south":{"uv":[13.75,9,13,9.75],"texture":"#2"},"west":{"uv":[11.75,10.5,10,11.25],"texture":"#2"},"up":{"uv":[11.75,4,11,5.75],"texture":"#2"},"down":{"uv":[7.75,12.75,7,11],"texture":"#2"}}},{"from":[7.12,18.75519,2.39996],"to":[8.88,21.92319,4.15996],"rotation":{"angle":22.5,"axis":"x","origin":[8,8,9]},"faces":{"north":{"uv":[10,9.5,9,11.25],"rotation":180,"texture":"#2"},"east":{"uv":[11.25,7.5,9.5,8.5],"rotation":90,"texture":"#2"},"south":{"uv":[3,11.75,2,10],"texture":"#2"},"west":{"uv":[11.25,8.5,9.5,9.5],"rotation":270,"texture":"#2"},"up":{"uv":[13.5,0,12.5,1],"texture":"#2"},"down":{"uv":[2,12.5,1,13.5],"rotation":180,"texture":"#2"}}},{"from":[7.296,21.98893,8.30242],"to":[8.704,23.39693,11.47042],"rotation":{"angle":0,"axis":"x","origin":[8,8,9]},"faces":{"north":{"uv":[9.75,13,9,13.75],"texture":"#2"},"east":{"uv":[11.75,9.5,10,10.25],"texture":"#2"},"south":{"uv":[7.75,13,7,13.75],"texture":"#2"},"west":{"uv":[12.25,0,10.5,0.75],"texture":"#2"},"up":{"uv":[6.75,10,6,11.75],"texture":"#2"},"down":{"uv":[11.25,2.75,10.5,1],"texture":"#2"}}},{"from":[8,16.60109,-2.36587],"to":[8,22.76109,2.03413],"rotation":{"angle":45,"axis":"x","origin":[8,8,9]},"faces":{"north":{"uv":[0,0,0,3.5],"rotation":180,"texture":"#2"},"east":{"uv":[3.5,0,0,2.5],"rotation":90,"texture":"#2"},"south":{"uv":[0,3.5,0,0],"texture":"#2"},"west":{"uv":[3.5,2.5,0,5],"rotation":270,"texture":"#2"},"up":{"uv":[0,0,0,2.5],"texture":"#2"},"down":{"uv":[0,0,0,2.5],"rotation":180,"texture":"#2"}}},{"from":[6.988,13.91661,6.34753],"to":[9.012,16.02861,8.81153],"rotation":{"angle":-22.5,"axis":"x","origin":[8,8,9]},"faces":{"north":{"uv":[3,10,4.25,11.25],"texture":"#2"},"east":{"uv":[9,0,10.5,1.25],"texture":"#2"},"south":{"uv":[4.5,10,5.75,11.25],"texture":"#2"},"west":{"uv":[9,1.5,10.5,2.75],"texture":"#2"},"up":{"uv":[10.25,4.5,9,3],"texture":"#2"},"down":{"uv":[10.75,4.5,9.5,6],"texture":"#2"}}},{"from":[7.384,9.67479,2.85237],"to":[8.616,12.13879,5.31637],"rotation":{"angle":22.5,"axis":"x","origin":[8,8,9]},"faces":{"north":{"uv":[10,11.5,10.75,13],"texture":"#2"},"east":{"uv":[8,8,9.5,9.5],"texture":"#2"},"south":{"uv":[11,11.5,11.75,13],"texture":"#2"},"west":{"uv":[3,8.5,4.5,10],"texture":"#2"},"up":{"uv":[2.75,13.5,2,12],"texture":"#2"},"down":{"uv":[12.75,4,12,5.5],"texture":"#2"}}},{"from":[7.1156,15.78284,6.52353],"to":[8.8844,16.48684,8.63553],"rotation":{"angle":-22.5,"axis":"x","origin":[8,8,9]},"faces":{"north":{"uv":[12,13,13,13.5],"texture":"#2"},"east":{"uv":[13,5,14.25,5.5],"texture":"#2"},"south":{"uv":[13,12,14,12.5],"texture":"#2"},"west":{"uv":[13,5.5,14.25,6],"texture":"#2"},"up":{"uv":[12.5,8.75,11.5,7.5],"texture":"#2"},"down":{"uv":[10,11.5,9,12.75],"texture":"#2"}}},{"from":[7.12,15.69361,4.93739],"to":[8.88,20.09361,6.69739],"rotation":{"angle":0,"axis":"x","origin":[8,8,9]},"faces":{"north":{"uv":[7,0,8,2.5],"texture":"#2"},"east":{"uv":[7,2.5,8,5],"texture":"#2"},"south":{"uv":[7,5,8,7.5],"texture":"#2"},"west":{"uv":[2,7.5,3,10],"texture":"#2"},"up":{"uv":[13.5,2,12.5,1],"texture":"#2"},"down":{"uv":[13.5,2,12.5,3],"texture":"#2"}}},{"from":[7.1244,17.01361,3.61739],"to":[8.8756,18.77361,8.01739],"rotation":{"angle":0,"axis":"x","origin":[8,8,9]},"faces":{"north":{"uv":[12.5,3,13.5,4],"texture":"#2"},"east":{"uv":[3,7.5,5.5,8.5],"texture":"#2"},"south":{"uv":[12.5,7,13.5,8],"texture":"#2"},"west":{"uv":[5.5,7.5,8,8.5],"texture":"#2"},"up":{"uv":[9,2.5,8,0],"texture":"#2"},"down":{"uv":[9,2.5,8,5],"texture":"#2"}}},{"from":[7.1156,10.97912,4.89676],"to":[8.8844,11.68312,7.00876],"rotation":{"angle":0,"axis":"y","origin":[8,8,9]},"faces":{"north":{"uv":[13,10.5,14,11],"texture":"#2"},"east":{"uv":[3,13,4.25,13.5],"texture":"#2"},"south":{"uv":[11,13,12,13.5],"texture":"#2"},"west":{"uv":[13,4,14.25,4.5],"texture":"#2"},"up":{"uv":[12.5,2.25,11.5,1],"texture":"#2"},"down":{"uv":[4,11.5,3,12.75],"texture":"#2"}}},{"from":[7.1156,8.99912,4.89676],"to":[8.8844,9.70312,7.00876],"rotation":{"angle":0,"axis":"y","origin":[8,8,9]},"faces":{"north":{"uv":[11.5,2.5,12.5,3],"texture":"#2"},"east":{"uv":[12.5,8,13.75,8.5],"texture":"#2"},"south":{"uv":[13,10,14,10.5],"texture":"#2"},"west":{"uv":[12.5,8.5,13.75,9],"texture":"#2"},"up":{"uv":[12,7.25,11,6],"texture":"#2"},"down":{"uv":[9,11,8,12.25],"texture":"#2"}}},{"from":[7.34,-1.46219,2.51529],"to":[8.66,1.00181,4.97929],"rotation":{"angle":0,"axis":"x","origin":[8,8,9]},"faces":{"north":{"uv":[6,13.5,6.75,12],"rotation":180,"texture":"#2"},"east":{"uv":[4.5,10,6,8.5],"rotation":180,"texture":"#2"},"south":{"uv":[12,7,12.75,5.5],"rotation":180,"texture":"#2"},"west":{"uv":[6,10,7.5,8.5],"rotation":180,"texture":"#2"},"up":{"uv":[12.75,9,12,10.5],"texture":"#2"},"down":{"uv":[12.75,12,12,10.5],"texture":"#2"}}},{"from":[8,-1.22479,-4.37452],"to":[8,1.23921,-1.91052],"rotation":{"angle":-45,"axis":"x","origin":[8,8,9]},"faces":{"north":{"uv":[0,0,0,1.5],"rotation":180,"texture":"#2"},"east":{"uv":[9.5,5,8,6.5],"rotation":180,"texture":"#2"},"south":{"uv":[0,0,0,1.5],"rotation":180,"texture":"#2"},"west":{"uv":[9.5,6.5,8,8],"rotation":180,"texture":"#2"},"up":{"uv":[0,0,0,1.5],"rotation":180,"texture":"#2"},"down":{"uv":[0,1.5,0,0],"rotation":180,"texture":"#2"}}},{"from":[8,-3.31,-3.49452],"to":[8,-1.286,-1.47052],"rotation":{"angle":-45,"axis":"x","origin":[8,8,9]},"faces":{"north":{"uv":[0,0,0,1.5],"texture":"#2"},"east":{"uv":[8,5,9.5,6.5],"texture":"#2"},"south":{"uv":[0,0,0,1.5],"texture":"#2"},"west":{"uv":[8,6.5,9.5,8],"texture":"#2"},"up":{"uv":[0,0,0,1.5],"rotation":180,"texture":"#2"},"down":{"uv":[0,1.5,0,0],"rotation":180,"texture":"#2"}}},{"from":[7.34,-5.19571,6.24882],"to":[8.66,-2.73171,8.71282],"rotation":{"angle":0,"axis":"x","origin":[8,8,9]},"faces":{"north":{"uv":[12,12,12.75,10.5],"texture":"#2"},"east":{"uv":[6,10,4.5,8.5],"rotation":90,"texture":"#2"},"south":{"uv":[12,9,12.75,10.5],"rotation":180,"texture":"#2"},"west":{"uv":[7.5,10,6,8.5],"rotation":270,"texture":"#2"},"up":{"uv":[12,5.5,12.75,7],"rotation":180,"texture":"#2"},"down":{"uv":[6,12,6.75,13.5],"texture":"#2"}}},{"from":[7.384,-5.49928,12.31768],"to":[8.616,-4.09128,16.36568],"rotation":{"angle":22.5,"axis":"x","origin":[8,8,9]},"faces":{"north":{"uv":[10.75,13.75,10,13],"texture":"#2"},"east":{"uv":[12.25,3.75,10.5,3],"texture":"#2"},"south":{"uv":[13.75,9.75,13,9],"texture":"#2"},"west":{"uv":[11.75,11.25,10,10.5],"texture":"#2"},"up":{"uv":[7.75,11,7,12.75],"texture":"#2"},"down":{"uv":[11.75,5.75,11,4],"texture":"#2"}}},{"from":[7.12,-5.92319,2.39996],"to":[8.88,-2.75519,4.15996],"rotation":{"angle":-22.5,"axis":"x","origin":[8,8,9]},"faces":{"north":{"uv":[10,11.25,9,9.5],"rotation":180,"texture":"#2"},"east":{"uv":[9.5,7.5,11.25,8.5],"rotation":90,"texture":"#2"},"south":{"uv":[3,10,2,11.75],"texture":"#2"},"west":{"uv":[9.5,8.5,11.25,9.5],"rotation":270,"texture":"#2"},"up":{"uv":[2,13.5,1,12.5],"rotation":180,"texture":"#2"},"down":{"uv":[13.5,1,12.5,0],"texture":"#2"}}},{"from":[7.296,-7.39693,8.30242],"to":[8.704,-5.98893,11.47042],"rotation":{"angle":0,"axis":"x","origin":[8,8,9]},"faces":{"north":{"uv":[9.75,13.75,9,13],"texture":"#2"},"east":{"uv":[11.75,10.25,10,9.5],"texture":"#2"},"south":{"uv":[7.75,13.75,7,13],"texture":"#2"},"west":{"uv":[12.25,0.75,10.5,0],"texture":"#2"},"up":{"uv":[11.25,1,10.5,2.75],"texture":"#2"},"down":{"uv":[6.75,11.75,6,10],"texture":"#2"}}},{"from":[8,-6.76109,-2.36587],"to":[8,-0.60109,2.03413],"rotation":{"angle":-45,"axis":"x","origin":[8,8,9]},"faces":{"north":{"uv":[0,3.5,0,0],"rotation":180,"texture":"#2"},"east":{"uv":[0,0,3.5,2.5],"rotation":90,"texture":"#2"},"south":{"uv":[0,0,0,3.5],"texture":"#2"},"west":{"uv":[0,2.5,3.5,5],"rotation":270,"texture":"#2"},"up":{"uv":[0,2.5,0,0],"rotation":180,"texture":"#2"},"down":{"uv":[0,2.5,0,0],"texture":"#2"}}},{"from":[6.988,-0.02861,6.34753],"to":[9.012,2.08339,8.81153],"rotation":{"angle":22.5,"axis":"x","origin":[8,8,9]},"faces":{"north":{"uv":[3,11.25,4.25,10],"texture":"#2"},"east":{"uv":[9,1.25,10.5,0],"texture":"#2"},"south":{"uv":[4.5,11.25,5.75,10],"texture":"#2"},"west":{"uv":[9,2.75,10.5,1.5],"texture":"#2"},"up":{"uv":[10.75,6,9.5,4.5],"texture":"#2"},"down":{"uv":[10.25,3,9,4.5],"texture":"#2"}}},{"from":[7.384,3.86121,2.85237],"to":[8.616,6.32521,5.31637],"rotation":{"angle":-22.5,"axis":"x","origin":[8,8,9]},"faces":{"north":{"uv":[10,13,10.75,11.5],"texture":"#2"},"east":{"uv":[8,9.5,9.5,8],"texture":"#2"},"south":{"uv":[11,13,11.75,11.5],"texture":"#2"},"west":{"uv":[3,10,4.5,8.5],"texture":"#2"},"up":{"uv":[12.75,5.5,12,4],"texture":"#2"},"down":{"uv":[2.75,12,2,13.5],"texture":"#2"}}},{"from":[7.1156,-0.48684,6.52353],"to":[8.8844,0.21716,8.63553],"rotation":{"angle":22.5,"axis":"x","origin":[8,8,9]},"faces":{"north":{"uv":[12,13.5,13,13],"texture":"#2"},"east":{"uv":[13,5.5,14.25,5],"texture":"#2"},"south":{"uv":[13,12.5,14,12],"texture":"#2"},"west":{"uv":[13,6,14.25,5.5],"texture":"#2"},"up":{"uv":[10,12.75,9,11.5],"texture":"#2"},"down":{"uv":[12.5,7.5,11.5,8.75],"texture":"#2"}}},{"from":[7.12,-4.09361,4.93739],"to":[8.88,0.30639,6.69739],"rotation":{"angle":0,"axis":"x","origin":[8,8,9]},"faces":{"north":{"uv":[7,2.5,8,0],"texture":"#2"},"east":{"uv":[7,5,8,2.5],"texture":"#2"},"south":{"uv":[7,7.5,8,5],"texture":"#2"},"west":{"uv":[2,10,3,7.5],"texture":"#2"},"up":{"uv":[13.5,3,12.5,2],"texture":"#2"},"down":{"uv":[13.5,1,12.5,2],"texture":"#2"}}},{"from":[7.1244,-2.77361,3.61739],"to":[8.8756,-1.01361,8.01739],"rotation":{"angle":0,"axis":"x","origin":[8,8,9]},"faces":{"north":{"uv":[12.5,4,13.5,3],"texture":"#2"},"east":{"uv":[3,8.5,5.5,7.5],"texture":"#2"},"south":{"uv":[12.5,8,13.5,7],"texture":"#2"},"west":{"uv":[5.5,8.5,8,7.5],"texture":"#2"},"up":{"uv":[9,5,8,2.5],"texture":"#2"},"down":{"uv":[9,0,8,2.5],"texture":"#2"}}},{"from":[7.1156,4.31688,4.89676],"to":[8.8844,5.02088,7.00876],"rotation":{"angle":0,"axis":"y","origin":[8,8,9]},"faces":{"north":{"uv":[13,11,14,10.5],"texture":"#2"},"east":{"uv":[3,13.5,4.25,13],"texture":"#2"},"south":{"uv":[11,13.5,12,13],"texture":"#2"},"west":{"uv":[13,4.5,14.25,4],"texture":"#2"},"up":{"uv":[4,12.75,3,11.5],"texture":"#2"},"down":{"uv":[12.5,1,11.5,2.25],"texture":"#2"}}},{"from":[7.1156,6.29688,4.89676],"to":[8.8844,7.00088,7.00876],"rotation":{"angle":0,"axis":"y","origin":[8,8,9]},"faces":{"north":{"uv":[11.5,3,12.5,2.5],"texture":"#2"},"east":{"uv":[12.5,8.5,13.75,8],"texture":"#2"},"south":{"uv":[13,10.5,14,10],"texture":"#2"},"west":{"uv":[12.5,9,13.75,8.5],"texture":"#2"},"up":{"uv":[9,12.25,8,11],"texture":"#2"},"down":{"uv":[12,6,11,7.25],"texture":"#2"}}},{"from":[8,-7.29,14.01071],"to":[8,23.29,14.49471],"rotation":{"angle":0,"axis":"y","origin":[8,8,9]},"faces":{"north":{"uv":[0,0,0,90],"texture":"#1"},"east":{"uv":[0.2,0,0,12],"texture":"#1"},"south":{"uv":[0,0,0,90],"texture":"#1"},"west":{"uv":[0,0,0.2,12],"texture":"#1"},"up":{"uv":[0,0,0,49.5],"texture":"#1"},"down":{"uv":[0,49.5,0,0],"texture":"#1"}}},{"from":[7.296,3.424,5.24876],"to":[8.704,12.576,6.65676],"rotation":{"angle":0,"axis":"y","origin":[8,8,9]},"faces":{"north":{"uv":[1,5,1.75,12.25],"texture":"#2"},"east":{"uv":[4.5,0,5.25,7.25],"texture":"#2"},"south":{"uv":[1,5,1.75,12.25],"texture":"#2"},"west":{"uv":[1,5,1.75,12.25],"texture":"#2"},"up":{"uv":[8.75,13.25,8,12.5],"texture":"#2"},"down":{"uv":[13.75,6,13,6.75],"texture":"#2"}}}],"gui_light":"front","display":{"thirdperson_righthand":{"translation":[0,-2,3.25],"scale":[0.8,0.8,0.8]},"thirdperson_lefthand":{"translation":[0,-2,3.25],"scale":[0.8,0.8,0.8]},"firstperson_righthand":{"rotation":[9.04,0.22,8.08],"translation":[7.25,0,-8.75]},"firstperson_lefthand":{"rotation":[9.04,0.22,8.08],"translation":[7.25,0,-8.75]},"ground":{"rotation":[0,0,-82],"scale":[0.67,0.67,0.67]},"gui":{"rotation":[90,45,90],"translation":[-0.75,0.75,-2],"scale":[0.5,0.5,0.5]},"head":{"scale":[0,0,0]},"fixed":{"rotation":[90,-45,90],"translation":[0.75,1.25,-2]}},"groups":[{"name":"bow10","origin":[8,20.80866,14.32529],"color":0,"children":[{"name":"group","origin":[7.995,9.53536,4.53723],"color":0,"children":[0,1,2,3,4,5,6,7,8,9,10,11,12,13,14]},{"name":"group","origin":[7.995,9.53536,4.53723],"color":0,"children":[15,16,17,18,19,20,21,22,23,24,25,26,27,28,29]},30,31]}]}