{"credit":"Made with Blockbench","texture_size":[20,20],"textures":{"1":"item/bows/bow_16","2":"item/bows/string","particle":"item/bows/string"},"elements":[{"from":[7.15267,15.493,2.30751],"to":[8.85283,17.8114,4.62591],"rotation":{"angle":22.5,"axis":"x","origin":[8,8,8]},"faces":{"north":{"uv":[1.6,8,2.4,9.2],"texture":"#1"},"east":{"uv":[0,6.4,1.2,7.6],"texture":"#1"},"south":{"uv":[2.4,8,3.2,9.2],"texture":"#1"},"west":{"uv":[1.6,6.4,2.8,7.6],"texture":"#1"},"up":{"uv":[8.8,7.6,8,6.4],"texture":"#1"},"down":{"uv":[8.8,8,8,9.2],"texture":"#1"}}},{"from":[7.38451,14.8021,1.61661],"to":[8.62099,16.3477,3.16221],"rotation":{"angle":22.5,"axis":"x","origin":[8,8,8]},"faces":{"north":{"uv":[10.4,2.4,11,3.2],"texture":"#1"},"east":{"uv":[9.6,9.6,10.4,10.4],"texture":"#1"},"south":{"uv":[3.2,10.4,3.8,11.2],"texture":"#1"},"west":{"uv":[10.4,0,11.2,0.8],"texture":"#1"},"up":{"uv":[11,4,10.4,3.2],"texture":"#1"},"down":{"uv":[4.6,10.4,4,11.2],"texture":"#1"}}},{"from":[7.50043,16.85987,7.29692],"to":[8.50507,18.01907,9.61532],"rotation":{"angle":-22.5,"axis":"x","origin":[8,8,8]},"faces":{"north":{"uv":[10.4,5.6,11,6.2],"texture":"#1"},"east":{"uv":[8.8,6.4,10,7],"texture":"#1"},"south":{"uv":[6.4,10.4,7,11],"texture":"#1"},"west":{"uv":[8.8,7.2,10,7.8],"texture":"#1"},"up":{"uv":[9.4,9.2,8.8,8],"texture":"#1"},"down":{"uv":[2.2,9.6,1.6,10.8],"texture":"#1"}}},{"from":[7.61635,13.98986,-0.65117],"to":[8.38915,14.91722,1.04899],"rotation":{"angle":22.5,"axis":"x","origin":[8,8,8]},"faces":{"north":{"uv":[12,5.6,12.4,6],"texture":"#1"},"east":{"uv":[5.6,11.2,6.4,11.6],"texture":"#1"},"south":{"uv":[6.4,12,6.8,12.4],"texture":"#1"},"west":{"uv":[11.2,5.6,12,6],"texture":"#1"},"up":{"uv":[6.8,12,6.4,11.2],"texture":"#1"},"down":{"uv":[11.6,6.4,11.2,7.2],"texture":"#1"}}},{"from":[7.38451,16.95668,3.77119],"to":[8.62099,18.50228,5.31679],"rotation":{"angle":22.5,"axis":"x","origin":[8,8,8]},"faces":{"north":{"uv":[10.4,4,11,4.8],"texture":"#1"},"east":{"uv":[10.4,0.8,11.2,1.6],"texture":"#1"},"south":{"uv":[4.8,10.4,5.4,11.2],"texture":"#1"},"west":{"uv":[10.4,1.6,11.2,2.4],"texture":"#1"},"up":{"uv":[11,5.6,10.4,4.8],"texture":"#1"},"down":{"uv":[6.2,10.4,5.6,11.2],"texture":"#1"}}},{"from":[7.42315,14.74318,2.92158],"to":[8.58235,15.51598,4.08078],"rotation":{"angle":22.5,"axis":"x","origin":[8,8,8]},"faces":{"north":{"uv":[8.8,11.2,9.4,11.6],"texture":"#1"},"east":{"uv":[11.2,8.8,11.8,9.2],"texture":"#1"},"south":{"uv":[9.6,11.2,10.2,11.6],"texture":"#1"},"west":{"uv":[11.2,9.6,11.8,10],"texture":"#1"},"up":{"uv":[11,7,10.4,6.4],"texture":"#1"},"down":{"uv":[7.8,10.4,7.2,11],"texture":"#1"}}},{"from":[7.50043,7.65282,3.52967],"to":[8.50507,8.42562,4.53431],"rotation":{"angle":45,"axis":"x","origin":[8,8,8]},"faces":{"north":{"uv":[10.4,11.2,11,11.6],"texture":"#1"},"east":{"uv":[11.2,10.4,11.8,10.8],"texture":"#1"},"south":{"uv":[11.2,11.2,11.8,11.6],"texture":"#1"},"west":{"uv":[0,12,0.6,12.4],"texture":"#1"},"up":{"uv":[11,7.8,10.4,7.2],"texture":"#1"},"down":{"uv":[8.6,10.4,8,11],"texture":"#1"}}},{"from":[7.57771,10.82301,5.51452],"to":[8.42779,11.82765,6.51916],"rotation":{"angle":-22.5,"axis":"x","origin":[8,8,8]},"faces":{"north":{"uv":[12,0,12.4,0.6],"texture":"#1"},"east":{"uv":[10.4,8,11,8.6],"texture":"#1"},"south":{"uv":[0.8,12,1.2,12.6],"texture":"#1"},"west":{"uv":[8.8,10.4,9.4,11],"texture":"#1"},"up":{"uv":[12.4,1.4,12,0.8],"texture":"#1"},"down":{"uv":[2,12,1.6,12.6],"texture":"#1"}}},{"from":[7.38451,10.09976,4.8225],"to":[8.62099,11.1044,5.82714],"rotation":{"angle":-22.5,"axis":"x","origin":[8,8,8]},"faces":{"north":{"uv":[10.4,8.8,11,9.4],"texture":"#1"},"east":{"uv":[9.6,10.4,10.2,11],"texture":"#1"},"south":{"uv":[10.4,9.6,11,10.2],"texture":"#1"},"west":{"uv":[10.4,10.4,11,11],"texture":"#1"},"up":{"uv":[0.6,11.8,0,11.2],"texture":"#1"},"down":{"uv":[11.8,0,11.2,0.6],"texture":"#1"}}},{"from":[7.42315,14.35678,2.76702],"to":[8.58235,14.74318,3.92622],"rotation":{"angle":22.5,"axis":"x","origin":[8,8,8]},"faces":{"north":{"uv":[12,10.4,12.6,10.6],"texture":"#1"},"east":{"uv":[11.2,12,11.8,12.2],"texture":"#1"},"south":{"uv":[12,11.2,12.6,11.4],"texture":"#1"},"west":{"uv":[12,12,12.6,12.2],"texture":"#1"},"up":{"uv":[1.4,11.8,0.8,11.2],"texture":"#1"},"down":{"uv":[11.8,0.8,11.2,1.4],"texture":"#1"}}},{"from":[7.50043,14.12494,2.8443],"to":[8.50507,14.35678,3.84894],"rotation":{"angle":22.5,"axis":"x","origin":[8,8,8]},"faces":{"north":{"uv":[0,12.8,0.6,13],"texture":"#1"},"east":{"uv":[12.8,0,13.4,0.2],"texture":"#1"},"south":{"uv":[0.8,12.8,1.4,13],"texture":"#1"},"west":{"uv":[12.8,0.8,13.4,1],"texture":"#1"},"up":{"uv":[2.2,11.8,1.6,11.2],"texture":"#1"},"down":{"uv":[11.8,1.6,11.2,2.2],"texture":"#1"}}},{"from":[7.50043,14.42755,5.6585],"to":[8.50507,14.65939,6.66314],"rotation":{"angle":0,"axis":"x","origin":[8,8,8]},"faces":{"north":{"uv":[1.6,12.8,2.2,13],"texture":"#1"},"east":{"uv":[12.8,1.6,13.4,1.8],"texture":"#1"},"south":{"uv":[2.4,12.8,3,13],"texture":"#1"},"west":{"uv":[12.8,2.4,13.4,2.6],"texture":"#1"},"up":{"uv":[3,11.8,2.4,11.2],"texture":"#1"},"down":{"uv":[11.8,2.4,11.2,3],"texture":"#1"}}},{"from":[7.57771,14.42755,5.73578],"to":[8.42779,15.58675,6.58586],"rotation":{"angle":0,"axis":"x","origin":[8,8,8]},"faces":{"north":{"uv":[12,1.6,12.4,2.2],"texture":"#1"},"east":{"uv":[2.4,12,2.8,12.6],"texture":"#1"},"south":{"uv":[12,2.4,12.4,3],"texture":"#1"},"west":{"uv":[3.2,12,3.6,12.6],"texture":"#1"},"up":{"uv":[12.4,6.8,12,6.4],"texture":"#1"},"down":{"uv":[7.6,12,7.2,12.4],"texture":"#1"}}},{"from":[7.42315,9.44402,3.45239],"to":[8.58235,9.83042,4.61159],"rotation":{"angle":45,"axis":"x","origin":[8,8,8]},"faces":{"north":{"uv":[3.2,12.8,3.8,13],"texture":"#1"},"east":{"uv":[12.8,3.2,13.4,3.4],"texture":"#1"},"south":{"uv":[4,12.8,4.6,13],"texture":"#1"},"west":{"uv":[12.8,4,13.4,4.2],"texture":"#1"},"up":{"uv":[3.8,11.8,3.2,11.2],"texture":"#1"},"down":{"uv":[11.8,3.2,11.2,3.8],"texture":"#1"}}},{"from":[7.57771,8.28482,3.60695],"to":[8.42779,9.44402,4.45703],"rotation":{"angle":45,"axis":"x","origin":[8,8,8]},"faces":{"north":{"uv":[12,3.2,12.4,3.8],"texture":"#1"},"east":{"uv":[4,12,4.4,12.6],"texture":"#1"},"south":{"uv":[12,4,12.4,4.6],"texture":"#1"},"west":{"uv":[4.8,12,5.2,12.6],"texture":"#1"},"up":{"uv":[12.4,7.6,12,7.2],"texture":"#1"},"down":{"uv":[8.4,12,8,12.4],"texture":"#1"}}},{"from":[7.50043,9.21218,3.52967],"to":[8.50507,9.44402,4.53431],"rotation":{"angle":45,"axis":"x","origin":[8,8,8]},"faces":{"north":{"uv":[4.8,12.8,5.4,13],"texture":"#1"},"east":{"uv":[12.8,4.8,13.4,5],"texture":"#1"},"south":{"uv":[5.6,12.8,6.2,13],"texture":"#1"},"west":{"uv":[12.8,5.6,13.4,5.8],"texture":"#1"},"up":{"uv":[4.6,11.8,4,11.2],"texture":"#1"},"down":{"uv":[11.8,4,11.2,4.6],"texture":"#1"}}},{"from":[7.65499,11.21087,5.78502],"to":[8.35051,16.23407,6.48054],"rotation":{"angle":0,"axis":"x","origin":[8,8,8]},"faces":{"north":{"uv":[6.4,6.4,6.8,9],"texture":"#1"},"east":{"uv":[7.2,6.4,7.6,9],"texture":"#1"},"south":{"uv":[0,8,0.4,10.6],"texture":"#1"},"west":{"uv":[0.8,8,1.2,10.6],"texture":"#1"},"up":{"uv":[12.4,8.4,12,8],"texture":"#1"},"down":{"uv":[9.2,12,8.8,12.4],"texture":"#1"}}},{"from":[8.00275,11.373,1.29114],"to":[8.00275,22.5786,20.53386],"rotation":{"angle":-22.5,"axis":"x","origin":[8,8,8]},"faces":{"north":{"uv":[0,0,0,5.8],"texture":"#1"},"east":{"uv":[10,0,0,5.8],"texture":"#1"},"south":{"uv":[0,0,0,5.8],"texture":"#1"},"west":{"uv":[0,0,10,5.8],"texture":"#1"},"up":{"uv":[0,10,0,0],"texture":"#1"},"down":{"uv":[0,0,0,10],"texture":"#1"}}},{"from":[7.50043,16.85987,12.20968],"to":[8.50507,18.01907,14.52808],"rotation":{"angle":-22.5,"axis":"x","origin":[8,8,8]},"faces":{"north":{"uv":[4.8,11.2,5.4,11.8],"texture":"#1"},"east":{"uv":[6.4,9.6,7.6,10.2],"texture":"#1"},"south":{"uv":[11.2,4.8,11.8,5.4],"texture":"#1"},"west":{"uv":[8,9.6,9.2,10.2],"texture":"#1"},"up":{"uv":[3,10.8,2.4,9.6],"texture":"#1"},"down":{"uv":[10.2,9.2,9.6,8],"texture":"#1"}}},{"from":[7.61635,19.06991,5.20168],"to":[8.38915,20.77007,6.12904],"rotation":{"angle":22.5,"axis":"x","origin":[8,8,8]},"faces":{"north":{"uv":[7.2,11.2,7.6,12],"texture":"#1"},"east":{"uv":[11.2,7.2,11.6,8],"texture":"#1"},"south":{"uv":[8,11.2,8.4,12],"texture":"#1"},"west":{"uv":[11.2,8,11.6,8.8],"texture":"#1"},"up":{"uv":[12.4,9.2,12,8.8],"texture":"#1"},"down":{"uv":[10,12,9.6,12.4],"texture":"#1"}}},{"from":[7.73227,18.11155,15.00972],"to":[8.27323,18.80707,16.16892],"rotation":{"angle":-22.5,"axis":"x","origin":[8,8,8]},"faces":{"north":{"uv":[7.2,12.8,7.4,13.2],"texture":"#1"},"east":{"uv":[12,4.8,12.6,5.2],"texture":"#1"},"south":{"uv":[12.8,7.2,13,7.6],"texture":"#1"},"west":{"uv":[5.6,12,6.2,12.4],"texture":"#1"},"up":{"uv":[6.6,13.4,6.4,12.8],"texture":"#1"},"down":{"uv":[13,6.4,12.8,7],"texture":"#1"}}},{"from":[7.15267,-1.8114,2.30751],"to":[8.85283,0.507,4.62591],"rotation":{"angle":-22.5,"axis":"x","origin":[8,8,8]},"faces":{"north":{"uv":[1.6,9.2,2.4,8],"texture":"#1"},"east":{"uv":[0,7.6,1.2,6.4],"texture":"#1"},"south":{"uv":[2.4,9.2,3.2,8],"texture":"#1"},"west":{"uv":[1.6,7.6,2.8,6.4],"texture":"#1"},"up":{"uv":[8.8,9.2,8,8],"texture":"#1"},"down":{"uv":[8.8,6.4,8,7.6],"texture":"#1"}}},{"from":[7.38451,-0.3477,1.61661],"to":[8.62099,1.1979,3.16221],"rotation":{"angle":-22.5,"axis":"x","origin":[8,8,8]},"faces":{"north":{"uv":[10.4,3.2,11,2.4],"texture":"#1"},"east":{"uv":[9.6,10.4,10.4,9.6],"texture":"#1"},"south":{"uv":[3.2,11.2,3.8,10.4],"texture":"#1"},"west":{"uv":[10.4,0.8,11.2,0],"texture":"#1"},"up":{"uv":[4.6,11.2,4,10.4],"texture":"#1"},"down":{"uv":[11,3.2,10.4,4],"texture":"#1"}}},{"from":[7.50043,-2.01907,7.29692],"to":[8.50507,-0.85987,9.61532],"rotation":{"angle":22.5,"axis":"x","origin":[8,8,8]},"faces":{"north":{"uv":[10.4,6.2,11,5.6],"texture":"#1"},"east":{"uv":[8.8,7,10,6.4],"texture":"#1"},"south":{"uv":[6.4,11,7,10.4],"texture":"#1"},"west":{"uv":[8.8,7.8,10,7.2],"texture":"#1"},"up":{"uv":[2.2,10.8,1.6,9.6],"texture":"#1"},"down":{"uv":[9.4,8,8.8,9.2],"texture":"#1"}}},{"from":[7.61635,1.08278,-0.65117],"to":[8.38915,2.01014,1.04899],"rotation":{"angle":-22.5,"axis":"x","origin":[8,8,8]},"faces":{"north":{"uv":[12,6,12.4,5.6],"texture":"#1"},"east":{"uv":[5.6,11.6,6.4,11.2],"texture":"#1"},"south":{"uv":[6.4,12.4,6.8,12],"texture":"#1"},"west":{"uv":[11.2,6,12,5.6],"texture":"#1"},"up":{"uv":[11.6,7.2,11.2,6.4],"texture":"#1"},"down":{"uv":[6.8,11.2,6.4,12],"texture":"#1"}}},{"from":[7.38451,-2.50228,3.77119],"to":[8.62099,-0.95668,5.31679],"rotation":{"angle":-22.5,"axis":"x","origin":[8,8,8]},"faces":{"north":{"uv":[10.4,4.8,11,4],"texture":"#1"},"east":{"uv":[10.4,1.6,11.2,0.8],"texture":"#1"},"south":{"uv":[4.8,11.2,5.4,10.4],"texture":"#1"},"west":{"uv":[10.4,2.4,11.2,1.6],"texture":"#1"},"up":{"uv":[6.2,11.2,5.6,10.4],"texture":"#1"},"down":{"uv":[11,4.8,10.4,5.6],"texture":"#1"}}},{"from":[7.42315,0.48402,2.92158],"to":[8.58235,1.25682,4.08078],"rotation":{"angle":-22.5,"axis":"x","origin":[8,8,8]},"faces":{"north":{"uv":[8.8,11.6,9.4,11.2],"texture":"#1"},"east":{"uv":[11.2,9.2,11.8,8.8],"texture":"#1"},"south":{"uv":[9.6,11.6,10.2,11.2],"texture":"#1"},"west":{"uv":[11.2,10,11.8,9.6],"texture":"#1"},"up":{"uv":[7.8,11,7.2,10.4],"texture":"#1"},"down":{"uv":[11,6.4,10.4,7],"texture":"#1"}}},{"from":[7.50043,7.57438,3.52967],"to":[8.50507,8.34718,4.53431],"rotation":{"angle":-45,"axis":"x","origin":[8,8,8]},"faces":{"north":{"uv":[10.4,11.6,11,11.2],"texture":"#1"},"east":{"uv":[11.2,10.8,11.8,10.4],"texture":"#1"},"south":{"uv":[11.2,11.6,11.8,11.2],"texture":"#1"},"west":{"uv":[0,12.4,0.6,12],"texture":"#1"},"up":{"uv":[8.6,11,8,10.4],"texture":"#1"},"down":{"uv":[11,7.2,10.4,7.8],"texture":"#1"}}},{"from":[7.57771,4.17235,5.51452],"to":[8.42779,5.17699,6.51916],"rotation":{"angle":22.5,"axis":"x","origin":[8,8,8]},"faces":{"north":{"uv":[12,0.6,12.4,0],"texture":"#1"},"east":{"uv":[10.4,8.6,11,8],"texture":"#1"},"south":{"uv":[0.8,12.6,1.2,12],"texture":"#1"},"west":{"uv":[8.8,11,9.4,10.4],"texture":"#1"},"up":{"uv":[2,12.6,1.6,12],"texture":"#1"},"down":{"uv":[12.4,0.8,12,1.4],"texture":"#1"}}},{"from":[7.38451,4.8956,4.8225],"to":[8.62099,5.90024,5.82714],"rotation":{"angle":22.5,"axis":"x","origin":[8,8,8]},"faces":{"north":{"uv":[10.4,9.4,11,8.8],"texture":"#1"},"east":{"uv":[9.6,11,10.2,10.4],"texture":"#1"},"south":{"uv":[10.4,10.2,11,9.6],"texture":"#1"},"west":{"uv":[10.4,11,11,10.4],"texture":"#1"},"up":{"uv":[11.8,0.6,11.2,0],"texture":"#1"},"down":{"uv":[0.6,11.2,0,11.8],"texture":"#1"}}},{"from":[7.42315,1.25682,2.76702],"to":[8.58235,1.64322,3.92622],"rotation":{"angle":-22.5,"axis":"x","origin":[8,8,8]},"faces":{"north":{"uv":[12,10.6,12.6,10.4],"texture":"#1"},"east":{"uv":[11.2,12.2,11.8,12],"texture":"#1"},"south":{"uv":[12,11.4,12.6,11.2],"texture":"#1"},"west":{"uv":[12,12.2,12.6,12],"texture":"#1"},"up":{"uv":[11.8,1.4,11.2,0.8],"texture":"#1"},"down":{"uv":[1.4,11.2,0.8,11.8],"texture":"#1"}}},{"from":[7.50043,1.64322,2.8443],"to":[8.50507,1.87506,3.84894],"rotation":{"angle":-22.5,"axis":"x","origin":[8,8,8]},"faces":{"north":{"uv":[0,13,0.6,12.8],"texture":"#1"},"east":{"uv":[12.8,0.2,13.4,0],"texture":"#1"},"south":{"uv":[0.8,13,1.4,12.8],"texture":"#1"},"west":{"uv":[12.8,1,13.4,0.8],"texture":"#1"},"up":{"uv":[11.8,2.2,11.2,1.6],"texture":"#1"},"down":{"uv":[2.2,11.2,1.6,11.8],"texture":"#1"}}},{"from":[7.50043,1.34061,5.6585],"to":[8.50507,1.57245,6.66314],"rotation":{"angle":0,"axis":"x","origin":[8,8,8]},"faces":{"north":{"uv":[1.6,13,2.2,12.8],"texture":"#1"},"east":{"uv":[12.8,1.8,13.4,1.6],"texture":"#1"},"south":{"uv":[2.4,13,3,12.8],"texture":"#1"},"west":{"uv":[12.8,2.6,13.4,2.4],"texture":"#1"},"up":{"uv":[11.8,3,11.2,2.4],"texture":"#1"},"down":{"uv":[3,11.2,2.4,11.8],"texture":"#1"}}},{"from":[7.57771,0.41325,5.73578],"to":[8.42779,1.57245,6.58586],"rotation":{"angle":0,"axis":"x","origin":[8,8,8]},"faces":{"north":{"uv":[12,2.2,12.4,1.6],"texture":"#1"},"east":{"uv":[2.4,12.6,2.8,12],"texture":"#1"},"south":{"uv":[12,3,12.4,2.4],"texture":"#1"},"west":{"uv":[3.2,12.6,3.6,12],"texture":"#1"},"up":{"uv":[7.6,12.4,7.2,12],"texture":"#1"},"down":{"uv":[12.4,6.4,12,6.8],"texture":"#1"}}},{"from":[7.42315,6.16958,3.45239],"to":[8.58235,6.55598,4.61159],"rotation":{"angle":-45,"axis":"x","origin":[8,8,8]},"faces":{"north":{"uv":[3.2,13,3.8,12.8],"texture":"#1"},"east":{"uv":[12.8,3.4,13.4,3.2],"texture":"#1"},"south":{"uv":[4,13,4.6,12.8],"texture":"#1"},"west":{"uv":[12.8,4.2,13.4,4],"texture":"#1"},"up":{"uv":[11.8,3.8,11.2,3.2],"texture":"#1"},"down":{"uv":[3.8,11.2,3.2,11.8],"texture":"#1"}}},{"from":[7.57771,6.55598,3.60695],"to":[8.42779,7.71518,4.45703],"rotation":{"angle":-45,"axis":"x","origin":[8,8,8]},"faces":{"north":{"uv":[12,3.8,12.4,3.2],"texture":"#1"},"east":{"uv":[4,12.6,4.4,12],"texture":"#1"},"south":{"uv":[12,4.6,12.4,4],"texture":"#1"},"west":{"uv":[4.8,12.6,5.2,12],"texture":"#1"},"up":{"uv":[8.4,12.4,8,12],"texture":"#1"},"down":{"uv":[12.4,7.2,12,7.6],"texture":"#1"}}},{"from":[7.50043,6.55598,3.52967],"to":[8.50507,6.78782,4.53431],"rotation":{"angle":-45,"axis":"x","origin":[8,8,8]},"faces":{"north":{"uv":[4.8,13,5.4,12.8],"texture":"#1"},"east":{"uv":[12.8,5,13.4,4.8],"texture":"#1"},"south":{"uv":[5.6,13,6.2,12.8],"texture":"#1"},"west":{"uv":[12.8,5.8,13.4,5.6],"texture":"#1"},"up":{"uv":[11.8,4.6,11.2,4],"texture":"#1"},"down":{"uv":[4.6,11.2,4,11.8],"texture":"#1"}}},{"from":[7.65499,-0.23407,5.78502],"to":[8.35051,4.78913,6.48054],"rotation":{"angle":0,"axis":"x","origin":[8,8,8]},"faces":{"north":{"uv":[6.4,9,6.8,6.4],"texture":"#1"},"east":{"uv":[7.2,9,7.6,6.4],"texture":"#1"},"south":{"uv":[0,10.6,0.4,8],"texture":"#1"},"west":{"uv":[0.8,10.6,1.2,8],"texture":"#1"},"up":{"uv":[9.2,12.4,8.8,12],"texture":"#1"},"down":{"uv":[12.4,8,12,8.4],"texture":"#1"}}},{"from":[8.00275,-6.5786,1.29114],"to":[8.00275,4.627,20.53386],"rotation":{"angle":22.5,"axis":"x","origin":[8,8,8]},"faces":{"north":{"uv":[0,5.8,0,0],"texture":"#1"},"east":{"uv":[10,5.8,0,0],"texture":"#1"},"south":{"uv":[0,5.8,0,0],"texture":"#1"},"west":{"uv":[0,5.8,10,0],"texture":"#1"},"up":{"uv":[0,10,0,0],"texture":"#1"},"down":{"uv":[0,0,0,10],"texture":"#1"}}},{"from":[7.50043,-2.01907,12.20968],"to":[8.50507,-0.85987,14.52808],"rotation":{"angle":22.5,"axis":"x","origin":[8,8,8]},"faces":{"north":{"uv":[4.8,11.8,5.4,11.2],"texture":"#1"},"east":{"uv":[6.4,10.2,7.6,9.6],"texture":"#1"},"south":{"uv":[11.2,5.4,11.8,4.8],"texture":"#1"},"west":{"uv":[8,10.2,9.2,9.6],"texture":"#1"},"up":{"uv":[10.2,8,9.6,9.2],"texture":"#1"},"down":{"uv":[3,9.6,2.4,10.8],"texture":"#1"}}},{"from":[7.61635,-4.77007,5.20168],"to":[8.38915,-3.06991,6.12904],"rotation":{"angle":-22.5,"axis":"x","origin":[8,8,8]},"faces":{"north":{"uv":[7.2,12,7.6,11.2],"texture":"#1"},"east":{"uv":[11.2,8,11.6,7.2],"texture":"#1"},"south":{"uv":[8,12,8.4,11.2],"texture":"#1"},"west":{"uv":[11.2,8.8,11.6,8],"texture":"#1"},"up":{"uv":[10,12.4,9.6,12],"texture":"#1"},"down":{"uv":[12.4,8.8,12,9.2],"texture":"#1"}}},{"from":[7.73227,-2.80707,15.00972],"to":[8.27323,-2.11155,16.16892],"rotation":{"angle":22.5,"axis":"x","origin":[8,8,8]},"faces":{"north":{"uv":[7.2,13.2,7.4,12.8],"texture":"#1"},"east":{"uv":[12,5.2,12.6,4.8],"texture":"#1"},"south":{"uv":[12.8,7.6,13,7.2],"texture":"#1"},"west":{"uv":[5.6,12.4,6.2,12],"texture":"#1"},"up":{"uv":[13,7,12.8,6.4],"texture":"#1"},"down":{"uv":[6.6,12.8,6.4,13.4],"texture":"#1"}}},{"from":[7.99725,-3.98226,12.53436],"to":[7.99725,19.98226,12.94085],"rotation":{"angle":0,"axis":"y","origin":[8,8,8]},"faces":{"north":{"uv":[0,0,0,192],"texture":"#2"},"east":{"uv":[0.19,0,0,12],"texture":"#2"},"south":{"uv":[0,0,0,192],"texture":"#2"},"west":{"uv":[0,0,0.19,12],"texture":"#2"},"up":{"uv":[0,0,0,105.6],"texture":"#2"},"down":{"uv":[0,105.6,0,0],"texture":"#2"}}},{"from":[7.65499,4.7156,4.17663],"to":[8.35051,11.2844,4.87215],"rotation":{"angle":0,"axis":"z","origin":[8,8,8]},"faces":{"north":{"uv":[3.2,6.4,3.6,9.8],"texture":"#1"},"east":{"uv":[4,6.4,4.4,9.8],"texture":"#1"},"south":{"uv":[4.8,6.4,5.2,9.8],"texture":"#1"},"west":{"uv":[5.6,6.4,6,9.8],"texture":"#1"},"up":{"uv":[12.4,10,12,9.6],"texture":"#1"},"down":{"uv":[10.8,12,10.4,12.4],"texture":"#1"}}}],"display":{"thirdperson_righthand":{"translation":[0,-2,3.25],"scale":[0.8,0.8,0.8]},"thirdperson_lefthand":{"translation":[0,-2,3.25],"scale":[0.8,0.8,0.8]},"firstperson_righthand":{"rotation":[9.04,0.22,8.08],"translation":[7.25,2.5,-8.75]},"firstperson_lefthand":{"rotation":[9.04,0.22,8.08],"translation":[7.25,2.5,-8.75]},"ground":{"rotation":[0,0,-82],"scale":[0.67,0.67,0.67]},"gui":{"rotation":[90,45,90],"translation":[-0.75,0.75,-2],"scale":[0.5,0.5,0.5]},"head":{"scale":[0,0,0]},"fixed":{"rotation":[90,-45,90],"translation":[0.75,1.25,-2]}},"groups":[{"name":"bow16","origin":[8.002,8,4.31854],"color":0,"children":[{"name":"group","origin":[7.90053,10.2919,4.31854],"color":0,"children":[0,1,2,3,4,5,6,7,8,9,10,11,12,13,14,15,16,17,18,19,20]},{"name":"group","origin":[7.90053,10.2919,4.31854],"color":0,"children":[21,22,23,24,25,26,27,28,29,30,31,32,33,34,35,36,37,38,39,40,41]},42,43]}]}