{"credit":"Made with Blockbench","texture_size":[32,32],"textures":{"0":"item/bows/arrow","1":"item/bows/bow_25","2":"item/bows/string","particle":"item/bows/arrow"},"elements":[{"from":[7.296,19.76714,8.0888],"to":[8.704,23.63914,9.4968],"rotation":{"angle":45,"axis":"x","origin":[8,19.64243,9.11636]},"faces":{"north":{"uv":[0.75,9,0,11.25],"texture":"#1"},"east":{"uv":[9.25,6.5,8.5,8.75],"texture":"#1"},"south":{"uv":[5.25,8.5,4.5,10.75],"texture":"#1"},"west":{"uv":[9.25,9,8.5,11.25],"texture":"#1"},"up":{"uv":[7.25,12.5,6.5,13.25],"texture":"#1"},"down":{"uv":[13.25,7.25,12.5,6.5],"texture":"#1"}}},{"from":[6.944,13.43594,5.16555],"to":[9.056,14.13994,7.27755],"rotation":{"angle":45,"axis":"x","origin":[8,13.78794,6.22155]},"faces":{"north":{"uv":[12,3.5,13.25,4],"texture":"#1"},"east":{"uv":[12,4,13.25,4.5],"texture":"#1"},"south":{"uv":[12.5,0,13.75,0.5],"texture":"#1"},"west":{"uv":[12.5,0.5,13.75,1],"texture":"#1"},"up":{"uv":[10.25,1.25,9,0],"texture":"#1"},"down":{"uv":[2.25,9.5,1,10.75],"texture":"#1"}}},{"from":[6.768,21.22799,11.05539],"to":[9.232,23.69199,13.16739],"rotation":{"angle":0,"axis":"x","origin":[8,19.64243,9.11636]},"faces":{"north":{"uv":[5.5,5.5,4,4],"rotation":180,"texture":"#1"},"east":{"uv":[5.5,7,4,8.25],"rotation":270,"texture":"#1"},"south":{"uv":[4.5,0,3,1.5],"texture":"#1"},"west":{"uv":[8.5,6,7,7.25],"rotation":90,"texture":"#1"},"up":{"uv":[8.5,4.5,7,5.75],"rotation":180,"texture":"#1"},"down":{"uv":[8.5,3,7,4.25],"texture":"#1"}}},{"from":[7.12,23.60417,9.09345],"to":[8.88,26.06817,11.55745],"rotation":{"angle":45,"axis":"x","origin":[8,19.64243,9.11636]},"faces":{"north":{"uv":[10.5,4.5,9.5,6],"texture":"#1"},"east":{"uv":[6,0,4.5,1.5],"texture":"#1"},"south":{"uv":[3.5,9.5,2.5,11],"texture":"#1"},"west":{"uv":[6.5,1.5,5,3],"texture":"#1"},"up":{"uv":[6.5,9.5,5.5,11],"texture":"#1"},"down":{"uv":[10.5,7.5,9.5,6],"texture":"#1"}}},{"from":[7.12,10.64236,4.98452],"to":[8.88,13.10636,7.44852],"rotation":{"angle":0,"axis":"x","origin":[8,15.35209,6.04485]},"faces":{"north":{"uv":[6.5,9.5,7.5,11],"texture":"#1"},"east":{"uv":[5.5,3,7,4.5],"texture":"#1"},"south":{"uv":[9.5,7.5,10.5,9],"texture":"#1"},"west":{"uv":[4,5.5,5.5,7],"texture":"#1"},"up":{"uv":[10.5,10.5,9.5,9],"texture":"#1"},"down":{"uv":[8.5,10,7.5,11.5],"texture":"#1"}}},{"from":[6.768,10.84312,1.77111],"to":[9.232,12.95512,5.64311],"rotation":{"angle":-45,"axis":"x","origin":[8,15.35209,6.04485]},"faces":{"north":{"uv":[0,7.5,1.5,8.75],"texture":"#1"},"east":{"uv":[0,2.5,2.25,3.75],"texture":"#1"},"south":{"uv":[7.5,0,9,1.25],"texture":"#1"},"west":{"uv":[2.5,2.5,4.75,3.75],"texture":"#1"},"up":{"uv":[1.5,2.25,0,0],"texture":"#1"},"down":{"uv":[3,0,1.5,2.25],"texture":"#1"}}},{"from":[7.434,18.26935,7.10132],"to":[8.566,20.73335,9.56532],"rotation":{"angle":22.5,"axis":"x","origin":[8,19.64243,9.11636]},"faces":{"north":{"uv":[4,11,4.75,12.5],"rotation":180,"texture":"#1"},"east":{"uv":[5.5,4.5,7,6],"rotation":180,"texture":"#1"},"south":{"uv":[11,3,11.75,4.5],"rotation":180,"texture":"#1"},"west":{"uv":[6,0,7.5,1.5],"rotation":180,"texture":"#1"},"up":{"uv":[6.75,11,6,12.5],"texture":"#1"},"down":{"uv":[5.75,12.5,5,11],"texture":"#1"}}},{"from":[7.12,8.99912,6.20111],"to":[8.88,9.70312,8.31311],"rotation":{"angle":0,"axis":"y","origin":[8,8,8]},"faces":{"north":{"uv":[12.5,10.5,13.5,11],"texture":"#1"},"east":{"uv":[2.5,12.5,3.75,13],"texture":"#1"},"south":{"uv":[12.5,11,13.5,11.5],"texture":"#1"},"west":{"uv":[12.5,2.5,13.75,3],"texture":"#1"},"up":{"uv":[11.5,1.25,10.5,0],"texture":"#1"},"down":{"uv":[11.5,10.5,10.5,11.75],"texture":"#1"}}},{"from":[7.12,10.19683,7.19566],"to":[8.88,10.90083,9.30766],"rotation":{"angle":-22.5,"axis":"x","origin":[8,8,8]},"faces":{"north":{"uv":[11.5,12.5,12.5,13],"texture":"#1"},"east":{"uv":[12.5,3,13.75,3.5],"texture":"#1"},"south":{"uv":[12.5,11.5,13.5,12],"texture":"#1"},"west":{"uv":[4,12.5,5.25,13],"texture":"#1"},"up":{"uv":[2,12.25,1,11],"texture":"#1"},"down":{"uv":[12,1.5,11,2.75],"texture":"#1"}}},{"from":[7.12,19.56941,9.02042],"to":[8.88,21.68141,9.72442],"rotation":{"angle":0,"axis":"x","origin":[8,19.64243,9.11636]},"faces":{"north":{"uv":[4,12.25,3,11],"rotation":180,"texture":"#1"},"east":{"uv":[13.75,4.5,12.5,5],"rotation":270,"texture":"#1"},"south":{"uv":[3,11,2,12.25],"texture":"#1"},"west":{"uv":[13.75,5,12.5,5.5],"rotation":90,"texture":"#1"},"up":{"uv":[13.5,12.5,12.5,13],"rotation":180,"texture":"#1"},"down":{"uv":[13.5,12,12.5,12.5],"texture":"#1"}}},{"from":[7.12,20.43725,10.19169],"to":[8.88,22.54925,10.89569],"rotation":{"angle":0,"axis":"x","origin":[8,19.64243,9.11636]},"faces":{"north":{"uv":[4,12.25,3,11],"rotation":180,"texture":"#1"},"east":{"uv":[13.75,4.5,12.5,5],"rotation":270,"texture":"#1"},"south":{"uv":[3,11,2,12.25],"texture":"#1"},"west":{"uv":[13.75,5,12.5,5.5],"rotation":90,"texture":"#1"},"up":{"uv":[13.5,12.5,12.5,13],"rotation":180,"texture":"#1"},"down":{"uv":[13.5,12,12.5,12.5],"texture":"#1"}}},{"from":[7.384,18.58151,4.70482],"to":[8.616,21.04551,7.16882],"rotation":{"angle":-22.5,"axis":"x","origin":[8,19.64243,9.11636]},"faces":{"north":{"uv":[0,11.5,0.75,13],"texture":"#1"},"east":{"uv":[5.5,6,7,7.5],"texture":"#1"},"south":{"uv":[11.5,0,12.25,1.5],"texture":"#1"},"west":{"uv":[6.5,1.5,8,3],"texture":"#1"},"up":{"uv":[12.25,6,11.5,4.5],"texture":"#1"},"down":{"uv":[12.25,6,11.5,7.5],"texture":"#1"}}},{"from":[7.516,19.58342,5.7027],"to":[8.484,21.47542,7.5947],"rotation":{"angle":0,"axis":"x","origin":[8,19.64243,9.11636]},"faces":{"north":{"uv":[1.5,14,1,13],"rotation":180,"texture":"#1"},"east":{"uv":[7,11.5,8,12.5],"rotation":90,"texture":"#1"},"south":{"uv":[2,13,1.5,14],"texture":"#1"},"west":{"uv":[11.5,7.5,12.5,8.5],"rotation":270,"texture":"#1"},"up":{"uv":[0.5,13,1,14],"texture":"#1"},"down":{"uv":[0,13,0.5,14],"rotation":180,"texture":"#1"}}},{"from":[7.164,12.97474,4.07067],"to":[8.836,16.14274,5.74267],"rotation":{"angle":-22.5,"axis":"x","origin":[8,15.35209,6.04485]},"faces":{"north":{"uv":[1.5,7.5,2.5,9.25],"texture":"#1"},"east":{"uv":[2.5,7.5,3.5,9.25],"texture":"#1"},"south":{"uv":[5.5,7.5,6.5,9.25],"texture":"#1"},"west":{"uv":[6.5,7.5,7.5,9.25],"texture":"#1"},"up":{"uv":[9,12.5,8,11.5],"texture":"#1"},"down":{"uv":[12.5,8.5,11.5,9.5],"texture":"#1"}}},{"from":[7.296,13.72274,6.02426],"to":[8.704,16.89074,7.43226],"rotation":{"angle":22.5,"axis":"x","origin":[8,19.64243,9.11636]},"faces":{"north":{"uv":[10.5,4.5,11.25,6.25],"texture":"#1"},"east":{"uv":[10.5,6.5,11.25,8.25],"texture":"#1"},"south":{"uv":[10.5,8.5,11.25,10.25],"texture":"#1"},"west":{"uv":[9.5,10.5,10.25,12.25],"texture":"#1"},"up":{"uv":[8.25,13.25,7.5,12.5],"texture":"#1"},"down":{"uv":[13.25,7.5,12.5,8.25],"texture":"#1"}}},{"from":[7.472,15.38035,4.11866],"to":[8.528,18.54835,5.17466],"rotation":{"angle":0,"axis":"x","origin":[8,19.64243,9.11636]},"faces":{"north":{"uv":[12,1.5,12.5,3.25],"texture":"#1"},"east":{"uv":[10.5,12,11,13.75],"texture":"#1"},"south":{"uv":[12,10.5,12.5,12.25],"texture":"#1"},"west":{"uv":[11,12,11.5,13.75],"texture":"#1"},"up":{"uv":[7.5,11.5,7,11],"texture":"#1"},"down":{"uv":[2.5,13,2,13.5],"texture":"#1"}}},{"from":[7.296,-7.63914,8.0888],"to":[8.704,-3.76714,9.4968],"rotation":{"angle":-45,"axis":"x","origin":[8,-3.64243,9.11636]},"faces":{"north":{"uv":[0.75,11.25,0,9],"texture":"#1"},"east":{"uv":[9.25,8.75,8.5,6.5],"texture":"#1"},"south":{"uv":[5.25,10.75,4.5,8.5],"texture":"#1"},"west":{"uv":[9.25,11.25,8.5,9],"texture":"#1"},"up":{"uv":[13.25,6.5,12.5,7.25],"texture":"#1"},"down":{"uv":[7.25,13.25,6.5,12.5],"texture":"#1"}}},{"from":[6.944,1.86006,5.16555],"to":[9.056,2.56406,7.27755],"rotation":{"angle":-45,"axis":"x","origin":[8,2.21206,6.22155]},"faces":{"north":{"uv":[12,4,13.25,3.5],"texture":"#1"},"east":{"uv":[12,4.5,13.25,4],"texture":"#1"},"south":{"uv":[12.5,0.5,13.75,0],"texture":"#1"},"west":{"uv":[12.5,1,13.75,0.5],"texture":"#1"},"up":{"uv":[2.25,10.75,1,9.5],"texture":"#1"},"down":{"uv":[10.25,0,9,1.25],"texture":"#1"}}},{"from":[6.768,-7.69199,11.05539],"to":[9.232,-5.22799,13.16739],"rotation":{"angle":0,"axis":"x","origin":[8,-3.64243,9.11636]},"faces":{"north":{"uv":[5.5,4,4,5.5],"rotation":180,"texture":"#1"},"east":{"uv":[4,7,5.5,8.25],"rotation":270,"texture":"#1"},"south":{"uv":[4.5,1.5,3,0],"texture":"#1"},"west":{"uv":[7,6,8.5,7.25],"rotation":90,"texture":"#1"},"up":{"uv":[8.5,4.25,7,3],"texture":"#1"},"down":{"uv":[8.5,5.75,7,4.5],"rotation":180,"texture":"#1"}}},{"from":[7.12,-10.06817,9.09345],"to":[8.88,-7.60417,11.55745],"rotation":{"angle":-45,"axis":"x","origin":[8,-3.64243,9.11636]},"faces":{"north":{"uv":[10.5,6,9.5,4.5],"texture":"#1"},"east":{"uv":[6,1.5,4.5,0],"texture":"#1"},"south":{"uv":[3.5,11,2.5,9.5],"texture":"#1"},"west":{"uv":[6.5,3,5,1.5],"texture":"#1"},"up":{"uv":[10.5,6,9.5,7.5],"texture":"#1"},"down":{"uv":[6.5,11,5.5,9.5],"texture":"#1"}}},{"from":[7.12,2.89364,4.98452],"to":[8.88,5.35764,7.44852],"rotation":{"angle":0,"axis":"x","origin":[8,0.64791,6.04485]},"faces":{"north":{"uv":[6.5,11,7.5,9.5],"texture":"#1"},"east":{"uv":[5.5,4.5,7,3],"texture":"#1"},"south":{"uv":[9.5,9,10.5,7.5],"texture":"#1"},"west":{"uv":[4,7,5.5,5.5],"texture":"#1"},"up":{"uv":[8.5,11.5,7.5,10],"texture":"#1"},"down":{"uv":[10.5,9,9.5,10.5],"texture":"#1"}}},{"from":[6.768,3.04488,1.77111],"to":[9.232,5.15688,5.64311],"rotation":{"angle":45,"axis":"x","origin":[8,0.64791,6.04485]},"faces":{"north":{"uv":[0,8.75,1.5,7.5],"texture":"#1"},"east":{"uv":[0,3.75,2.25,2.5],"texture":"#1"},"south":{"uv":[7.5,1.25,9,0],"texture":"#1"},"west":{"uv":[2.5,3.75,4.75,2.5],"texture":"#1"},"up":{"uv":[3,2.25,1.5,0],"texture":"#1"},"down":{"uv":[1.5,0,0,2.25],"texture":"#1"}}},{"from":[7.434,-4.73335,7.10132],"to":[8.566,-2.26935,9.56532],"rotation":{"angle":-22.5,"axis":"x","origin":[8,-3.64243,9.11636]},"faces":{"north":{"uv":[4,12.5,4.75,11],"rotation":180,"texture":"#1"},"east":{"uv":[5.5,6,7,4.5],"rotation":180,"texture":"#1"},"south":{"uv":[11,4.5,11.75,3],"rotation":180,"texture":"#1"},"west":{"uv":[6,1.5,7.5,0],"rotation":180,"texture":"#1"},"up":{"uv":[5.75,11,5,12.5],"texture":"#1"},"down":{"uv":[6.75,12.5,6,11],"texture":"#1"}}},{"from":[7.12,6.29688,6.20111],"to":[8.88,7.00088,8.31311],"rotation":{"angle":0,"axis":"y","origin":[8,8,8]},"faces":{"north":{"uv":[12.5,11,13.5,10.5],"texture":"#1"},"east":{"uv":[2.5,13,3.75,12.5],"texture":"#1"},"south":{"uv":[12.5,11.5,13.5,11],"texture":"#1"},"west":{"uv":[12.5,3,13.75,2.5],"texture":"#1"},"up":{"uv":[11.5,11.75,10.5,10.5],"texture":"#1"},"down":{"uv":[11.5,0,10.5,1.25],"texture":"#1"}}},{"from":[7.12,5.09917,7.19566],"to":[8.88,5.80317,9.30766],"rotation":{"angle":22.5,"axis":"x","origin":[8,8,8]},"faces":{"north":{"uv":[11.5,13,12.5,12.5],"texture":"#1"},"east":{"uv":[12.5,3.5,13.75,3],"texture":"#1"},"south":{"uv":[12.5,12,13.5,11.5],"texture":"#1"},"west":{"uv":[4,13,5.25,12.5],"texture":"#1"},"up":{"uv":[12,2.75,11,1.5],"texture":"#1"},"down":{"uv":[2,11,1,12.25],"texture":"#1"}}},{"from":[7.12,-5.68141,9.02042],"to":[8.88,-3.56941,9.72442],"rotation":{"angle":0,"axis":"x","origin":[8,-3.64243,9.11636]},"faces":{"north":{"uv":[4,11,3,12.25],"rotation":180,"texture":"#1"},"east":{"uv":[12.5,4.5,13.75,5],"rotation":270,"texture":"#1"},"south":{"uv":[3,12.25,2,11],"texture":"#1"},"west":{"uv":[12.5,5,13.75,5.5],"rotation":90,"texture":"#1"},"up":{"uv":[13.5,12.5,12.5,12],"texture":"#1"},"down":{"uv":[13.5,13,12.5,12.5],"rotation":180,"texture":"#1"}}},{"from":[7.12,-6.54925,10.19169],"to":[8.88,-4.43725,10.89569],"rotation":{"angle":0,"axis":"x","origin":[8,-3.64243,9.11636]},"faces":{"north":{"uv":[4,11,3,12.25],"rotation":180,"texture":"#1"},"east":{"uv":[12.5,4.5,13.75,5],"rotation":270,"texture":"#1"},"south":{"uv":[3,12.25,2,11],"texture":"#1"},"west":{"uv":[12.5,5,13.75,5.5],"rotation":90,"texture":"#1"},"up":{"uv":[13.5,12.5,12.5,12],"texture":"#1"},"down":{"uv":[13.5,13,12.5,12.5],"rotation":180,"texture":"#1"}}},{"from":[7.384,-5.04551,4.70482],"to":[8.616,-2.58151,7.16882],"rotation":{"angle":22.5,"axis":"x","origin":[8,-3.64243,9.11636]},"faces":{"north":{"uv":[0,13,0.75,11.5],"texture":"#1"},"east":{"uv":[5.5,7.5,7,6],"texture":"#1"},"south":{"uv":[11.5,1.5,12.25,0],"texture":"#1"},"west":{"uv":[6.5,3,8,1.5],"texture":"#1"},"up":{"uv":[12.25,7.5,11.5,6],"texture":"#1"},"down":{"uv":[12.25,4.5,11.5,6],"texture":"#1"}}},{"from":[7.516,-5.47542,5.7027],"to":[8.484,-3.58342,7.5947],"rotation":{"angle":0,"axis":"x","origin":[8,-3.64243,9.11636]},"faces":{"north":{"uv":[1.5,13,1,14],"rotation":180,"texture":"#1"},"east":{"uv":[8,11.5,7,12.5],"rotation":90,"texture":"#1"},"south":{"uv":[2,14,1.5,13],"texture":"#1"},"west":{"uv":[12.5,7.5,11.5,8.5],"rotation":270,"texture":"#1"},"up":{"uv":[0,14,0.5,13],"rotation":180,"texture":"#1"},"down":{"uv":[0.5,14,1,13],"texture":"#1"}}},{"from":[7.164,-0.14274,4.07067],"to":[8.836,3.02526,5.74267],"rotation":{"angle":22.5,"axis":"x","origin":[8,0.64791,6.04485]},"faces":{"north":{"uv":[1.5,9.25,2.5,7.5],"texture":"#1"},"east":{"uv":[2.5,9.25,3.5,7.5],"texture":"#1"},"south":{"uv":[5.5,9.25,6.5,7.5],"texture":"#1"},"west":{"uv":[6.5,9.25,7.5,7.5],"texture":"#1"},"up":{"uv":[12.5,9.5,11.5,8.5],"texture":"#1"},"down":{"uv":[9,11.5,8,12.5],"texture":"#1"}}},{"from":[7.296,-0.89074,6.02426],"to":[8.704,2.27726,7.43226],"rotation":{"angle":-22.5,"axis":"x","origin":[8,-3.64243,9.11636]},"faces":{"north":{"uv":[10.5,6.25,11.25,4.5],"texture":"#1"},"east":{"uv":[10.5,8.25,11.25,6.5],"texture":"#1"},"south":{"uv":[10.5,10.25,11.25,8.5],"texture":"#1"},"west":{"uv":[9.5,12.25,10.25,10.5],"texture":"#1"},"up":{"uv":[13.25,8.25,12.5,7.5],"texture":"#1"},"down":{"uv":[8.25,12.5,7.5,13.25],"texture":"#1"}}},{"from":[7.472,-2.54835,4.11866],"to":[8.528,0.61965,5.17466],"rotation":{"angle":0,"axis":"x","origin":[8,-3.64243,9.11636]},"faces":{"north":{"uv":[12,3.25,12.5,1.5],"texture":"#1"},"east":{"uv":[10.5,13.75,11,12],"texture":"#1"},"south":{"uv":[12,12.25,12.5,10.5],"texture":"#1"},"west":{"uv":[11,13.75,11.5,12],"texture":"#1"},"up":{"uv":[2.5,13.5,2,13],"texture":"#1"},"down":{"uv":[7.5,11,7,11.5],"texture":"#1"}}},{"from":[8,-6.15,13.42711],"to":[8,22.15,19.91111],"rotation":{"angle":0,"axis":"y","origin":[8,8,9]},"faces":{"north":{"uv":[0,0,0,15],"texture":"#2"},"east":{"uv":[6,0,3.2,12],"texture":"#2"},"south":{"uv":[0,0,0,15],"texture":"#2"},"west":{"uv":[3.2,0,6,12],"texture":"#2"},"up":{"uv":[0,0,0,8.25],"texture":"#2"},"down":{"uv":[0,8.25,0,0],"texture":"#2"}}},{"from":[7.296,5.184,6.57515],"to":[8.704,10.816,7.98315],"rotation":{"angle":0,"axis":"y","origin":[8,8,8]},"faces":{"north":{"uv":[0,4,0.75,7.25],"texture":"#1"},"east":{"uv":[1,4,1.75,7.25],"texture":"#1"},"south":{"uv":[2,4,2.75,7.25],"texture":"#1"},"west":{"uv":[3,4,3.75,7.25],"texture":"#1"},"up":{"uv":[13.25,9.25,12.5,8.5],"texture":"#1"},"down":{"uv":[10.25,12.5,9.5,13.25],"texture":"#1"}}},{"from":[8,6.75,-4],"to":[8,9.25,20],"rotation":{"angle":0,"axis":"y","origin":[8,8,2]},"faces":{"north":{"uv":[0,0,0,2],"texture":"#0"},"east":{"uv":[0,0.33333,16,2],"texture":"#0"},"south":{"uv":[0,0,0,2],"texture":"#0"},"west":{"uv":[0,2.33333,16,4],"texture":"#0"},"up":{"uv":[0,16,0,0],"texture":"#0"},"down":{"uv":[0,0,0,16],"texture":"#0"}}},{"from":[6.75,8,-4],"to":[9.25,8,20],"rotation":{"angle":0,"axis":"y","origin":[8,8,2]},"faces":{"north":{"uv":[0,0,0,2],"rotation":90,"texture":"#0"},"east":{"uv":[0,0,0,16],"rotation":270,"texture":"#0"},"south":{"uv":[0,0,0,2],"rotation":270,"texture":"#0"},"west":{"uv":[0,16,0,0],"rotation":270,"texture":"#0"},"up":{"uv":[0,0.33333,16,2],"rotation":270,"texture":"#0"},"down":{"uv":[0,2.33333,16,4],"rotation":270,"texture":"#0"}}}],"gui_light":"front","display":{"thirdperson_righthand":{"translation":[0,-2,3.25],"scale":[0.8,0.8,0.8]},"thirdperson_lefthand":{"translation":[0,-2,3.25],"scale":[0.8,0.8,0.8]},"firstperson_righthand":{"rotation":[9.04,0.22,8.08],"translation":[7.25,0,-8.75]},"firstperson_lefthand":{"rotation":[9.04,0.22,8.08],"translation":[7.25,0,-8.75]},"ground":{"rotation":[0,0,-82],"scale":[0.67,0.67,0.67]},"gui":{"rotation":[90,45,90],"translation":[-0.75,0.75,-2],"scale":[0.45,0.45,0.45]},"head":{"scale":[0,0,0]},"fixed":{"rotation":[90,-45,90],"translation":[0.75,1.25,-2]}},"groups":[{"name":"bow25","origin":[8,20.80866,15.19386],"color":0,"children":[{"name":"group","origin":[8,23.23302,5.71884],"color":0,"children":[0,1,2,3,4,5,6,7,8,9,10,11,12,13,14,15]},{"name":"group","origin":[8,23.23302,5.71884],"color":0,"children":[16,17,18,19,20,21,22,23,24,25,26,27,28,29,30,31]},32,33]},{"name":"arrow","origin":[8,8,2],"color":0,"children":[34,35]}]}