{"credit":"Made with Blockbench","texture_size":[32,32],"textures":{"2":"item/bows/string","4":"item/bows/bow_22","particle":"item/bows/string"},"elements":[{"from":[7.35,15.80947,4.63146],"to":[8.65,17.90947,6.03146],"rotation":{"angle":0,"axis":"x","origin":[8,16.85947,5.33146]},"faces":{"north":{"uv":[10.75,7.5,10,6.5],"rotation":180,"texture":"#4"},"east":{"uv":[2,10,3,10.75],"rotation":90,"texture":"#4"},"south":{"uv":[7.75,10,7,11],"texture":"#4"},"west":{"uv":[10,5.5,11,6.25],"rotation":270,"texture":"#4"},"up":{"uv":[11,9.5,11.75,10.25],"texture":"#4"},"down":{"uv":[11,8.5,11.75,9.25],"rotation":180,"texture":"#4"}}},{"from":[7.1,12.11323,3.52312],"to":[8.9,17.71323,5.52312],"rotation":{"angle":-22.5,"axis":"x","origin":[8,16.75378,4.33369]},"faces":{"north":{"uv":[4,0,5,2.75],"texture":"#4"},"east":{"uv":[4,3,5,5.75],"texture":"#4"},"south":{"uv":[5,0,6,2.75],"texture":"#4"},"west":{"uv":[5,3,6,5.75],"texture":"#4"},"up":{"uv":[10.5,2.5,9.5,1.5],"texture":"#4"},"down":{"uv":[10.5,2.5,9.5,3.5],"texture":"#4"}}},{"from":[7.3,14.55518,2.05473],"to":[8.7,15.95518,3.90473],"rotation":{"angle":45,"axis":"x","origin":[8,16.75378,4.33369]},"faces":{"north":{"uv":[11.75,11.25,11,10.5],"rotation":180,"texture":"#4"},"east":{"uv":[8,10,8.75,11],"rotation":90,"texture":"#4"},"south":{"uv":[0.75,11.5,0,12.25],"texture":"#4"},"west":{"uv":[9,10,9.75,11],"rotation":270,"texture":"#4"},"up":{"uv":[10,8.5,10.75,9.5],"texture":"#4"},"down":{"uv":[10,7.5,10.75,8.5],"rotation":180,"texture":"#4"}}},{"from":[7.25,14.43526,2.14262],"to":[8.75,16.08526,5.74262],"rotation":{"angle":22.5,"axis":"x","origin":[8,16.75378,4.33369]},"faces":{"north":{"uv":[12.25,0.75,11.5,0],"rotation":180,"texture":"#4"},"east":{"uv":[7,6,7.75,7.75],"rotation":90,"texture":"#4"},"south":{"uv":[12.25,1,11.5,1.75],"texture":"#4"},"west":{"uv":[7.5,2,8.25,3.75],"rotation":270,"texture":"#4"},"up":{"uv":[7.5,0,8.25,1.75],"texture":"#4"},"down":{"uv":[3,7,3.75,8.75],"rotation":180,"texture":"#4"}}},{"from":[7.25,16.49521,4.49493],"to":[8.75,18.29521,6.14493],"rotation":{"angle":45,"axis":"x","origin":[8,19.47012,4.54052]},"faces":{"north":{"uv":[10.5,2,11.25,3],"texture":"#4"},"east":{"uv":[10.5,3,11.25,4],"texture":"#4"},"south":{"uv":[4,10.5,4.75,11.5],"texture":"#4"},"west":{"uv":[10.5,4,11.25,5],"texture":"#4"},"up":{"uv":[12.25,4.75,11.5,4],"texture":"#4"},"down":{"uv":[5.75,11.5,5,12.25],"texture":"#4"}}},{"from":[7.3,24.50653,7.67662],"to":[8.7,26.35653,9.07662],"rotation":{"angle":22.5,"axis":"x","origin":[8,25.4094,9.88043]},"faces":{"north":{"uv":[5,10.5,5.75,11.5],"texture":"#4"},"east":{"uv":[6,10.5,6.75,11.5],"texture":"#4"},"south":{"uv":[10,10.5,10.75,11.5],"texture":"#4"},"west":{"uv":[1,11,1.75,12],"texture":"#4"},"up":{"uv":[6.75,12.25,6,11.5],"texture":"#4"},"down":{"uv":[8.75,11.5,8,12.25],"texture":"#4"}}},{"from":[7.25,21.44428,8.108],"to":[8.75,25.04428,9.758],"rotation":{"angle":45,"axis":"x","origin":[8,25.4094,9.88043]},"faces":{"north":{"uv":[4,7.5,4.75,9.25],"texture":"#4"},"east":{"uv":[7.5,4,8.25,5.75],"texture":"#4"},"south":{"uv":[5,7.5,5.75,9.25],"texture":"#4"},"west":{"uv":[6,7.5,6.75,9.25],"texture":"#4"},"up":{"uv":[9.75,12.25,9,11.5],"texture":"#4"},"down":{"uv":[10.75,11.5,10,12.25],"texture":"#4"}}},{"from":[6.75,21.33254,4.54888],"to":[9.25,24.13254,7.34888],"rotation":{"angle":0,"axis":"x","origin":[8,25.13984,8.26658]},"faces":{"north":{"uv":[6,4.5,7.25,6],"texture":"#4"},"east":{"uv":[6,0,7.5,1.5],"texture":"#4"},"south":{"uv":[5.5,6,6.75,7.5],"texture":"#4"},"west":{"uv":[6,1.5,7.5,3],"texture":"#4"},"up":{"uv":[1.25,8.5,0,7],"texture":"#4"},"down":{"uv":[2.75,7,1.5,8.5],"texture":"#4"}}},{"from":[7.25,10.18154,6.864],"to":[8.75,11.83154,8.664],"rotation":{"angle":22.5,"axis":"x","origin":[8,11.00654,7.764]},"faces":{"north":{"uv":[1.75,12,1,12.75],"rotation":180,"texture":"#4"},"east":{"uv":[11,5,11.75,6],"rotation":270,"texture":"#4"},"south":{"uv":[11.75,12.25,11,11.5],"texture":"#4"},"west":{"uv":[7,11,7.75,12],"rotation":90,"texture":"#4"},"up":{"uv":[2,11,2.75,12],"rotation":180,"texture":"#4"},"down":{"uv":[11,6,11.75,7],"texture":"#4"}}},{"from":[7.2,18.08536,3.81446],"to":[8.8,21.48536,5.41446],"rotation":{"angle":22.5,"axis":"x","origin":[8,19.47012,4.54052]},"faces":{"north":{"uv":[8,6,8.75,7.75],"texture":"#4"},"east":{"uv":[7,8,7.75,9.75],"texture":"#4"},"south":{"uv":[8,8,8.75,9.75],"texture":"#4"},"west":{"uv":[0,8.5,0.75,10.25],"texture":"#4"},"up":{"uv":[2.75,12.75,2,12],"texture":"#4"},"down":{"uv":[12.75,5,12,5.75],"texture":"#4"}}},{"from":[6.925,18.77004,3.945],"to":[9.075,20.57004,5.745],"rotation":{"angle":-22.5,"axis":"x","origin":[8,19.47012,4.54052]},"faces":{"north":{"uv":[2,10,1,11],"rotation":180,"texture":"#4"},"east":{"uv":[4,9.5,5,10.5],"rotation":270,"texture":"#4"},"south":{"uv":[7,10.5,6,9.5],"texture":"#4"},"west":{"uv":[5,9.5,6,10.5],"rotation":90,"texture":"#4"},"up":{"uv":[9.5,3.5,10.5,4.5],"rotation":180,"texture":"#4"},"down":{"uv":[9.5,4.5,10.5,5.5],"texture":"#4"}}},{"from":[7.3,10.67679,5.56446],"to":[8.7,13.47679,8.36446],"rotation":{"angle":22.5,"axis":"x","origin":[8,12.07679,6.96446]},"faces":{"north":{"uv":[9,5.5,9.75,7],"texture":"#4"},"east":{"uv":[6,3,7.5,4.5],"texture":"#4"},"south":{"uv":[9,7,9.75,8.5],"texture":"#4"},"west":{"uv":[4,6,5.5,7.5],"texture":"#4"},"up":{"uv":[9.75,10,9,8.5],"texture":"#4"},"down":{"uv":[10.25,0,9.5,1.5],"texture":"#4"}}},{"from":[6.995,17.53536,3.41446],"to":[9.005,18.33536,5.81446],"rotation":{"angle":22.5,"axis":"x","origin":[8,19.47012,4.54052]},"faces":{"north":{"uv":[12,8.5,13,9],"texture":"#4"},"east":{"uv":[11,7,12.25,7.5],"texture":"#4"},"south":{"uv":[12,9,13,9.5],"texture":"#4"},"west":{"uv":[11,7.5,12.25,8],"texture":"#4"},"up":{"uv":[9.5,1.25,8.5,0],"texture":"#4"},"down":{"uv":[2,8.5,1,9.75],"texture":"#4"}}},{"from":[6.995,21.28536,3.41446],"to":[9.005,22.08536,5.81446],"rotation":{"angle":22.5,"axis":"x","origin":[8,19.47012,4.54052]},"faces":{"north":{"uv":[12,9.5,13,10],"texture":"#4"},"east":{"uv":[8,11,9.25,11.5],"texture":"#4"},"south":{"uv":[12,10,13,10.5],"texture":"#4"},"west":{"uv":[11,8,12.25,8.5],"texture":"#4"},"up":{"uv":[9.5,2.75,8.5,1.5],"texture":"#4"},"down":{"uv":[3,8.5,2,9.75],"texture":"#4"}}},{"from":[8,23.97044,7.75633],"to":[8,27.57044,14.40633],"rotation":{"angle":-45,"axis":"x","origin":[8,25.77044,11.08133]},"faces":{"east":{"uv":[0,3.5,1.75,6.75],"rotation":270,"texture":"#4"},"west":{"uv":[2,3.5,3.75,6.75],"rotation":90,"texture":"#4"}}},{"from":[7.2,9.2,7.01446],"to":[8.8,10,8.61446],"rotation":{"angle":0,"axis":"y","origin":[8,8,8]},"faces":{"north":{"uv":[12.5,1,13.25,1.5],"texture":"#4"},"east":{"uv":[12.5,1.5,13.25,2],"texture":"#4"},"south":{"uv":[12.5,2,13.25,2.5],"texture":"#4"},"west":{"uv":[12.5,2.5,13.25,3],"texture":"#4"},"up":{"uv":[12.75,6.75,12,6],"texture":"#4"},"down":{"uv":[7.75,12,7,12.75],"texture":"#4"}}},{"from":[7.35,-1.90947,4.63146],"to":[8.65,0.19053,6.03146],"rotation":{"angle":0,"axis":"x","origin":[8,-0.85947,5.33146]},"faces":{"north":{"uv":[10.75,6.5,10,7.5],"rotation":180,"texture":"#4"},"east":{"uv":[3,10,2,10.75],"rotation":90,"texture":"#4"},"south":{"uv":[7.75,11,7,10],"texture":"#4"},"west":{"uv":[11,5.5,10,6.25],"rotation":270,"texture":"#4"},"up":{"uv":[11,9.25,11.75,8.5],"rotation":180,"texture":"#4"},"down":{"uv":[11,10.25,11.75,9.5],"texture":"#4"}}},{"from":[7.1,-1.71323,3.52312],"to":[8.9,3.88677,5.52312],"rotation":{"angle":22.5,"axis":"x","origin":[8,-0.75378,4.33369]},"faces":{"north":{"uv":[4,2.75,5,0],"texture":"#4"},"east":{"uv":[4,5.75,5,3],"texture":"#4"},"south":{"uv":[5,2.75,6,0],"texture":"#4"},"west":{"uv":[5,5.75,6,3],"texture":"#4"},"up":{"uv":[10.5,3.5,9.5,2.5],"texture":"#4"},"down":{"uv":[10.5,1.5,9.5,2.5],"texture":"#4"}}},{"from":[7.3,0.04482,2.05473],"to":[8.7,1.44482,3.90473],"rotation":{"angle":-45,"axis":"x","origin":[8,-0.75378,4.33369]},"faces":{"north":{"uv":[11.75,10.5,11,11.25],"rotation":180,"texture":"#4"},"east":{"uv":[8.75,10,8,11],"rotation":90,"texture":"#4"},"south":{"uv":[0.75,12.25,0,11.5],"texture":"#4"},"west":{"uv":[9.75,10,9,11],"rotation":270,"texture":"#4"},"up":{"uv":[10,8.5,10.75,7.5],"rotation":180,"texture":"#4"},"down":{"uv":[10,9.5,10.75,8.5],"texture":"#4"}}},{"from":[7.25,-0.08526,2.14262],"to":[8.75,1.56474,5.74262],"rotation":{"angle":-22.5,"axis":"x","origin":[8,-0.75378,4.33369]},"faces":{"north":{"uv":[12.25,0,11.5,0.75],"rotation":180,"texture":"#4"},"east":{"uv":[7.75,6,7,7.75],"rotation":90,"texture":"#4"},"south":{"uv":[12.25,1.75,11.5,1],"texture":"#4"},"west":{"uv":[8.25,2,7.5,3.75],"rotation":270,"texture":"#4"},"up":{"uv":[3,8.75,3.75,7],"rotation":180,"texture":"#4"},"down":{"uv":[7.5,1.75,8.25,0],"texture":"#4"}}},{"from":[7.25,-2.29521,4.49493],"to":[8.75,-0.49521,6.14493],"rotation":{"angle":-45,"axis":"x","origin":[8,-3.47012,4.54052]},"faces":{"north":{"uv":[10.5,3,11.25,2],"texture":"#4"},"east":{"uv":[10.5,4,11.25,3],"texture":"#4"},"south":{"uv":[4,11.5,4.75,10.5],"texture":"#4"},"west":{"uv":[10.5,5,11.25,4],"texture":"#4"},"up":{"uv":[5.75,12.25,5,11.5],"texture":"#4"},"down":{"uv":[12.25,4,11.5,4.75],"texture":"#4"}}},{"from":[7.3,-10.35653,7.67662],"to":[8.7,-8.50653,9.07662],"rotation":{"angle":-22.5,"axis":"x","origin":[8,-9.4094,9.88043]},"faces":{"north":{"uv":[5,11.5,5.75,10.5],"texture":"#4"},"east":{"uv":[6,11.5,6.75,10.5],"texture":"#4"},"south":{"uv":[10,11.5,10.75,10.5],"texture":"#4"},"west":{"uv":[1,12,1.75,11],"texture":"#4"},"up":{"uv":[8.75,12.25,8,11.5],"texture":"#4"},"down":{"uv":[6.75,11.5,6,12.25],"texture":"#4"}}},{"from":[7.25,-9.04428,8.108],"to":[8.75,-5.44428,9.758],"rotation":{"angle":-45,"axis":"x","origin":[8,-9.4094,9.88043]},"faces":{"north":{"uv":[4,9.25,4.75,7.5],"texture":"#4"},"east":{"uv":[7.5,5.75,8.25,4],"texture":"#4"},"south":{"uv":[5,9.25,5.75,7.5],"texture":"#4"},"west":{"uv":[6,9.25,6.75,7.5],"texture":"#4"},"up":{"uv":[10.75,12.25,10,11.5],"texture":"#4"},"down":{"uv":[9.75,11.5,9,12.25],"texture":"#4"}}},{"from":[6.75,-8.13254,4.54888],"to":[9.25,-5.33254,7.34888],"rotation":{"angle":0,"axis":"x","origin":[8,-9.13984,8.26658]},"faces":{"north":{"uv":[6,6,7.25,4.5],"texture":"#4"},"east":{"uv":[6,1.5,7.5,0],"texture":"#4"},"south":{"uv":[5.5,7.5,6.75,6],"texture":"#4"},"west":{"uv":[6,3,7.5,1.5],"texture":"#4"},"up":{"uv":[2.75,8.5,1.5,7],"texture":"#4"},"down":{"uv":[1.25,7,0,8.5],"texture":"#4"}}},{"from":[7.25,4.16846,6.864],"to":[8.75,5.81846,8.664],"rotation":{"angle":-22.5,"axis":"x","origin":[8,4.99346,7.764]},"faces":{"north":{"uv":[1.75,12.75,1,12],"rotation":180,"texture":"#4"},"east":{"uv":[11.75,5,11,6],"rotation":270,"texture":"#4"},"south":{"uv":[11.75,11.5,11,12.25],"texture":"#4"},"west":{"uv":[7.75,11,7,12],"rotation":90,"texture":"#4"},"up":{"uv":[11,7,11.75,6],"texture":"#4"},"down":{"uv":[2,12,2.75,11],"rotation":180,"texture":"#4"}}},{"from":[7.2,-5.48536,3.81446],"to":[8.8,-2.08536,5.41446],"rotation":{"angle":-22.5,"axis":"x","origin":[8,-3.47012,4.54052]},"faces":{"north":{"uv":[8,7.75,8.75,6],"texture":"#4"},"east":{"uv":[7,9.75,7.75,8],"texture":"#4"},"south":{"uv":[8,9.75,8.75,8],"texture":"#4"},"west":{"uv":[0,10.25,0.75,8.5],"texture":"#4"},"up":{"uv":[12.75,5.75,12,5],"texture":"#4"},"down":{"uv":[2.75,12,2,12.75],"texture":"#4"}}},{"from":[6.925,-4.57004,3.945],"to":[9.075,-2.77004,5.745],"rotation":{"angle":22.5,"axis":"x","origin":[8,-3.47012,4.54052]},"faces":{"north":{"uv":[2,11,1,10],"rotation":180,"texture":"#4"},"east":{"uv":[5,9.5,4,10.5],"rotation":270,"texture":"#4"},"south":{"uv":[7,9.5,6,10.5],"texture":"#4"},"west":{"uv":[6,9.5,5,10.5],"rotation":90,"texture":"#4"},"up":{"uv":[9.5,5.5,10.5,4.5],"texture":"#4"},"down":{"uv":[9.5,4.5,10.5,3.5],"rotation":180,"texture":"#4"}}},{"from":[7.3,2.52321,5.56446],"to":[8.7,5.32321,8.36446],"rotation":{"angle":-22.5,"axis":"x","origin":[8,3.92321,6.96446]},"faces":{"north":{"uv":[9,7,9.75,5.5],"texture":"#4"},"east":{"uv":[6,4.5,7.5,3],"texture":"#4"},"south":{"uv":[9,8.5,9.75,7],"texture":"#4"},"west":{"uv":[4,7.5,5.5,6],"texture":"#4"},"up":{"uv":[10.25,1.5,9.5,0],"texture":"#4"},"down":{"uv":[9.75,8.5,9,10],"texture":"#4"}}},{"from":[6.995,-2.33536,3.41446],"to":[9.005,-1.53536,5.81446],"rotation":{"angle":-22.5,"axis":"x","origin":[8,-3.47012,4.54052]},"faces":{"north":{"uv":[12,9,13,8.5],"texture":"#4"},"east":{"uv":[11,7.5,12.25,7],"texture":"#4"},"south":{"uv":[12,9.5,13,9],"texture":"#4"},"west":{"uv":[11,8,12.25,7.5],"texture":"#4"},"up":{"uv":[2,9.75,1,8.5],"texture":"#4"},"down":{"uv":[9.5,0,8.5,1.25],"texture":"#4"}}},{"from":[6.995,-6.08536,3.41446],"to":[9.005,-5.28536,5.81446],"rotation":{"angle":-22.5,"axis":"x","origin":[8,-3.47012,4.54052]},"faces":{"north":{"uv":[12,10,13,9.5],"texture":"#4"},"east":{"uv":[8,11.5,9.25,11],"texture":"#4"},"south":{"uv":[12,10.5,13,10],"texture":"#4"},"west":{"uv":[11,8.5,12.25,8],"texture":"#4"},"up":{"uv":[3,9.75,2,8.5],"texture":"#4"},"down":{"uv":[9.5,1.5,8.5,2.75],"texture":"#4"}}},{"from":[8,-11.57044,7.75633],"to":[8,-7.97044,14.40633],"rotation":{"angle":45,"axis":"x","origin":[8,-9.77044,11.08133]},"faces":{"east":{"uv":[1.75,3.5,0,6.75],"rotation":270,"texture":"#4"},"west":{"uv":[3.75,3.5,2,6.75],"rotation":90,"texture":"#4"}}},{"from":[7.2,6,7.01446],"to":[8.8,6.8,8.61446],"rotation":{"angle":0,"axis":"y","origin":[8,8,8]},"faces":{"north":{"uv":[12.5,1.5,13.25,1],"texture":"#4"},"east":{"uv":[12.5,2,13.25,1.5],"texture":"#4"},"south":{"uv":[12.5,2.5,13.25,2],"texture":"#4"},"west":{"uv":[12.5,3,13.25,2.5],"texture":"#4"},"up":{"uv":[7.75,12.75,7,12],"texture":"#4"},"down":{"uv":[12.75,6,12,6.75],"texture":"#4"}}},{"from":[7.45,5.53536,7.26446],"to":[8.55,10.43536,8.36446],"rotation":{"angle":0,"axis":"y","origin":[8,8,8]},"faces":{"north":{"uv":[8.5,3,9,5.5],"texture":"#4"},"east":{"uv":[3,9,3.5,11.5],"texture":"#4"},"south":{"uv":[9,3,9.5,5.5],"texture":"#4"},"west":{"uv":[3.5,9,4,11.5],"texture":"#4"},"up":{"uv":[9,6,8.5,5.5],"texture":"#4"},"down":{"uv":[11,5,10.5,5.5],"texture":"#4"}}},{"from":[8,-10.375,13.7847],"to":[8,26.375,14.3347],"rotation":{"angle":0,"axis":"y","origin":[8,8,7.25]},"faces":{"north":{"uv":[0,0,0,15],"texture":"#2"},"east":{"uv":[0,0,0.2,12],"texture":"#2"},"south":{"uv":[0,0,0,15],"texture":"#2"},"west":{"uv":[0.2,0,0,12],"texture":"#2"},"up":{"uv":[0,8.25,0,0],"texture":"#2"},"down":{"uv":[0,0,0,8.25],"texture":"#2"}}}],"gui_light":"front","display":{"thirdperson_righthand":{"translation":[0,-2,3.25],"scale":[0.8,0.8,0.8]},"thirdperson_lefthand":{"translation":[0,-2,3.25],"scale":[0.8,0.8,0.8]},"firstperson_righthand":{"rotation":[9.04,0.22,8.08],"translation":[7.25,0,-8.75]},"firstperson_lefthand":{"rotation":[9.04,0.22,8.08],"translation":[7.25,0,-8.75]},"ground":{"rotation":[0,0,-82],"scale":[0.67,0.67,0.67]},"gui":{"rotation":[90,45,90],"translation":[-0.75,0.75,-2],"scale":[0.42,0.42,0.42]},"head":{"scale":[0,0,0]},"fixed":{"rotation":[90,-45,90],"translation":[0.75,1.25,-2]}},"groups":[{"name":"bow22","origin":[8,23.30866,18.00252],"color":0,"children":[{"name":"group","origin":[8.005,7.6,7.76446],"color":0,"children":[0,1,2,3,4,5,6,7,8,9,10,11,12,13,14,15]},{"name":"group","origin":[8.005,7.6,7.76446],"color":0,"children":[16,17,18,19,20,21,22,23,24,25,26,27,28,29,30,31]},32,33]}]}