{"credit":"Made with Blockbench","texture_size":[32,32],"textures":{"0":"item/bows/arrow","1":"item/bows/bow_24","2":"item/bows/string","particle":"item/bows/arrow"},"elements":[{"from":[6.8,7.809,2.47441],"to":[9.2,8.609,4.87441],"rotation":{"angle":22.5,"axis":"x","origin":[8,7.5,8]},"faces":{"north":{"uv":[13.25,0,12,0.5],"texture":"#1"},"east":{"uv":[12.75,11.5,11.5,12],"texture":"#1"},"south":{"uv":[12.75,11,11.5,11.5],"texture":"#1"},"west":{"uv":[13.25,0.5,12,1],"texture":"#1"},"up":{"uv":[9.75,2.5,8.5,3.75],"texture":"#1"},"down":{"uv":[5.25,9.75,4,8.5],"texture":"#1"}}},{"from":[6.6,23.50576,9.00563],"to":[9.4,25.90576,11.80563],"rotation":{"angle":0,"axis":"x","origin":[8,22.65103,8.21054]},"faces":{"north":{"uv":[8.5,3,7,4.25],"texture":"#1"},"east":{"uv":[8,1.5,6.5,2.75],"texture":"#1"},"south":{"uv":[7,6,5.5,7.25],"texture":"#1"},"west":{"uv":[5.5,7,4,8.25],"texture":"#1"},"up":{"uv":[4.5,0,3,1.5],"texture":"#1"},"down":{"uv":[5.5,5.5,4,4],"texture":"#1"}}},{"from":[7,10.09824,2.8858],"to":[9,12.89824,5.6858],"rotation":{"angle":0,"axis":"x","origin":[8,11.49824,4.2858]},"faces":{"north":{"uv":[6.5,9.5,5.5,11],"texture":"#1"},"east":{"uv":[6,0,4.5,1.5],"texture":"#1"},"south":{"uv":[10,0,9,1.5],"texture":"#1"},"west":{"uv":[6.5,1.5,5,3],"texture":"#1"},"up":{"uv":[7.5,9.5,6.5,11],"texture":"#1"},"down":{"uv":[8.5,11,7.5,9.5],"texture":"#1"}}},{"from":[7,13.4242,0.75815],"to":[9,16.2242,3.55815],"rotation":{"angle":0,"axis":"x","origin":[8,1.5,6]},"faces":{"north":{"uv":[11,0,10,1.5],"texture":"#1"},"east":{"uv":[7,3,5.5,4.5],"texture":"#1"},"south":{"uv":[1,10,0,11.5],"texture":"#1"},"west":{"uv":[5.5,5.5,4,7],"texture":"#1"},"up":{"uv":[11,1.5,10,3],"texture":"#1"},"down":{"uv":[11,4.5,10,3],"texture":"#1"}}},{"from":[6.6,12.33875,5.34955],"to":[9.4,14.73875,9.74955],"rotation":{"angle":-22.5,"axis":"x","origin":[8,1.5,6]},"faces":{"north":{"uv":[8.5,6,7,7.25],"texture":"#1"},"east":{"uv":[2.25,2.5,0,3.75],"texture":"#1"},"south":{"uv":[8.5,4.5,7,5.75],"texture":"#1"},"west":{"uv":[4.75,2.5,2.5,3.75],"texture":"#1"},"up":{"uv":[1.5,0,0,2.25],"texture":"#1"},"down":{"uv":[3,2.25,1.5,0],"texture":"#1"}}},{"from":[7.25,18.48027,7.27698],"to":[8.75,21.28027,10.07698],"rotation":{"angle":45,"axis":"x","origin":[8,22.65103,8.21054]},"faces":{"north":{"uv":[0.75,13,0,11.5],"rotation":180,"texture":"#1"},"east":{"uv":[7,4.5,5.5,6],"rotation":270,"texture":"#1"},"south":{"uv":[9.75,11,9,12.5],"texture":"#1"},"west":{"uv":[7.5,0,6,1.5],"rotation":90,"texture":"#1"},"up":{"uv":[8.75,11,8,12.5],"rotation":180,"texture":"#1"},"down":{"uv":[7.75,11,7,12.5],"texture":"#1"}}},{"from":[7.15,19.81164,6.34561],"to":[8.85,22.21164,8.74561],"rotation":{"angle":45,"axis":"x","origin":[8,22.65103,8.21054]},"faces":{"north":{"uv":[7,12.25,6,11],"rotation":180,"texture":"#1"},"east":{"uv":[9.75,4,8.5,5.25],"rotation":270,"texture":"#1"},"south":{"uv":[12,5.5,11,6.75],"texture":"#1"},"west":{"uv":[9.75,5.5,8.5,6.75],"rotation":90,"texture":"#1"},"up":{"uv":[6,11,5,12.25],"rotation":180,"texture":"#1"},"down":{"uv":[12,2,11,3.25],"texture":"#1"}}},{"from":[7.05,14.65304,3.36972],"to":[8.95,18.25304,5.36972],"rotation":{"angle":45,"axis":"x","origin":[7.95,17.65514,4.53164]},"faces":{"north":{"uv":[8.5,7.5,7.5,9.25],"texture":"#1"},"east":{"uv":[7.5,7.5,6.5,9.25],"texture":"#1"},"south":{"uv":[6.5,7.5,5.5,9.25],"texture":"#1"},"west":{"uv":[1,8,0,9.75],"texture":"#1"},"up":{"uv":[10,1.5,9,2.5],"texture":"#1"},"down":{"uv":[12,4.5,11,3.5],"texture":"#1"}}},{"from":[7.2,17.59065,3.69614],"to":[8.8,19.19065,7.29614],"rotation":{"angle":0,"axis":"x","origin":[8,17.65514,4.53164]},"faces":{"north":{"uv":[4.75,12,4,12.75],"texture":"#1"},"east":{"uv":[4.75,1.5,3,2.25],"texture":"#1"},"south":{"uv":[12.75,3,12,3.75],"texture":"#1"},"west":{"uv":[11.75,4.5,10,5.25],"texture":"#1"},"up":{"uv":[4.75,10,4,11.75],"texture":"#1"},"down":{"uv":[10.75,7.25,10,5.5],"texture":"#1"}}},{"from":[7.3,22.33631,7.0121],"to":[8.7,23.73631,11.4121],"rotation":{"angle":-22.5,"axis":"x","origin":[8,22.65103,8.21054]},"faces":{"north":{"uv":[12.75,5.75,12,5],"rotation":180,"texture":"#1"},"east":{"uv":[1.75,8,1,10.25],"rotation":270,"texture":"#1"},"south":{"uv":[12.75,4,12,4.75],"texture":"#1"},"west":{"uv":[3.75,8,3,10.25],"rotation":90,"texture":"#1"},"up":{"uv":[2.75,8,2,10.25],"rotation":180,"texture":"#1"},"down":{"uv":[8.75,0,8,2.25],"texture":"#1"}}},{"from":[6.8,7.391,2.47441],"to":[9.2,8.191,4.87441],"rotation":{"angle":-22.5,"axis":"x","origin":[8,8.5,8]},"faces":{"north":{"uv":[13.25,0.5,12,0],"texture":"#1"},"east":{"uv":[12.75,12,11.5,11.5],"texture":"#1"},"south":{"uv":[12.75,11.5,11.5,11],"texture":"#1"},"west":{"uv":[13.25,1,12,0.5],"texture":"#1"},"up":{"uv":[5.25,8.5,4,9.75],"texture":"#1"},"down":{"uv":[9.75,3.75,8.5,2.5],"texture":"#1"}}},{"from":[6.6,-9.90576,9.00563],"to":[9.4,-7.50576,11.80563],"rotation":{"angle":0,"axis":"x","origin":[8,-6.65103,8.21054]},"faces":{"north":{"uv":[8.5,4.25,7,3],"texture":"#1"},"east":{"uv":[8,2.75,6.5,1.5],"texture":"#1"},"south":{"uv":[7,7.25,5.5,6],"texture":"#1"},"west":{"uv":[5.5,8.25,4,7],"texture":"#1"},"up":{"uv":[5.5,4,4,5.5],"texture":"#1"},"down":{"uv":[4.5,1.5,3,0],"texture":"#1"}}},{"from":[7,3.10176,2.8858],"to":[9,5.90176,5.6858],"rotation":{"angle":0,"axis":"x","origin":[8,4.50176,4.2858]},"faces":{"north":{"uv":[6.5,11,5.5,9.5],"texture":"#1"},"east":{"uv":[6,1.5,4.5,0],"texture":"#1"},"south":{"uv":[10,1.5,9,0],"texture":"#1"},"west":{"uv":[6.5,3,5,1.5],"texture":"#1"},"up":{"uv":[8.5,9.5,7.5,11],"texture":"#1"},"down":{"uv":[7.5,11,6.5,9.5],"texture":"#1"}}},{"from":[7,-0.2242,0.75815],"to":[9,2.5758,3.55815],"rotation":{"angle":0,"axis":"x","origin":[8,14.5,6]},"faces":{"north":{"uv":[11,1.5,10,0],"texture":"#1"},"east":{"uv":[7,4.5,5.5,3],"texture":"#1"},"south":{"uv":[1,11.5,0,10],"texture":"#1"},"west":{"uv":[5.5,7,4,5.5],"texture":"#1"},"up":{"uv":[11,3,10,4.5],"texture":"#1"},"down":{"uv":[11,3,10,1.5],"texture":"#1"}}},{"from":[6.6,1.26125,5.34955],"to":[9.4,3.66125,9.74955],"rotation":{"angle":22.5,"axis":"x","origin":[8,14.5,6]},"faces":{"north":{"uv":[8.5,7.25,7,6],"texture":"#1"},"east":{"uv":[2.25,3.75,0,2.5],"texture":"#1"},"south":{"uv":[8.5,5.75,7,4.5],"texture":"#1"},"west":{"uv":[4.75,3.75,2.5,2.5],"texture":"#1"},"up":{"uv":[3,0,1.5,2.25],"texture":"#1"},"down":{"uv":[1.5,2.25,0,0],"texture":"#1"}}},{"from":[7.25,-5.28027,7.27698],"to":[8.75,-2.48027,10.07698],"rotation":{"angle":-45,"axis":"x","origin":[8,-6.65103,8.21054]},"faces":{"north":{"uv":[0.75,11.5,0,13],"rotation":180,"texture":"#1"},"east":{"uv":[5.5,4.5,7,6],"rotation":270,"texture":"#1"},"south":{"uv":[9.75,12.5,9,11],"texture":"#1"},"west":{"uv":[6,0,7.5,1.5],"rotation":90,"texture":"#1"},"up":{"uv":[7.75,12.5,7,11],"texture":"#1"},"down":{"uv":[8.75,12.5,8,11],"rotation":180,"texture":"#1"}}},{"from":[7.15,-6.21164,6.34561],"to":[8.85,-3.81164,8.74561],"rotation":{"angle":-45,"axis":"x","origin":[8,-6.65103,8.21054]},"faces":{"north":{"uv":[7,11,6,12.25],"rotation":180,"texture":"#1"},"east":{"uv":[8.5,4,9.75,5.25],"rotation":270,"texture":"#1"},"south":{"uv":[12,6.75,11,5.5],"texture":"#1"},"west":{"uv":[8.5,5.5,9.75,6.75],"rotation":90,"texture":"#1"},"up":{"uv":[12,3.25,11,2],"texture":"#1"},"down":{"uv":[6,12.25,5,11],"rotation":180,"texture":"#1"}}},{"from":[7.05,-2.25304,3.36972],"to":[8.95,1.34696,5.36972],"rotation":{"angle":-45,"axis":"x","origin":[7.95,-1.65514,4.53164]},"faces":{"north":{"uv":[8.5,9.25,7.5,7.5],"texture":"#1"},"east":{"uv":[7.5,9.25,6.5,7.5],"texture":"#1"},"south":{"uv":[6.5,9.25,5.5,7.5],"texture":"#1"},"west":{"uv":[1,9.75,0,8],"texture":"#1"},"up":{"uv":[12,3.5,11,4.5],"texture":"#1"},"down":{"uv":[10,2.5,9,1.5],"texture":"#1"}}},{"from":[7.2,-3.19065,3.69614],"to":[8.8,-1.59065,7.29614],"rotation":{"angle":0,"axis":"x","origin":[8,-1.65514,4.53164]},"faces":{"north":{"uv":[4.75,12.75,4,12],"texture":"#1"},"east":{"uv":[4.75,2.25,3,1.5],"texture":"#1"},"south":{"uv":[12.75,3.75,12,3],"texture":"#1"},"west":{"uv":[11.75,5.25,10,4.5],"texture":"#1"},"up":{"uv":[10.75,5.5,10,7.25],"texture":"#1"},"down":{"uv":[4.75,11.75,4,10],"texture":"#1"}}},{"from":[7.3,-7.73631,7.0121],"to":[8.7,-6.33631,11.4121],"rotation":{"angle":22.5,"axis":"x","origin":[8,-6.65103,8.21054]},"faces":{"north":{"uv":[12.75,5,12,5.75],"rotation":180,"texture":"#1"},"east":{"uv":[1,8,1.75,10.25],"rotation":270,"texture":"#1"},"south":{"uv":[12.75,4.75,12,4],"texture":"#1"},"west":{"uv":[3,8,3.75,10.25],"rotation":90,"texture":"#1"},"up":{"uv":[8.75,2.25,8,0],"texture":"#1"},"down":{"uv":[2.75,10.25,2,8],"rotation":180,"texture":"#1"}}},{"from":[7.25,4.3,3.575],"to":[8.75,11.7,4.975],"rotation":{"angle":0,"axis":"y","origin":[8,8,8]},"faces":{"north":{"uv":[2.75,4,2,7.75],"texture":"#1"},"east":{"uv":[1.75,4,1,7.75],"texture":"#1"},"south":{"uv":[0.75,4,0,7.75],"texture":"#1"},"west":{"uv":[3.75,4,3,7.75],"texture":"#1"},"up":{"uv":[12.25,12,11.5,12.75],"texture":"#1"},"down":{"uv":[1.75,13.25,1,12.5],"texture":"#1"}}},{"from":[8,-8.125,10.75],"to":[8,24.125,17.3],"rotation":{"angle":0,"axis":"y","origin":[8,8,5.25]},"faces":{"north":{"uv":[0,0,0,15],"texture":"#2"},"east":{"uv":[6,0,3.2,12],"texture":"#2"},"south":{"uv":[0,0,0,15],"texture":"#2"},"west":{"uv":[3.2,0,6,12],"texture":"#2"},"up":{"uv":[0,0,0,8.25],"texture":"#2"},"down":{"uv":[0,8.25,0,0],"texture":"#2"}}},{"from":[8,6.75,-6],"to":[8,9.25,18],"rotation":{"angle":0,"axis":"y","origin":[8,8,2]},"faces":{"north":{"uv":[0,0,0,2],"texture":"#0"},"east":{"uv":[0,0.33333,16,2],"texture":"#0"},"south":{"uv":[0,0,0,2],"texture":"#0"},"west":{"uv":[0,2.33333,16,4],"texture":"#0"},"up":{"uv":[0,16,0,0],"texture":"#0"},"down":{"uv":[0,0,0,16],"texture":"#0"}}},{"from":[6.75,8,-6],"to":[9.25,8,18],"rotation":{"angle":0,"axis":"y","origin":[8,8,2]},"faces":{"north":{"uv":[0,0,0,2],"rotation":90,"texture":"#0"},"east":{"uv":[0,0,0,16],"rotation":270,"texture":"#0"},"south":{"uv":[0,0,0,2],"rotation":270,"texture":"#0"},"west":{"uv":[0,16,0,0],"rotation":270,"texture":"#0"},"up":{"uv":[0,0.33333,16,2],"rotation":270,"texture":"#0"},"down":{"uv":[0,2.33333,16,4],"rotation":270,"texture":"#0"}}}],"gui_light":"front","display":{"thirdperson_righthand":{"translation":[0,-2,4.75],"scale":[0.71,0.71,0.71]},"thirdperson_lefthand":{"translation":[0,-2,4.75],"scale":[0.71,0.71,0.71]},"firstperson_righthand":{"rotation":[9.04,0.22,8.08],"translation":[7.25,0,-8.75],"scale":[0.88,0.88,0.88]},"firstperson_lefthand":{"rotation":[9.04,0.22,8.08],"translation":[7.25,0,-8.75],"scale":[0.88,0.88,0.88]},"ground":{"rotation":[0,0,-82],"scale":[0.53,0.53,0.53]},"gui":{"rotation":[90,45,90],"translation":[-0.75,0.75,-2],"scale":[0.41,0.41,0.41]},"head":{"scale":[0,0,0]},"fixed":{"rotation":[90,-45,90],"translation":[0.75,1.25,-2],"scale":[0.91,0.91,0.91]}},"groups":[{"name":"bow24","origin":[8,20.80866,23.51306],"color":0,"children":[{"name":"group","origin":[8,6.83536,11.725],"color":0,"children":[0,1,2,3,4,5,6,7,8,9]},{"name":"group","origin":[8,7.33536,11.725],"color":0,"children":[10,11,12,13,14,15,16,17,18,19]},20,21]},{"name":"arrow","origin":[8,8,2],"color":0,"children":[22,23]}]}