{"credit":"Made with Blockbench","texture_size":[24,24],"textures":{"0":"item/bows/arrow","1":"item/bows/string","2":"item/bows/bow_8","particle":"item/bows/arrow"},"elements":[{"from":[6.85,10.55399,2.82966],"to":[9.15,13.35399,5.22966],"rotation":{"angle":22.5,"axis":"x","origin":[8,8,8]},"faces":{"north":{"uv":[5.33333,4,7,6],"texture":"#2"},"east":{"uv":[5.33333,6,7,8],"texture":"#2"},"south":{"uv":[0,7.33333,1.66667,9.33333],"texture":"#2"},"west":{"uv":[7.33333,0,9,2],"texture":"#2"},"up":{"uv":[1.66667,11,0,9.33333],"texture":"#2"},"down":{"uv":[11,0,9.33333,1.66667],"texture":"#2"}}},{"from":[6.85,17.37472,6.3579],"to":[9.15,20.17472,8.7579],"rotation":{"angle":-22.5,"axis":"x","origin":[8,8,8]},"faces":{"north":{"uv":[2,7.33333,3.66667,9.33333],"texture":"#2"},"east":{"uv":[7.33333,2,9,4],"texture":"#2"},"south":{"uv":[7.33333,4,9,6],"texture":"#2"},"west":{"uv":[7.33333,6,9,8],"texture":"#2"},"up":{"uv":[3.66667,11,2,9.33333],"texture":"#2"},"down":{"uv":[11,2,9.33333,3.66667],"texture":"#2"}}},{"from":[7.45,17.66263,12.66798],"to":[8.55,19.81263,14.81798],"rotation":{"angle":-45,"axis":"x","origin":[8,8,8]},"faces":{"north":{"uv":[2.66667,14,3.33333,15.33333],"texture":"#2"},"east":{"uv":[11.33333,2.66667,12.66667,4],"texture":"#2"},"south":{"uv":[14,4.66667,14.66667,6],"texture":"#2"},"west":{"uv":[9.33333,12,10.66667,13.33333],"texture":"#2"},"up":{"uv":[6,15.33333,5.33333,14],"texture":"#2"},"down":{"uv":[6.66667,14,6,15.33333],"texture":"#2"}}},{"from":[7.4,22.86617,8.65939],"to":[8.6,24.06617,11.45939],"rotation":{"angle":-22.5,"axis":"x","origin":[8,8,8]},"faces":{"north":{"uv":[14,8,14.66667,8.66667],"texture":"#2"},"east":{"uv":[1.33333,13.33333,3.33333,14],"texture":"#2"},"south":{"uv":[8.66667,14,9.33333,14.66667],"texture":"#2"},"west":{"uv":[13.33333,4,15.33333,4.66667],"texture":"#2"},"up":{"uv":[4,15.33333,3.33333,13.33333],"texture":"#2"},"down":{"uv":[14,4.66667,13.33333,6.66667],"texture":"#2"}}},{"from":[7.3,18.84244,-0.78003],"to":[8.7,22.44244,0.81997],"rotation":{"angle":22.5,"axis":"x","origin":[8,8,8]},"faces":{"north":{"uv":[9.33333,4,10.33333,6.33333],"texture":"#2"},"east":{"uv":[9.33333,6.66667,10.33333,9],"texture":"#2"},"south":{"uv":[9.33333,9.33333,10.33333,11.66667],"texture":"#2"},"west":{"uv":[4,10,5,12.33333],"texture":"#2"},"up":{"uv":[11.66667,14.33333,10.66667,13.33333],"texture":"#2"},"down":{"uv":[14.33333,10.66667,13.33333,11.66667],"texture":"#2"}}},{"from":[7.4,12.68584,4.85883],"to":[8.6,16.28584,6.05883],"rotation":{"angle":0,"axis":"x","origin":[8,8,8]},"faces":{"north":{"uv":[12,12,12.66667,14.33333],"texture":"#2"},"east":{"uv":[12.66667,0,13.33333,2.33333],"texture":"#2"},"south":{"uv":[4,12.66667,4.66667,15],"texture":"#2"},"west":{"uv":[4.66667,12.66667,5.33333,15],"texture":"#2"},"up":{"uv":[14.66667,9.33333,14,8.66667],"texture":"#2"},"down":{"uv":[10,14,9.33333,14.66667],"texture":"#2"}}},{"from":[7.3,12.33759,0.40067],"to":[8.7,15.13759,3.20067],"rotation":{"angle":22.5,"axis":"x","origin":[8,8,8]},"faces":{"north":{"uv":[5.33333,12,6.33333,14],"texture":"#2"},"east":{"uv":[5.33333,0,7.33333,2],"texture":"#2"},"south":{"uv":[12,5.33333,13,7.33333],"texture":"#2"},"west":{"uv":[5.33333,2,7.33333,4],"texture":"#2"},"up":{"uv":[7.66667,14,6.66667,12],"texture":"#2"},"down":{"uv":[13,7.33333,12,9.33333],"texture":"#2"}}},{"from":[7,19.87694,9.43243],"to":[9,23.47694,11.43243],"rotation":{"angle":-22.5,"axis":"x","origin":[8,8,8]},"faces":{"north":{"uv":[4,7.33333,5.33333,9.66667],"texture":"#2"},"east":{"uv":[5.33333,8,6.66667,10.33333],"texture":"#2"},"south":{"uv":[6.66667,8,8,10.33333],"texture":"#2"},"west":{"uv":[8,8,9.33333,10.33333],"texture":"#2"},"up":{"uv":[13.33333,10.66667,12,9.33333],"texture":"#2"},"down":{"uv":[13.33333,10.66667,12,12],"texture":"#2"}}},{"from":[7.4,25.03618,5.61796],"to":[8.6,26.23618,8.41796],"rotation":{"angle":0,"axis":"x","origin":[8,8,8]},"faces":{"north":{"uv":[14,9.33333,14.66667,10],"texture":"#2"},"east":{"uv":[13.33333,6.66667,15.33333,7.33333],"texture":"#2"},"south":{"uv":[10,14,10.66667,14.66667],"texture":"#2"},"west":{"uv":[13.33333,7.33333,15.33333,8],"texture":"#2"},"up":{"uv":[8.66667,15.33333,8,13.33333],"texture":"#2"},"down":{"uv":[14,8,13.33333,10],"texture":"#2"}}},{"from":[7.2,23.32832,13.34836],"to":[8.8,24.92832,16.94836],"rotation":{"angle":-22.5,"axis":"x","origin":[8,8,8]},"faces":{"north":{"uv":[13.33333,12,14.33333,13],"texture":"#2"},"east":{"uv":[10.66667,4,13,5],"texture":"#2"},"south":{"uv":[13.33333,13.33333,14.33333,14.33333],"texture":"#2"},"west":{"uv":[5.33333,10.66667,7.66667,11.66667],"texture":"#2"},"up":{"uv":[11.66667,7.66667,10.66667,5.33333],"texture":"#2"},"down":{"uv":[9,10.66667,8,13],"texture":"#2"}}},{"from":[7.4,25.6299,9.63342],"to":[8.6,26.8299,13.23342],"rotation":{"angle":0,"axis":"x","origin":[8,8,8]},"faces":{"north":{"uv":[14.66667,4.66667,15.33333,5.33333],"texture":"#2"},"east":{"uv":[12.66667,2.66667,15,3.33333],"texture":"#2"},"south":{"uv":[14.66667,5.33333,15.33333,6],"texture":"#2"},"west":{"uv":[12.66667,3.33333,15,4],"texture":"#2"},"up":{"uv":[13.33333,14.33333,12.66667,12],"texture":"#2"},"down":{"uv":[14,0,13.33333,2.33333],"texture":"#2"}}},{"from":[7.35,18.22626,-4.46507],"to":[8.65,21.82626,-2.86507],"rotation":{"angle":45,"axis":"x","origin":[8,8,8]},"faces":{"north":{"uv":[10.66667,8,11.66667,10.33333],"texture":"#2"},"east":{"uv":[10.66667,10.66667,11.66667,13],"texture":"#2"},"south":{"uv":[0,11.33333,1,13.66667],"texture":"#2"},"west":{"uv":[11.33333,0,12.33333,2.33333],"texture":"#2"},"up":{"uv":[1,15,0,14],"texture":"#2"},"down":{"uv":[15,0,14,1],"texture":"#2"}}},{"from":[6.995,10.13536,5.26824],"to":[9.005,10.93536,7.66824],"rotation":{"angle":0,"axis":"y","origin":[8,8,8]},"faces":{"north":{"uv":[14,6,15.33333,6.66667],"texture":"#2"},"east":{"uv":[8.66667,13.33333,10.33333,14],"texture":"#2"},"south":{"uv":[6.66667,14,8,14.66667],"texture":"#2"},"west":{"uv":[13.33333,10,15,10.66667],"texture":"#2"},"up":{"uv":[2.66667,13,1.33333,11.33333],"texture":"#2"},"down":{"uv":[4,11.33333,2.66667,13],"texture":"#2"}}},{"from":[6.85,2.64601,2.82966],"to":[9.15,5.44601,5.22966],"rotation":{"angle":-22.5,"axis":"x","origin":[8,8,8]},"faces":{"north":{"uv":[5.33333,6,7,4],"texture":"#2"},"east":{"uv":[5.33333,8,7,6],"texture":"#2"},"south":{"uv":[0,9.33333,1.66667,7.33333],"texture":"#2"},"west":{"uv":[7.33333,2,9,0],"texture":"#2"},"up":{"uv":[11,1.66667,9.33333,0],"texture":"#2"},"down":{"uv":[1.66667,9.33333,0,11],"texture":"#2"}}},{"from":[6.85,-4.17472,6.3579],"to":[9.15,-1.37472,8.7579],"rotation":{"angle":22.5,"axis":"x","origin":[8,8,8]},"faces":{"north":{"uv":[2,9.33333,3.66667,7.33333],"texture":"#2"},"east":{"uv":[7.33333,4,9,2],"texture":"#2"},"south":{"uv":[7.33333,6,9,4],"texture":"#2"},"west":{"uv":[7.33333,8,9,6],"texture":"#2"},"up":{"uv":[11,3.66667,9.33333,2],"texture":"#2"},"down":{"uv":[3.66667,9.33333,2,11],"texture":"#2"}}},{"from":[7.45,-3.81263,12.66798],"to":[8.55,-1.66263,14.81798],"rotation":{"angle":45,"axis":"x","origin":[8,8,8]},"faces":{"north":{"uv":[2.66667,15.33333,3.33333,14],"texture":"#2"},"east":{"uv":[11.33333,4,12.66667,2.66667],"texture":"#2"},"south":{"uv":[14,6,14.66667,4.66667],"texture":"#2"},"west":{"uv":[9.33333,13.33333,10.66667,12],"texture":"#2"},"up":{"uv":[6.66667,15.33333,6,14],"texture":"#2"},"down":{"uv":[6,14,5.33333,15.33333],"texture":"#2"}}},{"from":[7.4,-8.06617,8.65939],"to":[8.6,-6.86617,11.45939],"rotation":{"angle":22.5,"axis":"x","origin":[8,8,8]},"faces":{"north":{"uv":[14,8.66667,14.66667,8],"texture":"#2"},"east":{"uv":[1.33333,14,3.33333,13.33333],"texture":"#2"},"south":{"uv":[8.66667,14.66667,9.33333,14],"texture":"#2"},"west":{"uv":[13.33333,4.66667,15.33333,4],"texture":"#2"},"up":{"uv":[14,6.66667,13.33333,4.66667],"texture":"#2"},"down":{"uv":[4,13.33333,3.33333,15.33333],"texture":"#2"}}},{"from":[7.3,-6.44244,-0.78003],"to":[8.7,-2.84244,0.81997],"rotation":{"angle":-22.5,"axis":"x","origin":[8,8,8]},"faces":{"north":{"uv":[9.33333,6.33333,10.33333,4],"texture":"#2"},"east":{"uv":[9.33333,9,10.33333,6.66667],"texture":"#2"},"south":{"uv":[9.33333,11.66667,10.33333,9.33333],"texture":"#2"},"west":{"uv":[4,12.33333,5,10],"texture":"#2"},"up":{"uv":[14.33333,11.66667,13.33333,10.66667],"texture":"#2"},"down":{"uv":[11.66667,13.33333,10.66667,14.33333],"texture":"#2"}}},{"from":[7.4,-0.28584,4.85883],"to":[8.6,3.31416,6.05883],"rotation":{"angle":0,"axis":"x","origin":[8,8,8]},"faces":{"north":{"uv":[12,14.33333,12.66667,12],"texture":"#2"},"east":{"uv":[12.66667,2.33333,13.33333,0],"texture":"#2"},"south":{"uv":[4,15,4.66667,12.66667],"texture":"#2"},"west":{"uv":[4.66667,15,5.33333,12.66667],"texture":"#2"},"up":{"uv":[10,14.66667,9.33333,14],"texture":"#2"},"down":{"uv":[14.66667,8.66667,14,9.33333],"texture":"#2"}}},{"from":[7.3,0.86241,0.40067],"to":[8.7,3.66241,3.20067],"rotation":{"angle":-22.5,"axis":"x","origin":[8,8,8]},"faces":{"north":{"uv":[5.33333,14,6.33333,12],"texture":"#2"},"east":{"uv":[5.33333,2,7.33333,0],"texture":"#2"},"south":{"uv":[12,7.33333,13,5.33333],"texture":"#2"},"west":{"uv":[5.33333,4,7.33333,2],"texture":"#2"},"up":{"uv":[13,9.33333,12,7.33333],"texture":"#2"},"down":{"uv":[7.66667,12,6.66667,14],"texture":"#2"}}},{"from":[7,-7.47694,9.43243],"to":[9,-3.87694,11.43243],"rotation":{"angle":22.5,"axis":"x","origin":[8,8,8]},"faces":{"north":{"uv":[4,9.66667,5.33333,7.33333],"texture":"#2"},"east":{"uv":[5.33333,10.33333,6.66667,8],"texture":"#2"},"south":{"uv":[6.66667,10.33333,8,8],"texture":"#2"},"west":{"uv":[8,10.33333,9.33333,8],"texture":"#2"},"up":{"uv":[13.33333,12,12,10.66667],"texture":"#2"},"down":{"uv":[13.33333,9.33333,12,10.66667],"texture":"#2"}}},{"from":[7.4,-10.23618,5.61796],"to":[8.6,-9.03618,8.41796],"rotation":{"angle":0,"axis":"x","origin":[8,8,8]},"faces":{"north":{"uv":[14,10,14.66667,9.33333],"texture":"#2"},"east":{"uv":[13.33333,7.33333,15.33333,6.66667],"texture":"#2"},"south":{"uv":[10,14.66667,10.66667,14],"texture":"#2"},"west":{"uv":[13.33333,8,15.33333,7.33333],"texture":"#2"},"up":{"uv":[14,10,13.33333,8],"texture":"#2"},"down":{"uv":[8.66667,13.33333,8,15.33333],"texture":"#2"}}},{"from":[7.2,-8.92832,13.34836],"to":[8.8,-7.32832,16.94836],"rotation":{"angle":22.5,"axis":"x","origin":[8,8,8]},"faces":{"north":{"uv":[13.33333,13,14.33333,12],"texture":"#2"},"east":{"uv":[10.66667,5,13,4],"texture":"#2"},"south":{"uv":[13.33333,14.33333,14.33333,13.33333],"texture":"#2"},"west":{"uv":[5.33333,11.66667,7.66667,10.66667],"texture":"#2"},"up":{"uv":[9,13,8,10.66667],"texture":"#2"},"down":{"uv":[11.66667,5.33333,10.66667,7.66667],"texture":"#2"}}},{"from":[7.4,-10.8299,9.63342],"to":[8.6,-9.6299,13.23342],"rotation":{"angle":0,"axis":"x","origin":[8,8,8]},"faces":{"north":{"uv":[14.66667,5.33333,15.33333,4.66667],"texture":"#2"},"east":{"uv":[12.66667,3.33333,15,2.66667],"texture":"#2"},"south":{"uv":[14.66667,6,15.33333,5.33333],"texture":"#2"},"west":{"uv":[12.66667,4,15,3.33333],"texture":"#2"},"up":{"uv":[14,2.33333,13.33333,0],"texture":"#2"},"down":{"uv":[13.33333,12,12.66667,14.33333],"texture":"#2"}}},{"from":[7.35,-5.82626,-4.46507],"to":[8.65,-2.22626,-2.86507],"rotation":{"angle":-45,"axis":"x","origin":[8,8,8]},"faces":{"north":{"uv":[10.66667,10.33333,11.66667,8],"texture":"#2"},"east":{"uv":[10.66667,13,11.66667,10.66667],"texture":"#2"},"south":{"uv":[0,13.66667,1,11.33333],"texture":"#2"},"west":{"uv":[11.33333,2.33333,12.33333,0],"texture":"#2"},"up":{"uv":[15,1,14,0],"texture":"#2"},"down":{"uv":[1,14,0,15],"texture":"#2"}}},{"from":[6.995,5.06464,5.26824],"to":[9.005,5.86464,7.66824],"rotation":{"angle":0,"axis":"y","origin":[8,8,8]},"faces":{"north":{"uv":[14,6.66667,15.33333,6],"texture":"#2"},"east":{"uv":[8.66667,14,10.33333,13.33333],"texture":"#2"},"south":{"uv":[6.66667,14.66667,8,14],"texture":"#2"},"west":{"uv":[13.33333,10.66667,15,10],"texture":"#2"},"up":{"uv":[4,13,2.66667,11.33333],"texture":"#2"},"down":{"uv":[2.66667,11.33333,1.33333,13],"texture":"#2"}}},{"from":[8,-10.125,12.25676],"to":[8,26.125,19.80676],"rotation":{"angle":0,"axis":"y","origin":[8,8,8]},"faces":{"north":{"uv":[0,0,0,60],"texture":"#1"},"east":{"uv":[6,0,3.2,12],"texture":"#1"},"south":{"uv":[0,0,0,60],"texture":"#1"},"west":{"uv":[3.2,0,6,12],"texture":"#1"},"up":{"uv":[0,0,0,33],"texture":"#1"},"down":{"uv":[0,33,0,0],"texture":"#1"}}},{"from":[7.2,2.55,5.66824],"to":[8.8,13.45,7.26824],"rotation":{"angle":0,"axis":"y","origin":[8,8,8]},"faces":{"north":{"uv":[0,0,1,7.33333],"texture":"#2"},"east":{"uv":[1.33333,0,2.33333,7.33333],"texture":"#2"},"south":{"uv":[2.66667,0,3.66667,7.33333],"texture":"#2"},"west":{"uv":[4,0,5,7.33333],"texture":"#2"},"up":{"uv":[2.33333,15,1.33333,14],"texture":"#2"},"down":{"uv":[15,1.33333,14,2.33333],"texture":"#2"}}},{"from":[8,6.75,-4],"to":[8,9.25,20],"rotation":{"angle":0,"axis":"y","origin":[8,8,2]},"faces":{"north":{"uv":[0,0,0,2],"texture":"#0"},"east":{"uv":[0,0.33333,16,2],"texture":"#0"},"south":{"uv":[0,0,0,2],"texture":"#0"},"west":{"uv":[0,2.33333,16,4],"texture":"#0"},"up":{"uv":[0,16,0,0],"texture":"#0"},"down":{"uv":[0,0,0,16],"texture":"#0"}}},{"from":[6.75,8,-4],"to":[9.25,8,20],"rotation":{"angle":0,"axis":"y","origin":[8,8,2]},"faces":{"north":{"uv":[0,0,0,2],"rotation":90,"texture":"#0"},"east":{"uv":[0,0,0,16],"rotation":270,"texture":"#0"},"south":{"uv":[0,0,0,2],"rotation":270,"texture":"#0"},"west":{"uv":[0,16,0,0],"rotation":270,"texture":"#0"},"up":{"uv":[0,0.33333,16,2],"rotation":270,"texture":"#0"},"down":{"uv":[0,2.33333,16,4],"rotation":270,"texture":"#0"}}}],"gui_light":"front","display":{"thirdperson_righthand":{"translation":[0,-2,3.25],"scale":[0.8,0.8,0.8]},"thirdperson_lefthand":{"translation":[0,-2,3.25],"scale":[0.8,0.8,0.8]},"firstperson_righthand":{"rotation":[9.04,0.22,8.08],"translation":[7.25,0,-8.75]},"firstperson_lefthand":{"rotation":[9.04,0.22,8.08],"translation":[7.25,0,-8.75]},"ground":{"rotation":[0,0,-82],"scale":[0.67,0.67,0.67]},"gui":{"rotation":[90,45,90],"translation":[-0.75,0.75,-2],"scale":[0.42,0.42,0.42]},"head":{"scale":[0,0,0]},"fixed":{"rotation":[90,-45,90],"translation":[0.75,1.25,-2]}},"groups":[{"name":"bow8","origin":[8,20.80866,16.2563],"color":0,"children":[{"name":"group","origin":[7.995,12.53536,6.46824],"color":0,"children":[0,1,2,3,4,5,6,7,8,9,10,11,12]},{"name":"group","origin":[7.995,12.53536,6.46824],"color":0,"children":[13,14,15,16,17,18,19,20,21,22,23,24,25]},26,27]},{"name":"arrow","origin":[8,8,2],"color":0,"children":[28,29]}]}