{"credit":"Made with Blockbench","texture_size":[32,32],"textures":{"1":"item/bows/bow_39","2":"item/bows/string","particle":"item/bows/bow_39"},"elements":[{"from":[7.5275,3.275,5.61715],"to":[8.4725,12.725,6.56215],"rotation":{"angle":0,"axis":"y","origin":[8,8,10]},"faces":{"north":{"uv":[6.5,0,7,5.25],"texture":"#1"},"east":{"uv":[6.5,5.5,7,10.75],"texture":"#1"},"south":{"uv":[7,0,7.5,5.25],"texture":"#1"},"west":{"uv":[7,5.5,7.5,10.75],"texture":"#1"},"up":{"uv":[9,11,8.5,10.5],"texture":"#1"},"down":{"uv":[11,8.5,10.5,9],"texture":"#1"}}},{"from":[8,-4.9375,13.05652],"to":[8,20.9375,13.55152],"rotation":{"angle":0,"axis":"y","origin":[8,8,9]},"faces":{"north":{"uv":[0,0,0,60],"texture":"#2"},"east":{"uv":[0.2,0,0,12],"texture":"#2"},"south":{"uv":[0,0,0,60],"texture":"#2"},"west":{"uv":[0,0,0.2,12],"texture":"#2"},"up":{"uv":[0,0,0,33],"texture":"#2"},"down":{"uv":[0,33,0,0],"texture":"#2"}}},{"from":[7.29125,10.21161,5.3809],"to":[8.70875,10.68411,6.7984],"rotation":{"angle":22.5,"axis":"x","origin":[8,10.44786,6.08965]},"faces":{"north":{"uv":[2,13,2.75,13.25],"texture":"#1"},"east":{"uv":[13,2.5,13.75,2.75],"texture":"#1"},"south":{"uv":[3,13,3.75,13.25],"texture":"#1"},"west":{"uv":[4,13,4.75,13.25],"texture":"#1"},"up":{"uv":[1.75,12.75,1,12],"texture":"#1"},"down":{"uv":[2.75,12,2,12.75],"texture":"#1"}}},{"from":[7.29125,11.17036,5.3809],"to":[8.70875,12.11536,6.7984],"rotation":{"angle":0,"axis":"y","origin":[8,8,10]},"faces":{"north":{"uv":[12.5,8.5,13.25,9],"texture":"#1"},"east":{"uv":[12.5,9,13.25,9.5],"texture":"#1"},"south":{"uv":[9.5,12.5,10.25,13],"texture":"#1"},"west":{"uv":[12.5,9.5,13.25,10],"texture":"#1"},"up":{"uv":[3.75,12.75,3,12],"texture":"#1"},"down":{"uv":[4.75,12,4,12.75],"texture":"#1"}}},{"from":[6.70063,8.1331,2.91933],"to":[9.29938,9.5506,4.33683],"rotation":{"angle":45,"axis":"x","origin":[8,8,10]},"faces":{"north":{"uv":[0,11,1.5,11.75],"texture":"#1"},"east":{"uv":[12,4,12.75,4.75],"texture":"#1"},"south":{"uv":[1.5,11,3,11.75],"texture":"#1"},"west":{"uv":[5,12,5.75,12.75],"texture":"#1"},"up":{"uv":[4.5,11.75,3,11],"texture":"#1"},"down":{"uv":[6,11,4.5,11.75],"texture":"#1"}}},{"from":[7.055,7.6606,2.44683],"to":[8.945,10.0231,4.80933],"rotation":{"angle":45,"axis":"x","origin":[8,8,10]},"faces":{"north":{"uv":[10.5,4,11.5,5.25],"texture":"#1"},"east":{"uv":[9,0,10.25,1.25],"texture":"#1"},"south":{"uv":[10.5,5.5,11.5,6.75],"texture":"#1"},"west":{"uv":[9,1.5,10.25,2.75],"texture":"#1"},"up":{"uv":[11.5,8.25,10.5,7],"texture":"#1"},"down":{"uv":[8.5,10.5,7.5,11.75],"texture":"#1"}}},{"from":[7.73,14.46405,8.69117],"to":[8.27,17.50155,9.23117],"rotation":{"angle":-22.5,"axis":"x","origin":[8,8,10.1]},"faces":{"north":{"uv":[12.5,1,12.75,2.75],"texture":"#1"},"east":{"uv":[6,12.5,6.25,14.25],"texture":"#1"},"south":{"uv":[12.5,6,12.75,7.75],"texture":"#1"},"west":{"uv":[6.5,12.5,6.75,14.25],"texture":"#1"},"down":{"uv":[13.25,4,13,4.25],"texture":"#1"}}},{"from":[7.595,10.31298,0.45147],"to":[8.405,12.00048,1.26147],"rotation":{"angle":45,"axis":"x","origin":[8,8,10.1]},"faces":{"north":{"uv":[12,6,12.5,7],"texture":"#1"},"east":{"uv":[12,7,12.5,8],"texture":"#1"},"south":{"uv":[7.5,12,8,13],"texture":"#1"},"west":{"uv":[8,12,8.5,13],"texture":"#1"},"down":{"uv":[7.5,12.5,7,13],"texture":"#1"}}},{"from":[7.46,16.43719,5.88338],"to":[8.54,17.51719,8.24588],"rotation":{"angle":22.5,"axis":"x","origin":[8,16.97719,7.06463]},"faces":{"north":{"uv":[13,10.5,12.5,10],"rotation":180,"texture":"#1"},"east":{"uv":[11.5,4,12,5.25],"rotation":90,"texture":"#1"},"west":{"uv":[11.5,7,12,8.25],"rotation":270,"texture":"#1"},"up":{"uv":[11.5,5.5,12,6.75],"texture":"#1"},"down":{"uv":[7,11,7.5,12.25],"rotation":180,"texture":"#1"}}},{"from":[7.19,15.41198,7.36544],"to":[8.81,17.09948,9.05294],"rotation":{"angle":-22.5,"axis":"x","origin":[8,17.46661,8.56679]},"faces":{"north":{"uv":[11,10,12,11],"texture":"#1"},"east":{"uv":[10.5,11,11.5,12],"texture":"#1"},"south":{"uv":[11.5,0,12.5,1],"texture":"#1"},"west":{"uv":[11.5,1,12.5,2],"texture":"#1"},"up":{"uv":[12.5,3,11.5,2],"texture":"#1"},"down":{"uv":[12.5,3,11.5,4],"texture":"#1"}}},{"from":[7.19,12.2673,3.85605],"to":[8.81,13.9548,5.54355],"rotation":{"angle":-45,"axis":"x","origin":[8,13.11105,4.6998]},"faces":{"north":{"uv":[11,10,12,11],"texture":"#1"},"east":{"uv":[10.5,11,11.5,12],"texture":"#1"},"south":{"uv":[11.5,0,12.5,1],"texture":"#1"},"west":{"uv":[11.5,1,12.5,2],"texture":"#1"},"up":{"uv":[12.5,3,11.5,2],"texture":"#1"},"down":{"uv":[12.5,3,11.5,4],"texture":"#1"}}},{"from":[7.19,12.2673,6.70645],"to":[8.81,13.9548,8.39395],"rotation":{"angle":45,"axis":"x","origin":[8,13.11105,7.5502]},"faces":{"north":{"uv":[12.5,0,11.5,1],"texture":"#1"},"east":{"uv":[11.5,11,10.5,12],"texture":"#1"},"south":{"uv":[12,10,11,11],"texture":"#1"},"west":{"uv":[12.5,1,11.5,2],"texture":"#1"},"up":{"uv":[12.5,2,11.5,3],"texture":"#1"},"down":{"uv":[12.5,4,11.5,3],"texture":"#1"}}},{"from":[7.325,16.74298,8.50218],"to":[8.675,20.11798,9.85218],"rotation":{"angle":22.5,"axis":"x","origin":[8,17.46661,8.56679]},"faces":{"north":{"uv":[9,9,9.75,11],"texture":"#1"},"east":{"uv":[10,9,10.75,11],"texture":"#1"},"south":{"uv":[10.5,0,11.25,2],"texture":"#1"},"west":{"uv":[10.5,2,11.25,4],"texture":"#1"}}},{"from":[6.65,18.27576,8.21672],"to":[9.35,20.97576,10.91672],"rotation":{"angle":0,"axis":"z","origin":[8,8,10]},"faces":{"north":{"uv":[7.5,0,9,1.5],"texture":"#1"},"east":{"uv":[7.5,1.5,9,3],"texture":"#1"},"south":{"uv":[7.5,3,9,4.5],"texture":"#1"},"west":{"uv":[7.5,4.5,9,6],"texture":"#1"},"up":{"uv":[9,7.5,7.5,6],"texture":"#1"},"down":{"uv":[9,7.5,7.5,9],"texture":"#1"}}},{"from":[6.9875,20.08248,9.81022],"to":[9.0125,22.10748,12.17272],"rotation":{"angle":-45,"axis":"x","origin":[8,20.74321,11.8629]},"faces":{"east":{"uv":[9,3,10.25,4.25],"texture":"#1"},"south":{"uv":[9,4.5,10.25,5.75],"texture":"#1"},"west":{"uv":[9,6,10.25,7.25],"texture":"#1"},"up":{"uv":[8.75,10.25,7.5,9],"texture":"#1"},"down":{"uv":[10.25,7.5,9,8.75],"texture":"#1"}}},{"from":[7.325,20.43566,11.27783],"to":[8.675,21.78566,13.97783],"rotation":{"angle":0,"axis":"x","origin":[8,21.11066,12.62783]},"faces":{"east":{"uv":[8.5,11,9.25,12.5],"rotation":270,"texture":"#1"},"south":{"uv":[12.75,5.75,12,5],"texture":"#1"},"west":{"uv":[9.5,11,10.25,12.5],"rotation":90,"texture":"#1"},"up":{"uv":[6,11,6.75,12.5],"rotation":180,"texture":"#1"},"down":{"uv":[11,8.5,11.75,10],"texture":"#1"}}},{"from":[8,8.4304,2.60215],"to":[8,28.44685,14.41465],"rotation":{"angle":0,"axis":"y","origin":[8,8,10]},"faces":{"north":{"uv":[0,0,0,11],"texture":"#1"},"east":{"uv":[6.5,0,0,11],"texture":"#1"},"south":{"uv":[0,0,0,11],"texture":"#1"},"west":{"uv":[0,0,6.5,11],"texture":"#1"},"up":{"uv":[0,6.5,0,0],"texture":"#1"},"down":{"uv":[0,0,0,6.5],"texture":"#1"}}},{"from":[7.29125,5.31589,5.3809],"to":[8.70875,5.78839,6.7984],"rotation":{"angle":-22.5,"axis":"x","origin":[8,5.55214,6.08965]},"faces":{"north":{"uv":[2,13.25,2.75,13],"texture":"#1"},"east":{"uv":[13,2.75,13.75,2.5],"texture":"#1"},"south":{"uv":[3,13.25,3.75,13],"texture":"#1"},"west":{"uv":[4,13.25,4.75,13],"texture":"#1"},"up":{"uv":[2.75,12.75,2,12],"texture":"#1"},"down":{"uv":[1.75,12,1,12.75],"texture":"#1"}}},{"from":[7.29125,3.88464,5.3809],"to":[8.70875,4.82964,6.7984],"rotation":{"angle":0,"axis":"y","origin":[8,8,10]},"faces":{"north":{"uv":[12.5,9,13.25,8.5],"texture":"#1"},"east":{"uv":[12.5,9.5,13.25,9],"texture":"#1"},"south":{"uv":[9.5,13,10.25,12.5],"texture":"#1"},"west":{"uv":[12.5,10,13.25,9.5],"texture":"#1"},"up":{"uv":[4.75,12.75,4,12],"texture":"#1"},"down":{"uv":[3.75,12,3,12.75],"texture":"#1"}}},{"from":[6.70063,6.4494,2.91933],"to":[9.29938,7.8669,4.33683],"rotation":{"angle":-45,"axis":"x","origin":[8,8,10]},"faces":{"north":{"uv":[0,11.75,1.5,11],"texture":"#1"},"east":{"uv":[12,4.75,12.75,4],"texture":"#1"},"south":{"uv":[1.5,11.75,3,11],"texture":"#1"},"west":{"uv":[5,12.75,5.75,12],"texture":"#1"},"up":{"uv":[6,11.75,4.5,11],"texture":"#1"},"down":{"uv":[4.5,11,3,11.75],"texture":"#1"}}},{"from":[7.055,5.9769,2.44683],"to":[8.945,8.3394,4.80933],"rotation":{"angle":-45,"axis":"x","origin":[8,8,10]},"faces":{"north":{"uv":[10.5,5.25,11.5,4],"texture":"#1"},"east":{"uv":[9,1.25,10.25,0],"texture":"#1"},"south":{"uv":[10.5,6.75,11.5,5.5],"texture":"#1"},"west":{"uv":[9,2.75,10.25,1.5],"texture":"#1"},"up":{"uv":[8.5,11.75,7.5,10.5],"texture":"#1"},"down":{"uv":[11.5,7,10.5,8.25],"texture":"#1"}}},{"from":[7.73,-1.50155,8.59117],"to":[8.27,1.53595,9.13117],"rotation":{"angle":22.5,"axis":"x","origin":[8,8,10]},"faces":{"north":{"uv":[12.5,2.75,12.75,1],"texture":"#1"},"east":{"uv":[6,14.25,6.25,12.5],"texture":"#1"},"south":{"uv":[12.5,7.75,12.75,6],"texture":"#1"},"west":{"uv":[6.5,14.25,6.75,12.5],"texture":"#1"},"up":{"uv":[13.25,4.25,13,4],"texture":"#1"}}},{"from":[7.595,3.99952,0.35147],"to":[8.405,5.68702,1.16147],"rotation":{"angle":-45,"axis":"x","origin":[8,8,10]},"faces":{"north":{"uv":[12,7,12.5,6],"texture":"#1"},"east":{"uv":[12,8,12.5,7],"texture":"#1"},"south":{"uv":[7.5,13,8,12],"texture":"#1"},"west":{"uv":[8,13,8.5,12],"texture":"#1"},"up":{"uv":[7.5,13,7,12.5],"texture":"#1"}}},{"from":[7.46,-1.51719,5.88338],"to":[8.54,-0.43719,8.24588],"rotation":{"angle":-22.5,"axis":"x","origin":[8,-0.97719,7.06463]},"faces":{"north":{"uv":[13,10,12.5,10.5],"rotation":180,"texture":"#1"},"east":{"uv":[12,4,11.5,5.25],"rotation":90,"texture":"#1"},"west":{"uv":[12,7,11.5,8.25],"rotation":270,"texture":"#1"},"up":{"uv":[7,12.25,7.5,11],"rotation":180,"texture":"#1"},"down":{"uv":[11.5,6.75,12,5.5],"texture":"#1"}}},{"from":[7.19,-1.09948,7.36544],"to":[8.81,0.58802,9.05294],"rotation":{"angle":22.5,"axis":"x","origin":[8,-1.46661,8.56679]},"faces":{"north":{"uv":[11,11,12,10],"texture":"#1"},"east":{"uv":[10.5,12,11.5,11],"texture":"#1"},"south":{"uv":[11.5,1,12.5,0],"texture":"#1"},"west":{"uv":[11.5,2,12.5,1],"texture":"#1"},"up":{"uv":[12.5,4,11.5,3],"texture":"#1"},"down":{"uv":[12.5,2,11.5,3],"texture":"#1"}}},{"from":[7.19,2.0452,3.85605],"to":[8.81,3.7327,5.54355],"rotation":{"angle":45,"axis":"x","origin":[8,2.88895,4.6998]},"faces":{"north":{"uv":[11,11,12,10],"texture":"#1"},"east":{"uv":[10.5,12,11.5,11],"texture":"#1"},"south":{"uv":[11.5,1,12.5,0],"texture":"#1"},"west":{"uv":[11.5,2,12.5,1],"texture":"#1"},"up":{"uv":[12.5,4,11.5,3],"texture":"#1"},"down":{"uv":[12.5,2,11.5,3],"texture":"#1"}}},{"from":[7.19,2.0452,6.70645],"to":[8.81,3.7327,8.39395],"rotation":{"angle":-45,"axis":"x","origin":[8,2.88895,7.5502]},"faces":{"north":{"uv":[12.5,1,11.5,0],"texture":"#1"},"east":{"uv":[11.5,12,10.5,11],"texture":"#1"},"south":{"uv":[12,11,11,10],"texture":"#1"},"west":{"uv":[12.5,2,11.5,1],"texture":"#1"},"up":{"uv":[12.5,3,11.5,4],"texture":"#1"},"down":{"uv":[12.5,3,11.5,2],"texture":"#1"}}},{"from":[7.325,-4.11798,8.50218],"to":[8.675,-0.74298,9.85218],"rotation":{"angle":-22.5,"axis":"x","origin":[8,-1.46661,8.56679]},"faces":{"north":{"uv":[9,11,9.75,9],"texture":"#1"},"east":{"uv":[10,11,10.75,9],"texture":"#1"},"south":{"uv":[10.5,2,11.25,0],"texture":"#1"},"west":{"uv":[10.5,4,11.25,2],"texture":"#1"}}},{"from":[6.65,-4.97576,8.21672],"to":[9.35,-2.27576,10.91672],"rotation":{"angle":0,"axis":"z","origin":[8,8,10]},"faces":{"north":{"uv":[7.5,1.5,9,0],"texture":"#1"},"east":{"uv":[7.5,3,9,1.5],"texture":"#1"},"south":{"uv":[7.5,4.5,9,3],"texture":"#1"},"west":{"uv":[7.5,6,9,4.5],"texture":"#1"},"up":{"uv":[9,9,7.5,7.5],"texture":"#1"},"down":{"uv":[9,6,7.5,7.5],"texture":"#1"}}},{"from":[6.9875,-6.10748,9.81022],"to":[9.0125,-4.08248,12.17272],"rotation":{"angle":45,"axis":"x","origin":[8,-4.74321,11.8629]},"faces":{"east":{"uv":[9,4.25,10.25,3],"texture":"#1"},"south":{"uv":[9,5.75,10.25,4.5],"texture":"#1"},"west":{"uv":[9,7.25,10.25,6],"texture":"#1"},"up":{"uv":[10.25,8.75,9,7.5],"texture":"#1"},"down":{"uv":[8.75,9,7.5,10.25],"texture":"#1"}}},{"from":[7.325,-5.78566,11.27783],"to":[8.675,-4.43566,13.97783],"rotation":{"angle":0,"axis":"x","origin":[8,-5.11066,12.62783]},"faces":{"east":{"uv":[9.25,11,8.5,12.5],"rotation":270,"texture":"#1"},"south":{"uv":[12.75,5,12,5.75],"texture":"#1"},"west":{"uv":[10.25,11,9.5,12.5],"rotation":90,"texture":"#1"},"up":{"uv":[11,10,11.75,8.5],"texture":"#1"},"down":{"uv":[6,12.5,6.75,11],"rotation":180,"texture":"#1"}}},{"from":[8,-12.44685,2.60215],"to":[8,7.5696,14.41465],"rotation":{"angle":0,"axis":"y","origin":[8,8,10]},"faces":{"north":{"uv":[0,11,0,0],"texture":"#1"},"east":{"uv":[6.5,11,0,0],"texture":"#1"},"south":{"uv":[0,11,0,0],"texture":"#1"},"west":{"uv":[0,11,6.5,0],"texture":"#1"},"up":{"uv":[0,6.5,0,0],"texture":"#1"},"down":{"uv":[0,0,0,6.5],"texture":"#1"}}}],"display":{"thirdperson_righthand":{"translation":[0,-2,3.25],"scale":[0.8,0.8,0.8]},"thirdperson_lefthand":{"translation":[0,-2,3.25],"scale":[0.8,0.8,0.8]},"firstperson_righthand":{"rotation":[9.04,0.22,8.08],"translation":[7.25,0,-8.75]},"firstperson_lefthand":{"rotation":[9.04,0.22,8.08],"translation":[7.25,0,-8.75]},"ground":{"rotation":[0,0,-82],"scale":[0.67,0.67,0.67]},"gui":{"rotation":[90,45,90],"translation":[-1.5,1.5,-2],"scale":[0.5,0.5,0.5]},"head":{"scale":[0,0,0]},"fixed":{"rotation":[90,-45,90],"translation":[0.75,1.25,-2]}},"groups":[{"name":"bow","origin":[8,8,7.70531],"color":0,"children":[0,1,{"name":"group","origin":[9,17.1386,7.70531],"color":0,"children":[2,3,4,5,6,7,8,9,10,11,12,13,14,15,16]},{"name":"group","origin":[9,17.1386,7.70531],"color":0,"children":[17,18,19,20,21,22,23,24,25,26,27,28,29,30,31]}]}]}