{"credit":"Made with Blockbench","texture_size":[32,32],"textures":{"0":"item/bows/arrow","1":"item/bows/string","3":"item/bows/bow_37","particle":"item/bows/arrow"},"elements":[{"from":[6.6,11.54699,1.30055],"to":[9.4,13.94699,5.70055],"rotation":{"angle":22.5,"axis":"x","origin":[8,5.7,9.55]},"faces":{"north":{"uv":[6,8.5,7.5,9.75],"texture":"#3"},"east":{"uv":[8,5,10.25,6.25],"texture":"#3"},"south":{"uv":[9,8,10.5,9.25],"texture":"#3"},"west":{"uv":[8,6.5,10.25,7.75],"texture":"#3"},"up":{"uv":[9.5,2.25,8,0],"texture":"#3"},"down":{"uv":[9.5,2.5,8,4.75],"texture":"#3"}}},{"from":[7.45,18.82855,5.46352],"to":[8.55,20.97855,7.61352],"rotation":{"angle":-45,"axis":"x","origin":[8,19.90355,6.53852]},"faces":{"north":{"uv":[12.5,8.5,13,9.5],"texture":"#3"},"east":{"uv":[11,10,12,11],"texture":"#3"},"south":{"uv":[12.5,9.5,13,10.5],"texture":"#3"},"west":{"uv":[11.5,5,12.5,6],"texture":"#3"},"up":{"uv":[11,13.5,10.5,12.5],"texture":"#3"},"down":{"uv":[11.5,12.5,11,13.5],"texture":"#3"}}},{"from":[7.25,11.20181,-3.22058],"to":[8.75,14.00181,-0.42058],"rotation":{"angle":45,"axis":"x","origin":[8,4.75,7.75]},"faces":{"north":{"uv":[0,12,0.75,13.5],"texture":"#3"},"east":{"uv":[3,8.5,4.5,10],"texture":"#3"},"south":{"uv":[12,0,12.75,1.5],"texture":"#3"},"west":{"uv":[4.5,8.5,6,10],"texture":"#3"},"up":{"uv":[1.75,13.5,1,12],"texture":"#3"},"down":{"uv":[2.75,12,2,13.5],"texture":"#3"}}},{"from":[7,16.3052,0.85952],"to":[9,19.9052,2.85952],"rotation":{"angle":22.5,"axis":"x","origin":[8,4.75,7.75]},"faces":{"north":{"uv":[9.5,3,10.5,4.75],"texture":"#3"},"east":{"uv":[9,9.5,10,11.25],"texture":"#3"},"south":{"uv":[3,10,4,11.75],"texture":"#3"},"west":{"uv":[4,10,5,11.75],"texture":"#3"},"up":{"uv":[4,13,3,12],"texture":"#3"},"down":{"uv":[5,12,4,13],"texture":"#3"}}},{"from":[7.2,19.01337,13.03847],"to":[8.8,20.61337,16.63847],"rotation":{"angle":-22.5,"axis":"x","origin":[8,4.75,7.75]},"faces":{"north":{"uv":[12,12,12.75,12.75],"texture":"#3"},"east":{"uv":[10.5,6,12.25,6.75],"texture":"#3"},"south":{"uv":[12.5,3,13.25,3.75],"texture":"#3"},"west":{"uv":[10.5,7,12.25,7.75],"texture":"#3"},"up":{"uv":[11.75,1.75,11,0],"texture":"#3"},"down":{"uv":[11.75,8,11,9.75],"texture":"#3"}}},{"from":[7.4,21.3731,9.73564],"to":[8.6,22.5731,13.33564],"rotation":{"angle":0,"axis":"y","origin":[8,4.75,7.75]},"faces":{"north":{"uv":[11.5,12.5,12,13],"texture":"#3"},"east":{"uv":[12,1.5,13.75,2],"texture":"#3"},"south":{"uv":[4,13,4.5,13.5],"texture":"#3"},"west":{"uv":[12,8,13.75,8.5],"texture":"#3"},"up":{"uv":[12.5,10.25,12,8.5],"texture":"#3"},"down":{"uv":[10.5,12,10,13.75],"texture":"#3"}}},{"from":[7.15,11.10344,4.58354],"to":[8.85,12.70344,8.18354],"rotation":{"angle":-45,"axis":"x","origin":[7.95,11.90344,6.38354]},"faces":{"north":{"uv":[12.5,4,13.25,4.75],"texture":"#3"},"east":{"uv":[11,2,12.75,2.75],"texture":"#3"},"south":{"uv":[12.5,5,13.25,5.75],"texture":"#3"},"west":{"uv":[10,11,11.75,11.75],"texture":"#3"},"up":{"uv":[12.25,4.75,11.5,3],"texture":"#3"},"down":{"uv":[5.75,11.5,5,13.25],"texture":"#3"}}},{"from":[6.9,14.64393,3.58851],"to":[9.1,17.44393,5.98851],"rotation":{"angle":-22.5,"axis":"x","origin":[8,16.04393,4.78851]},"faces":{"north":{"uv":[10.5,3,11.5,4.5],"texture":"#3"},"east":{"uv":[9.5,0,10.75,1.5],"texture":"#3"},"south":{"uv":[10.5,4.5,11.5,6],"texture":"#3"},"west":{"uv":[9.5,1.5,10.75,3],"texture":"#3"},"up":{"uv":[7,12.75,6,11.5],"texture":"#3"},"down":{"uv":[8,11.5,7,12.75],"texture":"#3"}}},{"from":[7,7.65223,2.91314],"to":[9,8.45223,5.31314],"rotation":{"angle":45,"axis":"x","origin":[8,8,8]},"faces":{"north":{"uv":[13,2.5,14,3],"texture":"#3"},"east":{"uv":[12,11,13.25,11.5],"texture":"#3"},"south":{"uv":[3,13,4,13.5],"texture":"#3"},"west":{"uv":[12,11.5,13.25,12],"texture":"#3"},"up":{"uv":[9,12.75,8,11.5],"texture":"#3"},"down":{"uv":[10,11.5,9,12.75],"texture":"#3"}}},{"from":[8,17.01777,-0.31066],"to":[8,25.01777,16.68934],"rotation":{"angle":-22.5,"axis":"x","origin":[8,21.01777,8.18934]},"faces":{"north":{"uv":[0,0,0,4],"rotation":180,"texture":"#3"},"east":{"uv":[0,0,4,8.5],"rotation":270,"texture":"#3"},"south":{"uv":[0,4,0,0],"texture":"#3"},"west":{"uv":[4,0,8,8.5],"rotation":90,"texture":"#3"},"up":{"uv":[0,0,0,8.5],"rotation":180,"texture":"#3"},"down":{"uv":[0,0,0,8.5],"texture":"#3"}}},{"from":[6.6,2.05301,1.30055],"to":[9.4,4.45301,5.70055],"rotation":{"angle":-22.5,"axis":"x","origin":[8,10.3,9.55]},"faces":{"north":{"uv":[6,9.75,7.5,8.5],"texture":"#3"},"east":{"uv":[8,6.25,10.25,5],"texture":"#3"},"south":{"uv":[9,9.25,10.5,8],"texture":"#3"},"west":{"uv":[8,7.75,10.25,6.5],"texture":"#3"},"up":{"uv":[9.5,4.75,8,2.5],"texture":"#3"},"down":{"uv":[9.5,0,8,2.25],"texture":"#3"}}},{"from":[7.45,-4.97855,5.46352],"to":[8.55,-2.82855,7.61352],"rotation":{"angle":45,"axis":"x","origin":[8,-3.90355,6.53852]},"faces":{"north":{"uv":[12.5,9.5,13,8.5],"texture":"#3"},"east":{"uv":[11,11,12,10],"texture":"#3"},"south":{"uv":[12.5,10.5,13,9.5],"texture":"#3"},"west":{"uv":[11.5,6,12.5,5],"texture":"#3"},"up":{"uv":[11.5,13.5,11,12.5],"texture":"#3"},"down":{"uv":[11,12.5,10.5,13.5],"texture":"#3"}}},{"from":[7.25,1.99819,-3.22058],"to":[8.75,4.79819,-0.42058],"rotation":{"angle":-45,"axis":"x","origin":[8,11.25,7.75]},"faces":{"north":{"uv":[0,13.5,0.75,12],"texture":"#3"},"east":{"uv":[3,10,4.5,8.5],"texture":"#3"},"south":{"uv":[12,1.5,12.75,0],"texture":"#3"},"west":{"uv":[4.5,10,6,8.5],"texture":"#3"},"up":{"uv":[2.75,13.5,2,12],"texture":"#3"},"down":{"uv":[1.75,12,1,13.5],"texture":"#3"}}},{"from":[7,-3.9052,0.85952],"to":[9,-0.3052,2.85952],"rotation":{"angle":-22.5,"axis":"x","origin":[8,11.25,7.75]},"faces":{"north":{"uv":[9.5,4.75,10.5,3],"texture":"#3"},"east":{"uv":[9,11.25,10,9.5],"texture":"#3"},"south":{"uv":[3,11.75,4,10],"texture":"#3"},"west":{"uv":[4,11.75,5,10],"texture":"#3"},"up":{"uv":[5,13,4,12],"texture":"#3"},"down":{"uv":[4,12,3,13],"texture":"#3"}}},{"from":[7.2,-4.61337,13.03847],"to":[8.8,-3.01337,16.63847],"rotation":{"angle":22.5,"axis":"x","origin":[8,11.25,7.75]},"faces":{"north":{"uv":[12,12.75,12.75,12],"texture":"#3"},"east":{"uv":[10.5,6.75,12.25,6],"texture":"#3"},"south":{"uv":[12.5,3.75,13.25,3],"texture":"#3"},"west":{"uv":[10.5,7.75,12.25,7],"texture":"#3"},"up":{"uv":[11.75,9.75,11,8],"texture":"#3"},"down":{"uv":[11.75,0,11,1.75],"texture":"#3"}}},{"from":[7.4,-6.5731,9.73564],"to":[8.6,-5.3731,13.33564],"rotation":{"angle":0,"axis":"y","origin":[8,11.25,7.75]},"faces":{"north":{"uv":[11.5,13,12,12.5],"texture":"#3"},"east":{"uv":[12,2,13.75,1.5],"texture":"#3"},"south":{"uv":[4,13.5,4.5,13],"texture":"#3"},"west":{"uv":[12,8.5,13.75,8],"texture":"#3"},"up":{"uv":[10.5,13.75,10,12],"texture":"#3"},"down":{"uv":[12.5,8.5,12,10.25],"texture":"#3"}}},{"from":[7.15,3.29656,4.58354],"to":[8.85,4.89656,8.18354],"rotation":{"angle":45,"axis":"x","origin":[7.95,4.09656,6.38354]},"faces":{"north":{"uv":[12.5,4.75,13.25,4],"texture":"#3"},"east":{"uv":[11,2.75,12.75,2],"texture":"#3"},"south":{"uv":[12.5,5.75,13.25,5],"texture":"#3"},"west":{"uv":[10,11.75,11.75,11],"texture":"#3"},"up":{"uv":[5.75,13.25,5,11.5],"texture":"#3"},"down":{"uv":[12.25,3,11.5,4.75],"texture":"#3"}}},{"from":[6.9,-1.44393,3.58851],"to":[9.1,1.35607,5.98851],"rotation":{"angle":22.5,"axis":"x","origin":[8,-0.04393,4.78851]},"faces":{"north":{"uv":[10.5,4.5,11.5,3],"texture":"#3"},"east":{"uv":[9.5,1.5,10.75,0],"texture":"#3"},"south":{"uv":[10.5,6,11.5,4.5],"texture":"#3"},"west":{"uv":[9.5,3,10.75,1.5],"texture":"#3"},"up":{"uv":[8,12.75,7,11.5],"texture":"#3"},"down":{"uv":[7,11.5,6,12.75],"texture":"#3"}}},{"from":[7,7.54777,2.91314],"to":[9,8.34777,5.31314],"rotation":{"angle":-45,"axis":"x","origin":[8,8,8]},"faces":{"north":{"uv":[13,3,14,2.5],"texture":"#3"},"east":{"uv":[12,11.5,13.25,11],"texture":"#3"},"south":{"uv":[3,13.5,4,13],"texture":"#3"},"west":{"uv":[12,12,13.25,11.5],"texture":"#3"},"up":{"uv":[10,12.75,9,11.5],"texture":"#3"},"down":{"uv":[9,11.5,8,12.75],"texture":"#3"}}},{"from":[8,-9.01777,-0.31066],"to":[8,-1.01777,16.68934],"rotation":{"angle":22.5,"axis":"x","origin":[8,-5.01777,8.18934]},"faces":{"north":{"uv":[0,4,0,0],"rotation":180,"texture":"#3"},"east":{"uv":[4,0,0,8.5],"rotation":270,"texture":"#3"},"south":{"uv":[0,0,0,4],"texture":"#3"},"west":{"uv":[8,0,4,8.5],"rotation":90,"texture":"#3"},"up":{"uv":[0,8.5,0,0],"texture":"#3"},"down":{"uv":[0,8.5,0,0],"rotation":180,"texture":"#3"}}},{"from":[8,-6.125,12.78851],"to":[8,22.125,16.33851],"rotation":{"angle":0,"axis":"y","origin":[8,8,8]},"faces":{"north":{"uv":[0,0,0,30],"texture":"#1"},"east":{"uv":[2.2,0,0.8,12],"texture":"#1"},"south":{"uv":[0,0,0,30],"texture":"#1"},"west":{"uv":[0.8,0,2.2,12],"texture":"#1"},"up":{"uv":[0,0,0,16.5],"texture":"#1"},"down":{"uv":[0,16.5,0,0],"texture":"#1"}}},{"from":[7.2,4.8,4.48851],"to":[8.8,11.2,6.08851],"rotation":{"angle":0,"axis":"y","origin":[8,8,8]},"faces":{"north":{"uv":[8,8,8.75,11.25],"texture":"#3"},"east":{"uv":[0,8.5,0.75,11.75],"texture":"#3"},"south":{"uv":[1,8.5,1.75,11.75],"texture":"#3"},"west":{"uv":[2,8.5,2.75,11.75],"texture":"#3"},"up":{"uv":[13.25,6.75,12.5,6],"texture":"#3"},"down":{"uv":[13.25,7,12.5,7.75],"texture":"#3"}}},{"from":[8,6.75,-7],"to":[8,9.25,17],"rotation":{"angle":0,"axis":"y","origin":[8,8,2]},"faces":{"north":{"uv":[0,0,0,2],"texture":"#0"},"east":{"uv":[0,0.33333,16,2],"texture":"#0"},"south":{"uv":[0,0,0,2],"texture":"#0"},"west":{"uv":[0,2.33333,16,4],"texture":"#0"},"up":{"uv":[0,16,0,0],"texture":"#0"},"down":{"uv":[0,0,0,16],"texture":"#0"}}},{"from":[6.75,8,-7],"to":[9.25,8,17],"rotation":{"angle":0,"axis":"y","origin":[8,8,2]},"faces":{"north":{"uv":[0,0,0,2],"rotation":90,"texture":"#0"},"east":{"uv":[0,0,0,16],"rotation":270,"texture":"#0"},"south":{"uv":[0,0,0,2],"rotation":270,"texture":"#0"},"west":{"uv":[0,16,0,0],"rotation":270,"texture":"#0"},"up":{"uv":[0,0.33333,16,2],"rotation":270,"texture":"#0"},"down":{"uv":[0,2.33333,16,4],"rotation":270,"texture":"#0"}}}],"gui_light":"front","display":{"thirdperson_righthand":{"translation":[0,-2,3.25],"scale":[0.8,0.8,0.8]},"thirdperson_lefthand":{"translation":[0,-2,3.25],"scale":[0.8,0.8,0.8]},"firstperson_righthand":{"rotation":[9.04,0.22,8.08],"translation":[7.25,0,-8.75]},"firstperson_lefthand":{"rotation":[9.04,0.22,8.08],"translation":[7.25,0,-8.75]},"ground":{"rotation":[0,0,-82],"scale":[0.67,0.67,0.67]},"gui":{"rotation":[90,45,90],"translation":[-0.75,0.75,-2],"scale":[0.46,0.46,0.46]},"head":{"scale":[0,0,0]},"fixed":{"rotation":[90,-45,90],"translation":[0.75,1.25,-2]}},"groups":[{"name":"bow17","origin":[8,20.80866,16.82657],"color":0,"children":[{"name":"group","origin":[8,10.03536,5.28851],"color":0,"children":[0,1,2,3,4,5,6,7,8,9]},{"name":"group","origin":[8,10.03536,5.28851],"color":0,"children":[10,11,12,13,14,15,16,17,18,19]},20,21]},{"name":"arrow","origin":[8,8,2],"color":0,"children":[22,23]}]}