{"credit":"Made with Blockbench","texture_size":[20,20],"textures":{"0":"item/bows/arrow","1":"item/bows/bow_36","2":"item/bows/string","particle":"item/bows/arrow"},"elements":[{"from":[7.15267,12.543,2.05751],"to":[8.85283,14.8614,4.37591],"rotation":{"angle":22.5,"axis":"x","origin":[8,5.05,7.75]},"faces":{"north":{"uv":[1.6,8,2.4,9.2],"texture":"#1"},"east":{"uv":[0,6.4,1.2,7.6],"texture":"#1"},"south":{"uv":[2.4,8,3.2,9.2],"texture":"#1"},"west":{"uv":[1.6,6.4,2.8,7.6],"texture":"#1"},"up":{"uv":[8.8,7.6,8,6.4],"texture":"#1"},"down":{"uv":[8.8,8,8,9.2],"texture":"#1"}}},{"from":[7.38451,11.8521,1.36661],"to":[8.62099,13.3977,2.91221],"rotation":{"angle":22.5,"axis":"x","origin":[8,5.05,7.75]},"faces":{"north":{"uv":[10.4,2.4,11,3.2],"texture":"#1"},"east":{"uv":[9.6,9.6,10.4,10.4],"texture":"#1"},"south":{"uv":[3.2,10.4,3.8,11.2],"texture":"#1"},"west":{"uv":[10.4,0,11.2,0.8],"texture":"#1"},"up":{"uv":[11,4,10.4,3.2],"texture":"#1"},"down":{"uv":[4.6,10.4,4,11.2],"texture":"#1"}}},{"from":[7.50043,12.76888,3.33102],"to":[8.50507,13.92808,5.64942],"rotation":{"angle":-22.5,"axis":"x","origin":[8.00275,13.02844,3.78573]},"faces":{"north":{"uv":[10.4,6.2,11,5.6],"texture":"#1"},"east":{"uv":[8.8,7,10,6.4],"texture":"#1"},"south":{"uv":[6.4,11,7,10.4],"texture":"#1"},"west":{"uv":[8.8,7.8,10,7.2],"texture":"#1"},"up":{"uv":[2.2,9.6,1.6,10.8],"texture":"#1"},"down":{"uv":[9.4,8,8.8,9.2],"texture":"#1"}}},{"from":[7.61635,11.45391,3.0502],"to":[8.38915,13.15407,3.97756],"rotation":{"angle":22.5,"axis":"x","origin":[8.00275,13.02844,3.78573]},"faces":{"north":{"uv":[11.6,6.4,11.2,7.2],"rotation":180,"texture":"#1"},"east":{"uv":[5.6,11.6,6.4,11.2],"rotation":90,"texture":"#1"},"south":{"uv":[6.8,11.2,6.4,12],"texture":"#1"},"west":{"uv":[11.2,6,12,5.6],"rotation":270,"texture":"#1"},"up":{"uv":[6.4,12.4,6.8,12],"texture":"#1"},"down":{"uv":[12,6,12.4,5.6],"rotation":180,"texture":"#1"}}},{"from":[7.38451,14.00668,3.52119],"to":[8.62099,15.55228,5.06679],"rotation":{"angle":22.5,"axis":"x","origin":[8,5.05,7.75]},"faces":{"north":{"uv":[10.4,4,11,4.8],"texture":"#1"},"east":{"uv":[10.4,0.8,11.2,1.6],"texture":"#1"},"south":{"uv":[4.8,10.4,5.4,11.2],"texture":"#1"},"west":{"uv":[10.4,1.6,11.2,2.4],"texture":"#1"},"up":{"uv":[11,5.6,10.4,4.8],"texture":"#1"},"down":{"uv":[6.2,10.4,5.6,11.2],"texture":"#1"}}},{"from":[7.42315,11.79318,2.67158],"to":[8.58235,12.56598,3.83078],"rotation":{"angle":22.5,"axis":"x","origin":[8,5.05,7.75]},"faces":{"north":{"uv":[8.8,11.2,9.4,11.6],"texture":"#1"},"east":{"uv":[11.2,8.8,11.8,9.2],"texture":"#1"},"south":{"uv":[9.6,11.2,10.2,11.6],"texture":"#1"},"west":{"uv":[11.2,9.6,11.8,10],"texture":"#1"},"up":{"uv":[11,7,10.4,6.4],"texture":"#1"},"down":{"uv":[7.8,10.4,7.2,11],"texture":"#1"}}},{"from":[7.50043,7.65282,7.46569],"to":[8.50507,8.42562,8.47033],"rotation":{"angle":-45,"axis":"x","origin":[8,8,4]},"faces":{"north":{"uv":[11.8,11.2,11.2,11.6],"texture":"#1"},"east":{"uv":[11.8,10.4,11.2,10.8],"texture":"#1"},"south":{"uv":[11,11.2,10.4,11.6],"texture":"#1"},"west":{"uv":[0.6,12,0,12.4],"texture":"#1"},"up":{"uv":[11,7.2,10.4,7.8],"texture":"#1"},"down":{"uv":[8.6,11,8,10.4],"texture":"#1"}}},{"from":[7.57771,10.82301,5.48084],"to":[8.42779,11.82765,6.48548],"rotation":{"angle":22.5,"axis":"x","origin":[8,8,4]},"faces":{"north":{"uv":[1.2,12,0.8,12.6],"texture":"#1"},"east":{"uv":[11,8,10.4,8.6],"texture":"#1"},"south":{"uv":[12.4,0,12,0.6],"texture":"#1"},"west":{"uv":[9.4,10.4,8.8,11],"texture":"#1"},"up":{"uv":[12.4,0.8,12,1.4],"texture":"#1"},"down":{"uv":[2,12.6,1.6,12],"texture":"#1"}}},{"from":[7.38451,10.09976,6.17286],"to":[8.62099,11.1044,7.1775],"rotation":{"angle":22.5,"axis":"x","origin":[8,8,4]},"faces":{"north":{"uv":[11,9.6,10.4,10.2],"texture":"#1"},"east":{"uv":[10.2,10.4,9.6,11],"texture":"#1"},"south":{"uv":[11,8.8,10.4,9.4],"texture":"#1"},"west":{"uv":[11,10.4,10.4,11],"texture":"#1"},"up":{"uv":[0.6,11.2,0,11.8],"texture":"#1"},"down":{"uv":[11.8,0.6,11.2,0],"texture":"#1"}}},{"from":[7.42315,11.40678,2.51702],"to":[8.58235,11.79318,3.67622],"rotation":{"angle":22.5,"axis":"x","origin":[8,5.05,7.75]},"faces":{"north":{"uv":[12,10.4,12.6,10.6],"texture":"#1"},"east":{"uv":[11.2,12,11.8,12.2],"texture":"#1"},"south":{"uv":[12,11.2,12.6,11.4],"texture":"#1"},"west":{"uv":[12,12,12.6,12.2],"texture":"#1"},"up":{"uv":[1.4,11.8,0.8,11.2],"texture":"#1"},"down":{"uv":[11.8,0.8,11.2,1.4],"texture":"#1"}}},{"from":[7.50043,11.17494,2.5943],"to":[8.50507,11.40678,3.59894],"rotation":{"angle":22.5,"axis":"x","origin":[8,5.05,7.75]},"faces":{"north":{"uv":[0,12.8,0.6,13],"texture":"#1"},"east":{"uv":[12.8,0,13.4,0.2],"texture":"#1"},"south":{"uv":[0.8,12.8,1.4,13],"texture":"#1"},"west":{"uv":[12.8,0.8,13.4,1],"texture":"#1"},"up":{"uv":[2.2,11.8,1.6,11.2],"texture":"#1"},"down":{"uv":[11.8,1.6,11.2,2.2],"texture":"#1"}}},{"from":[7.57771,11.47755,5.48578],"to":[8.42779,12.63675,6.33586],"rotation":{"angle":0,"axis":"x","origin":[8,5.05,7.75]},"faces":{"north":{"uv":[12,1.6,12.4,2.2],"texture":"#1"},"east":{"uv":[2.4,12,2.8,12.6],"texture":"#1"},"south":{"uv":[12,2.4,12.4,3],"texture":"#1"},"west":{"uv":[3.2,12,3.6,12.6],"texture":"#1"},"up":{"uv":[12.4,6.8,12,6.4],"texture":"#1"},"down":{"uv":[7.6,12,7.2,12.4],"texture":"#1"}}},{"from":[7.57771,8.28482,7.54297],"to":[8.42779,9.44402,8.39305],"rotation":{"angle":-45,"axis":"x","origin":[8,8,4]},"faces":{"north":{"uv":[12.4,4,12,4.6],"texture":"#1"},"east":{"uv":[4.4,12,4,12.6],"texture":"#1"},"south":{"uv":[12.4,3.2,12,3.8],"texture":"#1"},"west":{"uv":[5.2,12,4.8,12.6],"texture":"#1"},"up":{"uv":[12.4,7.2,12,7.6],"texture":"#1"},"down":{"uv":[8.4,12.4,8,12],"texture":"#1"}}},{"from":[8.00275,9.85432,-2.61545],"to":[8.00275,21.05992,16.62727],"rotation":{"angle":-22.5,"axis":"x","origin":[8.00275,15.45712,7.00591]},"faces":{"north":{"uv":[0,0,0,5.8],"texture":"#1"},"east":{"uv":[10,0,0,5.8],"texture":"#1"},"south":{"uv":[0,0,0,5.8],"texture":"#1"},"west":{"uv":[0,0,10,5.8],"texture":"#1"},"up":{"uv":[0,10,0,0],"texture":"#1"},"down":{"uv":[0,0,0,10],"texture":"#1"}}},{"from":[7.50043,13.90987,11.95968],"to":[8.50507,15.06907,14.27808],"rotation":{"angle":-22.5,"axis":"x","origin":[8,5.05,7.75]},"faces":{"north":{"uv":[4.8,11.2,5.4,11.8],"texture":"#1"},"east":{"uv":[6.4,9.6,7.6,10.2],"texture":"#1"},"south":{"uv":[11.2,4.8,11.8,5.4],"texture":"#1"},"west":{"uv":[8,9.6,9.2,10.2],"texture":"#1"},"up":{"uv":[3,10.8,2.4,9.6],"texture":"#1"},"down":{"uv":[10.2,9.2,9.6,8],"texture":"#1"}}},{"from":[7.61635,16.21991,4.95168],"to":[8.38915,17.92007,5.87904],"rotation":{"angle":22.5,"axis":"x","origin":[8,5.15,7.75]},"faces":{"north":{"uv":[7.2,11.2,7.6,12],"texture":"#1"},"east":{"uv":[11.2,7.2,11.6,8],"texture":"#1"},"south":{"uv":[8,11.2,8.4,12],"texture":"#1"},"west":{"uv":[11.2,8,11.6,8.8],"texture":"#1"},"up":{"uv":[12.4,9.2,12,8.8],"texture":"#1"},"down":{"uv":[10,12,9.6,12.4],"texture":"#1"}}},{"from":[7.73227,15.26155,14.75972],"to":[8.27323,15.95707,15.91892],"rotation":{"angle":-22.5,"axis":"x","origin":[8,5.15,7.75]},"faces":{"north":{"uv":[7.2,12.8,7.4,13.2],"texture":"#1"},"east":{"uv":[12,4.8,12.6,5.2],"texture":"#1"},"south":{"uv":[12.8,7.2,13,7.6],"texture":"#1"},"west":{"uv":[5.6,12,6.2,12.4],"texture":"#1"},"up":{"uv":[6.6,13.4,6.4,12.8],"texture":"#1"},"down":{"uv":[13,6.4,12.8,7],"texture":"#1"}}},{"from":[7.15267,1.1386,2.05751],"to":[8.85283,3.457,4.37591],"rotation":{"angle":-22.5,"axis":"x","origin":[8,10.95,7.75]},"faces":{"north":{"uv":[1.6,9.2,2.4,8],"texture":"#1"},"east":{"uv":[0,7.6,1.2,6.4],"texture":"#1"},"south":{"uv":[2.4,9.2,3.2,8],"texture":"#1"},"west":{"uv":[1.6,7.6,2.8,6.4],"texture":"#1"},"up":{"uv":[8.8,9.2,8,8],"texture":"#1"},"down":{"uv":[8.8,6.4,8,7.6],"texture":"#1"}}},{"from":[7.38451,2.6023,1.36661],"to":[8.62099,4.1479,2.91221],"rotation":{"angle":-22.5,"axis":"x","origin":[8,10.95,7.75]},"faces":{"north":{"uv":[10.4,3.2,11,2.4],"texture":"#1"},"east":{"uv":[9.6,10.4,10.4,9.6],"texture":"#1"},"south":{"uv":[3.2,11.2,3.8,10.4],"texture":"#1"},"west":{"uv":[10.4,0.8,11.2,0],"texture":"#1"},"up":{"uv":[4.6,11.2,4,10.4],"texture":"#1"},"down":{"uv":[11,3.2,10.4,4],"texture":"#1"}}},{"from":[7.50043,2.07192,3.33102],"to":[8.50507,3.23112,5.64942],"rotation":{"angle":22.5,"axis":"x","origin":[8.00275,2.97156,3.78573]},"faces":{"north":{"uv":[10.4,5.6,11,6.2],"texture":"#1"},"east":{"uv":[8.8,6.4,10,7],"texture":"#1"},"south":{"uv":[6.4,10.4,7,11],"texture":"#1"},"west":{"uv":[8.8,7.2,10,7.8],"texture":"#1"},"up":{"uv":[9.4,9.2,8.8,8],"texture":"#1"},"down":{"uv":[2.2,10.8,1.6,9.6],"texture":"#1"}}},{"from":[7.61635,2.84593,3.0502],"to":[8.38915,4.54609,3.97756],"rotation":{"angle":-22.5,"axis":"x","origin":[8.00275,2.97156,3.78573]},"faces":{"north":{"uv":[11.6,7.2,11.2,6.4],"rotation":180,"texture":"#1"},"east":{"uv":[6.4,11.6,5.6,11.2],"rotation":90,"texture":"#1"},"south":{"uv":[6.8,12,6.4,11.2],"texture":"#1"},"west":{"uv":[12,6,11.2,5.6],"rotation":270,"texture":"#1"},"up":{"uv":[12,5.6,12.4,6],"rotation":180,"texture":"#1"},"down":{"uv":[6.4,12,6.8,12.4],"texture":"#1"}}},{"from":[7.38451,0.44772,3.52119],"to":[8.62099,1.99332,5.06679],"rotation":{"angle":-22.5,"axis":"x","origin":[8,10.95,7.75]},"faces":{"north":{"uv":[10.4,4.8,11,4],"texture":"#1"},"east":{"uv":[10.4,1.6,11.2,0.8],"texture":"#1"},"south":{"uv":[4.8,11.2,5.4,10.4],"texture":"#1"},"west":{"uv":[10.4,2.4,11.2,1.6],"texture":"#1"},"up":{"uv":[6.2,11.2,5.6,10.4],"texture":"#1"},"down":{"uv":[11,4.8,10.4,5.6],"texture":"#1"}}},{"from":[7.42315,3.43402,2.67158],"to":[8.58235,4.20682,3.83078],"rotation":{"angle":-22.5,"axis":"x","origin":[8,10.95,7.75]},"faces":{"north":{"uv":[8.8,11.6,9.4,11.2],"texture":"#1"},"east":{"uv":[11.2,9.2,11.8,8.8],"texture":"#1"},"south":{"uv":[9.6,11.6,10.2,11.2],"texture":"#1"},"west":{"uv":[11.2,10,11.8,9.6],"texture":"#1"},"up":{"uv":[7.8,11,7.2,10.4],"texture":"#1"},"down":{"uv":[11,6.4,10.4,7],"texture":"#1"}}},{"from":[7.50043,7.57438,7.46569],"to":[8.50507,8.34718,8.47033],"rotation":{"angle":45,"axis":"x","origin":[8,8,4]},"faces":{"north":{"uv":[11.8,11.6,11.2,11.2],"texture":"#1"},"east":{"uv":[11.8,10.8,11.2,10.4],"texture":"#1"},"south":{"uv":[11,11.6,10.4,11.2],"texture":"#1"},"west":{"uv":[0.6,12.4,0,12],"texture":"#1"},"up":{"uv":[8.6,10.4,8,11],"texture":"#1"},"down":{"uv":[11,7.8,10.4,7.2],"texture":"#1"}}},{"from":[7.57771,4.17235,5.48084],"to":[8.42779,5.17699,6.48548],"rotation":{"angle":-22.5,"axis":"x","origin":[8,8,4]},"faces":{"north":{"uv":[1.2,12.6,0.8,12],"texture":"#1"},"east":{"uv":[11,8.6,10.4,8],"texture":"#1"},"south":{"uv":[12.4,0.6,12,0],"texture":"#1"},"west":{"uv":[9.4,11,8.8,10.4],"texture":"#1"},"up":{"uv":[2,12,1.6,12.6],"texture":"#1"},"down":{"uv":[12.4,1.4,12,0.8],"texture":"#1"}}},{"from":[7.38451,4.8956,6.17286],"to":[8.62099,5.90024,7.1775],"rotation":{"angle":-22.5,"axis":"x","origin":[8,8,4]},"faces":{"north":{"uv":[11,10.2,10.4,9.6],"texture":"#1"},"east":{"uv":[10.2,11,9.6,10.4],"texture":"#1"},"south":{"uv":[11,9.4,10.4,8.8],"texture":"#1"},"west":{"uv":[11,11,10.4,10.4],"texture":"#1"},"up":{"uv":[11.8,0,11.2,0.6],"texture":"#1"},"down":{"uv":[0.6,11.8,0,11.2],"texture":"#1"}}},{"from":[7.42315,4.20682,2.51702],"to":[8.58235,4.59322,3.67622],"rotation":{"angle":-22.5,"axis":"x","origin":[8,10.95,7.75]},"faces":{"north":{"uv":[12,10.6,12.6,10.4],"texture":"#1"},"east":{"uv":[11.2,12.2,11.8,12],"texture":"#1"},"south":{"uv":[12,11.4,12.6,11.2],"texture":"#1"},"west":{"uv":[12,12.2,12.6,12],"texture":"#1"},"up":{"uv":[11.8,1.4,11.2,0.8],"texture":"#1"},"down":{"uv":[1.4,11.2,0.8,11.8],"texture":"#1"}}},{"from":[7.50043,4.59322,2.5943],"to":[8.50507,4.82506,3.59894],"rotation":{"angle":-22.5,"axis":"x","origin":[8,10.95,7.75]},"faces":{"north":{"uv":[0,13,0.6,12.8],"texture":"#1"},"east":{"uv":[12.8,0.2,13.4,0],"texture":"#1"},"south":{"uv":[0.8,13,1.4,12.8],"texture":"#1"},"west":{"uv":[12.8,1,13.4,0.8],"texture":"#1"},"up":{"uv":[11.8,2.2,11.2,1.6],"texture":"#1"},"down":{"uv":[2.2,11.2,1.6,11.8],"texture":"#1"}}},{"from":[7.57771,3.36325,5.48578],"to":[8.42779,4.52245,6.33586],"rotation":{"angle":0,"axis":"x","origin":[8,10.95,7.75]},"faces":{"north":{"uv":[12,2.2,12.4,1.6],"texture":"#1"},"east":{"uv":[2.4,12.6,2.8,12],"texture":"#1"},"south":{"uv":[12,3,12.4,2.4],"texture":"#1"},"west":{"uv":[3.2,12.6,3.6,12],"texture":"#1"},"up":{"uv":[7.6,12.4,7.2,12],"texture":"#1"},"down":{"uv":[12.4,6.4,12,6.8],"texture":"#1"}}},{"from":[7.57771,6.55598,7.54297],"to":[8.42779,7.71518,8.39305],"rotation":{"angle":45,"axis":"x","origin":[8,8,4]},"faces":{"north":{"uv":[12.4,4.6,12,4],"texture":"#1"},"east":{"uv":[4.4,12.6,4,12],"texture":"#1"},"south":{"uv":[12.4,3.8,12,3.2],"texture":"#1"},"west":{"uv":[5.2,12.6,4.8,12],"texture":"#1"},"up":{"uv":[8.4,12,8,12.4],"texture":"#1"},"down":{"uv":[12.4,7.6,12,7.2],"texture":"#1"}}},{"from":[8.00275,-5.05992,-2.61545],"to":[8.00275,6.14568,16.62727],"rotation":{"angle":22.5,"axis":"x","origin":[8.00275,0.54288,7.00591]},"faces":{"north":{"uv":[0,5.8,0,0],"texture":"#1"},"east":{"uv":[10,5.8,0,0],"texture":"#1"},"south":{"uv":[0,5.8,0,0],"texture":"#1"},"west":{"uv":[0,5.8,10,0],"texture":"#1"},"up":{"uv":[0,10,0,0],"texture":"#1"},"down":{"uv":[0,0,0,10],"texture":"#1"}}},{"from":[7.50043,0.93093,11.95968],"to":[8.50507,2.09013,14.27808],"rotation":{"angle":22.5,"axis":"x","origin":[8,10.95,7.75]},"faces":{"north":{"uv":[4.8,11.8,5.4,11.2],"texture":"#1"},"east":{"uv":[6.4,10.2,7.6,9.6],"texture":"#1"},"south":{"uv":[11.2,5.4,11.8,4.8],"texture":"#1"},"west":{"uv":[8,10.2,9.2,9.6],"texture":"#1"},"up":{"uv":[10.2,8,9.6,9.2],"texture":"#1"},"down":{"uv":[3,9.6,2.4,10.8],"texture":"#1"}}},{"from":[7.61635,-1.92007,4.95168],"to":[8.38915,-0.21991,5.87904],"rotation":{"angle":-22.5,"axis":"x","origin":[8,10.85,7.75]},"faces":{"north":{"uv":[7.2,12,7.6,11.2],"texture":"#1"},"east":{"uv":[11.2,8,11.6,7.2],"texture":"#1"},"south":{"uv":[8,12,8.4,11.2],"texture":"#1"},"west":{"uv":[11.2,8.8,11.6,8],"texture":"#1"},"up":{"uv":[10,12.4,9.6,12],"texture":"#1"},"down":{"uv":[12.4,8.8,12,9.2],"texture":"#1"}}},{"from":[7.73227,0.04293,14.75972],"to":[8.27323,0.73845,15.91892],"rotation":{"angle":22.5,"axis":"x","origin":[8,10.85,7.75]},"faces":{"north":{"uv":[7.2,13.2,7.4,12.8],"texture":"#1"},"east":{"uv":[12,5.2,12.6,4.8],"texture":"#1"},"south":{"uv":[12.8,7.6,13,7.2],"texture":"#1"},"west":{"uv":[5.6,12.4,6.2,12],"texture":"#1"},"up":{"uv":[13,7,12.8,6.4],"texture":"#1"},"down":{"uv":[6.6,12.8,6.4,13.4],"texture":"#1"}}},{"from":[7.99725,-0.98226,13.53436],"to":[7.99725,16.98226,18.19085],"rotation":{"angle":0,"axis":"y","origin":[8,8,9]},"faces":{"north":{"uv":[0,0,0,192],"texture":"#2"},"east":{"uv":[5.99,0,3.2,12],"texture":"#2"},"south":{"uv":[0,0,0,192],"texture":"#2"},"west":{"uv":[3.2,0,5.99,12],"texture":"#2"},"up":{"uv":[0,0,0,105.6],"texture":"#2"},"down":{"uv":[0,105.6,0,0],"texture":"#2"}}},{"from":[7.65499,4.7156,7.12785],"to":[8.35051,11.2844,7.82337],"rotation":{"angle":0,"axis":"z","origin":[8,8,4]},"faces":{"north":{"uv":[5.2,6.4,4.8,9.8],"texture":"#1"},"east":{"uv":[4.4,6.4,4,9.8],"texture":"#1"},"south":{"uv":[3.6,6.4,3.2,9.8],"texture":"#1"},"west":{"uv":[6,6.4,5.6,9.8],"texture":"#1"},"up":{"uv":[12.4,9.6,12,10],"texture":"#1"},"down":{"uv":[10.8,12.4,10.4,12],"texture":"#1"}}},{"from":[8,6.75,-5],"to":[8,9.25,19],"rotation":{"angle":0,"axis":"y","origin":[8,8,2]},"faces":{"north":{"uv":[0,0,0,2],"texture":"#0"},"east":{"uv":[0,0.33333,16,2],"texture":"#0"},"south":{"uv":[0,0,0,2],"texture":"#0"},"west":{"uv":[0,2.33333,16,4],"texture":"#0"},"up":{"uv":[0,16,0,0],"texture":"#0"},"down":{"uv":[0,0,0,16],"texture":"#0"}}},{"from":[6.75,8,-5],"to":[9.25,8,19],"rotation":{"angle":0,"axis":"y","origin":[8,8,2]},"faces":{"north":{"uv":[0,0,0,2],"rotation":90,"texture":"#0"},"east":{"uv":[0,0,0,16],"rotation":270,"texture":"#0"},"south":{"uv":[0,0,0,2],"rotation":270,"texture":"#0"},"west":{"uv":[0,16,0,0],"rotation":270,"texture":"#0"},"up":{"uv":[0,0.33333,16,2],"rotation":270,"texture":"#0"},"down":{"uv":[0,2.33333,16,4],"rotation":270,"texture":"#0"}}}],"display":{"thirdperson_righthand":{"translation":[0,-2,3.25],"scale":[0.8,0.8,0.8]},"thirdperson_lefthand":{"translation":[0,-2,3.25],"scale":[0.8,0.8,0.8]},"firstperson_righthand":{"rotation":[9.04,0.22,8.08],"translation":[7.25,2.5,-8.75]},"firstperson_lefthand":{"rotation":[9.04,0.22,8.08],"translation":[7.25,2.5,-8.75]},"ground":{"rotation":[0,0,-82],"scale":[0.67,0.67,0.67]},"gui":{"rotation":[90,45,90],"translation":[-0.75,0.75,-2],"scale":[0.5,0.5,0.5]},"head":{"scale":[0,0,0]},"fixed":{"rotation":[90,-45,90],"translation":[0.75,1.25,-2]}},"groups":[{"name":"bow16","origin":[8.002,8,4.31854],"color":0,"children":[{"name":"group","origin":[7.90053,10.2919,4.31854],"color":0,"children":[0,1,2,3,4,5,6,7,8,9,10,11,12,13,14,15,16]},{"name":"group","origin":[7.90053,10.2919,4.31854],"color":0,"children":[17,18,19,20,21,22,23,24,25,26,27,28,29,30,31,32,33]},34,35]},{"name":"arrow","origin":[8,8,2],"color":0,"children":[36,37]}]}