{"credit":"Made with Blockbench","texture_size":[32,32],"textures":{"0":"item/bows/arrow","1":"item/bows/string","2":"item/bows/bow_26","particle":"item/bows/arrow"},"elements":[{"from":[6.75,13.59379,7.2095],"to":[9.25,16.39379,10.0095],"rotation":{"angle":22.5,"axis":"x","origin":[8,18.87619,5.9958]},"faces":{"north":{"uv":[6.5,4.5,7.75,6],"texture":"#2"},"east":{"uv":[1.5,5,3,6.5],"texture":"#2"},"south":{"uv":[6.5,6,7.75,7.5],"texture":"#2"},"west":{"uv":[5,1.5,6.5,3],"texture":"#2"},"up":{"uv":[4.25,8.5,3,7],"texture":"#2"},"down":{"uv":[5.75,7.5,4.5,9],"texture":"#2"}}},{"from":[6.6,11.59134,2.89869],"to":[9.4,15.99134,5.29869],"rotation":{"angle":-22.5,"axis":"x","origin":[8,18.87619,5.9958]},"faces":{"north":{"uv":[0,0,1.5,2.25],"texture":"#2"},"east":{"uv":[0,2.5,1.25,4.75],"texture":"#2"},"south":{"uv":[1.5,0,3,2.25],"texture":"#2"},"west":{"uv":[1.5,2.5,2.75,4.75],"texture":"#2"},"up":{"uv":[7.5,8.75,6,7.5],"texture":"#2"},"down":{"uv":[9,7.5,7.5,8.75],"texture":"#2"}}},{"from":[6.8,11.17678,5.77113],"to":[9.2,11.97678,8.17113],"rotation":{"angle":0,"axis":"x","origin":[8,12.30607,6.97113]},"faces":{"north":{"uv":[11.5,2.5,12.75,3],"texture":"#2"},"east":{"uv":[11.5,3,12.75,3.5],"texture":"#2"},"south":{"uv":[11.5,4.5,12.75,5],"texture":"#2"},"west":{"uv":[11.5,5,12.75,5.5],"texture":"#2"},"up":{"uv":[9.25,3.25,8,2],"texture":"#2"},"down":{"uv":[9.25,3.5,8,4.75],"texture":"#2"}}},{"from":[7,10.13536,5.52113],"to":[9,10.93536,8.42113],"rotation":{"angle":45,"axis":"x","origin":[8,10.53536,6.97113]},"faces":{"north":{"uv":[12,6,13,6.5],"texture":"#2"},"east":{"uv":[11,0,12.5,0.5],"texture":"#2"},"south":{"uv":[12,6.5,13,7],"texture":"#2"},"west":{"uv":[11,0.5,12.5,1],"texture":"#2"},"up":{"uv":[10,8,9,6.5],"texture":"#2"},"down":{"uv":[8.5,9,7.5,10.5],"texture":"#2"}}},{"from":[7.005,10.13536,5.52113],"to":[8.995,10.93536,8.42113],"rotation":{"angle":-45,"axis":"x","origin":[8,10.53536,6.97113]},"faces":{"north":{"uv":[7,12,8,12.5],"texture":"#2"},"east":{"uv":[11,1,12.5,1.5],"texture":"#2"},"south":{"uv":[12,7,13,7.5],"texture":"#2"},"west":{"uv":[0,11.5,1.5,12],"texture":"#2"},"up":{"uv":[10,9.5,9,8],"texture":"#2"},"down":{"uv":[10.5,1.5,9.5,3],"texture":"#2"}}},{"from":[7.05,20.70631,4.2636],"to":[8.95,23.50631,7.0636],"rotation":{"angle":22.5,"axis":"x","origin":[8,18.87619,5.9958]},"faces":{"north":{"uv":[9.5,3,10.5,4.5],"texture":"#2"},"east":{"uv":[5,6,6.5,7.5],"texture":"#2"},"south":{"uv":[9.5,4.5,10.5,6],"texture":"#2"},"west":{"uv":[0,6.5,1.5,8],"texture":"#2"},"up":{"uv":[9.5,11,8.5,9.5],"texture":"#2"},"down":{"uv":[10.5,9.5,9.5,11],"texture":"#2"}}},{"from":[7.05,10.58756,3.275],"to":[8.95,13.38756,6.075],"rotation":{"angle":-45,"axis":"x","origin":[8,11.98756,4.675]},"faces":{"north":{"uv":[9.5,11,8.5,9.5],"rotation":180,"texture":"#2"},"east":{"uv":[5,6,6.5,7.5],"rotation":90,"texture":"#2"},"south":{"uv":[10.5,9.5,9.5,11],"texture":"#2"},"west":{"uv":[0,6.5,1.5,8],"rotation":270,"texture":"#2"},"up":{"uv":[9.5,4.5,10.5,6],"texture":"#2"},"down":{"uv":[9.5,3,10.5,4.5],"rotation":180,"texture":"#2"}}},{"from":[6.8,20.30921,5.16157],"to":[9.2,22.70921,5.96157],"rotation":{"angle":0,"axis":"x","origin":[8,18.87619,5.9958]},"faces":{"north":{"uv":[8,5,9.25,6.25],"texture":"#2"},"east":{"uv":[2,11.5,2.5,12.75],"texture":"#2"},"south":{"uv":[3,8.5,4.25,9.75],"texture":"#2"},"west":{"uv":[2.5,11.5,3,12.75],"texture":"#2"},"up":{"uv":[7.25,12,6,11.5],"texture":"#2"},"down":{"uv":[12.75,9.5,11.5,10],"texture":"#2"}}},{"from":[7,18.88855,3.49583],"to":[9,21.78855,4.29583],"rotation":{"angle":22.5,"axis":"x","origin":[8,18.87619,5.9958]},"faces":{"north":{"uv":[0,10,1,11.5],"texture":"#2"},"east":{"uv":[10,11,10.5,12.5],"texture":"#2"},"south":{"uv":[10,0,11,1.5],"texture":"#2"},"west":{"uv":[1.5,11.5,2,13],"texture":"#2"},"up":{"uv":[13,8,12,7.5],"texture":"#2"},"down":{"uv":[13,8,12,8.5],"texture":"#2"}}},{"from":[7.005,19.93855,2.44583],"to":[8.995,20.73855,5.34583],"rotation":{"angle":22.5,"axis":"x","origin":[8,18.87619,5.9958]},"faces":{"north":{"uv":[12,8.5,13,9],"texture":"#2"},"east":{"uv":[11.5,1.5,13,2],"texture":"#2"},"south":{"uv":[12,9,13,9.5],"texture":"#2"},"west":{"uv":[11.5,2,13,2.5],"texture":"#2"},"up":{"uv":[2,11.5,1,10],"texture":"#2"},"down":{"uv":[3,10,2,11.5],"texture":"#2"}}},{"from":[7.45,20.23501,7.70729],"to":[8.55,22.38501,9.85729],"rotation":{"angle":0,"axis":"x","origin":[8,16.87619,5.6458]},"faces":{"north":{"uv":[12,13,12.5,12],"texture":"#2"},"east":{"uv":[8,7.5,9,6.5],"rotation":270,"texture":"#2"},"south":{"uv":[12.5,0,13,1],"rotation":180,"texture":"#2"},"west":{"uv":[10.5,5.5,11.5,4.5],"rotation":90,"texture":"#2"},"up":{"uv":[1,13,1.5,12],"rotation":180,"texture":"#2"},"down":{"uv":[11.5,13,12,12],"texture":"#2"}}},{"from":[7.2,15.70448,2.44121],"to":[8.8,19.30448,4.04121],"rotation":{"angle":0,"axis":"x","origin":[8,18.87619,5.9958]},"faces":{"north":{"uv":[3.75,11.75,3,10],"rotation":180,"texture":"#2"},"east":{"uv":[10,6,11.75,6.75],"rotation":90,"texture":"#2"},"south":{"uv":[11.25,1.5,10.5,3.25],"texture":"#2"},"west":{"uv":[10,7,11.75,7.75],"rotation":270,"texture":"#2"},"up":{"uv":[10.5,11.5,11.25,12.25],"texture":"#2"},"down":{"uv":[11.5,10,12.25,10.75],"rotation":180,"texture":"#2"}}},{"from":[7.4,17.75602,2.78209],"to":[8.6,21.35602,3.98209],"rotation":{"angle":22.5,"axis":"x","origin":[8,18.87619,5.9958]},"faces":{"north":{"uv":[8.5,12.25,8,10.5],"rotation":180,"texture":"#2"},"east":{"uv":[10,9,11.75,9.5],"rotation":90,"texture":"#2"},"south":{"uv":[11,9.5,10.5,11.25],"texture":"#2"},"west":{"uv":[10.5,5.5,12.25,6],"rotation":270,"texture":"#2"},"up":{"uv":[9,1.5,9.5,2],"texture":"#2"},"down":{"uv":[4.5,7,5,7.5],"rotation":180,"texture":"#2"}}},{"from":[7,14.70708,5.52647],"to":[9,16.70708,9.12647],"rotation":{"angle":45,"axis":"x","origin":[8,18.87619,5.9958]},"faces":{"north":{"uv":[7,11.5,6,10.5],"rotation":180,"texture":"#2"},"east":{"uv":[8,0,9,1.75],"rotation":90,"texture":"#2"},"south":{"uv":[8,10.5,7,11.5],"texture":"#2"},"west":{"uv":[2,8,3,9.75],"rotation":270,"texture":"#2"},"up":{"uv":[1,8,2,9.75],"texture":"#2"},"down":{"uv":[0,8,1,9.75],"rotation":180,"texture":"#2"}}},{"from":[7.4,23.72547,11.38114],"to":[8.6,24.92547,14.98114],"rotation":{"angle":0,"axis":"x","origin":[8,23.75575,11.88854]},"faces":{"north":{"uv":[10,6,9.5,6.5],"rotation":180,"texture":"#2"},"east":{"uv":[9,11,9.5,12.75],"rotation":270,"texture":"#2"},"south":{"uv":[9,9.5,8.5,9],"texture":"#2"},"west":{"uv":[11,9.5,11.5,11.25],"rotation":90,"texture":"#2"},"up":{"uv":[8.5,11,9,12.75],"rotation":180,"texture":"#2"},"down":{"uv":[9.5,11,10,12.75],"texture":"#2"}}},{"from":[7.2,20.63889,10.57738],"to":[8.8,24.23889,12.17738],"rotation":{"angle":45,"axis":"x","origin":[8,23.75575,11.88854]},"faces":{"north":{"uv":[5.75,10.5,5,12.25],"rotation":180,"texture":"#2"},"east":{"uv":[10,8,11.75,8.75],"rotation":270,"texture":"#2"},"south":{"uv":[4.75,12.25,4,10.5],"texture":"#2"},"west":{"uv":[10.5,3.5,12.25,4.25],"rotation":90,"texture":"#2"},"up":{"uv":[11.5,11,12.25,11.75],"rotation":180,"texture":"#2"},"down":{"uv":[0,12,0.75,12.75],"texture":"#2"}}},{"from":[6.75,-0.39379,7.2095],"to":[9.25,2.40621,10.0095],"rotation":{"angle":-22.5,"axis":"x","origin":[8,-2.87619,5.9958]},"faces":{"north":{"uv":[6.5,6,7.75,4.5],"texture":"#2"},"east":{"uv":[1.5,6.5,3,5],"texture":"#2"},"south":{"uv":[6.5,7.5,7.75,6],"texture":"#2"},"west":{"uv":[5,3,6.5,1.5],"texture":"#2"},"up":{"uv":[5.75,9,4.5,7.5],"texture":"#2"},"down":{"uv":[4.25,7,3,8.5],"texture":"#2"}}},{"from":[6.6,0.00866,2.89869],"to":[9.4,4.40866,5.29869],"rotation":{"angle":22.5,"axis":"x","origin":[8,-2.87619,5.9958]},"faces":{"north":{"uv":[0,2.25,1.5,0],"texture":"#2"},"east":{"uv":[0,4.75,1.25,2.5],"texture":"#2"},"south":{"uv":[1.5,2.25,3,0],"texture":"#2"},"west":{"uv":[1.5,4.75,2.75,2.5],"texture":"#2"},"up":{"uv":[9,8.75,7.5,7.5],"texture":"#2"},"down":{"uv":[7.5,7.5,6,8.75],"texture":"#2"}}},{"from":[6.8,4.02322,5.77113],"to":[9.2,4.82322,8.17113],"rotation":{"angle":0,"axis":"x","origin":[8,3.69393,6.97113]},"faces":{"north":{"uv":[11.5,3,12.75,2.5],"texture":"#2"},"east":{"uv":[11.5,3.5,12.75,3],"texture":"#2"},"south":{"uv":[11.5,5,12.75,4.5],"texture":"#2"},"west":{"uv":[11.5,5.5,12.75,5],"texture":"#2"},"up":{"uv":[9.25,4.75,8,3.5],"texture":"#2"},"down":{"uv":[9.25,2,8,3.25],"texture":"#2"}}},{"from":[7,5.06464,5.52113],"to":[9,5.86464,8.42113],"rotation":{"angle":-45,"axis":"x","origin":[8,5.46464,6.97113]},"faces":{"north":{"uv":[12,6.5,13,6],"texture":"#2"},"east":{"uv":[11,0.5,12.5,0],"texture":"#2"},"south":{"uv":[12,7,13,6.5],"texture":"#2"},"west":{"uv":[11,1,12.5,0.5],"texture":"#2"},"up":{"uv":[8.5,10.5,7.5,9],"texture":"#2"},"down":{"uv":[10,6.5,9,8],"texture":"#2"}}},{"from":[7.005,5.06464,5.52113],"to":[8.995,5.86464,8.42113],"rotation":{"angle":45,"axis":"x","origin":[8,5.46464,6.97113]},"faces":{"north":{"uv":[7,12.5,8,12],"texture":"#2"},"east":{"uv":[11,1.5,12.5,1],"texture":"#2"},"south":{"uv":[12,7.5,13,7],"texture":"#2"},"west":{"uv":[0,12,1.5,11.5],"texture":"#2"},"up":{"uv":[10.5,3,9.5,1.5],"texture":"#2"},"down":{"uv":[10,8,9,9.5],"texture":"#2"}}},{"from":[7.05,-7.50631,4.2636],"to":[8.95,-4.70631,7.0636],"rotation":{"angle":-22.5,"axis":"x","origin":[8,-2.87619,5.9958]},"faces":{"north":{"uv":[9.5,4.5,10.5,3],"texture":"#2"},"east":{"uv":[5,7.5,6.5,6],"texture":"#2"},"south":{"uv":[9.5,6,10.5,4.5],"texture":"#2"},"west":{"uv":[0,8,1.5,6.5],"texture":"#2"},"up":{"uv":[10.5,11,9.5,9.5],"texture":"#2"},"down":{"uv":[9.5,9.5,8.5,11],"texture":"#2"}}},{"from":[6.8,-6.70921,5.16157],"to":[9.2,-4.30921,5.96157],"rotation":{"angle":0,"axis":"x","origin":[8,-2.87619,5.9958]},"faces":{"north":{"uv":[8,6.25,9.25,5],"texture":"#2"},"east":{"uv":[2,12.75,2.5,11.5],"texture":"#2"},"south":{"uv":[3,9.75,4.25,8.5],"texture":"#2"},"west":{"uv":[2.5,12.75,3,11.5],"texture":"#2"},"up":{"uv":[12.75,10,11.5,9.5],"texture":"#2"},"down":{"uv":[7.25,11.5,6,12],"texture":"#2"}}},{"from":[7,-5.78855,3.49583],"to":[9,-2.88855,4.29583],"rotation":{"angle":-22.5,"axis":"x","origin":[8,-2.87619,5.9958]},"faces":{"north":{"uv":[0,11.5,1,10],"texture":"#2"},"east":{"uv":[10,12.5,10.5,11],"texture":"#2"},"south":{"uv":[10,1.5,11,0],"texture":"#2"},"west":{"uv":[1.5,13,2,11.5],"texture":"#2"},"up":{"uv":[13,8.5,12,8],"texture":"#2"},"down":{"uv":[13,7.5,12,8],"texture":"#2"}}},{"from":[7.005,-4.73855,2.44583],"to":[8.995,-3.93855,5.34583],"rotation":{"angle":-22.5,"axis":"x","origin":[8,-2.87619,5.9958]},"faces":{"north":{"uv":[12,9,13,8.5],"texture":"#2"},"east":{"uv":[11.5,2,13,1.5],"texture":"#2"},"south":{"uv":[12,9.5,13,9],"texture":"#2"},"west":{"uv":[11.5,2.5,13,2],"texture":"#2"},"up":{"uv":[3,11.5,2,10],"texture":"#2"},"down":{"uv":[2,10,1,11.5],"texture":"#2"}}},{"from":[7.45,-6.38501,7.70729],"to":[8.55,-4.23501,9.85729],"rotation":{"angle":0,"axis":"x","origin":[8,-0.87619,5.6458]},"faces":{"north":{"uv":[12,12,12.5,13],"texture":"#2"},"east":{"uv":[9,7.5,8,6.5],"rotation":270,"texture":"#2"},"south":{"uv":[12.5,1,13,0],"rotation":180,"texture":"#2"},"west":{"uv":[11.5,5.5,10.5,4.5],"rotation":90,"texture":"#2"},"up":{"uv":[11.5,12,12,13],"texture":"#2"},"down":{"uv":[1,12,1.5,13],"rotation":180,"texture":"#2"}}},{"from":[7.2,-3.30448,2.44121],"to":[8.8,0.29552,4.04121],"rotation":{"angle":0,"axis":"x","origin":[8,-2.87619,5.9958]},"faces":{"north":{"uv":[3.75,10,3,11.75],"rotation":180,"texture":"#2"},"east":{"uv":[11.75,6,10,6.75],"rotation":90,"texture":"#2"},"south":{"uv":[11.25,3.25,10.5,1.5],"texture":"#2"},"west":{"uv":[11.75,7,10,7.75],"rotation":270,"texture":"#2"},"up":{"uv":[11.5,10.75,12.25,10],"rotation":180,"texture":"#2"},"down":{"uv":[10.5,12.25,11.25,11.5],"texture":"#2"}}},{"from":[7.4,-5.35602,2.78209],"to":[8.6,-1.75602,3.98209],"rotation":{"angle":-22.5,"axis":"x","origin":[8,-2.87619,5.9958]},"faces":{"north":{"uv":[8.5,10.5,8,12.25],"rotation":180,"texture":"#2"},"east":{"uv":[11.75,9,10,9.5],"rotation":90,"texture":"#2"},"south":{"uv":[11,11.25,10.5,9.5],"texture":"#2"},"west":{"uv":[12.25,5.5,10.5,6],"rotation":270,"texture":"#2"},"up":{"uv":[4.5,7.5,5,7],"rotation":180,"texture":"#2"},"down":{"uv":[9,2,9.5,1.5],"texture":"#2"}}},{"from":[7,-0.70708,5.52647],"to":[9,1.29292,9.12647],"rotation":{"angle":-45,"axis":"x","origin":[8,-2.87619,5.9958]},"faces":{"north":{"uv":[7,10.5,6,11.5],"rotation":180,"texture":"#2"},"east":{"uv":[9,0,8,1.75],"rotation":90,"texture":"#2"},"south":{"uv":[8,11.5,7,10.5],"texture":"#2"},"west":{"uv":[3,8,2,9.75],"rotation":270,"texture":"#2"},"up":{"uv":[0,9.75,1,8],"rotation":180,"texture":"#2"},"down":{"uv":[1,9.75,2,8],"texture":"#2"}}},{"from":[7.4,-8.92547,11.38114],"to":[8.6,-7.72547,14.98114],"rotation":{"angle":0,"axis":"x","origin":[8,-7.75575,11.88854]},"faces":{"north":{"uv":[10,6.5,9.5,6],"rotation":180,"texture":"#2"},"east":{"uv":[9.5,11,9,12.75],"rotation":270,"texture":"#2"},"south":{"uv":[9,9,8.5,9.5],"texture":"#2"},"west":{"uv":[11.5,9.5,11,11.25],"rotation":90,"texture":"#2"},"up":{"uv":[9.5,12.75,10,11],"texture":"#2"},"down":{"uv":[8.5,12.75,9,11],"rotation":180,"texture":"#2"}}},{"from":[7.2,-8.23889,10.57738],"to":[8.8,-4.63889,12.17738],"rotation":{"angle":-45,"axis":"x","origin":[8,-7.75575,11.88854]},"faces":{"north":{"uv":[5.75,12.25,5,10.5],"rotation":180,"texture":"#2"},"east":{"uv":[11.75,8,10,8.75],"rotation":270,"texture":"#2"},"south":{"uv":[4.75,10.5,4,12.25],"texture":"#2"},"west":{"uv":[12.25,3.5,10.5,4.25],"rotation":90,"texture":"#2"},"up":{"uv":[0,12.75,0.75,12],"texture":"#2"},"down":{"uv":[11.5,11.75,12.25,11],"rotation":180,"texture":"#2"}}},{"from":[7.05,2.61244,3.275],"to":[8.95,5.41244,6.075],"rotation":{"angle":45,"axis":"x","origin":[8,4.01244,4.675]},"faces":{"north":{"uv":[9.5,9.5,8.5,11],"rotation":180,"texture":"#2"},"east":{"uv":[6.5,6,5,7.5],"rotation":90,"texture":"#2"},"south":{"uv":[10.5,11,9.5,9.5],"texture":"#2"},"west":{"uv":[1.5,6.5,0,8],"rotation":270,"texture":"#2"},"up":{"uv":[9.5,4.5,10.5,3],"rotation":180,"texture":"#2"},"down":{"uv":[9.5,6,10.5,4.5],"texture":"#2"}}},{"from":[8,-8.125,14],"to":[8,24.125,21.8],"rotation":{"angle":0,"axis":"y","origin":[8,8,8.5]},"faces":{"north":{"uv":[0,0,0,30],"texture":"#1"},"east":{"uv":[6,0,3.2,12],"texture":"#1"},"south":{"uv":[0,0,0,30],"texture":"#1"},"west":{"uv":[3.2,0,6,12],"texture":"#1"},"up":{"uv":[0,0,0,16.5],"texture":"#1"},"down":{"uv":[0,16.5,0,0],"texture":"#1"}}},{"from":[7.2,4.8,6.2],"to":[8.8,11.2,7.8],"rotation":{"angle":0,"axis":"y","origin":[8,10.4,7]},"faces":{"north":{"uv":[3,0,3.75,3.25],"texture":"#2"},"east":{"uv":[3,3.5,3.75,6.75],"texture":"#2"},"south":{"uv":[4,0,4.75,3.25],"texture":"#2"},"west":{"uv":[4,3.5,4.75,6.75],"texture":"#2"},"up":{"uv":[3.75,12.75,3,12],"texture":"#2"},"down":{"uv":[6.75,12,6,12.75],"texture":"#2"}}},{"from":[8,6.75,-2],"to":[8,9.25,22],"rotation":{"angle":0,"axis":"y","origin":[8,8,2]},"faces":{"north":{"uv":[0,0,0,2],"texture":"#0"},"east":{"uv":[0,0.33333,16,2],"texture":"#0"},"south":{"uv":[0,0,0,2],"texture":"#0"},"west":{"uv":[0,2.33333,16,4],"texture":"#0"},"up":{"uv":[0,16,0,0],"texture":"#0"},"down":{"uv":[0,0,0,16],"texture":"#0"}}},{"from":[6.75,8,-2],"to":[9.25,8,22],"rotation":{"angle":0,"axis":"y","origin":[8,8,2]},"faces":{"north":{"uv":[0,0,0,2],"rotation":90,"texture":"#0"},"east":{"uv":[0,0,0,16],"rotation":270,"texture":"#0"},"south":{"uv":[0,0,0,2],"rotation":270,"texture":"#0"},"west":{"uv":[0,16,0,0],"rotation":270,"texture":"#0"},"up":{"uv":[0,0.33333,16,2],"rotation":270,"texture":"#0"},"down":{"uv":[0,2.33333,16,4],"rotation":270,"texture":"#0"}}}],"gui_light":"front","display":{"thirdperson_righthand":{"translation":[0,-2,3.25],"scale":[0.8,0.8,0.8]},"thirdperson_lefthand":{"translation":[0,-2,3.25],"scale":[0.8,0.8,0.8]},"firstperson_righthand":{"rotation":[9.04,0.22,8.08],"translation":[7.25,0,-8.75]},"firstperson_lefthand":{"rotation":[9.04,0.22,8.08],"translation":[7.25,0,-8.75]},"ground":{"rotation":[0,0,-82],"scale":[0.67,0.67,0.67]},"gui":{"rotation":[90,45,90],"translation":[-0.75,0.75,-2],"scale":[0.39,0.39,0.39]},"head":{"scale":[0,0,0]},"fixed":{"rotation":[90,-45,90],"translation":[0.75,1.25,-2]}},"groups":[{"name":"bow26","origin":[8,20.80866,19.78806],"color":0,"children":[{"name":"group","origin":[8,9.86388,6.91704],"color":0,"children":[0,1,2,3,4,5,6,7,8,9,10,11,12,13,14,15]},{"name":"group","origin":[8,9.86388,6.91704],"color":0,"children":[16,17,18,19,20,21,22,23,24,25,26,27,28,29,30,31]},32,33]},{"name":"arrow","origin":[8,8,2],"color":0,"children":[34,35]}]}