{"credit":"Made with Blockbench","texture_size":[32,32],"textures":{"1":"item/bows/bow_11","2":"item/bows/string","particle":"item/bows/string"},"elements":[{"from":[6.94375,21.20606,7.45147],"to":[9.04375,23.00606,9.25147],"rotation":{"angle":-22.5,"axis":"x","origin":[8,8,8]},"faces":{"north":{"uv":[9,3,8,4],"rotation":180,"texture":"#1"},"east":{"uv":[7.5,7.5,8.5,8.5],"rotation":270,"texture":"#1"},"south":{"uv":[3,9,2,8],"texture":"#1"},"west":{"uv":[1,8,2,9],"rotation":90,"texture":"#1"},"up":{"uv":[7.5,6.5,8.5,7.5],"rotation":180,"texture":"#1"},"down":{"uv":[8,0,9,1],"texture":"#1"}}},{"from":[7.35625,13.24289,3.90268],"to":[8.65625,14.89289,5.25268],"rotation":{"angle":0,"axis":"x","origin":[8,8,8]},"faces":{"north":{"uv":[6.5,10,7.25,10.75],"texture":"#1"},"east":{"uv":[1,10.5,1.75,11.25],"texture":"#1"},"south":{"uv":[10.5,1.5,11.25,2.25],"texture":"#1"},"west":{"uv":[10.5,2.5,11.25,3.25],"texture":"#1"},"up":{"uv":[4.25,11.25,3.5,10.5],"texture":"#1"},"down":{"uv":[11.25,3.5,10.5,4.25],"texture":"#1"}}},{"from":[7.39375,12.96413,8.81402],"to":[8.59375,14.61413,10.16402],"rotation":{"angle":-45,"axis":"x","origin":[8,8,8]},"faces":{"north":{"uv":[2,10.5,2.5,11.25],"texture":"#1"},"east":{"uv":[5,10.5,5.75,11.25],"texture":"#1"},"south":{"uv":[4.5,11,5,11.75],"texture":"#1"},"west":{"uv":[10.5,5,11.25,5.75],"texture":"#1"},"up":{"uv":[7.5,11.75,7,11],"texture":"#1"},"down":{"uv":[2.5,11.5,2,12.25],"texture":"#1"}}},{"from":[6.94375,11.67042,6.74463],"to":[9.04375,13.47042,8.54463],"rotation":{"angle":-22.5,"axis":"x","origin":[8,8,8]},"faces":{"north":{"uv":[8,4,9,5],"texture":"#1"},"east":{"uv":[6.5,8,7.5,9],"texture":"#1"},"south":{"uv":[8.5,1,9.5,2],"texture":"#1"},"west":{"uv":[8.5,2,9.5,3],"texture":"#1"},"up":{"uv":[4,9.5,3,8.5],"texture":"#1"},"down":{"uv":[5,8.5,4,9.5],"texture":"#1"}}},{"from":[6.94375,19.61508,9.04245],"to":[9.04375,21.41508,10.84245],"rotation":{"angle":-22.5,"axis":"x","origin":[8,8,8]},"faces":{"north":{"uv":[1,9,0,10],"rotation":180,"texture":"#1"},"east":{"uv":[8.5,6,9.5,7],"rotation":270,"texture":"#1"},"south":{"uv":[9.5,9,8.5,8],"texture":"#1"},"west":{"uv":[7.5,8.5,8.5,9.5],"rotation":90,"texture":"#1"},"up":{"uv":[8.5,5,9.5,6],"rotation":180,"texture":"#1"},"down":{"uv":[8.5,7,9.5,8],"texture":"#1"}}},{"from":[7.34375,15.0036,11.90537],"to":[8.64375,16.3536,13.80537],"rotation":{"angle":-45,"axis":"x","origin":[8,8,8]},"faces":{"north":{"uv":[7.5,10.5,8.25,11.25],"texture":"#1"},"east":{"uv":[7.5,9.5,8.5,10.25],"texture":"#1"},"south":{"uv":[10.5,8,11.25,8.75],"texture":"#1"},"west":{"uv":[9.5,8,10.5,8.75],"texture":"#1"},"up":{"uv":[0.75,11,0,10],"texture":"#1"},"down":{"uv":[10.75,0,10,1],"texture":"#1"}}},{"from":[7.39375,16.79756,9.30285],"to":[8.59375,20.19756,10.65285],"rotation":{"angle":-22.5,"axis":"x","origin":[8,8,8]},"faces":{"north":{"uv":[9.5,1,10,2.75],"texture":"#1"},"east":{"uv":[3.5,1.5,4.25,3.25],"texture":"#1"},"south":{"uv":[3,9.5,3.5,11.25],"texture":"#1"},"west":{"uv":[3.5,3.5,4.25,5.25],"texture":"#1"},"up":{"uv":[12,2.75,11.5,2],"texture":"#1"},"down":{"uv":[3,11.5,2.5,12.25],"texture":"#1"}}},{"from":[7.19375,16.02199,-5.19978],"to":[8.79375,19.62199,-3.59978],"rotation":{"angle":45,"axis":"x","origin":[8,8,8]},"faces":{"north":{"uv":[1.5,4.5,2.25,6.25],"texture":"#1"},"east":{"uv":[4.5,1.5,5.25,3.25],"texture":"#1"},"south":{"uv":[2.5,4.5,3.25,6.25],"texture":"#1"},"west":{"uv":[4.5,3.5,5.25,5.25],"texture":"#1"},"up":{"uv":[9.25,11.25,8.5,10.5],"texture":"#1"},"down":{"uv":[10.25,10.5,9.5,11.25],"texture":"#1"}}},{"from":[7.39375,23.65014,4.21387],"to":[8.59375,25.00014,6.61387],"rotation":{"angle":0,"axis":"x","origin":[8,8,8]},"faces":{"north":{"uv":[3,11.5,3.5,12.25],"texture":"#1"},"east":{"uv":[6,9,7.25,9.75],"texture":"#1"},"south":{"uv":[11.5,3,12,3.75],"texture":"#1"},"west":{"uv":[8.5,9,9.75,9.75],"texture":"#1"},"up":{"uv":[3,11.25,2.5,10],"texture":"#1"},"down":{"uv":[10.5,3,10,4.25],"texture":"#1"}}},{"from":[7.06875,22.9761,0.20108],"to":[8.91875,24.7761,2.00108],"rotation":{"angle":22.5,"axis":"x","origin":[8,8,8]},"faces":{"north":{"uv":[9,0,10,1],"texture":"#1"},"east":{"uv":[1,9,2,10],"texture":"#1"},"south":{"uv":[2,9,3,10],"texture":"#1"},"west":{"uv":[9,3,10,4],"texture":"#1"},"up":{"uv":[10,5,9,4],"texture":"#1"},"down":{"uv":[6,9,5,10],"texture":"#1"}}},{"from":[7.35351,24.75373,8.22519],"to":[8.63399,26.06177,11.25255],"rotation":{"angle":0,"axis":"x","origin":[8,8,8]},"faces":{"north":{"uv":[10.5,10.5,11.25,11.25],"texture":"#1"},"east":{"uv":[6.5,3,8,3.75],"texture":"#1"},"south":{"uv":[0,11,0.75,11.75],"texture":"#1"},"west":{"uv":[6.5,4,8,4.75],"texture":"#1"},"up":{"uv":[3.25,8,2.5,6.5],"texture":"#1"},"down":{"uv":[7.25,5,6.5,6.5],"texture":"#1"}}},{"from":[7.54219,22.12031,-2.48025],"to":[8.44531,23.06795,0.48351],"rotation":{"angle":45,"axis":"x","origin":[8,8,8]},"faces":{"north":{"uv":[1,7.5,1.5,8],"texture":"#1"},"east":{"uv":[1,10,2.5,10.5],"texture":"#1"},"south":{"uv":[8,1,8.5,1.5],"texture":"#1"},"west":{"uv":[10,1,11.5,1.5],"texture":"#1"},"up":{"uv":[5,11,4.5,9.5],"texture":"#1"},"down":{"uv":[10.5,1.5,10,3],"texture":"#1"}}},{"from":[7.16875,14.25865,9.43936],"to":[8.81875,17.05865,12.23936],"rotation":{"angle":-45,"axis":"x","origin":[8,8,8]},"faces":{"north":{"uv":[6.5,6.5,7.25,8],"texture":"#1"},"east":{"uv":[0,0,1.5,1.5],"texture":"#1"},"south":{"uv":[7,0,7.75,1.5],"texture":"#1"},"west":{"uv":[0,1.5,1.5,3],"texture":"#1"},"up":{"uv":[4.25,8.5,3.5,7],"texture":"#1"},"down":{"uv":[5.25,7,4.5,8.5],"texture":"#1"}}},{"from":[7.16875,21.29624,2.37776],"to":[8.81875,24.09624,5.17776],"rotation":{"angle":0,"axis":"x","origin":[8,8,8]},"faces":{"north":{"uv":[0,7.5,0.75,9],"texture":"#1"},"east":{"uv":[1.5,0,3,1.5],"texture":"#1"},"south":{"uv":[7.5,1.5,8.25,3],"texture":"#1"},"west":{"uv":[1.5,1.5,3,3],"texture":"#1"},"up":{"uv":[8.25,6.5,7.5,5],"texture":"#1"},"down":{"uv":[6.25,7.5,5.5,9],"texture":"#1"}}},{"from":[6.98875,13.88536,3.39225],"to":[8.99875,14.68536,5.79225],"rotation":{"angle":0,"axis":"y","origin":[8,8,8]},"faces":{"north":{"uv":[11,0,12,0.5],"texture":"#1"},"east":{"uv":[10,4.5,11.25,5],"texture":"#1"},"south":{"uv":[11,0.5,12,1],"texture":"#1"},"west":{"uv":[5,10,6.25,10.5],"texture":"#1"},"up":{"uv":[6,1.25,5,0],"texture":"#1"},"down":{"uv":[6.5,1.5,5.5,2.75],"texture":"#1"}}},{"from":[6.98875,17.02302,-1.73455],"to":[8.99875,19.42302,0.56545],"rotation":{"angle":22.5,"axis":"x","origin":[8,8,8]},"faces":{"north":{"uv":[5.5,3,6.5,4.25],"texture":"#1"},"east":{"uv":[1.5,3,2.75,4.25],"texture":"#1"},"south":{"uv":[3.5,5.5,4.5,6.75],"texture":"#1"},"west":{"uv":[3.5,0,4.75,1.25],"texture":"#1"},"up":{"uv":[5.5,6.75,4.5,5.5],"texture":"#1"},"down":{"uv":[6.5,4.5,5.5,5.75],"texture":"#1"}}},{"from":[6.98875,10.88536,4.89225],"to":[8.99875,11.68536,7.29225],"rotation":{"angle":0,"axis":"y","origin":[8,8,8]},"faces":{"north":{"uv":[6,11,7,11.5],"texture":"#1"},"east":{"uv":[8.5,10,9.75,10.5],"texture":"#1"},"south":{"uv":[1,11.5,2,12],"texture":"#1"},"west":{"uv":[10,9,11.25,9.5],"texture":"#1"},"up":{"uv":[7,1.25,6,0],"texture":"#1"},"down":{"uv":[6.5,6,5.5,7.25],"texture":"#1"}}},{"from":[6.98875,9.63536,4.89225],"to":[8.99875,10.43536,7.29225],"rotation":{"angle":0,"axis":"y","origin":[8,8,8]},"faces":{"north":{"uv":[11.5,1,12.5,1.5],"texture":"#1"},"east":{"uv":[10,9.5,11.25,10],"texture":"#1"},"south":{"uv":[11.5,1.5,12.5,2],"texture":"#1"},"west":{"uv":[10,10,11.25,10.5],"texture":"#1"},"up":{"uv":[2.5,7.75,1.5,6.5],"texture":"#1"},"down":{"uv":[7.5,1.5,6.5,2.75],"texture":"#1"}}},{"from":[6.94375,-7.00606,7.45147],"to":[9.04375,-5.20606,9.25147],"rotation":{"angle":22.5,"axis":"x","origin":[8,8,8]},"faces":{"north":{"uv":[9,4,8,3],"rotation":180,"texture":"#1"},"east":{"uv":[8.5,7.5,7.5,8.5],"rotation":270,"texture":"#1"},"south":{"uv":[3,8,2,9],"texture":"#1"},"west":{"uv":[2,8,1,9],"rotation":90,"texture":"#1"},"up":{"uv":[8,1,9,0],"texture":"#1"},"down":{"uv":[7.5,7.5,8.5,6.5],"rotation":180,"texture":"#1"}}},{"from":[7.35625,1.10711,3.90268],"to":[8.65625,2.75711,5.25268],"rotation":{"angle":0,"axis":"x","origin":[8,8,8]},"faces":{"north":{"uv":[6.5,10.75,7.25,10],"texture":"#1"},"east":{"uv":[1,11.25,1.75,10.5],"texture":"#1"},"south":{"uv":[10.5,2.25,11.25,1.5],"texture":"#1"},"west":{"uv":[10.5,3.25,11.25,2.5],"texture":"#1"},"up":{"uv":[11.25,4.25,10.5,3.5],"texture":"#1"},"down":{"uv":[4.25,10.5,3.5,11.25],"texture":"#1"}}},{"from":[7.39375,1.38587,8.81402],"to":[8.59375,3.03587,10.16402],"rotation":{"angle":45,"axis":"x","origin":[8,8,8]},"faces":{"north":{"uv":[2,11.25,2.5,10.5],"texture":"#1"},"east":{"uv":[5,11.25,5.75,10.5],"texture":"#1"},"south":{"uv":[4.5,11.75,5,11],"texture":"#1"},"west":{"uv":[10.5,5.75,11.25,5],"texture":"#1"},"up":{"uv":[2.5,12.25,2,11.5],"texture":"#1"},"down":{"uv":[7.5,11,7,11.75],"texture":"#1"}}},{"from":[6.94375,2.52958,6.74463],"to":[9.04375,4.32958,8.54463],"rotation":{"angle":22.5,"axis":"x","origin":[8,8,8]},"faces":{"north":{"uv":[8,5,9,4],"texture":"#1"},"east":{"uv":[6.5,9,7.5,8],"texture":"#1"},"south":{"uv":[8.5,2,9.5,1],"texture":"#1"},"west":{"uv":[8.5,3,9.5,2],"texture":"#1"},"up":{"uv":[5,9.5,4,8.5],"texture":"#1"},"down":{"uv":[4,8.5,3,9.5],"texture":"#1"}}},{"from":[6.94375,-5.41508,9.04245],"to":[9.04375,-3.61508,10.84245],"rotation":{"angle":22.5,"axis":"x","origin":[8,8,8]},"faces":{"north":{"uv":[1,10,0,9],"rotation":180,"texture":"#1"},"east":{"uv":[9.5,6,8.5,7],"rotation":270,"texture":"#1"},"south":{"uv":[9.5,8,8.5,9],"texture":"#1"},"west":{"uv":[8.5,8.5,7.5,9.5],"rotation":90,"texture":"#1"},"up":{"uv":[8.5,8,9.5,7],"texture":"#1"},"down":{"uv":[8.5,6,9.5,5],"rotation":180,"texture":"#1"}}},{"from":[7.34375,-0.3536,11.90537],"to":[8.64375,0.9964,13.80537],"rotation":{"angle":45,"axis":"x","origin":[8,8,8]},"faces":{"north":{"uv":[7.5,11.25,8.25,10.5],"texture":"#1"},"east":{"uv":[7.5,10.25,8.5,9.5],"texture":"#1"},"south":{"uv":[10.5,8.75,11.25,8],"texture":"#1"},"west":{"uv":[9.5,8.75,10.5,8],"texture":"#1"},"up":{"uv":[10.75,1,10,0],"texture":"#1"},"down":{"uv":[0.75,10,0,11],"texture":"#1"}}},{"from":[7.39375,-4.19756,9.30285],"to":[8.59375,-0.79756,10.65285],"rotation":{"angle":22.5,"axis":"x","origin":[8,8,8]},"faces":{"north":{"uv":[9.5,2.75,10,1],"texture":"#1"},"east":{"uv":[3.5,3.25,4.25,1.5],"texture":"#1"},"south":{"uv":[3,11.25,3.5,9.5],"texture":"#1"},"west":{"uv":[3.5,5.25,4.25,3.5],"texture":"#1"},"up":{"uv":[3,12.25,2.5,11.5],"texture":"#1"},"down":{"uv":[12,2,11.5,2.75],"texture":"#1"}}},{"from":[7.19375,-3.62199,-5.19978],"to":[8.79375,-0.02199,-3.59978],"rotation":{"angle":-45,"axis":"x","origin":[8,8,8]},"faces":{"north":{"uv":[1.5,6.25,2.25,4.5],"texture":"#1"},"east":{"uv":[4.5,3.25,5.25,1.5],"texture":"#1"},"south":{"uv":[2.5,6.25,3.25,4.5],"texture":"#1"},"west":{"uv":[4.5,5.25,5.25,3.5],"texture":"#1"},"up":{"uv":[10.25,11.25,9.5,10.5],"texture":"#1"},"down":{"uv":[9.25,10.5,8.5,11.25],"texture":"#1"}}},{"from":[7.39375,-9.00014,4.21387],"to":[8.59375,-7.65014,6.61387],"rotation":{"angle":0,"axis":"x","origin":[8,8,8]},"faces":{"north":{"uv":[3,12.25,3.5,11.5],"texture":"#1"},"east":{"uv":[6,9.75,7.25,9],"texture":"#1"},"south":{"uv":[11.5,3.75,12,3],"texture":"#1"},"west":{"uv":[8.5,9.75,9.75,9],"texture":"#1"},"up":{"uv":[10.5,4.25,10,3],"texture":"#1"},"down":{"uv":[3,10,2.5,11.25],"texture":"#1"}}},{"from":[7.06875,-8.7761,0.20108],"to":[8.91875,-6.9761,2.00108],"rotation":{"angle":-22.5,"axis":"x","origin":[8,8,8]},"faces":{"north":{"uv":[9,1,10,0],"texture":"#1"},"east":{"uv":[1,10,2,9],"texture":"#1"},"south":{"uv":[2,10,3,9],"texture":"#1"},"west":{"uv":[9,4,10,3],"texture":"#1"},"up":{"uv":[6,10,5,9],"texture":"#1"},"down":{"uv":[10,4,9,5],"texture":"#1"}}},{"from":[7.35351,-10.06177,8.22519],"to":[8.63399,-8.75373,11.25255],"rotation":{"angle":0,"axis":"x","origin":[8,8,8]},"faces":{"north":{"uv":[10.5,11.25,11.25,10.5],"texture":"#1"},"east":{"uv":[6.5,3.75,8,3],"texture":"#1"},"south":{"uv":[0,11.75,0.75,11],"texture":"#1"},"west":{"uv":[6.5,4.75,8,4],"texture":"#1"},"up":{"uv":[7.25,6.5,6.5,5],"texture":"#1"},"down":{"uv":[3.25,6.5,2.5,8],"texture":"#1"}}},{"from":[7.54219,-7.06795,-2.48025],"to":[8.44531,-6.12031,0.48351],"rotation":{"angle":-45,"axis":"x","origin":[8,8,8]},"faces":{"north":{"uv":[1,8,1.5,7.5],"texture":"#1"},"east":{"uv":[1,10.5,2.5,10],"texture":"#1"},"south":{"uv":[8,1.5,8.5,1],"texture":"#1"},"west":{"uv":[10,1.5,11.5,1],"texture":"#1"},"up":{"uv":[10.5,3,10,1.5],"texture":"#1"},"down":{"uv":[5,9.5,4.5,11],"texture":"#1"}}},{"from":[7.16875,-1.05865,9.43936],"to":[8.81875,1.74135,12.23936],"rotation":{"angle":45,"axis":"x","origin":[8,8,8]},"faces":{"north":{"uv":[6.5,8,7.25,6.5],"texture":"#1"},"east":{"uv":[0,1.5,1.5,0],"texture":"#1"},"south":{"uv":[7,1.5,7.75,0],"texture":"#1"},"west":{"uv":[0,3,1.5,1.5],"texture":"#1"},"up":{"uv":[5.25,8.5,4.5,7],"texture":"#1"},"down":{"uv":[4.25,7,3.5,8.5],"texture":"#1"}}},{"from":[7.16875,-8.09624,2.37776],"to":[8.81875,-5.29624,5.17776],"rotation":{"angle":0,"axis":"x","origin":[8,8,8]},"faces":{"north":{"uv":[0,9,0.75,7.5],"texture":"#1"},"east":{"uv":[1.5,1.5,3,0],"texture":"#1"},"south":{"uv":[7.5,3,8.25,1.5],"texture":"#1"},"west":{"uv":[1.5,3,3,1.5],"texture":"#1"},"up":{"uv":[6.25,9,5.5,7.5],"texture":"#1"},"down":{"uv":[8.25,5,7.5,6.5],"texture":"#1"}}},{"from":[6.98875,1.31464,3.39225],"to":[8.99875,2.11464,5.79225],"rotation":{"angle":0,"axis":"y","origin":[8,8,8]},"faces":{"north":{"uv":[11,0.5,12,0],"texture":"#1"},"east":{"uv":[10,5,11.25,4.5],"texture":"#1"},"south":{"uv":[11,1,12,0.5],"texture":"#1"},"west":{"uv":[5,10.5,6.25,10],"texture":"#1"},"up":{"uv":[6.5,2.75,5.5,1.5],"texture":"#1"},"down":{"uv":[6,0,5,1.25],"texture":"#1"}}},{"from":[6.98875,-3.42302,-1.73455],"to":[8.99875,-1.02302,0.56545],"rotation":{"angle":-22.5,"axis":"x","origin":[8,8,8]},"faces":{"north":{"uv":[5.5,4.25,6.5,3],"texture":"#1"},"east":{"uv":[1.5,4.25,2.75,3],"texture":"#1"},"south":{"uv":[3.5,6.75,4.5,5.5],"texture":"#1"},"west":{"uv":[3.5,1.25,4.75,0],"texture":"#1"},"up":{"uv":[6.5,5.75,5.5,4.5],"texture":"#1"},"down":{"uv":[5.5,5.5,4.5,6.75],"texture":"#1"}}},{"from":[6.98875,4.31464,4.89225],"to":[8.99875,5.11464,7.29225],"rotation":{"angle":0,"axis":"y","origin":[8,8,8]},"faces":{"north":{"uv":[6,11.5,7,11],"texture":"#1"},"east":{"uv":[8.5,10.5,9.75,10],"texture":"#1"},"south":{"uv":[1,12,2,11.5],"texture":"#1"},"west":{"uv":[10,9.5,11.25,9],"texture":"#1"},"up":{"uv":[6.5,7.25,5.5,6],"texture":"#1"},"down":{"uv":[7,0,6,1.25],"texture":"#1"}}},{"from":[6.98875,5.56464,4.89225],"to":[8.99875,6.36464,7.29225],"rotation":{"angle":0,"axis":"y","origin":[8,8,8]},"faces":{"north":{"uv":[11.5,1.5,12.5,1],"texture":"#1"},"east":{"uv":[10,10,11.25,9.5],"texture":"#1"},"south":{"uv":[11.5,2,12.5,1.5],"texture":"#1"},"west":{"uv":[10,10.5,11.25,10],"texture":"#1"},"up":{"uv":[7.5,2.75,6.5,1.5],"texture":"#1"},"down":{"uv":[2.5,6.5,1.5,7.75],"texture":"#1"}}},{"from":[8.79456,3.8,6.0966],"to":[9.89456,12.2,7.1966],"rotation":{"angle":45,"axis":"y","origin":[8,8,8]},"faces":{"north":{"uv":[0,3,0.5,7.25],"texture":"#1"},"east":{"uv":[3,0,3.5,4.25],"texture":"#1"},"south":{"uv":[0.5,3,1,7.25],"texture":"#1"},"west":{"uv":[1,3,1.5,7.25],"texture":"#1"},"up":{"uv":[3.5,8.5,3,8],"texture":"#1"},"down":{"uv":[5.5,8.5,5,9],"texture":"#1"}}},{"from":[7.99375,-8.125,12.79844],"to":[7.99375,24.125,13.34844],"rotation":{"angle":0,"axis":"y","origin":[8,8,8]},"faces":{"north":{"uv":[0,0,0,45],"texture":"#2"},"east":{"uv":[0.15,0,0,12],"texture":"#2"},"south":{"uv":[0,0,0,45],"texture":"#2"},"west":{"uv":[0,0,0.15,12],"texture":"#2"},"up":{"uv":[0,0,0,24.75],"texture":"#2"},"down":{"uv":[0,24.75,0,0],"texture":"#2"}}}],"display":{"thirdperson_righthand":{"translation":[0,-2,3.25],"scale":[0.8,0.8,0.8]},"thirdperson_lefthand":{"translation":[0,-2,3.25],"scale":[0.8,0.8,0.8]},"firstperson_righthand":{"rotation":[9.04,0.22,8.08],"translation":[7.25,0,-8.75]},"firstperson_lefthand":{"rotation":[9.04,0.22,8.08],"translation":[7.25,0,-8.75]},"ground":{"rotation":[0,0,-82],"scale":[0.67,0.67,0.67]},"gui":{"rotation":[90,45,90],"translation":[0,0,-2],"scale":[0.43,0.43,0.43]},"head":{"scale":[0,0,0]},"fixed":{"rotation":[90,-45,90],"translation":[0.75,1.25,-2]}},"groups":[{"name":"bow11","origin":[8.00625,20.80866,16.38031],"color":0,"children":[{"name":"group","origin":[8.00125,8.53536,6.09225],"color":0,"children":[0,1,2,3,4,5,6,7,8,9,10,11,12,13,14,15,16,17]},{"name":"group","origin":[8.00125,8.53536,6.09225],"color":0,"children":[18,19,20,21,22,23,24,25,26,27,28,29,30,31,32,33,34,35]},36,37]}]}