{"credit":"Made with Blockbench","texture_size":[64,64],"textures":{"0":"item/bows/arrow","1":"item/bows/string","2":"item/bows/bow_35","particle":"item/bows/arrow"},"elements":[{"from":[7.37359,9.38971,6.22223],"to":[8.63354,10.64966,7.92318],"rotation":{"angle":0,"axis":"x","origin":[8,8,8.65]},"faces":{"north":{"uv":[9.33333,2,8.66667,1.33333],"rotation":180,"texture":"#2"},"east":{"uv":[4.66667,9.33333,5.33333,10.33333],"rotation":90,"texture":"#2"},"south":{"uv":[9.33333,4.66667,8.66667,5.33333],"texture":"#2"},"west":{"uv":[9.33333,6,10,7],"rotation":270,"texture":"#2"},"up":{"uv":[9.33333,4.66667,10,5.66667],"texture":"#2"},"down":{"uv":[4,9.33333,4.66667,10.33333],"rotation":180,"texture":"#2"}}},{"from":[7.36959,15.66486,10.77937],"to":[8.63753,17.23981,13.92927],"rotation":{"angle":-45,"axis":"x","origin":[8,8,8]},"faces":{"north":{"uv":[8.66667,4,7.33333,5],"rotation":180,"texture":"#2"},"east":{"uv":[4,6,5,8],"rotation":270,"texture":"#2"},"south":{"uv":[8,3.66667,6.66667,2.66667],"texture":"#2"},"west":{"uv":[6,4,7,6],"rotation":90,"texture":"#2"},"up":{"uv":[4.66667,4,6,6],"rotation":180,"texture":"#2"},"down":{"uv":[0,5.33333,1.33333,7.33333],"texture":"#2"}}},{"from":[8.00356,17.09944,5.69802],"to":[8.00356,21.80939,13.64785],"rotation":{"angle":0,"axis":"y","origin":[8,8,8]},"faces":{"north":{"uv":[0,0,0,2.66667],"texture":"#2"},"east":{"uv":[4.66667,2.66667,0,5.33334],"texture":"#2"},"south":{"uv":[0,0,0,2.66667],"texture":"#2"},"west":{"uv":[0,2.66667,4.66667,5.33333],"texture":"#2"},"up":{"uv":[0,4.66667,0,0],"texture":"#2"},"down":{"uv":[0,0,0,4.66667],"texture":"#2"}}},{"from":[8.00356,16.09944,0.69802],"to":[8.00356,20.80939,8.64785],"rotation":{"angle":-22.5,"axis":"x","origin":[8.00356,18.45442,4.67293]},"faces":{"north":{"uv":[0,0,0,2.66667],"texture":"#2"},"east":{"uv":[4.66667,2.66667,0,5.33334],"texture":"#2"},"south":{"uv":[0,0,0,2.66667],"texture":"#2"},"west":{"uv":[0,2.66667,4.66667,5.33333],"texture":"#2"},"up":{"uv":[0,4.66667,0,0],"texture":"#2"},"down":{"uv":[0,0,0,4.66667],"texture":"#2"}}},{"from":[7.34057,15.60029,9.43594],"to":[8.66655,17.49024,11.32589],"rotation":{"angle":-45,"axis":"x","origin":[8,8,8]},"faces":{"north":{"uv":[8.66667,10.33333,8,9.33333],"rotation":180,"texture":"#2"},"east":{"uv":[4,8,5,9],"rotation":90,"texture":"#2"},"south":{"uv":[9.33333,9.33333,8.66667,10.33333],"texture":"#2"},"west":{"uv":[8,5.33333,9,6.33333],"rotation":270,"texture":"#2"},"up":{"uv":[9.33333,7.33333,10,8.33333],"texture":"#2"},"down":{"uv":[7.33333,9.33333,8,10.33333],"rotation":180,"texture":"#2"}}},{"from":[7.40987,12.39607,5.98458],"to":[8.59725,16.49094,7.87452],"rotation":{"angle":-22.5,"axis":"x","origin":[8,8,8]},"faces":{"north":{"uv":[0,7.33333,0.66667,9.66667],"texture":"#2"},"east":{"uv":[1.33333,5.33333,2.33333,7.66667],"texture":"#2"},"south":{"uv":[7.33333,0,8,2.33333],"texture":"#2"},"west":{"uv":[2.66667,5.33333,3.66667,7.66667],"texture":"#2"},"up":{"uv":[10,9.66667,9.33333,8.66667],"texture":"#2"},"down":{"uv":[0.66667,10,0,11],"texture":"#2"}}},{"from":[7.05859,11.83359,3.5852],"to":[8.94853,13.40854,5.16015],"rotation":{"angle":22.5,"axis":"x","origin":[8.00356,12.2213,3.9729]},"faces":{"north":{"uv":[8,6.66667,9,7.66667],"texture":"#2"},"east":{"uv":[8,8,9,9],"texture":"#2"},"south":{"uv":[8.66667,0,9.66667,1],"texture":"#2"},"west":{"uv":[8.66667,3.33333,9.66667,4.33333],"texture":"#2"},"up":{"uv":[6.33333,9.66667,5.33333,8.66667],"texture":"#2"},"down":{"uv":[10.33333,1.33333,9.33333,2.33333],"texture":"#2"}}},{"from":[7.27359,11.19155,2.94315],"to":[8.73354,12.45151,4.20312],"rotation":{"angle":22.5,"axis":"x","origin":[8.00356,12.2213,3.9729]},"faces":{"north":{"uv":[10,0.66667,10.66667,1.33333],"rotation":180,"texture":"#2"},"east":{"uv":[10,0,10.66667,0.66667],"rotation":180,"texture":"#2"},"south":{"uv":[9.33333,2.66667,10,3.33333],"rotation":180,"texture":"#2"},"west":{"uv":[10,2.66667,10.66667,3.33333],"rotation":180,"texture":"#2"},"up":{"uv":[10.66667,4,10,4.66667],"texture":"#2"},"down":{"uv":[10.66667,4,10,3.33333],"texture":"#2"}}},{"from":[7.05859,17.48406,5.63566],"to":[8.94853,19.05901,7.21061],"rotation":{"angle":0,"axis":"x","origin":[8,8,8]},"faces":{"north":{"uv":[8.66667,0,9.66667,1],"rotation":180,"texture":"#2"},"east":{"uv":[8,8,9,9],"rotation":180,"texture":"#2"},"south":{"uv":[8,6.66667,9,7.66667],"rotation":180,"texture":"#2"},"west":{"uv":[8.66667,3.33333,9.66667,4.33333],"rotation":180,"texture":"#2"},"up":{"uv":[10.33333,1.33333,9.33333,2.33333],"texture":"#2"},"down":{"uv":[6.33333,9.66667,5.33333,8.66667],"texture":"#2"}}},{"from":[7.27359,18.44109,6.59269],"to":[8.73354,19.70105,7.85266],"rotation":{"angle":0,"axis":"x","origin":[8,8,8]},"faces":{"north":{"uv":[9.33333,2.66667,10,3.33333],"texture":"#2"},"east":{"uv":[10,0,10.66667,0.66667],"texture":"#2"},"south":{"uv":[10,0.66667,10.66667,1.33333],"texture":"#2"},"west":{"uv":[10,2.66667,10.66667,3.33333],"texture":"#2"},"up":{"uv":[10.66667,4,10,3.33333],"texture":"#2"},"down":{"uv":[10.66667,4,10,4.66667],"texture":"#2"}}},{"from":[7.40357,9.99482,4.74485],"to":[8.60356,13.14472,7.89475],"rotation":{"angle":0,"axis":"x","origin":[8.00357,11.56977,6.3198]},"faces":{"north":{"uv":[0.66667,7.33333,1.33333,9.33333],"texture":"#2"},"east":{"uv":[4.66667,0,6.66667,2],"texture":"#2"},"south":{"uv":[7.33333,5.33333,8,7.33333],"texture":"#2"},"west":{"uv":[4.66667,2,6.66667,4],"texture":"#2"},"up":{"uv":[8,9.33333,7.33333,7.33333],"texture":"#2"},"down":{"uv":[8.66667,0,8,2],"texture":"#2"}}},{"from":[7.37359,5.35034,6.22223],"to":[8.63354,6.61029,7.92318],"rotation":{"angle":0,"axis":"x","origin":[8,8,8.65]},"faces":{"north":{"uv":[9.33333,1.33333,8.66667,2],"rotation":180,"texture":"#2"},"east":{"uv":[5.33333,9.33333,4.66667,10.33333],"rotation":90,"texture":"#2"},"south":{"uv":[9.33333,5.33333,8.66667,4.66667],"texture":"#2"},"west":{"uv":[10,6,9.33333,7],"rotation":270,"texture":"#2"},"up":{"uv":[4,10.33333,4.66667,9.33333],"rotation":180,"texture":"#2"},"down":{"uv":[9.33333,5.66667,10,4.66667],"texture":"#2"}}},{"from":[7.36959,-1.23981,10.77937],"to":[8.63753,0.33514,13.92927],"rotation":{"angle":45,"axis":"x","origin":[8,8,8]},"faces":{"north":{"uv":[8.66667,5,7.33333,4],"rotation":180,"texture":"#2"},"east":{"uv":[5,6,4,8],"rotation":270,"texture":"#2"},"south":{"uv":[8,2.66667,6.66667,3.66667],"texture":"#2"},"west":{"uv":[7,4,6,6],"rotation":90,"texture":"#2"},"up":{"uv":[0,7.33333,1.33333,5.33333],"texture":"#2"},"down":{"uv":[4.66667,6,6,4],"rotation":180,"texture":"#2"}}},{"from":[8.00356,-5.80939,5.69802],"to":[8.00356,-1.09944,13.64785],"rotation":{"angle":0,"axis":"y","origin":[8,8,8]},"faces":{"north":{"uv":[0,2.66667,0,0],"texture":"#2"},"east":{"uv":[4.66667,5.33334,0,2.66667],"texture":"#2"},"south":{"uv":[0,2.66667,0,0],"texture":"#2"},"west":{"uv":[0,5.33333,4.66667,2.66667],"texture":"#2"},"up":{"uv":[0,4.66667,0,0],"texture":"#2"},"down":{"uv":[0,0,0,4.66667],"texture":"#2"}}},{"from":[8.00356,-4.80939,0.69802],"to":[8.00356,-0.09944,8.64785],"rotation":{"angle":22.5,"axis":"x","origin":[8.00356,-2.45442,4.67293]},"faces":{"north":{"uv":[0,2.66667,0,0],"texture":"#2"},"east":{"uv":[4.66667,5.33334,0,2.66667],"texture":"#2"},"south":{"uv":[0,2.66667,0,0],"texture":"#2"},"west":{"uv":[0,5.33333,4.66667,2.66667],"texture":"#2"},"up":{"uv":[0,4.66667,0,0],"texture":"#2"},"down":{"uv":[0,0,0,4.66667],"texture":"#2"}}},{"from":[7.34057,-1.49024,9.43594],"to":[8.66655,0.39971,11.32589],"rotation":{"angle":45,"axis":"x","origin":[8,8,8]},"faces":{"north":{"uv":[8.66667,9.33333,8,10.33333],"rotation":180,"texture":"#2"},"east":{"uv":[5,8,4,9],"rotation":90,"texture":"#2"},"south":{"uv":[9.33333,10.33333,8.66667,9.33333],"texture":"#2"},"west":{"uv":[9,5.33333,8,6.33333],"rotation":270,"texture":"#2"},"up":{"uv":[7.33333,10.33333,8,9.33333],"rotation":180,"texture":"#2"},"down":{"uv":[9.33333,8.33333,10,7.33333],"texture":"#2"}}},{"from":[7.40987,-0.49094,5.98458],"to":[8.59725,3.60393,7.87452],"rotation":{"angle":22.5,"axis":"x","origin":[8,8,8]},"faces":{"north":{"uv":[0,9.66667,0.66667,7.33333],"texture":"#2"},"east":{"uv":[1.33333,7.66667,2.33333,5.33333],"texture":"#2"},"south":{"uv":[7.33333,2.33333,8,0],"texture":"#2"},"west":{"uv":[2.66667,7.66667,3.66667,5.33333],"texture":"#2"},"up":{"uv":[0.66667,11,0,10],"texture":"#2"},"down":{"uv":[10,8.66667,9.33333,9.66667],"texture":"#2"}}},{"from":[7.05859,2.59146,3.5852],"to":[8.94853,4.16641,5.16015],"rotation":{"angle":-22.5,"axis":"x","origin":[8.00356,3.7787,3.9729]},"faces":{"north":{"uv":[8,7.66667,9,6.66667],"texture":"#2"},"east":{"uv":[9,8,8,9],"rotation":180,"texture":"#2"},"south":{"uv":[8.66667,1,9.66667,0],"texture":"#2"},"west":{"uv":[9.66667,3.33333,8.66667,4.33333],"rotation":180,"texture":"#2"},"up":{"uv":[10.33333,2.33333,9.33333,1.33333],"texture":"#2"},"down":{"uv":[6.33333,8.66667,5.33333,9.66667],"texture":"#2"}}},{"from":[7.27359,3.54849,2.94315],"to":[8.73354,4.80845,4.20312],"rotation":{"angle":-22.5,"axis":"x","origin":[8.00356,3.7787,3.9729]},"faces":{"north":{"uv":[10,1.33333,10.66667,0.66667],"rotation":180,"texture":"#2"},"east":{"uv":[10.66667,0,10,0.66667],"texture":"#2"},"south":{"uv":[9.33333,3.33333,10,2.66667],"rotation":180,"texture":"#2"},"west":{"uv":[10.66667,2.66667,10,3.33333],"texture":"#2"},"up":{"uv":[10.66667,3.33333,10,4],"texture":"#2"},"down":{"uv":[10.66667,4.66667,10,4],"texture":"#2"}}},{"from":[7.05859,-3.05901,5.63566],"to":[8.94853,-1.48406,7.21061],"rotation":{"angle":0,"axis":"x","origin":[8,8,8]},"faces":{"north":{"uv":[8.66667,1,9.66667,0],"rotation":180,"texture":"#2"},"east":{"uv":[8,9,9,8],"rotation":180,"texture":"#2"},"south":{"uv":[8,7.66667,9,6.66667],"rotation":180,"texture":"#2"},"west":{"uv":[8.66667,4.33333,9.66667,3.33333],"rotation":180,"texture":"#2"},"up":{"uv":[6.33333,8.66667,5.33333,9.66667],"texture":"#2"},"down":{"uv":[10.33333,2.33333,9.33333,1.33333],"texture":"#2"}}},{"from":[7.27359,-3.70105,6.59269],"to":[8.73354,-2.44109,7.85266],"rotation":{"angle":0,"axis":"x","origin":[8,8,8]},"faces":{"north":{"uv":[9.33333,3.33333,10,2.66667],"texture":"#2"},"east":{"uv":[10,0.66667,10.66667,0],"texture":"#2"},"south":{"uv":[10,1.33333,10.66667,0.66667],"texture":"#2"},"west":{"uv":[10,3.33333,10.66667,2.66667],"texture":"#2"},"up":{"uv":[10.66667,4.66667,10,4],"texture":"#2"},"down":{"uv":[10.66667,3.33333,10,4],"texture":"#2"}}},{"from":[7.40357,2.85528,4.74485],"to":[8.60356,6.00518,7.89475],"rotation":{"angle":0,"axis":"x","origin":[8.00357,4.43023,6.3198]},"faces":{"north":{"uv":[0.66667,9.33333,1.33333,7.33333],"texture":"#2"},"east":{"uv":[4.66667,2,6.66667,0],"texture":"#2"},"south":{"uv":[7.33333,7.33333,8,5.33333],"texture":"#2"},"west":{"uv":[4.66667,4,6.66667,2],"texture":"#2"},"up":{"uv":[8.66667,2,8,0],"texture":"#2"},"down":{"uv":[8,7.33333,7.33333,9.33333],"texture":"#2"}}},{"from":[7.99644,-5.2525,12.54292],"to":[7.99644,21.2525,13.05592],"rotation":{"angle":0,"axis":"y","origin":[8,8,8]},"faces":{"north":{"uv":[0,0,0,60],"texture":"#1"},"east":{"uv":[0.2,0,0,12],"texture":"#1"},"south":{"uv":[0,0,0,60],"texture":"#1"},"west":{"uv":[0,0,0.2,12],"texture":"#1"},"up":{"uv":[0,0,0,33],"texture":"#1"},"down":{"uv":[0,33,0,0],"texture":"#1"}}},{"from":[7.53108,5.66907,6.60022],"to":[8.47605,10.33093,7.54518],"rotation":{"angle":0,"axis":"y","origin":[8,8,8.65]},"faces":{"north":{"uv":[5.33333,6,6,8.66667],"texture":"#2"},"east":{"uv":[6,6,6.66667,8.66667],"texture":"#2"},"south":{"uv":[6.66667,0,7.33333,2.66667],"texture":"#2"},"west":{"uv":[6.66667,6,7.33333,8.66667],"texture":"#2"},"up":{"uv":[10.66667,5.33333,10,4.66667],"texture":"#2"},"down":{"uv":[6,10,5.33333,10.66667],"texture":"#2"}}},{"from":[8,6.75,-10],"to":[8,9.25,14],"rotation":{"angle":0,"axis":"y","origin":[8,8,2]},"faces":{"north":{"uv":[0,0,0,2],"texture":"#0"},"east":{"uv":[0,0.33333,16,2],"texture":"#0"},"south":{"uv":[0,0,0,2],"texture":"#0"},"west":{"uv":[0,2.33333,16,4],"texture":"#0"},"up":{"uv":[0,16,0,0],"texture":"#0"},"down":{"uv":[0,0,0,16],"texture":"#0"}}},{"from":[6.75,8,-10],"to":[9.25,8,14],"rotation":{"angle":0,"axis":"y","origin":[8,8,2]},"faces":{"north":{"uv":[0,0,0,2],"rotation":90,"texture":"#0"},"east":{"uv":[0,0,0,16],"rotation":270,"texture":"#0"},"south":{"uv":[0,0,0,2],"rotation":270,"texture":"#0"},"west":{"uv":[0,16,0,0],"rotation":270,"texture":"#0"},"up":{"uv":[0,0.33333,16,2],"rotation":270,"texture":"#0"},"down":{"uv":[0,2.33333,16,4],"rotation":270,"texture":"#0"}}}],"gui_light":"front","display":{"thirdperson_righthand":{"translation":[0,-2,3.25],"scale":[0.8,0.8,0.8]},"thirdperson_lefthand":{"translation":[0,-2,3.25],"scale":[0.8,0.8,0.8]},"firstperson_righthand":{"rotation":[9.04,0.22,8.08],"translation":[7.25,2,-6.75]},"firstperson_lefthand":{"rotation":[9.04,0.22,8.08],"translation":[7.25,2,-6.75]},"ground":{"rotation":[0,0,-82],"scale":[0.67,0.67,0.67]},"gui":{"rotation":[90,45,90],"translation":[-0.5,0.5,-2],"scale":[0.58,0.58,0.58]},"head":{"scale":[0,0,0]},"fixed":{"rotation":[90,-45,90],"translation":[0.75,1.25,-2]}},"groups":[{"name":"bow15","origin":[8.00313,8,5.86509],"color":0,"children":[{"name":"group","origin":[8.00313,17.78554,7.80842],"color":0,"children":[0,1,2,3,4,5,6,7,8,9,10]},{"name":"group","origin":[8.00313,17.78554,7.80842],"color":0,"children":[11,12,13,14,15,16,17,18,19,20,21]},22,23]},{"name":"arrow","origin":[8,8,2],"color":0,"children":[24,25]}]}