{"credit":"Made with Blockbench","texture_size":[32,32],"textures":{"1":"item/bows/string","2":"item/bows/bow_6"},"elements":[{"from":[6.75,18.62958,3.29528],"to":[9.25,21.42958,6.09528],"rotation":{"angle":0,"axis":"x","origin":[8,23.65941,7.57186]},"faces":{"north":{"uv":[6.5,0,7.75,1.5],"texture":"#2"},"east":{"uv":[0,5,1.5,6.5],"texture":"#2"},"south":{"uv":[1.5,6.5,2.75,8],"texture":"#2"},"west":{"uv":[5,0,6.5,1.5],"texture":"#2"},"up":{"uv":[7.75,3,6.5,1.5],"texture":"#2"},"down":{"uv":[7.75,3,6.5,4.5],"texture":"#2"}}},{"from":[6.75,20.04379,4.7095],"to":[9.25,22.84379,7.5095],"rotation":{"angle":0,"axis":"x","origin":[8,23.65941,7.57186]},"faces":{"north":{"uv":[6.5,4.5,7.75,6],"texture":"#2"},"east":{"uv":[1.5,5,3,6.5],"texture":"#2"},"south":{"uv":[6.5,6,7.75,7.5],"texture":"#2"},"west":{"uv":[5,1.5,6.5,3],"texture":"#2"},"up":{"uv":[4.25,8.5,3,7],"texture":"#2"},"down":{"uv":[5.75,7.5,4.5,9],"texture":"#2"}}},{"from":[6.6,20.43536,2.77113],"to":[9.4,24.83536,5.17113],"rotation":{"angle":-45,"axis":"x","origin":[8,23.65941,7.57186]},"faces":{"north":{"uv":[0,0,1.5,2.25],"texture":"#2"},"east":{"uv":[0,2.5,1.25,4.75],"texture":"#2"},"south":{"uv":[1.5,0,3,2.25],"texture":"#2"},"west":{"uv":[1.5,2.5,2.75,4.75],"texture":"#2"},"up":{"uv":[7.5,8.75,6,7.5],"texture":"#2"},"down":{"uv":[9,7.5,7.5,8.75],"texture":"#2"}}},{"from":[7.05,11.42176,5.05545],"to":[8.95,14.22176,7.85545],"rotation":{"angle":45,"axis":"x","origin":[8,12.30607,6.97113]},"faces":{"north":{"uv":[9,0,10,1.5],"texture":"#2"},"east":{"uv":[5,3,6.5,4.5],"texture":"#2"},"south":{"uv":[4.5,9,5.5,10.5],"texture":"#2"},"west":{"uv":[5,4.5,6.5,6],"texture":"#2"},"up":{"uv":[6.5,10.5,5.5,9],"texture":"#2"},"down":{"uv":[7.5,9,6.5,10.5],"texture":"#2"}}},{"from":[6.8,11.17678,5.77113],"to":[9.2,11.97678,8.17113],"rotation":{"angle":0,"axis":"x","origin":[8,12.30607,6.97113]},"faces":{"north":{"uv":[11.5,2.5,12.75,3],"texture":"#2"},"east":{"uv":[11.5,3,12.75,3.5],"texture":"#2"},"south":{"uv":[11.5,4.5,12.75,5],"texture":"#2"},"west":{"uv":[11.5,5,12.75,5.5],"texture":"#2"},"up":{"uv":[9.25,3.25,8,2],"texture":"#2"},"down":{"uv":[9.25,3.5,8,4.75],"texture":"#2"}}},{"from":[7,10.13536,5.52113],"to":[9,10.93536,8.42113],"rotation":{"angle":45,"axis":"x","origin":[8,10.53536,6.97113]},"faces":{"north":{"uv":[12,6,13,6.5],"texture":"#2"},"east":{"uv":[11,0,12.5,0.5],"texture":"#2"},"south":{"uv":[12,6.5,13,7],"texture":"#2"},"west":{"uv":[11,0.5,12.5,1],"texture":"#2"},"up":{"uv":[10,8,9,6.5],"texture":"#2"},"down":{"uv":[8.5,9,7.5,10.5],"texture":"#2"}}},{"from":[7.005,10.13536,5.52113],"to":[8.995,10.93536,8.42113],"rotation":{"angle":-45,"axis":"x","origin":[8,10.53536,6.97113]},"faces":{"north":{"uv":[7,12,8,12.5],"texture":"#2"},"east":{"uv":[11,1,12.5,1.5],"texture":"#2"},"south":{"uv":[12,7,13,7.5],"texture":"#2"},"west":{"uv":[0,11.5,1.5,12],"texture":"#2"},"up":{"uv":[10,9.5,9,8],"texture":"#2"},"down":{"uv":[10.5,1.5,9.5,3],"texture":"#2"}}},{"from":[7.05,26.51924,12.45502],"to":[8.95,29.31924,15.25502],"rotation":{"angle":22.5,"axis":"x","origin":[8,27.03536,12.97113]},"faces":{"north":{"uv":[9.5,3,10.5,4.5],"texture":"#2"},"east":{"uv":[5,6,6.5,7.5],"texture":"#2"},"south":{"uv":[9.5,4.5,10.5,6],"texture":"#2"},"west":{"uv":[0,6.5,1.5,8],"texture":"#2"},"up":{"uv":[9.5,11,8.5,9.5],"texture":"#2"},"down":{"uv":[10.5,9.5,9.5,11],"texture":"#2"}}},{"from":[6.8,25.83536,12.36255],"to":[9.2,28.23536,13.16255],"rotation":{"angle":-22.5,"axis":"x","origin":[8,27.03536,12.97113]},"faces":{"north":{"uv":[8,5,9.25,6.25],"texture":"#2"},"east":{"uv":[2,11.5,2.5,12.75],"texture":"#2"},"south":{"uv":[3,8.5,4.25,9.75],"texture":"#2"},"west":{"uv":[2.5,11.5,3,12.75],"texture":"#2"},"up":{"uv":[7.25,12,6,11.5],"texture":"#2"},"down":{"uv":[12.75,9.5,11.5,10],"texture":"#2"}}},{"from":[7,24.70148,11.68725],"to":[9,27.60148,12.48725],"rotation":{"angle":22.5,"axis":"x","origin":[8,27.03536,12.97113]},"faces":{"north":{"uv":[0,10,1,11.5],"texture":"#2"},"east":{"uv":[10,11,10.5,12.5],"texture":"#2"},"south":{"uv":[10,0,11,1.5],"texture":"#2"},"west":{"uv":[1.5,11.5,2,13],"texture":"#2"},"up":{"uv":[13,8,12,7.5],"texture":"#2"},"down":{"uv":[13,8,12,8.5],"texture":"#2"}}},{"from":[7.005,25.75148,10.63725],"to":[8.995,26.55148,13.53725],"rotation":{"angle":22.5,"axis":"x","origin":[8,27.03536,12.97113]},"faces":{"north":{"uv":[12,8.5,13,9],"texture":"#2"},"east":{"uv":[11.5,1.5,13,2],"texture":"#2"},"south":{"uv":[12,9,13,9.5],"texture":"#2"},"west":{"uv":[11.5,2,13,2.5],"texture":"#2"},"up":{"uv":[2,11.5,1,10],"texture":"#2"},"down":{"uv":[3,10,2,11.5],"texture":"#2"}}},{"from":[7.45,16.49197,4.02932],"to":[8.55,18.64197,6.17932],"rotation":{"angle":0,"axis":"x","origin":[8,16.68823,5.50539]},"faces":{"north":{"uv":[1,12,1.5,13],"texture":"#2"},"east":{"uv":[8,6.5,9,7.5],"texture":"#2"},"south":{"uv":[11.5,12,12,13],"texture":"#2"},"west":{"uv":[10.5,4.5,11.5,5.5],"texture":"#2"},"up":{"uv":[12.5,13,12,12],"texture":"#2"},"down":{"uv":[13,0,12.5,1],"texture":"#2"}}},{"from":[7.2,24.59335,7.28197],"to":[8.8,26.19335,10.88197],"rotation":{"angle":-22.5,"axis":"x","origin":[8,23.65941,7.57186]},"faces":{"north":{"uv":[11.5,10,12.25,10.75],"texture":"#2"},"east":{"uv":[10,6,11.75,6.75],"texture":"#2"},"south":{"uv":[10.5,11.5,11.25,12.25],"texture":"#2"},"west":{"uv":[10,7,11.75,7.75],"texture":"#2"},"up":{"uv":[3.75,11.75,3,10],"texture":"#2"},"down":{"uv":[11.25,1.5,10.5,3.25],"texture":"#2"}}},{"from":[7.4,25.83298,9.50472],"to":[8.6,27.03298,13.10472],"rotation":{"angle":0,"axis":"x","origin":[8,23.65941,7.57186]},"faces":{"north":{"uv":[4.5,7,5,7.5],"texture":"#2"},"east":{"uv":[10,9,11.75,9.5],"texture":"#2"},"south":{"uv":[9,1.5,9.5,2],"texture":"#2"},"west":{"uv":[10.5,5.5,12.25,6],"texture":"#2"},"up":{"uv":[8.5,12.25,8,10.5],"texture":"#2"},"down":{"uv":[11,9.5,10.5,11.25],"texture":"#2"}}},{"from":[7,21.84478,6.16221],"to":[9,25.44478,8.16221],"rotation":{"angle":22.5,"axis":"x","origin":[8,23.65941,7.57186]},"faces":{"north":{"uv":[0,8,1,9.75],"texture":"#2"},"east":{"uv":[8,0,9,1.75],"texture":"#2"},"south":{"uv":[1,8,2,9.75],"texture":"#2"},"west":{"uv":[2,8,3,9.75],"texture":"#2"},"up":{"uv":[7,11.5,6,10.5],"texture":"#2"},"down":{"uv":[8,10.5,7,11.5],"texture":"#2"}}},{"from":[7.4,15.21017,3.99343],"to":[8.6,18.81017,5.19343],"rotation":{"angle":-45,"axis":"x","origin":[8,16.68823,5.50539]},"faces":{"north":{"uv":[8.5,11,9,12.75],"texture":"#2"},"east":{"uv":[9,11,9.5,12.75],"texture":"#2"},"south":{"uv":[9.5,11,10,12.75],"texture":"#2"},"west":{"uv":[11,9.5,11.5,11.25],"texture":"#2"},"up":{"uv":[9,9.5,8.5,9],"texture":"#2"},"down":{"uv":[10,6,9.5,6.5],"texture":"#2"}}},{"from":[7.2,14.56889,6.05895],"to":[8.8,16.16889,9.65895],"rotation":{"angle":22.5,"axis":"x","origin":[8,16.68823,5.50539]},"faces":{"north":{"uv":[11.5,11,12.25,11.75],"texture":"#2"},"east":{"uv":[10,8,11.75,8.75],"texture":"#2"},"south":{"uv":[0,12,0.75,12.75],"texture":"#2"},"west":{"uv":[10.5,3.5,12.25,4.25],"texture":"#2"},"up":{"uv":[4.75,12.25,4,10.5],"texture":"#2"},"down":{"uv":[5.75,10.5,5,12.25],"texture":"#2"}}},{"from":[6.75,-5.42958,3.29528],"to":[9.25,-2.62958,6.09528],"rotation":{"angle":0,"axis":"x","origin":[8,-7.65941,7.57186]},"faces":{"north":{"uv":[6.5,1.5,7.75,0],"texture":"#2"},"east":{"uv":[0,6.5,1.5,5],"texture":"#2"},"south":{"uv":[1.5,8,2.75,6.5],"texture":"#2"},"west":{"uv":[5,1.5,6.5,0],"texture":"#2"},"up":{"uv":[7.75,4.5,6.5,3],"texture":"#2"},"down":{"uv":[7.75,1.5,6.5,3],"texture":"#2"}}},{"from":[6.75,-6.84379,4.7095],"to":[9.25,-4.04379,7.5095],"rotation":{"angle":0,"axis":"x","origin":[8,-7.65941,7.57186]},"faces":{"north":{"uv":[6.5,6,7.75,4.5],"texture":"#2"},"east":{"uv":[1.5,6.5,3,5],"texture":"#2"},"south":{"uv":[6.5,7.5,7.75,6],"texture":"#2"},"west":{"uv":[5,3,6.5,1.5],"texture":"#2"},"up":{"uv":[5.75,9,4.5,7.5],"texture":"#2"},"down":{"uv":[4.25,7,3,8.5],"texture":"#2"}}},{"from":[6.6,-8.83536,2.77113],"to":[9.4,-4.43536,5.17113],"rotation":{"angle":45,"axis":"x","origin":[8,-7.65941,7.57186]},"faces":{"north":{"uv":[0,2.25,1.5,0],"texture":"#2"},"east":{"uv":[0,4.75,1.25,2.5],"texture":"#2"},"south":{"uv":[1.5,2.25,3,0],"texture":"#2"},"west":{"uv":[1.5,4.75,2.75,2.5],"texture":"#2"},"up":{"uv":[9,8.75,7.5,7.5],"texture":"#2"},"down":{"uv":[7.5,7.5,6,8.75],"texture":"#2"}}},{"from":[7.05,1.77824,5.05545],"to":[8.95,4.57824,7.85545],"rotation":{"angle":-45,"axis":"x","origin":[8,3.69393,6.97113]},"faces":{"north":{"uv":[9,1.5,10,0],"texture":"#2"},"east":{"uv":[5,4.5,6.5,3],"texture":"#2"},"south":{"uv":[4.5,10.5,5.5,9],"texture":"#2"},"west":{"uv":[5,6,6.5,4.5],"texture":"#2"},"up":{"uv":[7.5,10.5,6.5,9],"texture":"#2"},"down":{"uv":[6.5,9,5.5,10.5],"texture":"#2"}}},{"from":[6.8,4.02322,5.77113],"to":[9.2,4.82322,8.17113],"rotation":{"angle":0,"axis":"x","origin":[8,3.69393,6.97113]},"faces":{"north":{"uv":[11.5,3,12.75,2.5],"texture":"#2"},"east":{"uv":[11.5,3.5,12.75,3],"texture":"#2"},"south":{"uv":[11.5,5,12.75,4.5],"texture":"#2"},"west":{"uv":[11.5,5.5,12.75,5],"texture":"#2"},"up":{"uv":[9.25,4.75,8,3.5],"texture":"#2"},"down":{"uv":[9.25,2,8,3.25],"texture":"#2"}}},{"from":[7,5.06464,5.52113],"to":[9,5.86464,8.42113],"rotation":{"angle":-45,"axis":"x","origin":[8,5.46464,6.97113]},"faces":{"north":{"uv":[12,6.5,13,6],"texture":"#2"},"east":{"uv":[11,0.5,12.5,0],"texture":"#2"},"south":{"uv":[12,7,13,6.5],"texture":"#2"},"west":{"uv":[11,1,12.5,0.5],"texture":"#2"},"up":{"uv":[8.5,10.5,7.5,9],"texture":"#2"},"down":{"uv":[10,6.5,9,8],"texture":"#2"}}},{"from":[7.005,5.06464,5.52113],"to":[8.995,5.86464,8.42113],"rotation":{"angle":45,"axis":"x","origin":[8,5.46464,6.97113]},"faces":{"north":{"uv":[7,12.5,8,12],"texture":"#2"},"east":{"uv":[11,1.5,12.5,1],"texture":"#2"},"south":{"uv":[12,7.5,13,7],"texture":"#2"},"west":{"uv":[0,12,1.5,11.5],"texture":"#2"},"up":{"uv":[10.5,3,9.5,1.5],"texture":"#2"},"down":{"uv":[10,8,9,9.5],"texture":"#2"}}},{"from":[7.05,-13.31924,12.45502],"to":[8.95,-10.51924,15.25502],"rotation":{"angle":-22.5,"axis":"x","origin":[8,-11.03536,12.97113]},"faces":{"north":{"uv":[9.5,4.5,10.5,3],"texture":"#2"},"east":{"uv":[5,7.5,6.5,6],"texture":"#2"},"south":{"uv":[9.5,6,10.5,4.5],"texture":"#2"},"west":{"uv":[0,8,1.5,6.5],"texture":"#2"},"up":{"uv":[10.5,11,9.5,9.5],"texture":"#2"},"down":{"uv":[9.5,9.5,8.5,11],"texture":"#2"}}},{"from":[6.8,-12.23536,12.36255],"to":[9.2,-9.83536,13.16255],"rotation":{"angle":22.5,"axis":"x","origin":[8,-11.03536,12.97113]},"faces":{"north":{"uv":[8,6.25,9.25,5],"texture":"#2"},"east":{"uv":[2,12.75,2.5,11.5],"texture":"#2"},"south":{"uv":[3,9.75,4.25,8.5],"texture":"#2"},"west":{"uv":[2.5,12.75,3,11.5],"texture":"#2"},"up":{"uv":[12.75,10,11.5,9.5],"texture":"#2"},"down":{"uv":[7.25,11.5,6,12],"texture":"#2"}}},{"from":[7,-11.60148,11.68725],"to":[9,-8.70148,12.48725],"rotation":{"angle":-22.5,"axis":"x","origin":[8,-11.03536,12.97113]},"faces":{"north":{"uv":[0,11.5,1,10],"texture":"#2"},"east":{"uv":[10,12.5,10.5,11],"texture":"#2"},"south":{"uv":[10,1.5,11,0],"texture":"#2"},"west":{"uv":[1.5,13,2,11.5],"texture":"#2"},"up":{"uv":[13,8.5,12,8],"texture":"#2"},"down":{"uv":[13,7.5,12,8],"texture":"#2"}}},{"from":[7.005,-10.55148,10.63725],"to":[8.995,-9.75148,13.53725],"rotation":{"angle":-22.5,"axis":"x","origin":[8,-11.03536,12.97113]},"faces":{"north":{"uv":[12,9,13,8.5],"texture":"#2"},"east":{"uv":[11.5,2,13,1.5],"texture":"#2"},"south":{"uv":[12,9.5,13,9],"texture":"#2"},"west":{"uv":[11.5,2.5,13,2],"texture":"#2"},"up":{"uv":[3,11.5,2,10],"texture":"#2"},"down":{"uv":[2,10,1,11.5],"texture":"#2"}}},{"from":[7.45,-2.64197,4.02932],"to":[8.55,-0.49197,6.17932],"rotation":{"angle":0,"axis":"x","origin":[8,-0.68823,5.50539]},"faces":{"north":{"uv":[1,13,1.5,12],"texture":"#2"},"east":{"uv":[8,7.5,9,6.5],"texture":"#2"},"south":{"uv":[11.5,13,12,12],"texture":"#2"},"west":{"uv":[10.5,5.5,11.5,4.5],"texture":"#2"},"up":{"uv":[13,1,12.5,0],"texture":"#2"},"down":{"uv":[12.5,12,12,13],"texture":"#2"}}},{"from":[7.2,-10.19335,7.28197],"to":[8.8,-8.59335,10.88197],"rotation":{"angle":22.5,"axis":"x","origin":[8,-7.65941,7.57186]},"faces":{"north":{"uv":[11.5,10.75,12.25,10],"texture":"#2"},"east":{"uv":[10,6.75,11.75,6],"texture":"#2"},"south":{"uv":[10.5,12.25,11.25,11.5],"texture":"#2"},"west":{"uv":[10,7.75,11.75,7],"texture":"#2"},"up":{"uv":[11.25,3.25,10.5,1.5],"texture":"#2"},"down":{"uv":[3.75,10,3,11.75],"texture":"#2"}}},{"from":[7.4,-11.03298,9.50472],"to":[8.6,-9.83298,13.10472],"rotation":{"angle":0,"axis":"x","origin":[8,-7.65941,7.57186]},"faces":{"north":{"uv":[4.5,7.5,5,7],"texture":"#2"},"east":{"uv":[10,9.5,11.75,9],"texture":"#2"},"south":{"uv":[9,2,9.5,1.5],"texture":"#2"},"west":{"uv":[10.5,6,12.25,5.5],"texture":"#2"},"up":{"uv":[11,11.25,10.5,9.5],"texture":"#2"},"down":{"uv":[8.5,10.5,8,12.25],"texture":"#2"}}},{"from":[7,-9.44478,6.16221],"to":[9,-5.84478,8.16221],"rotation":{"angle":-22.5,"axis":"x","origin":[8,-7.65941,7.57186]},"faces":{"north":{"uv":[0,9.75,1,8],"texture":"#2"},"east":{"uv":[8,1.75,9,0],"texture":"#2"},"south":{"uv":[1,9.75,2,8],"texture":"#2"},"west":{"uv":[2,9.75,3,8],"texture":"#2"},"up":{"uv":[8,11.5,7,10.5],"texture":"#2"},"down":{"uv":[7,10.5,6,11.5],"texture":"#2"}}},{"from":[7.4,-2.81017,3.99343],"to":[8.6,0.78983,5.19343],"rotation":{"angle":45,"axis":"x","origin":[8,-0.68823,5.50539]},"faces":{"north":{"uv":[8.5,12.75,9,11],"texture":"#2"},"east":{"uv":[9,12.75,9.5,11],"texture":"#2"},"south":{"uv":[9.5,12.75,10,11],"texture":"#2"},"west":{"uv":[11,11.25,11.5,9.5],"texture":"#2"},"up":{"uv":[10,6.5,9.5,6],"texture":"#2"},"down":{"uv":[9,9,8.5,9.5],"texture":"#2"}}},{"from":[7.2,-0.16889,6.05895],"to":[8.8,1.43111,9.65895],"rotation":{"angle":-22.5,"axis":"x","origin":[8,-0.68823,5.50539]},"faces":{"north":{"uv":[11.5,11.75,12.25,11],"texture":"#2"},"east":{"uv":[10,8.75,11.75,8],"texture":"#2"},"south":{"uv":[0,12.75,0.75,12],"texture":"#2"},"west":{"uv":[10.5,4.25,12.25,3.5],"texture":"#2"},"up":{"uv":[5.75,12.25,5,10.5],"texture":"#2"},"down":{"uv":[4.75,10.5,4,12.25],"texture":"#2"}}},{"from":[8,-10.125,14.5],"to":[8,26.125,15.05],"rotation":{"angle":0,"axis":"y","origin":[8,8,9]},"faces":{"north":{"uv":[0,0,0,30],"texture":"#1"},"east":{"uv":[0.2,0,0,12],"texture":"#1"},"south":{"uv":[0,0,0,30],"texture":"#1"},"west":{"uv":[0,0,0.2,12],"texture":"#1"},"up":{"uv":[0,0,0,16.5],"texture":"#1"},"down":{"uv":[0,16.5,0,0],"texture":"#1"}}},{"from":[7.2,4.8,6.2],"to":[8.8,11.2,7.8],"rotation":{"angle":0,"axis":"y","origin":[8,10.4,7]},"faces":{"north":{"uv":[3,0,3.75,3.25],"texture":"#2"},"east":{"uv":[3,3.5,3.75,6.75],"texture":"#2"},"south":{"uv":[4,0,4.75,3.25],"texture":"#2"},"west":{"uv":[4,3.5,4.75,6.75],"texture":"#2"},"up":{"uv":[3.75,12.75,3,12],"texture":"#2"},"down":{"uv":[6.75,12,6,12.75],"texture":"#2"}}}],"gui_light":"front","display":{"thirdperson_righthand":{"translation":[0,-2,3.25],"scale":[0.8,0.8,0.8]},"thirdperson_lefthand":{"translation":[0,-2,3.25],"scale":[0.8,0.8,0.8]},"firstperson_righthand":{"rotation":[9.04,0.22,8.08],"translation":[7.25,0,-8.75]},"firstperson_lefthand":{"rotation":[9.04,0.22,8.08],"translation":[7.25,0,-8.75]},"ground":{"rotation":[0,0,-82],"scale":[0.67,0.67,0.67]},"gui":{"rotation":[90,45,90],"translation":[-0.75,0.75,-2],"scale":[0.39,0.39,0.39]},"head":{"scale":[0,0,0]},"fixed":{"rotation":[90,-45,90],"translation":[0.75,1.25,-2]}},"groups":[{"name":"bow6","origin":[8,20.80866,19.78806],"color":0,"children":[{"name":"group","origin":[8,9.86388,6.91704],"color":0,"children":[0,1,2,3,4,5,6,7,8,9,10,11,12,13,14,15,16]},{"name":"group","origin":[8,9.86388,6.91704],"color":0,"children":[17,18,19,20,21,22,23,24,25,26,27,28,29,30,31,32,33]},34,35]}]}