{"credit":"Made with Blockbench","texture_size":[24,24],"textures":{"2":"item/bows/string","3":"item/bows/bow_21","particle":"item/bows/string"},"elements":[{"from":[7.35976,15.50617,5.41375],"to":[8.64024,16.81421,8.44111],"rotation":{"angle":-22.5,"axis":"x","origin":[8,17.09362,8.25455]},"faces":{"north":{"uv":[13.66667,11,12.66667,10],"rotation":180,"texture":"#3"},"east":{"uv":[5.66667,10,4.66667,12],"rotation":270,"texture":"#3"},"south":{"uv":[11,12.66667,10,13.66667],"texture":"#3"},"west":{"uv":[11.66667,2,10.66667,4],"rotation":90,"texture":"#3"},"up":{"uv":[7,10,6,12],"rotation":180,"texture":"#3"},"down":{"uv":[4.33333,10,3.33333,12],"texture":"#3"}}},{"from":[8,19.50338,3.7631],"to":[8,27.53074,8.07114],"rotation":{"angle":45,"axis":"x","origin":[8,17.09362,8.25455]},"faces":{"north":{"uv":[0,0,0,5.33333],"texture":"#3"},"east":{"uv":[3.33333,0,6.33333,5.33333],"texture":"#3"},"south":{"uv":[0,0,0,5.33333],"texture":"#3"},"west":{"uv":[6.33333,0,3.33333,5.33333],"texture":"#3"},"up":{"uv":[0,0,0,3],"texture":"#3"},"down":{"uv":[0,3,0,0],"texture":"#3"}}},{"from":[7.45,11.42571,6.42362],"to":[8.55,14.82571,7.77362],"rotation":{"angle":22.5,"axis":"x","origin":[8,17.09362,8.25455]},"faces":{"north":{"uv":[8.66667,12.66667,8,15],"texture":"#3"},"east":{"uv":[1,7.33333,0,9.66667],"texture":"#3"},"south":{"uv":[8,12.66667,7.33333,15],"texture":"#3"},"west":{"uv":[2.33333,7.33333,1.33333,9.66667],"texture":"#3"},"up":{"uv":[7.33333,13.33333,6.66667,14.33333],"texture":"#3"},"down":{"uv":[14.66667,12.33333,14,11.33333],"texture":"#3"}}},{"from":[7.3,12.0548,5.5223],"to":[8.7,15.3548,7.1223],"rotation":{"angle":0,"axis":"x","origin":[8,17.09362,8.25455]},"faces":{"north":{"uv":[6.33333,7.33333,5.33333,9.66667],"texture":"#3"},"east":{"uv":[5,7.33333,4,9.66667],"texture":"#3"},"south":{"uv":[3.66667,7.33333,2.66667,9.66667],"texture":"#3"},"west":{"uv":[7.66667,7.33333,6.66667,9.66667],"texture":"#3"},"up":{"uv":[13.66667,11.33333,12.66667,12.33333],"texture":"#3"},"down":{"uv":[13.66667,13.66667,12.66667,12.66667],"texture":"#3"}}},{"from":[7.5,13.00188,4.60614],"to":[8.5,16.30188,6.20614],"rotation":{"angle":0,"axis":"x","origin":[8,17.09362,8.25455]},"faces":{"north":{"uv":[8,8,9,10.33333],"texture":"#3"},"east":{"uv":[10.33333,6.33333,8,5.33333],"rotation":270,"texture":"#3"},"south":{"uv":[8.66667,2.33333,9.66667,0],"rotation":180,"texture":"#3"},"west":{"uv":[10.33333,7.66667,8,6.66667],"rotation":90,"texture":"#3"},"up":{"uv":[2.33333,14.33333,1.33333,13.33333],"rotation":180,"texture":"#3"},"down":{"uv":[1,14.33333,0,13.33333],"texture":"#3"}}},{"from":[7.5,17.39928,6.8051],"to":[8.5,20.69928,8.4051],"rotation":{"angle":-22.5,"axis":"x","origin":[8,17.09362,8.25455]},"faces":{"north":{"uv":[8,8,9,10.33333],"texture":"#3"},"east":{"uv":[10.33333,6.33333,8,5.33333],"rotation":270,"texture":"#3"},"south":{"uv":[8.66667,2.33333,9.66667,0],"rotation":180,"texture":"#3"},"west":{"uv":[10.33333,7.66667,8,6.66667],"rotation":90,"texture":"#3"},"up":{"uv":[2.33333,14.33333,1.33333,13.33333],"rotation":180,"texture":"#3"},"down":{"uv":[1,14.33333,0,13.33333],"texture":"#3"}}},{"from":[7.5,21.71239,6.10441],"to":[8.5,25.01239,7.70441],"rotation":{"angle":22.5,"axis":"x","origin":[8,17.09362,8.25455]},"faces":{"north":{"uv":[8,8,9,10.33333],"texture":"#3"},"east":{"uv":[10.33333,6.33333,8,5.33333],"rotation":270,"texture":"#3"},"south":{"uv":[8.66667,2.33333,9.66667,0],"rotation":180,"texture":"#3"},"west":{"uv":[10.33333,7.66667,8,6.66667],"rotation":90,"texture":"#3"},"up":{"uv":[2.33333,14.33333,1.33333,13.33333],"rotation":180,"texture":"#3"},"down":{"uv":[1,14.33333,0,13.33333],"texture":"#3"}}},{"from":[7.55,22.4863,4.16179],"to":[8.45,25.7863,5.76179],"rotation":{"angle":45,"axis":"x","origin":[8,17.09362,8.25455]},"faces":{"north":{"uv":[8,8,9,10.33333],"texture":"#3"},"east":{"uv":[10.33333,6.33333,8,5.33333],"rotation":270,"texture":"#3"},"south":{"uv":[8.66667,2.33333,9.66667,0],"rotation":180,"texture":"#3"},"west":{"uv":[10.33333,7.66667,8,6.66667],"rotation":90,"texture":"#3"},"up":{"uv":[2.33333,14.33333,1.33333,13.33333],"rotation":180,"texture":"#3"},"down":{"uv":[1,14.33333,0,13.33333],"texture":"#3"}}},{"from":[6.95,16.74283,6.44277],"to":[9.05,18.54283,8.24277],"rotation":{"angle":-22.5,"axis":"x","origin":[8,17.09362,8.25455]},"faces":{"north":{"uv":[6,12,4.66667,13.33333],"rotation":180,"texture":"#3"},"east":{"uv":[13.33333,2,12,3.33333],"rotation":90,"texture":"#3"},"south":{"uv":[13.33333,6,12,4.66667],"texture":"#3"},"west":{"uv":[13.33333,3.33333,12,4.66667],"rotation":270,"texture":"#3"},"up":{"uv":[1.33333,12,0,13.33333],"texture":"#3"},"down":{"uv":[4.66667,12,3.33333,13.33333],"rotation":180,"texture":"#3"}}},{"from":[7.4,12.74011,2.99069],"to":[8.6,14.39011,4.34069],"rotation":{"angle":-22.5,"axis":"x","origin":[8,17.09362,8.25455]},"faces":{"north":{"uv":[14.66667,12.66667,14,13.66667],"texture":"#3"},"east":{"uv":[14.33333,2,13.33333,3],"texture":"#3"},"south":{"uv":[13.33333,14,12.66667,15],"texture":"#3"},"west":{"uv":[3.66667,13.33333,2.66667,14.33333],"texture":"#3"},"up":{"uv":[14,14,13.33333,15],"texture":"#3"},"down":{"uv":[14.66667,15,14,14],"texture":"#3"}}},{"from":[7.35,10.2971,7.60122],"to":[8.65,11.6471,9.25122],"rotation":{"angle":22.5,"axis":"x","origin":[8,17.09362,8.25455]},"faces":{"north":{"uv":[14.33333,4.66667,13.33333,5.66667],"texture":"#3"},"east":{"uv":[5,13.33333,4,14.33333],"texture":"#3"},"south":{"uv":[14.33333,3.33333,13.33333,4.33333],"texture":"#3"},"west":{"uv":[6.33333,13.33333,5.33333,14.33333],"texture":"#3"},"up":{"uv":[14.33333,6,13.33333,7],"texture":"#3"},"down":{"uv":[14.33333,8.33333,13.33333,7.33333],"texture":"#3"}}},{"from":[7.175,19.37756,9.50561],"to":[8.825,22.17756,12.30561],"rotation":{"angle":-22.5,"axis":"x","origin":[8,17.09362,8.25455]},"faces":{"north":{"uv":[11.66667,6,10.66667,8],"texture":"#3"},"east":{"uv":[2,5.33333,0,7.33333],"texture":"#3"},"south":{"uv":[11.66667,4,10.66667,6],"texture":"#3"},"west":{"uv":[4,5.33333,2,7.33333],"texture":"#3"},"up":{"uv":[8.33333,10.66667,7.33333,12.66667],"texture":"#3"},"down":{"uv":[11.66667,10,10.66667,8],"texture":"#3"}}},{"from":[7.175,15.08663,7.56956],"to":[8.825,17.88663,10.36956],"rotation":{"angle":-45,"axis":"x","origin":[8,17.09362,8.25455]},"faces":{"north":{"uv":[11,10.66667,10,12.66667],"texture":"#3"},"east":{"uv":[6,5.33333,4,7.33333],"texture":"#3"},"south":{"uv":[9.66667,10.66667,8.66667,12.66667],"texture":"#3"},"west":{"uv":[8,5.33333,6,7.33333],"texture":"#3"},"up":{"uv":[12.33333,0,11.33333,2],"texture":"#3"},"down":{"uv":[12.33333,12,11.33333,10],"texture":"#3"}}},{"from":[6.995,11.79431,3.05154],"to":[9.005,12.59431,5.45154],"rotation":{"angle":-22.5,"axis":"x","origin":[8,17.09362,8.25455]},"faces":{"north":{"uv":[15.33333,9.33333,14,10],"texture":"#3"},"east":{"uv":[14.33333,0.66667,12.66667,1.33333],"texture":"#3"},"south":{"uv":[14.66667,8.66667,13.33333,9.33333],"texture":"#3"},"west":{"uv":[14.33333,1.33333,12.66667,2],"texture":"#3"},"up":{"uv":[1.33333,10,0,11.66667],"texture":"#3"},"down":{"uv":[11.33333,1.66667,10,0],"texture":"#3"}}},{"from":[7.245,17.905,7.97293],"to":[8.755,21.205,10.37293],"rotation":{"angle":0,"axis":"x","origin":[8,17.09362,8.25455]},"faces":{"north":{"uv":[10.33333,8,9.33333,10.33333],"texture":"#3"},"east":{"uv":[8.33333,0,6.66667,2.33333],"texture":"#3"},"south":{"uv":[9.66667,2.66667,8.66667,5],"texture":"#3"},"west":{"uv":[8.33333,2.66667,6.66667,5],"texture":"#3"},"up":{"uv":[13,7.33333,12,9],"texture":"#3"},"down":{"uv":[12.33333,13.66667,11.33333,12],"texture":"#3"}}},{"from":[6.995,9.38536,5.73114],"to":[9.005,10.18536,7.63114],"rotation":{"angle":0,"axis":"y","origin":[8,17.09362,8.25455]},"faces":{"north":{"uv":[15.33333,10.66667,14,11.33333],"texture":"#3"},"east":{"uv":[15.33333,10,14,10.66667],"texture":"#3"},"south":{"uv":[11.33333,14,10,14.66667],"texture":"#3"},"west":{"uv":[12.66667,14,11.33333,14.66667],"texture":"#3"},"up":{"uv":[7.33333,12,6,13.33333],"texture":"#3"},"down":{"uv":[13.33333,7.33333,12,6],"texture":"#3"}}},{"from":[7.35976,-0.81421,5.41375],"to":[8.64024,0.49383,8.44111],"rotation":{"angle":22.5,"axis":"x","origin":[8,-1.09362,8.25455]},"faces":{"north":{"uv":[13.66667,10,12.66667,11],"rotation":180,"texture":"#3"},"east":{"uv":[4.66667,10,5.66667,12],"rotation":270,"texture":"#3"},"south":{"uv":[11,13.66667,10,12.66667],"texture":"#3"},"west":{"uv":[10.66667,2,11.66667,4],"rotation":90,"texture":"#3"},"up":{"uv":[4.33333,12,3.33333,10],"texture":"#3"},"down":{"uv":[7,12,6,10],"rotation":180,"texture":"#3"}}},{"from":[8,-11.53074,3.7631],"to":[8,-3.50338,8.07114],"rotation":{"angle":-45,"axis":"x","origin":[8,-1.09362,8.25455]},"faces":{"north":{"uv":[0,5.33333,0,0],"texture":"#3"},"east":{"uv":[3.33333,5.33333,6.33333,0],"texture":"#3"},"south":{"uv":[0,5.33333,0,0],"texture":"#3"},"west":{"uv":[6.33333,5.33333,3.33333,0],"texture":"#3"},"up":{"uv":[0,0,0,3],"texture":"#3"},"down":{"uv":[0,3,0,0],"texture":"#3"}}},{"from":[7.45,1.17429,6.42362],"to":[8.55,4.57429,7.77362],"rotation":{"angle":-22.5,"axis":"x","origin":[8,-1.09362,8.25455]},"faces":{"north":{"uv":[8.66667,15,8,12.66667],"texture":"#3"},"east":{"uv":[1,9.66667,0,7.33333],"texture":"#3"},"south":{"uv":[8,15,7.33333,12.66667],"texture":"#3"},"west":{"uv":[2.33333,9.66667,1.33333,7.33333],"texture":"#3"},"up":{"uv":[14.66667,11.33333,14,12.33333],"texture":"#3"},"down":{"uv":[7.33333,14.33333,6.66667,13.33333],"texture":"#3"}}},{"from":[7.3,0.6452,5.5223],"to":[8.7,3.9452,7.1223],"rotation":{"angle":0,"axis":"x","origin":[8,-1.09362,8.25455]},"faces":{"north":{"uv":[6.33333,9.66667,5.33333,7.33333],"texture":"#3"},"east":{"uv":[5,9.66667,4,7.33333],"texture":"#3"},"south":{"uv":[3.66667,9.66667,2.66667,7.33333],"texture":"#3"},"west":{"uv":[7.66667,9.66667,6.66667,7.33333],"texture":"#3"},"up":{"uv":[13.66667,12.66667,12.66667,13.66667],"texture":"#3"},"down":{"uv":[13.66667,12.33333,12.66667,11.33333],"texture":"#3"}}},{"from":[7.5,-0.30188,4.60614],"to":[8.5,2.99812,6.20614],"rotation":{"angle":0,"axis":"x","origin":[8,-1.09362,8.25455]},"faces":{"north":{"uv":[8,10.33333,9,8],"texture":"#3"},"east":{"uv":[8,6.33333,10.33333,5.33333],"rotation":270,"texture":"#3"},"south":{"uv":[8.66667,0,9.66667,2.33333],"rotation":180,"texture":"#3"},"west":{"uv":[8,7.66667,10.33333,6.66667],"rotation":90,"texture":"#3"},"up":{"uv":[1,13.33333,0,14.33333],"texture":"#3"},"down":{"uv":[2.33333,13.33333,1.33333,14.33333],"rotation":180,"texture":"#3"}}},{"from":[7.5,-4.69928,6.8051],"to":[8.5,-1.39928,8.4051],"rotation":{"angle":22.5,"axis":"x","origin":[8,-1.09362,8.25455]},"faces":{"north":{"uv":[8,10.33333,9,8],"texture":"#3"},"east":{"uv":[8,6.33333,10.33333,5.33333],"rotation":270,"texture":"#3"},"south":{"uv":[8.66667,0,9.66667,2.33333],"rotation":180,"texture":"#3"},"west":{"uv":[8,7.66667,10.33333,6.66667],"rotation":90,"texture":"#3"},"up":{"uv":[1,13.33333,0,14.33333],"texture":"#3"},"down":{"uv":[2.33333,13.33333,1.33333,14.33333],"rotation":180,"texture":"#3"}}},{"from":[7.5,-9.01239,6.10441],"to":[8.5,-5.71239,7.70441],"rotation":{"angle":-22.5,"axis":"x","origin":[8,-1.09362,8.25455]},"faces":{"north":{"uv":[8,10.33333,9,8],"texture":"#3"},"east":{"uv":[8,6.33333,10.33333,5.33333],"rotation":270,"texture":"#3"},"south":{"uv":[8.66667,0,9.66667,2.33333],"rotation":180,"texture":"#3"},"west":{"uv":[8,7.66667,10.33333,6.66667],"rotation":90,"texture":"#3"},"up":{"uv":[1,13.33333,0,14.33333],"texture":"#3"},"down":{"uv":[2.33333,13.33333,1.33333,14.33333],"rotation":180,"texture":"#3"}}},{"from":[7.55,-9.7863,4.16179],"to":[8.45,-6.4863,5.76179],"rotation":{"angle":-45,"axis":"x","origin":[8,-1.09362,8.25455]},"faces":{"north":{"uv":[8,10.33333,9,8],"texture":"#3"},"east":{"uv":[8,6.33333,10.33333,5.33333],"rotation":270,"texture":"#3"},"south":{"uv":[8.66667,0,9.66667,2.33333],"rotation":180,"texture":"#3"},"west":{"uv":[8,7.66667,10.33333,6.66667],"rotation":90,"texture":"#3"},"up":{"uv":[1,13.33333,0,14.33333],"texture":"#3"},"down":{"uv":[2.33333,13.33333,1.33333,14.33333],"rotation":180,"texture":"#3"}}},{"from":[6.95,-2.54283,6.44277],"to":[9.05,-0.74283,8.24277],"rotation":{"angle":22.5,"axis":"x","origin":[8,-1.09362,8.25455]},"faces":{"north":{"uv":[6,13.33333,4.66667,12],"rotation":180,"texture":"#3"},"east":{"uv":[12,2,13.33333,3.33333],"rotation":90,"texture":"#3"},"south":{"uv":[13.33333,4.66667,12,6],"texture":"#3"},"west":{"uv":[12,3.33333,13.33333,4.66667],"rotation":270,"texture":"#3"},"up":{"uv":[4.66667,13.33333,3.33333,12],"rotation":180,"texture":"#3"},"down":{"uv":[1.33333,13.33333,0,12],"texture":"#3"}}},{"from":[7.4,1.60989,2.99069],"to":[8.6,3.25989,4.34069],"rotation":{"angle":22.5,"axis":"x","origin":[8,-1.09362,8.25455]},"faces":{"north":{"uv":[14.66667,13.66667,14,12.66667],"texture":"#3"},"east":{"uv":[14.33333,3,13.33333,2],"texture":"#3"},"south":{"uv":[13.33333,15,12.66667,14],"texture":"#3"},"west":{"uv":[3.66667,14.33333,2.66667,13.33333],"texture":"#3"},"up":{"uv":[14.66667,14,14,15],"texture":"#3"},"down":{"uv":[14,15,13.33333,14],"texture":"#3"}}},{"from":[7.35,4.3529,7.60122],"to":[8.65,5.7029,9.25122],"rotation":{"angle":-22.5,"axis":"x","origin":[8,-1.09362,8.25455]},"faces":{"north":{"uv":[14.33333,5.66667,13.33333,4.66667],"texture":"#3"},"east":{"uv":[5,14.33333,4,13.33333],"texture":"#3"},"south":{"uv":[14.33333,4.33333,13.33333,3.33333],"texture":"#3"},"west":{"uv":[6.33333,14.33333,5.33333,13.33333],"texture":"#3"},"up":{"uv":[14.33333,7.33333,13.33333,8.33333],"texture":"#3"},"down":{"uv":[14.33333,7,13.33333,6],"texture":"#3"}}},{"from":[7.175,-6.17756,9.50561],"to":[8.825,-3.37756,12.30561],"rotation":{"angle":22.5,"axis":"x","origin":[8,-1.09362,8.25455]},"faces":{"north":{"uv":[11.66667,8,10.66667,6],"texture":"#3"},"east":{"uv":[2,7.33333,0,5.33333],"texture":"#3"},"south":{"uv":[11.66667,6,10.66667,4],"texture":"#3"},"west":{"uv":[4,7.33333,2,5.33333],"texture":"#3"},"up":{"uv":[11.66667,8,10.66667,10],"texture":"#3"},"down":{"uv":[8.33333,12.66667,7.33333,10.66667],"texture":"#3"}}},{"from":[7.175,-1.88663,7.56956],"to":[8.825,0.91337,10.36956],"rotation":{"angle":45,"axis":"x","origin":[8,-1.09362,8.25455]},"faces":{"north":{"uv":[11,12.66667,10,10.66667],"texture":"#3"},"east":{"uv":[6,7.33333,4,5.33333],"texture":"#3"},"south":{"uv":[9.66667,12.66667,8.66667,10.66667],"texture":"#3"},"west":{"uv":[8,7.33333,6,5.33333],"texture":"#3"},"up":{"uv":[12.33333,10,11.33333,12],"texture":"#3"},"down":{"uv":[12.33333,2,11.33333,0],"texture":"#3"}}},{"from":[6.995,3.40569,3.05154],"to":[9.005,4.20569,5.45154],"rotation":{"angle":22.5,"axis":"x","origin":[8,-1.09362,8.25455]},"faces":{"north":{"uv":[15.33333,10,14,9.33333],"texture":"#3"},"east":{"uv":[14.33333,1.33333,12.66667,0.66667],"texture":"#3"},"south":{"uv":[14.66667,9.33333,13.33333,8.66667],"texture":"#3"},"west":{"uv":[14.33333,2,12.66667,1.33333],"texture":"#3"},"up":{"uv":[11.33333,0,10,1.66667],"texture":"#3"},"down":{"uv":[1.33333,11.66667,0,10],"texture":"#3"}}},{"from":[7.245,-5.205,7.97293],"to":[8.755,-1.905,10.37293],"rotation":{"angle":0,"axis":"x","origin":[8,-1.09362,8.25455]},"faces":{"north":{"uv":[10.33333,10.33333,9.33333,8],"texture":"#3"},"east":{"uv":[8.33333,2.33333,6.66667,0],"texture":"#3"},"south":{"uv":[9.66667,5,8.66667,2.66667],"texture":"#3"},"west":{"uv":[8.33333,5,6.66667,2.66667],"texture":"#3"},"up":{"uv":[12.33333,12,11.33333,13.66667],"texture":"#3"},"down":{"uv":[13,9,12,7.33333],"texture":"#3"}}},{"from":[6.995,5.81464,5.73114],"to":[9.005,6.61464,7.63114],"rotation":{"angle":0,"axis":"y","origin":[8,-1.09362,8.25455]},"faces":{"north":{"uv":[15.33333,11.33333,14,10.66667],"texture":"#3"},"east":{"uv":[15.33333,10.66667,14,10],"texture":"#3"},"south":{"uv":[11.33333,14.66667,10,14],"texture":"#3"},"west":{"uv":[12.66667,14.66667,11.33333,14],"texture":"#3"},"up":{"uv":[13.33333,6,12,7.33333],"texture":"#3"},"down":{"uv":[7.33333,13.33333,6,12],"texture":"#3"}}},{"from":[7.45,6.18536,6.13114],"to":[8.55,10.93536,7.23114],"rotation":{"angle":0,"axis":"y","origin":[8,8.5,8.5]},"faces":{"north":{"uv":[10.66667,2,10,5.33333],"texture":"#3"},"east":{"uv":[2.66667,10,2,13.33333],"texture":"#3"},"south":{"uv":[2,10,1.33333,13.33333],"texture":"#3"},"west":{"uv":[3.33333,10,2.66667,13.33333],"texture":"#3"},"up":{"uv":[0.66667,14.66667,0,15.33333],"texture":"#3"},"down":{"uv":[15.33333,0.66667,14.66667,0],"texture":"#3"}}},{"from":[8,-9.06464,14.13114],"to":[8,25.18536,14.68114],"rotation":{"angle":0,"axis":"y","origin":[8,8,9.5]},"faces":{"north":{"uv":[0,0,0,12],"texture":"#2"},"east":{"uv":[0.2,0,0,12],"texture":"#2"},"south":{"uv":[0,0,0,12],"texture":"#2"},"west":{"uv":[0,0,0.2,12],"texture":"#2"},"up":{"uv":[0,0,0,6.6],"texture":"#2"},"down":{"uv":[0,6.6,0,0],"texture":"#2"}}}],"gui_light":"front","display":{"thirdperson_righthand":{"translation":[0,-2,3.25],"scale":[0.8,0.8,0.8]},"thirdperson_lefthand":{"translation":[0,-2,3.25],"scale":[0.8,0.8,0.8]},"firstperson_righthand":{"rotation":[9.04,0.22,8.08],"translation":[7.25,0,-8.75]},"firstperson_lefthand":{"rotation":[9.04,0.22,8.08],"translation":[7.25,0,-8.75]},"ground":{"rotation":[0,0,-82],"scale":[0.67,0.67,0.67]},"gui":{"rotation":[90,45,90],"translation":[-0.75,0.75,-2],"scale":[0.5,0.5,0.5]},"head":{"scale":[0,0,0]},"fixed":{"rotation":[90,-45,90],"translation":[0.75,1.25,-2]}},"groups":[{"name":"bow21","origin":[8,20.80866,22.60692],"color":0,"children":[{"name":"group","origin":[7.995,10.78536,10.81886],"color":0,"children":[0,1,2,3,4,5,6,7,8,9,10,11,12,13,14,15]},{"name":"group","origin":[7.995,10.78536,10.81886],"color":0,"children":[16,17,18,19,20,21,22,23,24,25,26,27,28,29,30,31]},32,33]}]}