{"credit":"Made with Blockbench","textures":{"2":"item/fishingrods/blaze_animation","3":"item/fishingrods/blaze_fishing_rod","particle":"item/fishingrods/blaze_animation"},"elements":[{"from":[7.4,0,7.4],"to":[8.6,1.2,8.6],"rotation":{"angle":0,"axis":"y","origin":[7.5,0,7.5]},"faces":{"north":{"uv":[11,0,12.25,1.25],"texture":"#3"},"east":{"uv":[1,11,2.25,12.25],"texture":"#3"},"south":{"uv":[11,2,12.25,3.25],"texture":"#3"},"west":{"uv":[3,11,4.25,12.25],"texture":"#3"},"up":{"uv":[12.25,7.25,11,6],"texture":"#3"},"down":{"uv":[12.25,8,11,9.25],"texture":"#3"}}},{"from":[7.4,5.2,7.4],"to":[8.6,6.4,8.6],"rotation":{"angle":0,"axis":"y","origin":[7.5,-1,7.5]},"faces":{"north":{"uv":[9,11,10.25,12.25],"texture":"#3"},"east":{"uv":[11,10,12.25,11.25],"texture":"#3"},"south":{"uv":[12,4,13.25,5.25],"texture":"#3"},"west":{"uv":[5,12,6.25,13.25],"texture":"#3"},"up":{"uv":[8.25,13.25,7,12],"texture":"#3"},"down":{"uv":[12.25,12,11,13.25],"texture":"#3"}}},{"from":[7.5,1.2,7.5],"to":[8.5,2.2,8.5],"rotation":{"angle":0,"axis":"y","origin":[6.9,-5.6,6.9]},"faces":{"north":{"uv":[8,3,9,4],"texture":"#3"},"east":{"uv":[8,7,9,8],"texture":"#3"},"south":{"uv":[10,6,11,7],"texture":"#3"},"west":{"uv":[5,11,6,12],"texture":"#3"},"up":{"uv":[14,4,13,3],"texture":"#3"},"down":{"uv":[14,6,13,7],"texture":"#3"}}},{"from":[7.6,2.2,7.6],"to":[8.4,5.2,8.4],"rotation":{"angle":0,"axis":"y","origin":[6.9,-5.6,6.9]},"faces":{"north":{"uv":[8,0,8.75,3],"texture":"#3"},"east":{"uv":[3,8,3.75,11],"texture":"#3"},"south":{"uv":[4,8,4.75,11],"texture":"#3"},"west":{"uv":[5,8,5.75,11],"texture":"#3"},"up":{"uv":[14.75,4.75,14,4],"texture":"#3"},"down":{"uv":[5.75,14,5,14.75],"texture":"#3"}}},{"from":[7.75,-0.9,6.83579],"to":[8.25,0.1,8.83579],"rotation":{"angle":-45,"axis":"x","origin":[8.25,1.6,7.83579]},"faces":{"north":{"uv":[10,14,10.5,15],"texture":"#3"},"east":{"uv":[10,4,12,5],"texture":"#3"},"south":{"uv":[14,10,14.5,11],"texture":"#3"},"west":{"uv":[10,5,12,6],"texture":"#3"},"up":{"uv":[13.5,9,13,7],"texture":"#3"},"down":{"uv":[9.5,13,9,15],"texture":"#3"}}},{"from":[7.75,-0.31421,4.75],"to":[8.25,0.68579,7.75],"rotation":{"angle":45,"axis":"x","origin":[8,0.18579,6.75]},"faces":{"north":{"uv":[11,14,11.5,15],"texture":"#3"},"east":{"uv":[3,7,6,8],"texture":"#3"},"south":{"uv":[14,11,14.5,12],"texture":"#3"},"west":{"uv":[7,4,10,5],"texture":"#3"},"up":{"uv":[0.5,16,0,13],"texture":"#3"},"down":{"uv":[13.5,0,13,3],"texture":"#3"}}},{"from":[7.5,6,7],"to":[8.5,8,9],"rotation":{"angle":45,"axis":"x","origin":[8,7,8]},"faces":{"north":{"uv":[6,10,7,12],"texture":"#3"},"east":{"uv":[3,5,5,7],"texture":"#3"},"south":{"uv":[7,10,8,12],"texture":"#3"},"west":{"uv":[5,5,7,7],"texture":"#3"},"up":{"uv":[9,12,8,10],"texture":"#3"},"down":{"uv":[1,11,0,13],"texture":"#3"}}},{"from":[7.3,6.3,7.3],"to":[8.7,7.7,8.7],"rotation":{"angle":45,"axis":"x","origin":[7.3,7,8]},"faces":{"north":{"uv":[8,5,9.5,6.5],"texture":"#3"},"east":{"uv":[7,8,8.5,9.5],"texture":"#3"},"south":{"uv":[9,0,10.5,1.5],"texture":"#3"},"west":{"uv":[9,2,10.5,3.5],"texture":"#3"},"up":{"uv":[10.5,8.5,9,7],"texture":"#3"},"down":{"uv":[10.5,9,9,10.5],"texture":"#3"}}},{"from":[8,-2.75355,3.06802],"to":[8,2.24645,5.06802],"rotation":{"angle":-45,"axis":"x","origin":[7,1.24645,3.56802]},"faces":{"north":{"uv":[0,0,0,5],"texture":"#3"},"east":{"uv":[3,0,5,5],"texture":"#3"},"south":{"uv":[0,0,0,5],"texture":"#3"},"west":{"uv":[5,0,7,5],"texture":"#3"},"up":{"uv":[0,2,0,0],"texture":"#3"},"down":{"uv":[0,0,0,2],"texture":"#3"}}},{"from":[7.75,5.03934,9.28934],"to":[8.25,8.03934,10.28934],"rotation":{"angle":-22.5,"axis":"x","origin":[8,6.03934,10.28934]},"faces":{"north":{"uv":[0.5,16,0,13],"rotation":180,"texture":"#3"},"east":{"uv":[3,7,6,8],"rotation":90,"texture":"#3"},"south":{"uv":[13.5,0,13,3],"texture":"#3"},"west":{"uv":[7,4,10,5],"rotation":270,"texture":"#3"},"up":{"uv":[14,11,14.5,12],"texture":"#3"},"down":{"uv":[11,14,11.5,15],"rotation":180,"texture":"#3"}}},{"from":[8,3.03934,9.78934],"to":[8,8.03934,11.78934],"rotation":{"angle":-22.5,"axis":"x","origin":[8,6.03934,10.28934]},"faces":{"north":{"uv":[0,0,0,5],"rotation":180,"texture":"#3"},"east":{"uv":[3,0,5,5],"rotation":180,"texture":"#3"},"south":{"uv":[0,0,0,5],"rotation":180,"texture":"#3"},"west":{"uv":[5,0,7,5],"rotation":180,"texture":"#3"},"up":{"uv":[0,0,0,2],"texture":"#3"},"down":{"uv":[0,2,0,0],"texture":"#3"}}},{"from":[8,-2.75355,10.93198],"to":[8,0.24645,11.93198],"rotation":{"angle":45,"axis":"x","origin":[7,1.24645,12.43198]},"faces":{"north":{"uv":[0,0,0,3],"texture":"#3"},"east":{"uv":[7,5,8,8],"texture":"#3"},"south":{"uv":[0,0,0,3],"texture":"#3"},"west":{"uv":[6,7,7,10],"texture":"#3"},"up":{"uv":[0,1,0,0],"texture":"#3"},"down":{"uv":[0,0,0,1],"texture":"#3"}}},{"from":[7.35,6.97014,5.53188],"to":[7.35,15.62986,9.46812],"rotation":{"angle":-22.5,"axis":"x","origin":[7.35,11.3,7.5]},"faces":{"north":{"uv":[7.33333,0,0,0],"rotation":270,"texture":"#2"},"east":{"uv":[13.94444,6.61111,1.94444,1],"rotation":270,"texture":"#2"},"south":{"uv":[7.33333,0,0,0],"rotation":270,"texture":"#2"},"west":{"uv":[1.94444,6.61111,13.94444,1],"rotation":90,"texture":"#2"},"up":{"uv":[0,3.33333,0,0],"rotation":180,"texture":"#2"},"down":{"uv":[0,3.33333,0,0],"texture":"#2"}}},{"from":[8.65,6.97014,5.53188],"to":[8.65,15.62986,9.46812],"rotation":{"angle":-22.5,"axis":"x","origin":[8.65,11.3,7.5]},"faces":{"north":{"uv":[7.33333,0,0,0],"rotation":270,"texture":"#2"},"east":{"uv":[1.94444,1,13.94444,6.61111],"rotation":90,"texture":"#2"},"south":{"uv":[7.33333,0,0,0],"rotation":270,"texture":"#2"},"west":{"uv":[13.94444,1,1.94444,6.61111],"rotation":270,"texture":"#2"},"up":{"uv":[0,3.33333,0,0],"rotation":180,"texture":"#2"},"down":{"uv":[0,3.33333,0,0],"texture":"#2"}}},{"from":[8.65,6.97014,5.53188],"to":[8.65,15.62986,9.46812],"rotation":{"angle":-22.5,"axis":"x","origin":[8.65,11.3,7.5]},"faces":{"north":{"uv":[7.33333,0,0,0],"rotation":270,"texture":"#2"},"east":{"uv":[1.94444,1,13.94444,6.61111],"rotation":90,"texture":"#2"},"south":{"uv":[7.33333,0,0,0],"rotation":270,"texture":"#2"},"west":{"uv":[13.94444,1,1.94444,6.61111],"rotation":270,"texture":"#2"},"up":{"uv":[0,3.33333,0,0],"rotation":180,"texture":"#2"},"down":{"uv":[0,3.33333,0,0],"texture":"#2"}}},{"from":[7.7,12.87276,6.25963],"to":[8.3,14.37276,6.85963],"rotation":{"angle":-45,"axis":"x","origin":[8,13.97276,6.93463]},"faces":{"north":{"uv":[13,11,13.5,12.5],"texture":"#3"},"east":{"uv":[13,13,13.5,14.5],"texture":"#3"},"south":{"uv":[14,0,14.5,1.5],"texture":"#3"},"west":{"uv":[14,2,14.5,3.5],"texture":"#3"},"up":{"uv":[12.5,14.5,12,14],"texture":"#3"},"down":{"uv":[14.5,12,14,12.5],"texture":"#3"}}},{"from":[7.6,11.125,7.3],"to":[8.4,13.125,8.1],"rotation":{"angle":-22.5,"axis":"x","origin":[8,12.125,7.7]},"faces":{"north":{"uv":[1,13,1.75,15],"texture":"#3"},"east":{"uv":[2,13,2.75,15],"texture":"#3"},"south":{"uv":[3,13,3.75,15],"texture":"#3"},"west":{"uv":[4,13,4.75,15],"texture":"#3"},"up":{"uv":[14.75,5.75,14,5],"texture":"#3"},"down":{"uv":[6.75,14,6,14.75],"texture":"#3"}}},{"from":[7.525,7.4,7.525],"to":[8.475,11.4,8.475],"rotation":{"angle":0,"axis":"y","origin":[8,8.9,3]},"faces":{"north":{"uv":[0,7,1,11],"texture":"#3"},"east":{"uv":[7,0,8,4],"texture":"#3"},"south":{"uv":[1,7,2,11],"texture":"#3"},"west":{"uv":[2,7,3,11],"texture":"#3"},"up":{"uv":[14,10,13,9],"texture":"#3"},"down":{"uv":[11,13,10,14],"texture":"#3"}}},{"from":[7.45,8.375,6.675],"to":[8.55,8.375,7.775],"rotation":{"angle":0,"axis":"y","origin":[7.45,8.375,6.675]},"faces":{"north":{"uv":[0,0,1,0],"texture":"#3"},"east":{"uv":[0,0,1,0],"texture":"#3"},"south":{"uv":[0,0,1,0],"texture":"#3"},"west":{"uv":[0,0,1,0],"texture":"#3"},"up":{"uv":[14,11,13,10],"texture":"#3"},"down":{"uv":[13,10,14,11],"texture":"#3"}}},{"from":[7.45,10.375,6.675],"to":[8.55,10.375,7.775],"rotation":{"angle":0,"axis":"y","origin":[7.45,10.375,6.675]},"faces":{"north":{"uv":[0,0,1,0],"texture":"#3"},"east":{"uv":[0,0,1,0],"texture":"#3"},"south":{"uv":[0,0,1,0],"texture":"#3"},"west":{"uv":[0,0,1,0],"texture":"#3"},"up":{"uv":[14,11,13,10],"texture":"#3"},"down":{"uv":[13,10,14,11],"texture":"#3"}}},{"from":[7.45,11.975,6.4],"to":[8.55,11.975,7.5],"rotation":{"angle":-22.5,"axis":"x","origin":[8,11.975,6.95]},"faces":{"north":{"uv":[0,0,1,0],"texture":"#3"},"east":{"uv":[0,0,1,0],"texture":"#3"},"south":{"uv":[0,0,1,0],"texture":"#3"},"west":{"uv":[0,0,1,0],"texture":"#3"},"up":{"uv":[14,11,13,10],"texture":"#3"},"down":{"uv":[13,10,14,11],"texture":"#3"}}},{"from":[7.45,13.2,5.85],"to":[8.55,13.2,6.95],"rotation":{"angle":-45,"axis":"x","origin":[8,13.2,6.4]},"faces":{"north":{"uv":[0,0,1,0],"texture":"#3"},"east":{"uv":[0,0,1,0],"texture":"#3"},"south":{"uv":[0,0,1,0],"texture":"#3"},"west":{"uv":[0,0,1,0],"texture":"#3"},"up":{"uv":[14,11,13,10],"texture":"#3"},"down":{"uv":[13,10,14,11],"texture":"#3"}}},{"from":[7.66,12.135,5.51],"to":[8.34,12.815,6.19],"rotation":{"angle":-45,"axis":"x","origin":[7.66,12.135,5.51]},"faces":{"north":{"uv":[14,6,14.75,6.75],"texture":"#3"},"east":{"uv":[7,14,7.75,14.75],"texture":"#3"},"south":{"uv":[14,7,14.75,7.75],"texture":"#3"},"west":{"uv":[8,14,8.75,14.75],"texture":"#3"},"up":{"uv":[14.75,8.75,14,8],"texture":"#3"},"down":{"uv":[14.75,9,14,9.75],"texture":"#3"}}},{"from":[8,7,4.7],"to":[8,14,7.7],"rotation":{"angle":0,"axis":"y","origin":[7,7,4.7]},"faces":{"north":{"uv":[0,0,0,7],"texture":"#3"},"east":{"uv":[3,0,0,7],"texture":"#3"},"south":{"uv":[0,0,0,7],"texture":"#3"},"west":{"uv":[0,0,3,7],"texture":"#3"},"up":{"uv":[0,3,0,0],"texture":"#3"},"down":{"uv":[0,0,0,3],"texture":"#3"}}}],"gui_light":"front","display":{"thirdperson_righthand":{"translation":[0,5.25,1.75],"scale":[1.28711,1.28711,1.28711]},"thirdperson_lefthand":{"translation":[0,5.25,1.75],"scale":[1.28711,1.28711,1.28711]},"firstperson_righthand":{"rotation":[-18.42,8.64,-1.7],"translation":[-2.75,6.75,3.75],"scale":[0.77344,0.77344,0.77344]},"firstperson_lefthand":{"rotation":[-18.42,8.64,-1.7],"translation":[-2.75,6.75,3.75],"scale":[0.77344,0.77344,0.77344]},"ground":{"rotation":[24.37,-12.62,77.77],"translation":[0,2.75,1.75],"scale":[1.28711,1.28711,1.28711]},"gui":{"rotation":[90,-135,90],"translation":[1,1.75,-0.75],"scale":[1.04883,1.04883,1.04883]},"head":{"rotation":[90,45,90],"translation":[6.5,-12.75,4.75],"scale":[1.5,1.5,1.5]},"fixed":{"rotation":[-90,90,90],"translation":[-0.5,5.25,-2.75],"scale":[3.10547,3.10547,3.10547]}}}