{"credit":"Made with Blockbench","textures":{"2":"item/fishingrods/darkworld_animation_1","3":"item/fishingrods/darkworld_fishing_rod_cast","particle":"item/fishingrods/darkworld_animation_1"},"elements":[{"from":[7.5,5.1,7],"to":[8.5,7.1,9],"rotation":{"angle":-45,"axis":"x","origin":[8,6.1,8]},"faces":{"north":{"uv":[3,8,4,10],"texture":"#3"},"east":{"uv":[6,0,8,2],"texture":"#3"},"south":{"uv":[3,10,4,12],"texture":"#3"},"west":{"uv":[6,2,8,4],"texture":"#3"},"up":{"uv":[5,12,4,10],"texture":"#3"},"down":{"uv":[11,4,10,6],"texture":"#3"}}},{"from":[7.3,5.3,7.2],"to":[8.7,6.9,8.8],"rotation":{"angle":-45,"axis":"x","origin":[9,6.1,8]},"faces":{"north":{"uv":[8,3,9.5,4.5],"texture":"#3"},"east":{"uv":[8,5,9.5,6.5],"texture":"#3"},"south":{"uv":[8,7,9.5,8.5],"texture":"#3"},"west":{"uv":[9,0,10.5,1.5],"texture":"#3"},"up":{"uv":[9.5,10.5,8,9],"texture":"#3"},"down":{"uv":[11.5,2,10,3.5],"texture":"#3"}}},{"from":[7.33,-0.17,7.33],"to":[8.67,1.17,8.67],"rotation":{"angle":0,"axis":"y","origin":[7.33,-0.17,7.33]},"faces":{"north":{"uv":[10,9,11.25,10.25],"texture":"#3"},"east":{"uv":[0,11,1.25,12.25],"texture":"#3"},"south":{"uv":[11,0,12.25,1.25],"texture":"#3"},"west":{"uv":[11,4,12.25,5.25],"texture":"#3"},"up":{"uv":[6.25,12.25,5,11],"texture":"#3"},"down":{"uv":[12.25,7,11,8.25],"texture":"#3"}}},{"from":[7.33,3.83,7.33],"to":[8.67,5.17,8.67],"rotation":{"angle":0,"axis":"y","origin":[7.33,-2.17,7.33]},"faces":{"north":{"uv":[8,11,9.25,12.25],"texture":"#3"},"east":{"uv":[10,11,11.25,12.25],"texture":"#3"},"south":{"uv":[2,12,3.25,13.25],"texture":"#3"},"west":{"uv":[12,2,13.25,3.25],"texture":"#3"},"up":{"uv":[13.25,10.25,12,9],"texture":"#3"},"down":{"uv":[13.25,11,12,12.25],"texture":"#3"}}},{"from":[7.5,1.17,7.5],"to":[8.5,3.87,8.5],"rotation":{"angle":0,"axis":"y","origin":[6.83,-5.66,6.83]},"faces":{"north":{"uv":[0,8,1,10.75],"texture":"#3"},"east":{"uv":[8,0,9,2.75],"texture":"#3"},"south":{"uv":[1,8,2,10.75],"texture":"#3"},"west":{"uv":[2,8,3,10.75],"texture":"#3"},"up":{"uv":[10,3,9,2],"texture":"#3"},"down":{"uv":[3,11,2,12],"texture":"#3"}}},{"from":[7.5,-0.9,7.5],"to":[8.5,0.1,8.5],"rotation":{"angle":45,"axis":"x","origin":[8,-0.4,8]},"faces":{"north":{"uv":[13,5,14,6],"texture":"#3"},"east":{"uv":[6,13,7,14],"texture":"#3"},"south":{"uv":[13,7,14,8],"texture":"#3"},"west":{"uv":[8,13,9,14],"texture":"#3"},"up":{"uv":[14,9,13,8],"texture":"#3"},"down":{"uv":[10,13,9,14],"texture":"#3"}}},{"from":[7.525,5.13786,7.88535],"to":[8.475,6.08786,9.88535],"rotation":{"angle":22.5,"axis":"x","origin":[8,6.97666,9.90538]},"faces":{"north":{"uv":[10,13,11,14],"texture":"#3"},"east":{"uv":[5,10,7,11],"texture":"#3"},"south":{"uv":[11,13,12,14],"texture":"#3"},"west":{"uv":[10,6,12,7],"texture":"#3"},"up":{"uv":[8,12,7,10],"texture":"#3"},"down":{"uv":[11,7,10,9],"texture":"#3"}}},{"from":[7.525,7,7.525],"to":[8.475,11.4,8.475],"rotation":{"angle":0,"axis":"y","origin":[8,8.9,3]},"faces":{"north":{"uv":[4,0,5,4.5],"texture":"#3"},"east":{"uv":[5,0,6,4.5],"texture":"#3"},"south":{"uv":[4,5,5,9.5],"texture":"#3"},"west":{"uv":[5,5,6,9.5],"texture":"#3"},"up":{"uv":[15,1,14,0],"texture":"#3"},"down":{"uv":[15,1,14,2],"texture":"#3"}}},{"from":[7.6,11.125,7.3],"to":[8.4,13.125,8.1],"rotation":{"angle":-22.5,"axis":"x","origin":[8,12.125,7.7]},"faces":{"north":{"uv":[4,12,4.75,14],"texture":"#3"},"east":{"uv":[7,12,7.75,14],"texture":"#3"},"south":{"uv":[0,13,0.75,15],"texture":"#3"},"west":{"uv":[13,0,13.75,2],"texture":"#3"},"up":{"uv":[15.75,3.75,15,3],"texture":"#3"},"down":{"uv":[15.75,4,15,4.75],"texture":"#3"}}},{"from":[7.7,12.87276,6.25963],"to":[8.3,14.37276,6.85963],"rotation":{"angle":-45,"axis":"x","origin":[8,13.97276,6.93463]},"faces":{"north":{"uv":[3,14,3.5,15.5],"texture":"#3"},"east":{"uv":[4,14,4.5,15.5],"texture":"#3"},"south":{"uv":[14,5,14.5,6.5],"texture":"#3"},"west":{"uv":[6,14,6.5,15.5],"texture":"#3"},"up":{"uv":[15.5,13.5,15,13],"texture":"#3"},"down":{"uv":[14.5,15,14,15.5],"texture":"#3"}}},{"from":[7.625,6.575,8.23921],"to":[8.375,7.325,9.93921],"rotation":{"angle":-22.5,"axis":"x","origin":[8,6.97666,9.90538]},"faces":{"north":{"uv":[14,3,14.75,3.75],"texture":"#3"},"east":{"uv":[12,6,13.75,6.75],"texture":"#3"},"south":{"uv":[7,14,7.75,14.75],"texture":"#3"},"west":{"uv":[13,4,14.75,4.75],"texture":"#3"},"up":{"uv":[1.75,14.75,1,13],"texture":"#3"},"down":{"uv":[5.75,13,5,14.75],"texture":"#3"}}},{"from":[7.5,5.7722,9.66792],"to":[8.5,8.7722,10.66792],"rotation":{"angle":22.5,"axis":"x","origin":[8,6.97666,9.90538]},"faces":{"north":{"uv":[6,4,7,7],"texture":"#3"},"east":{"uv":[7,4,8,7],"texture":"#3"},"south":{"uv":[6,7,7,10],"texture":"#3"},"west":{"uv":[7,7,8,10],"texture":"#3"},"up":{"uv":[13,14,12,13],"texture":"#3"},"down":{"uv":[14,13,13,14],"texture":"#3"}}},{"from":[7.586,8.32223,10.41639],"to":[8.414,9.15023,11.24439],"rotation":{"angle":0,"axis":"x","origin":[8,6.97666,9.90538]},"faces":{"north":{"uv":[14,7,14.75,7.75],"texture":"#3"},"east":{"uv":[8,14,8.75,14.75],"texture":"#3"},"south":{"uv":[14,8,14.75,8.75],"texture":"#3"},"west":{"uv":[9,14,9.75,14.75],"texture":"#3"},"up":{"uv":[14.75,9.75,14,9],"texture":"#3"}}},{"from":[7.6688,8.46599,11.25981],"to":[8.3312,9.12839,11.92221],"rotation":{"angle":-22.5,"axis":"x","origin":[8,6.97666,9.90538]},"faces":{"north":{"uv":[10,14,10.75,14.75],"texture":"#3"},"east":{"uv":[14,10,14.75,10.75],"texture":"#3"},"south":{"uv":[11,14,11.75,14.75],"texture":"#3"},"west":{"uv":[14,11,14.75,11.75],"texture":"#3"},"up":{"uv":[12.75,14.75,12,14],"texture":"#3"}}},{"from":[7.73504,9.08358,8.15682],"to":[8.26496,9.6135,8.68674],"rotation":{"angle":45,"axis":"x","origin":[8,6.97666,9.90538]},"faces":{"north":{"uv":[15.5,10.5,15,10],"rotation":180,"texture":"#3"},"east":{"uv":[9,15,9.5,15.5],"rotation":90,"texture":"#3"},"west":{"uv":[10,15,10.5,15.5],"rotation":270,"texture":"#3"},"up":{"uv":[15,9,15.5,9.5],"texture":"#3"},"down":{"uv":[15,8,15.5,8.5],"rotation":180,"texture":"#3"}}},{"from":[7.586,5.10487,9.29493],"to":[8.414,5.93287,10.12293],"rotation":{"angle":0,"axis":"x","origin":[8,6.97666,9.90538]},"faces":{"north":{"uv":[14,12,14.75,12.75],"texture":"#3"},"east":{"uv":[13,14,13.75,14.75],"texture":"#3"},"south":{"uv":[14,13,14.75,13.75],"texture":"#3"},"west":{"uv":[14,14,14.75,14.75],"texture":"#3"},"down":{"uv":[0.75,15,0,15.75],"texture":"#3"}}},{"from":[7.6688,4.82493,8.67713],"to":[8.3312,5.48733,9.33953],"rotation":{"angle":-22.5,"axis":"x","origin":[8,6.97666,9.90538]},"faces":{"north":{"uv":[15,0,15.75,0.75],"texture":"#3"},"east":{"uv":[1,15,1.75,15.75],"texture":"#3"},"south":{"uv":[15,1,15.75,1.75],"texture":"#3"},"west":{"uv":[2,15,2.75,15.75],"texture":"#3"},"down":{"uv":[15.75,2,15,2.75],"texture":"#3"}}},{"from":[7.73504,5.06837,11.4258],"to":[8.26496,5.59829,11.95572],"rotation":{"angle":45,"axis":"x","origin":[8,6.97666,9.90538]},"faces":{"east":{"uv":[15,11,15.5,11.5],"rotation":90,"texture":"#3"},"south":{"uv":[13.5,15,13,15.5],"texture":"#3"},"west":{"uv":[15,12,15.5,12.5],"rotation":270,"texture":"#3"},"up":{"uv":[12,15,12.5,15.5],"texture":"#3"},"down":{"uv":[11,15,11.5,15.5],"rotation":180,"texture":"#3"}}},{"from":[7.15,3.75,5.55],"to":[7.15,8.65,10.45],"rotation":{"angle":0,"axis":"y","origin":[8.095,4.66,14.3]},"faces":{"north":{"uv":[0,0,0,14],"texture":"#2"},"south":{"uv":[0,0,0,14],"texture":"#2"},"west":{"uv":[0,0,14,14],"texture":"#2"},"up":{"uv":[0,14,0,0],"texture":"#2"},"down":{"uv":[0,0,0,14],"texture":"#2"}}},{"from":[8.85,3.75,5.55],"to":[8.85,8.65,10.45],"rotation":{"angle":0,"axis":"y","origin":[7.905,4.66,14.3]},"faces":{"north":{"uv":[0,0,0,14],"texture":"#2"},"east":{"uv":[14,0,0,14],"texture":"#2"},"south":{"uv":[0,0,0,14],"texture":"#2"},"up":{"uv":[0,14,0,0],"texture":"#2"},"down":{"uv":[0,0,0,14],"texture":"#2"}}},{"from":[7.5,8.65,6.525],"to":[8.5,8.65,7.525],"rotation":{"angle":0,"axis":"y","origin":[7.5,8.65,6.525]},"faces":{"north":{"uv":[0,0,1,0],"texture":"#3"},"east":{"uv":[0,0,1,0],"texture":"#3"},"south":{"uv":[0,0,1,0],"texture":"#3"},"west":{"uv":[0,0,1,0],"texture":"#3"},"up":{"uv":[3,15,2,14],"texture":"#3"},"down":{"uv":[3,14,2,15],"texture":"#3"}}},{"from":[7.5,10.65,6.525],"to":[8.5,10.65,7.525],"rotation":{"angle":0,"axis":"y","origin":[7.5,10.65,6.525]},"faces":{"north":{"uv":[0,0,1,0],"texture":"#3"},"east":{"uv":[0,0,1,0],"texture":"#3"},"south":{"uv":[0,0,1,0],"texture":"#3"},"west":{"uv":[0,0,1,0],"texture":"#3"},"up":{"uv":[3,15,2,14],"texture":"#3"},"down":{"uv":[3,14,2,15],"texture":"#3"}}},{"from":[7.5,12.4,6.275],"to":[8.5,12.4,7.275],"rotation":{"angle":-22.5,"axis":"x","origin":[7.5,12.4,6.275]},"faces":{"north":{"uv":[0,0,1,0],"texture":"#3"},"east":{"uv":[0,0,1,0],"texture":"#3"},"south":{"uv":[0,0,1,0],"texture":"#3"},"west":{"uv":[0,0,1,0],"texture":"#3"},"up":{"uv":[3,15,2,14],"texture":"#3"},"down":{"uv":[3,14,2,15],"texture":"#3"}}},{"from":[7.5,13.57283,5.76752],"to":[8.5,13.57283,6.76752],"rotation":{"angle":-45,"axis":"x","origin":[8,13.42283,6.39252]},"faces":{"north":{"uv":[0,0,1,0],"texture":"#3"},"east":{"uv":[0,0,1,0],"texture":"#3"},"south":{"uv":[0,0,1,0],"texture":"#3"},"west":{"uv":[0,0,1,0],"texture":"#3"},"up":{"uv":[3,15,2,14],"texture":"#3"},"down":{"uv":[3,14,2,15],"texture":"#3"}}},{"from":[8,6,4],"to":[8,14,8],"rotation":{"angle":0,"axis":"y","origin":[8,6,4]},"faces":{"north":{"uv":[0,0,0,8],"texture":"#3"},"east":{"uv":[4,0,0,8],"texture":"#3"},"south":{"uv":[0,0,0,8],"texture":"#3"},"west":{"uv":[0,0,4,8],"texture":"#3"},"up":{"uv":[0,4,0,0],"texture":"#3"},"down":{"uv":[0,0,0,4],"texture":"#3"}}}],"gui_light":"front","display":{"thirdperson_righthand":{"rotation":[16.5,0,0],"translation":[0,4.5,2.5],"scale":[1.28711,1.28711,1.28711]},"thirdperson_lefthand":{"rotation":[16.5,0,0],"translation":[0,4.5,2.5],"scale":[1.28711,1.28711,1.28711]},"firstperson_righthand":{"rotation":[-61.17,8.64,-1.7],"translation":[-2,6.5,4.5],"scale":[0.77344,0.77344,0.77344]},"firstperson_lefthand":{"rotation":[-61.17,8.64,-1.7],"translation":[-2,6.5,4.5],"scale":[0.77344,0.77344,0.77344]},"ground":{"rotation":[24.37,-12.62,77.77],"translation":[0,2.75,1.75],"scale":[1.28711,1.28711,1.28711]},"gui":{"rotation":[90,-135,90],"translation":[0.5,0.5,-0.75],"scale":[1.12891,1.12891,1.12891]},"head":{"rotation":[90,45,90],"translation":[6.5,-12.75,4.75],"scale":[1.5,1.5,1.5]},"fixed":{"rotation":[-90,90,90],"translation":[-0.5,1.75,-2.75],"scale":[3.10547,3.10547,3.10547]}}}