{"credit":"Made with Blockbench","texture_size":[20,20],"textures":{"1":"item/fishingrods/dragonborn_fishing_rod_cast"},"elements":[{"from":[7.5,0,7.5],"to":[8.5,2,8.5],"rotation":{"angle":0,"axis":"y","origin":[7.5,0,7.5]},"faces":{"north":{"uv":[11.2,0,12,1.6],"texture":"#1"},"east":{"uv":[3.2,11.2,4,12.8],"texture":"#1"},"south":{"uv":[4,11.2,4.8,12.8],"texture":"#1"},"west":{"uv":[4.8,11.2,5.6,12.8],"texture":"#1"},"up":{"uv":[10.4,2.4,9.6,1.6],"texture":"#1"},"down":{"uv":[11.2,4.8,10.4,5.6],"texture":"#1"}}},{"from":[7.5,-3.5,7.5],"to":[8.5,-2.5,8.5],"rotation":{"angle":-45,"axis":"x","origin":[8,-3,8]},"faces":{"north":{"uv":[10.4,12,11.2,12.8],"texture":"#1"},"east":{"uv":[3.2,12.8,4,13.6],"texture":"#1"},"south":{"uv":[12.8,3.2,13.6,4],"texture":"#1"},"west":{"uv":[4,12.8,4.8,13.6],"texture":"#1"},"up":{"uv":[13.6,4.8,12.8,4],"texture":"#1"},"down":{"uv":[5.6,12.8,4.8,13.6],"texture":"#1"}}},{"from":[7.4,-2,7.4],"to":[8.6,0,8.6],"rotation":{"angle":0,"axis":"y","origin":[7.5,0,7.5]},"faces":{"north":{"uv":[8,8.8,9,10.4],"texture":"#1"},"east":{"uv":[9.6,0,10.6,1.6],"texture":"#1"},"south":{"uv":[9.6,5.6,10.6,7.2],"texture":"#1"},"west":{"uv":[6.4,9.6,7.4,11.2],"texture":"#1"},"up":{"uv":[12.2,9,11.2,8],"texture":"#1"},"down":{"uv":[12.2,9.6,11.2,10.6],"texture":"#1"}}},{"from":[7.3,-2.6,7.3],"to":[8.7,-2,8.7],"rotation":{"angle":0,"axis":"y","origin":[8,-3,8]},"faces":{"north":{"uv":[8,13.6,9.2,14],"texture":"#1"},"east":{"uv":[9.6,13.6,10.8,14],"texture":"#1"},"south":{"uv":[11.2,13.6,12.4,14],"texture":"#1"},"west":{"uv":[12.8,13.6,14,14],"texture":"#1"},"up":{"uv":[11.6,2.8,10.4,1.6],"texture":"#1"},"down":{"uv":[11.6,3.2,10.4,4.4],"texture":"#1"}}},{"from":[7.4,2,7.4],"to":[8.6,4,8.6],"rotation":{"angle":0,"axis":"y","origin":[7.5,2,7.5]},"faces":{"north":{"uv":[9.6,7.2,10.6,8.8],"texture":"#1"},"east":{"uv":[9.6,8.8,10.6,10.4],"texture":"#1"},"south":{"uv":[0,10.4,1,12],"texture":"#1"},"west":{"uv":[1.6,10.4,2.6,12],"texture":"#1"},"up":{"uv":[12.2,12.2,11.2,11.2],"texture":"#1"},"down":{"uv":[1,12,0,13],"texture":"#1"}}},{"from":[7.3,4,7.3],"to":[8.7,4.6,8.7],"rotation":{"angle":0,"axis":"y","origin":[8,5,8]},"faces":{"north":{"uv":[13.6,12.8,14.8,13.2],"texture":"#1"},"east":{"uv":[0,14.4,1.2,14.8],"texture":"#1"},"south":{"uv":[14.4,0,15.6,0.4],"texture":"#1"},"west":{"uv":[14.4,0.8,15.6,1.2],"texture":"#1"},"up":{"uv":[9.2,11.6,8,10.4],"texture":"#1"},"down":{"uv":[10.8,10.4,9.6,11.6],"texture":"#1"}}},{"from":[6.8,3.725,6.2],"to":[9.2,6.225,9.2],"rotation":{"angle":-22.5,"axis":"x","origin":[8.2,4.5,6.45]},"faces":{"north":{"uv":[5.6,2.4,7.6,4.4],"texture":"#1"},"east":{"uv":[3.2,0,5.6,2],"texture":"#1"},"south":{"uv":[5.6,4.8,7.6,6.8],"texture":"#1"},"west":{"uv":[3.2,2.4,5.6,4.4],"texture":"#1"},"up":{"uv":[5.2,7.2,3.2,4.8],"texture":"#1"},"down":{"uv":[7.6,0,5.6,2.4],"texture":"#1"}}},{"from":[7.5,8.625,6.45],"to":[8.5,8.625,7.45],"rotation":{"angle":0,"axis":"y","origin":[7.5,8.625,6.45]},"faces":{"north":{"uv":[0,0,0.8,0],"texture":"#1"},"east":{"uv":[0,0,0.8,0],"texture":"#1"},"south":{"uv":[0,0,0.8,0],"texture":"#1"},"west":{"uv":[0,0,0.8,0],"texture":"#1"},"up":{"uv":[14.4,2.4,13.6,1.6],"texture":"#1"},"down":{"uv":[14.4,1.6,13.6,2.4],"texture":"#1"}}},{"from":[7.5,10.625,6.45],"to":[8.5,10.625,7.45],"rotation":{"angle":0,"axis":"y","origin":[7.5,10.625,6.45]},"faces":{"north":{"uv":[0,0,0.8,0],"texture":"#1"},"east":{"uv":[0,0,0.8,0],"texture":"#1"},"south":{"uv":[0,0,0.8,0],"texture":"#1"},"west":{"uv":[0,0,0.8,0],"texture":"#1"},"up":{"uv":[14.4,2.4,13.6,1.6],"texture":"#1"},"down":{"uv":[14.4,1.6,13.6,2.4],"texture":"#1"}}},{"from":[7.5,12.825,6.025],"to":[8.5,12.825,7.025],"rotation":{"angle":-45,"axis":"x","origin":[7.5,12.825,6.025]},"faces":{"north":{"uv":[0,0,0.8,0],"texture":"#1"},"east":{"uv":[0,0,0.8,0],"texture":"#1"},"south":{"uv":[0,0,0.8,0],"texture":"#1"},"west":{"uv":[0,0,0.8,0],"texture":"#1"},"up":{"uv":[14.4,2.4,13.6,1.6],"texture":"#1"},"down":{"uv":[14.4,1.6,13.6,2.4],"texture":"#1"}}},{"from":[9.19455,4.54607,7.32883],"to":[9.19455,7.04607,9.32883],"rotation":{"angle":22.5,"axis":"y","origin":[10.19455,5.32107,7.57883]},"faces":{"north":{"uv":[0,0,0,2],"texture":"#1"},"east":{"uv":[6.4,7.2,8,9.2],"texture":"#1"},"south":{"uv":[0,0,0,2],"texture":"#1"},"west":{"uv":[8,0,9.6,2],"texture":"#1"},"up":{"uv":[0,1.6,0,0],"texture":"#1"},"down":{"uv":[0,0,0,1.6],"texture":"#1"}}},{"from":[6.9,4.26377,4.28125],"to":[9.1,4.81377,6.38125],"rotation":{"angle":-22.5,"axis":"x","origin":[8.2,3.81377,5.38125]},"faces":{"north":{"uv":[12,4.8,13.8,5.2],"texture":"#1"},"east":{"uv":[5.6,12.8,7.2,13.2],"texture":"#1"},"south":{"uv":[12,5.6,13.8,6],"texture":"#1"},"west":{"uv":[12.8,6.4,14.4,6.8],"texture":"#1"},"up":{"uv":[9.8,4,8,2.4],"texture":"#1"},"down":{"uv":[9.8,4,8,5.6],"texture":"#1"}}},{"from":[6.95,3.75564,4.59173],"to":[6.95,4.30564,6.59173],"rotation":{"angle":-22.5,"axis":"x","origin":[6.05,3.30564,5.59173]},"faces":{"north":{"uv":[0,0,0,0.4],"texture":"#1"},"east":{"uv":[12.8,7.2,14.4,7.6],"texture":"#1"},"south":{"uv":[0,0,0,0.4],"texture":"#1"},"west":{"uv":[12.8,8,14.4,8.4],"texture":"#1"},"up":{"uv":[0,1.6,0,0],"texture":"#1"},"down":{"uv":[0,0,0,1.6],"texture":"#1"}}},{"from":[9.05,3.75564,4.59173],"to":[9.05,4.30564,6.59173],"rotation":{"angle":-22.5,"axis":"x","origin":[9.95,3.30564,5.59173]},"faces":{"north":{"uv":[0,0,0,0.4],"texture":"#1"},"east":{"uv":[12.8,8.8,14.4,9.2],"texture":"#1"},"south":{"uv":[0,0,0,0.4],"texture":"#1"},"west":{"uv":[12.8,9.6,14.4,10],"texture":"#1"},"up":{"uv":[0,1.6,0,0],"texture":"#1"},"down":{"uv":[0,0,0,1.6],"texture":"#1"}}},{"from":[6.95,3.31777,4.39041],"to":[9.05,3.86777,4.39041],"rotation":{"angle":-22.5,"axis":"x","origin":[7.95,3.59277,4.39041]},"faces":{"north":{"uv":[10.4,12.8,12,13.2],"texture":"#1"},"east":{"uv":[0,0,0,0.4],"texture":"#1"},"south":{"uv":[12.8,10.4,14.4,10.8],"texture":"#1"},"west":{"uv":[0,0,0,0.4],"texture":"#1"},"up":{"uv":[1.6,0,0,0],"texture":"#1"},"down":{"uv":[1.6,0,0,0],"texture":"#1"}}},{"from":[7,3.26377,4.45625],"to":[9,3.81377,6.38125],"rotation":{"angle":-22.5,"axis":"x","origin":[8.2,3.81377,5.38125]},"faces":{"north":{"uv":[12.8,11.2,14.4,11.6],"texture":"#1"},"east":{"uv":[12,12.8,13.6,13.2],"texture":"#1"},"south":{"uv":[12.8,12,14.4,12.4],"texture":"#1"},"west":{"uv":[0,13.6,1.6,14],"texture":"#1"},"up":{"uv":[9.6,7.2,8,5.6],"texture":"#1"},"down":{"uv":[9.6,7.2,8,8.8],"texture":"#1"}}},{"from":[8.899,3.81758,4.57539],"to":[8.899,4.36758,6.40039],"rotation":{"angle":-22.5,"axis":"x","origin":[8.199,3.76758,5.40039]},"faces":{"north":{"uv":[0,0,0,0.4],"texture":"#1"},"east":{"uv":[13.6,2.4,15,2.8],"texture":"#1"},"south":{"uv":[0,0,0,0.4],"texture":"#1"},"west":{"uv":[3.2,13.6,4.6,14],"texture":"#1"},"up":{"uv":[0,1.4,0,0],"texture":"#1"},"down":{"uv":[0,0,0,1.4],"texture":"#1"}}},{"from":[7.101,3.81758,4.57539],"to":[7.101,4.36758,6.40039],"rotation":{"angle":-22.5,"axis":"x","origin":[7.801,3.76758,5.40039]},"faces":{"north":{"uv":[0,0,0,0.4],"texture":"#1"},"east":{"uv":[13.6,3.2,15,3.6],"texture":"#1"},"south":{"uv":[0,0,0,0.4],"texture":"#1"},"west":{"uv":[13.6,4,15,4.4],"texture":"#1"},"up":{"uv":[0,1.4,0,0],"texture":"#1"},"down":{"uv":[0,0,0,1.4],"texture":"#1"}}},{"from":[7.099,3.81758,4.57539],"to":[8.899,4.36758,4.57539],"rotation":{"angle":-22.5,"axis":"x","origin":[8.199,3.76758,5.40039]},"faces":{"north":{"uv":[4.8,13.6,6.2,14],"texture":"#1"},"east":{"uv":[0,0,0,0.4],"texture":"#1"},"south":{"uv":[6.4,13.6,7.8,14],"texture":"#1"},"west":{"uv":[0,0,0,0.4],"texture":"#1"},"up":{"uv":[1.4,0,0,0],"texture":"#1"},"down":{"uv":[1.4,0,0,0],"texture":"#1"}}},{"from":[7.65,4.15471,3.60042],"to":[8.35,4.70471,4.30042],"rotation":{"angle":-45,"axis":"x","origin":[7.5,4.70471,4.20042]},"faces":{"north":{"uv":[14.4,14.4,15,14.8],"texture":"#1"},"east":{"uv":[0,15.2,0.6,15.6],"texture":"#1"},"south":{"uv":[0.8,15.2,1.4,15.6],"texture":"#1"},"west":{"uv":[1.6,15.2,2.2,15.6],"texture":"#1"},"up":{"uv":[4.6,15,4,14.4],"texture":"#1"},"down":{"uv":[5.4,14.4,4.8,15],"texture":"#1"}}},{"from":[8.1,6.37547,8.18382],"to":[9.1,7.37547,9.68382],"rotation":{"angle":-45,"axis":"x","origin":[8.7,6.87547,8.98382]},"faces":{"north":{"uv":[7.2,12.8,8,13.6],"texture":"#1"},"east":{"uv":[12,1.6,13.2,2.4],"texture":"#1"},"south":{"uv":[13.6,0,14.4,0.8],"texture":"#1"},"west":{"uv":[12,2.4,13.2,3.2],"texture":"#1"},"up":{"uv":[8,12.4,7.2,11.2],"texture":"#1"},"down":{"uv":[12.8,3.2,12,4.4],"texture":"#1"}}},{"from":[8.1968,7.05103,9.13194],"to":[9.0032,7.96383,9.93834],"rotation":{"angle":22.5,"axis":"x","origin":[8.6,7.43343,9.84614]},"faces":{"north":{"uv":[1.6,14.4,2.2,15.2],"texture":"#1"},"east":{"uv":[14.4,1.6,15,2.4],"texture":"#1"},"south":{"uv":[2.4,14.4,3,15.2],"texture":"#1"},"west":{"uv":[3.2,14.4,3.8,15.2],"texture":"#1"},"up":{"uv":[15,5.4,14.4,4.8],"texture":"#1"},"down":{"uv":[6.2,14.4,5.6,15],"texture":"#1"}}},{"from":[8.26131,7.85319,9.41741],"to":[8.93869,8.53595,10.09479],"rotation":{"angle":0,"axis":"y","origin":[8.6,8.71457,9.7311]},"faces":{"north":{"uv":[14.4,5.6,15,6.2],"texture":"#1"},"east":{"uv":[6.4,14.4,7,15],"texture":"#1"},"south":{"uv":[14.4,6.4,15,7],"texture":"#1"},"west":{"uv":[7.2,14.4,7.8,15],"texture":"#1"},"up":{"uv":[15,7.8,14.4,7.2],"texture":"#1"},"down":{"uv":[8.6,14.4,8,15],"texture":"#1"}}},{"from":[8.30873,8.42599,9.21483],"to":[8.89127,9.01315,9.79737],"rotation":{"angle":-22.5,"axis":"x","origin":[8.6,9.19457,9.7561]},"faces":{"north":{"uv":[15.2,1.6,15.6,2],"texture":"#1"},"east":{"uv":[2.4,15.2,2.8,15.6],"texture":"#1"},"south":{"uv":[15.2,2.4,15.6,2.8],"texture":"#1"},"west":{"uv":[3.2,15.2,3.6,15.6],"texture":"#1"},"up":{"uv":[15.6,3.6,15.2,3.2],"texture":"#1"},"down":{"uv":[4.4,15.2,4,15.6],"texture":"#1"}}},{"from":[8.37863,8.84126,9.13093],"to":[8.82137,9.28751,9.57366],"rotation":{"angle":-45,"axis":"x","origin":[8.6,9.21438,9.4773]},"faces":{"north":{"uv":[15.2,4,15.6,4.4],"texture":"#1"},"east":{"uv":[4.8,15.2,5.2,15.6],"texture":"#1"},"south":{"uv":[15.2,4.8,15.6,5.2],"texture":"#1"},"west":{"uv":[5.6,15.2,6,15.6],"texture":"#1"},"up":{"uv":[15.6,6,15.2,5.6],"texture":"#1"},"down":{"uv":[6.8,15.2,6.4,15.6],"texture":"#1"}}},{"from":[7.17863,8.84126,9.13093],"to":[7.62137,9.28751,9.57366],"rotation":{"angle":-45,"axis":"x","origin":[7.4,9.21438,9.4773]},"faces":{"north":{"uv":[15.6,4,15.2,4.4],"texture":"#1"},"east":{"uv":[6,15.2,5.6,15.6],"texture":"#1"},"south":{"uv":[15.6,4.8,15.2,5.2],"texture":"#1"},"west":{"uv":[5.2,15.2,4.8,15.6],"texture":"#1"},"up":{"uv":[15.2,6,15.6,5.6],"texture":"#1"},"down":{"uv":[6.4,15.2,6.8,15.6],"texture":"#1"}}},{"from":[7.10873,8.42599,9.21483],"to":[7.69127,9.01315,9.79737],"rotation":{"angle":-22.5,"axis":"x","origin":[7.4,9.19457,9.7561]},"faces":{"north":{"uv":[15.6,1.6,15.2,2],"texture":"#1"},"east":{"uv":[3.6,15.2,3.2,15.6],"texture":"#1"},"south":{"uv":[15.6,2.4,15.2,2.8],"texture":"#1"},"west":{"uv":[2.8,15.2,2.4,15.6],"texture":"#1"},"up":{"uv":[15.2,3.6,15.6,3.2],"texture":"#1"},"down":{"uv":[4,15.2,4.4,15.6],"texture":"#1"}}},{"from":[7.06131,7.85319,9.41741],"to":[7.73869,8.53595,10.09479],"rotation":{"angle":0,"axis":"y","origin":[7.4,8.71457,9.7311]},"faces":{"north":{"uv":[15,5.6,14.4,6.2],"texture":"#1"},"east":{"uv":[7.8,14.4,7.2,15],"texture":"#1"},"south":{"uv":[15,6.4,14.4,7],"texture":"#1"},"west":{"uv":[7,14.4,6.4,15],"texture":"#1"},"up":{"uv":[14.4,7.8,15,7.2],"texture":"#1"},"down":{"uv":[8,14.4,8.6,15],"texture":"#1"}}},{"from":[6.9968,7.05103,9.13194],"to":[7.8032,7.96383,9.93834],"rotation":{"angle":22.5,"axis":"x","origin":[7.4,7.43343,9.84614]},"faces":{"north":{"uv":[2.2,14.4,1.6,15.2],"texture":"#1"},"east":{"uv":[3.8,14.4,3.2,15.2],"texture":"#1"},"south":{"uv":[3,14.4,2.4,15.2],"texture":"#1"},"west":{"uv":[15,1.6,14.4,2.4],"texture":"#1"},"up":{"uv":[14.4,5.4,15,4.8],"texture":"#1"},"down":{"uv":[5.6,14.4,6.2,15],"texture":"#1"}}},{"from":[6.9,6.37547,8.18382],"to":[7.9,7.37547,9.68382],"rotation":{"angle":-45,"axis":"x","origin":[7.3,6.87547,8.98382]},"faces":{"north":{"uv":[8,12.8,7.2,13.6],"texture":"#1"},"east":{"uv":[13.2,2.4,12,3.2],"texture":"#1"},"south":{"uv":[14.4,0,13.6,0.8],"texture":"#1"},"west":{"uv":[13.2,1.6,12,2.4],"texture":"#1"},"up":{"uv":[7.2,12.4,8,11.2],"texture":"#1"},"down":{"uv":[12,3.2,12.8,4.4],"texture":"#1"}}},{"from":[7.66131,2.57855,4.68128],"to":[8.33869,3.26131,5.35866],"rotation":{"angle":0,"axis":"x","origin":[8,2.50725,5.15054]},"faces":{"north":{"uv":[14.4,8,15,8.6],"texture":"#1"},"east":{"uv":[8.8,14.4,9.4,15],"texture":"#1"},"south":{"uv":[14.4,8.8,15,9.4],"texture":"#1"},"west":{"uv":[9.6,14.4,10.2,15],"texture":"#1"},"up":{"uv":[15,10.2,14.4,9.6],"texture":"#1"},"down":{"uv":[11,14.4,10.4,15],"texture":"#1"}}},{"from":[7.70873,2.19602,4.76388],"to":[8.29127,2.78318,5.34643],"rotation":{"angle":-22.5,"axis":"x","origin":[8,2.50725,5.15054]},"faces":{"north":{"uv":[15.2,6.4,15.6,6.8],"texture":"#1"},"east":{"uv":[7.2,15.2,7.6,15.6],"texture":"#1"},"south":{"uv":[15.2,7.2,15.6,7.6],"texture":"#1"},"west":{"uv":[8,15.2,8.4,15.6],"texture":"#1"},"up":{"uv":[15.6,8.4,15.2,8],"texture":"#1"},"down":{"uv":[9.2,15.2,8.8,15.6],"texture":"#1"}}},{"from":[7.77863,2.0864,5.31154],"to":[8.22137,2.52913,5.75779],"rotation":{"angle":45,"axis":"x","origin":[8,2.50725,5.15054]},"faces":{"north":{"uv":[15.2,8.8,15.6,9.2],"texture":"#1"},"east":{"uv":[9.6,15.2,10,15.6],"texture":"#1"},"south":{"uv":[15.2,9.6,15.6,10],"texture":"#1"},"west":{"uv":[10.4,15.2,10.8,15.6],"texture":"#1"},"up":{"uv":[15.6,10.8,15.2,10.4],"texture":"#1"},"down":{"uv":[11.6,15.2,11.2,15.6],"texture":"#1"}}},{"from":[7.55,12.87276,6.15963],"to":[8.45,14.37276,6.95963],"rotation":{"angle":-45,"axis":"x","origin":[8.05,13.97276,6.93463]},"faces":{"north":{"uv":[12,6.4,12.6,7.6],"texture":"#1"},"east":{"uv":[8,12,8.6,13.2],"texture":"#1"},"south":{"uv":[8.8,12,9.4,13.2],"texture":"#1"},"west":{"uv":[9.6,12,10.2,13.2],"texture":"#1"},"up":{"uv":[15,11,14.4,10.4],"texture":"#1"},"down":{"uv":[11.8,14.4,11.2,15],"texture":"#1"}}},{"from":[7.5,11.125,7.225],"to":[8.5,13.125,8.2],"rotation":{"angle":-22.5,"axis":"x","origin":[8,12.125,7.7]},"faces":{"north":{"uv":[11.2,4.8,12,6.4],"texture":"#1"},"east":{"uv":[5.6,11.2,6.4,12.8],"texture":"#1"},"south":{"uv":[6.4,11.2,7.2,12.8],"texture":"#1"},"west":{"uv":[11.2,6.4,12,8],"texture":"#1"},"up":{"uv":[14.4,1.6,13.6,0.8],"texture":"#1"},"down":{"uv":[2.4,13.6,1.6,14.4],"texture":"#1"}}},{"from":[7.425,6.6,7.425],"to":[8.575,11.4,8.575],"rotation":{"angle":0,"axis":"y","origin":[8,8.9,3]},"faces":{"north":{"uv":[0,6.4,1,10.2],"texture":"#1"},"east":{"uv":[1.6,6.4,2.6,10.2],"texture":"#1"},"south":{"uv":[3.2,7.2,4.2,11],"texture":"#1"},"west":{"uv":[4.8,7.2,5.8,11],"texture":"#1"},"up":{"uv":[13,1,12,0],"texture":"#1"},"down":{"uv":[2.6,12,1.6,13],"texture":"#1"}}},{"from":[8,6,3.7],"to":[8,14,7.7],"rotation":{"angle":0,"axis":"y","origin":[7,6,3.7]},"faces":{"north":{"uv":[0,0,0,6.4],"texture":"#1"},"east":{"uv":[3.2,0,0,6.4],"texture":"#1"},"south":{"uv":[0,0,0,6.4],"texture":"#1"},"west":{"uv":[0,0,3.2,6.4],"texture":"#1"},"up":{"uv":[0,3.2,0,0],"texture":"#1"},"down":{"uv":[0,0,0,3.2],"texture":"#1"}}}],"gui_light":"front","display":{"thirdperson_righthand":{"rotation":[16.5,0,0],"translation":[0,4.5,2.5],"scale":[1.28711,1.28711,1.28711]},"thirdperson_lefthand":{"rotation":[16.5,0,0],"translation":[0,4.5,2.5],"scale":[1.28711,1.28711,1.28711]},"firstperson_righthand":{"rotation":[-61.17,8.64,-1.7],"translation":[-2,6.5,4.5],"scale":[0.77344,0.77344,0.77344]},"firstperson_lefthand":{"rotation":[-61.17,8.64,-1.7],"translation":[-2,6.5,4.5],"scale":[0.77344,0.77344,0.77344]},"ground":{"rotation":[24.37,-12.62,77.77],"translation":[-5.25,2.75,1.75],"scale":[1.28711,1.28711,1.28711]},"gui":{"rotation":[90,-135,90],"translation":[1.25,1.75,-0.75],"scale":[1.01758,1.01758,1.01758]},"head":{"rotation":[90,45,90],"translation":[6.5,-12.75,4.75],"scale":[1.5,1.5,1.5]},"fixed":{"rotation":[-90,90,90],"translation":[1.5,4,-2.75],"scale":[3.10547,3.10547,3.10547]}}}