{"credit":"Made with Blockbench","texture_size":[32,32],"textures":{"0":"item/fishingrods/texture","1":"item/fishingrods/eye_animate","2":"item/fishingrods/blood_animate","3":"item/fishingrods/texture_2","particle":"item/fishingrods/texture"},"elements":[{"from":[7,-9,7],"to":[9,12,9],"rotation":{"angle":0,"axis":"y","origin":[7,6.5,8]},"faces":{"north":{"uv":[0.5,8.75,1,14],"texture":"#0"},"east":{"uv":[0.5,8.75,1,14],"texture":"#0"},"south":{"uv":[0.5,8.75,1,14],"texture":"#0"},"west":{"uv":[0.5,8.75,1,14],"texture":"#0"},"up":{"uv":[0.5,8.75,1,9.25],"texture":"#0"}}},{"from":[7.5,12,7.5],"to":[8.5,29,8.5],"rotation":{"angle":0,"axis":"y","origin":[7,6.5,8]},"faces":{"north":{"uv":[10.375,4.25,10.625,8.5],"texture":"#0"},"east":{"uv":[10.75,4.25,10.5,8.5],"texture":"#0"},"south":{"uv":[10.25,4.25,10.5,8.5],"texture":"#0"},"west":{"uv":[10.625,4.25,10.875,8.5],"texture":"#0"},"up":{"uv":[10.375,3.125,10.625,3.375],"texture":"#0"}}},{"from":[7.5,29,7],"to":[8.5,31,9],"rotation":{"angle":0,"axis":"y","origin":[8,28.5,9]},"faces":{"north":{"uv":[1.5,1.5,2,2.5],"texture":"#3"},"east":{"uv":[2.5,0.5,1.5,1.5],"texture":"#3"},"south":{"uv":[2,1.5,2.5,2.5],"texture":"#3"},"west":{"uv":[1.5,0.5,2.5,1.5],"texture":"#3"},"up":{"uv":[0.5,3.5,0,2.5],"texture":"#3"},"down":{"uv":[0.5,4.5,0,3.5],"texture":"#3"}}},{"from":[8,20,8.5],"to":[8,23,12.5],"rotation":{"angle":0,"axis":"y","origin":[8,28.5,9]},"faces":{"east":{"uv":[4.5,0.5,2.5,2],"texture":"#3"},"west":{"uv":[2.5,0.5,4.5,2],"texture":"#3"}}},{"from":[8.2,19.75,8.5],"to":[8.2,22.75,12.5],"rotation":{"angle":0,"axis":"y","origin":[8,28.5,9]},"faces":{"east":{"uv":[4.5,0.5,2.5,2],"texture":"#3"},"west":{"uv":[2.5,0.5,4.5,2],"texture":"#3"}}},{"from":[8.1,4.5,9.5],"to":[8.1,23.5,10],"rotation":{"angle":0,"axis":"y","origin":[8,29.5,7.5]},"faces":{"east":{"uv":[9.5,0,0,0.25],"rotation":90,"texture":"#3"},"west":{"uv":[0,0,9.5,0.25],"rotation":270,"texture":"#3"}}},{"from":[7.5,23.5,9.25],"to":[8.3,25.5,10.25],"rotation":{"angle":0,"axis":"y","origin":[7.9,24.5,9.75]},"faces":{"north":{"uv":[3.25,8.75,3,8.25],"texture":"#0"},"east":{"uv":[8.5,3.25,8.25,2.75],"texture":"#0"},"south":{"uv":[3.25,8.75,3,8.25],"texture":"#0"},"west":{"uv":[8.25,3.25,8.5,2.75],"texture":"#0"},"up":{"uv":[4.5,8.25,4.25,8.5],"texture":"#0"},"down":{"uv":[4.5,8.25,4.25,8.5],"texture":"#0"}}},{"from":[7.1,28.75,6.25],"to":[9.1,30.75,7.25],"rotation":{"angle":-22.5,"axis":"x","origin":[8,29.5,7.5]},"faces":{"north":{"uv":[1.5,2.5,2.5,3.5],"texture":"#3"},"east":{"uv":[1,1.5,1.5,2.5],"texture":"#3"},"south":{"uv":[1.5,2.5,2.5,3.5],"texture":"#3"},"west":{"uv":[1,1.5,1.5,2.5],"texture":"#3"},"up":{"uv":[0.5,2.5,1.5,3],"texture":"#3"},"down":{"uv":[0.5,2.5,1.5,3],"texture":"#3"}}},{"from":[7,-14,7],"to":[9,-11,9],"rotation":{"angle":0,"axis":"y","origin":[7,6.5,8]},"faces":{"north":{"uv":[7.5,5.25,8,6],"texture":"#0"},"east":{"uv":[7.5,4.5,8,5.25],"texture":"#0"},"south":{"uv":[7.5,5.25,8,6],"texture":"#0"},"west":{"uv":[7.5,4.5,8,5.25],"texture":"#0"},"down":{"uv":[7.5,4.5,7,5],"texture":"#0"}}},{"from":[7.5,-16,7.5],"to":[8.5,-14,8.5],"rotation":{"angle":0,"axis":"y","origin":[7,6.5,8]},"faces":{"north":{"uv":[8,6.5,8.25,7],"texture":"#0"},"east":{"uv":[6.5,8,6.75,8.5],"texture":"#0"},"south":{"uv":[8,6.5,8.25,7],"texture":"#0"},"west":{"uv":[6.5,8,6.75,8.5],"texture":"#0"},"down":{"uv":[8,4.25,7.75,4.5],"texture":"#0"}}},{"from":[6,-11,6],"to":[10,-9,10],"rotation":{"angle":0,"axis":"y","origin":[7,2,8]},"faces":{"north":{"uv":[6.5,0.75,7.5,1.25],"texture":"#0"},"east":{"uv":[6.5,0.75,7.5,1.25],"texture":"#0"},"south":{"uv":[6.5,0.75,7.5,1.25],"texture":"#0"},"west":{"uv":[6.5,0.75,7.5,1.25],"texture":"#0"},"up":{"uv":[2,7.5,1,6.5],"texture":"#0"},"down":{"uv":[2,7.5,1,6.5],"texture":"#0"}}},{"from":[6,-1,5],"to":[10,5,11],"rotation":{"angle":-45,"axis":"x","origin":[8,2,8]},"faces":{"north":{"uv":[5.25,1.25,6.25,2.75],"texture":"#0"},"east":{"uv":[0.5,5,2,6.5],"texture":"#0"},"south":{"uv":[5.25,2.75,6.25,4.25],"texture":"#0"},"west":{"uv":[0.5,5,2,6.5],"rotation":90,"texture":"#0"},"up":{"uv":[6.25,5.75,5.25,4.25],"texture":"#0"},"down":{"uv":[5.25,1.25,6.25,2.75],"texture":"#0"}}},{"from":[5,0,6],"to":[11,4,10],"rotation":{"angle":-45,"axis":"x","origin":[8,2,8]},"faces":{"north":{"uv":[6.25,1.25,7.75,2.25],"texture":"#0"},"east":{"uv":[6.5,5,7.5,6],"texture":"#0"},"south":{"uv":[6.25,1.25,7.75,2.25],"texture":"#0"},"west":{"uv":[7.5,5,6.5,6],"texture":"#0"},"up":{"uv":[6.25,1.25,7.75,2.25],"texture":"#0"},"down":{"uv":[6.25,1.25,7.75,2.25],"texture":"#0"}}},{"from":[4.75,0.5,6.5],"to":[11.25,3.5,9.5],"rotation":{"angle":-45,"axis":"x","origin":[8,2,8]},"faces":{"north":{"uv":[6.25,1.25,7.875,2],"texture":"#0"},"east":{"uv":[0,0,16,16],"texture":"#1"},"south":{"uv":[6.25,1.25,7.875,2],"texture":"#0"},"west":{"uv":[0,0,16,16],"rotation":90,"texture":"#1"},"up":{"uv":[6.25,1.25,7.875,2],"texture":"#0"},"down":{"uv":[6.25,1.25,7.875,2],"texture":"#0"}}},{"from":[7,0,10],"to":[9,2,13],"rotation":{"angle":22.5,"axis":"x","origin":[7,2,10]},"faces":{"east":{"uv":[7.5,0.75,8.25,1.25],"texture":"#0"},"south":{"uv":[4.5,8,5,8.5],"texture":"#0"},"west":{"uv":[8.25,0.75,7.5,1.25],"texture":"#0"},"up":{"uv":[8.25,2,7.75,1.25],"texture":"#0"},"down":{"uv":[8.25,2,7.75,2.75],"texture":"#0"}}},{"from":[7.5,0.5,13],"to":[8.5,1.5,15],"rotation":{"angle":22.5,"axis":"x","origin":[7,2,10]},"faces":{"east":{"uv":[6.75,8,7.25,8.25],"texture":"#0"},"south":{"uv":[4,8.25,4.25,8.5],"texture":"#0"},"west":{"uv":[7.25,8,6.75,8.25],"texture":"#0"},"up":{"uv":[7.5,8.5,7.25,8],"texture":"#0"},"down":{"uv":[7.75,8,7.5,8.5],"texture":"#0"}}},{"from":[6.9,1.99792,9.01046],"to":[9.1,5.99792,12.01046],"rotation":{"angle":22.5,"axis":"x","origin":[8,2,12]},"faces":{"north":{"uv":[3,7.25,3.5,8.25],"texture":"#0"},"east":{"uv":[3.75,7.25,4.5,8.25],"texture":"#0"},"south":{"uv":[7.25,7,7.75,8],"texture":"#0"},"west":{"uv":[4.5,7.25,3.75,8.25],"texture":"#0"},"up":{"uv":[8.25,4.25,7.75,3.5],"texture":"#0"}}},{"from":[7.5,4.70173,11.52144],"to":[8.5,7.70173,13.52144],"rotation":{"angle":45,"axis":"x","origin":[7.5,5.65,13.5]},"faces":{"north":{"uv":[3.75,5,4,5.75],"texture":"#0"},"east":{"uv":[7.75,7,8.25,7.75],"texture":"#0"},"south":{"uv":[4.5,7.25,4.75,8],"texture":"#0"},"west":{"uv":[8.25,7,7.75,7.75],"texture":"#0"},"up":{"uv":[8.5,1.25,8.25,0.75],"texture":"#0"},"down":{"uv":[8.5,1.25,8.25,1.75],"texture":"#0"}}},{"from":[7.5,4.95173,10.02144],"to":[8.5,7.95173,12.02144],"rotation":{"angle":0,"axis":"y","origin":[7.5,5.65,13.5]},"faces":{"north":{"uv":[3.75,5,4,5.75],"texture":"#0"},"east":{"uv":[7.75,7,8.25,7.75],"texture":"#0"},"south":{"uv":[4.5,7.25,4.75,8],"texture":"#0"},"west":{"uv":[8.25,7,7.75,7.75],"texture":"#0"},"up":{"uv":[8.5,1.25,8.25,0.75],"texture":"#0"},"down":{"uv":[8.5,1.25,8.25,1.75],"texture":"#0"}}},{"from":[6.5,-8,6.5],"to":[9.5,-7,9.5],"rotation":{"angle":0,"axis":"y","origin":[7,2,8]},"faces":{"north":{"uv":[5,8,5.75,8.25],"texture":"#0"},"east":{"uv":[5,8,5.75,8.25],"texture":"#0"},"south":{"uv":[5,8,5.75,8.25],"texture":"#0"},"west":{"uv":[5,8,5.75,8.25],"texture":"#0"},"up":{"uv":[7.25,8,6.5,7.25],"texture":"#0"},"down":{"uv":[7.25,8,6.5,7.25],"texture":"#0"}}},{"from":[6.5,8,6.5],"to":[9.5,9,9.5],"rotation":{"angle":0,"axis":"y","origin":[7,2,8]},"faces":{"north":{"uv":[5,8,5.75,8.25],"texture":"#0"},"east":{"uv":[5,8,5.75,8.25],"texture":"#0"},"south":{"uv":[5,8,5.75,8.25],"texture":"#0"},"west":{"uv":[5,8,5.75,8.25],"texture":"#0"},"up":{"uv":[7.25,8,6.5,7.25],"texture":"#0"},"down":{"uv":[7.25,8,6.5,7.25],"texture":"#0"}}},{"from":[6.5,6,6.5],"to":[9.5,7,9.5],"rotation":{"angle":0,"axis":"y","origin":[7,2,8]},"faces":{"north":{"uv":[5,8,5.75,8.25],"texture":"#0"},"east":{"uv":[5,8,5.75,8.25],"texture":"#0"},"south":{"uv":[5,8,5.75,8.25],"texture":"#0"},"west":{"uv":[5,8,5.75,8.25],"texture":"#0"},"up":{"uv":[7.25,8,6.5,7.25],"texture":"#0"},"down":{"uv":[7.25,8,6.5,7.25],"texture":"#0"}}},{"from":[7.5,2.94975,5.12868],"to":[8.5,5.94975,7.12868],"rotation":{"angle":-22.5,"axis":"x","origin":[8,3.82843,5.87868]},"faces":{"north":{"uv":[6,8.75,5.75,8],"texture":"#0"},"east":{"uv":[8.5,0.75,8,0],"texture":"#0"},"south":{"uv":[6,8.75,5.75,8],"texture":"#0"},"west":{"uv":[8.5,0.75,8,0],"texture":"#0"},"up":{"uv":[8.5,1.75,8.25,2.25],"texture":"#0"}}},{"from":[7.6,5.26976,4.72383],"to":[8.4,7.26976,5.72383],"rotation":{"angle":0,"axis":"y","origin":[8,7.26976,4.72383]},"faces":{"north":{"uv":[3.25,8.75,3,8.25],"texture":"#0"},"east":{"uv":[8.5,3.25,8.25,2.75],"texture":"#0"},"south":{"uv":[3.25,8.75,3,8.25],"texture":"#0"},"west":{"uv":[8.25,3.25,8.5,2.75],"texture":"#0"},"up":{"uv":[4.5,8.25,4.25,8.5],"texture":"#0"}}},{"from":[7.5,-12.94975,8.37132],"to":[8.5,-9.94975,10.37132],"rotation":{"angle":-22.5,"axis":"x","origin":[8,-10.82843,9.62132]},"faces":{"north":{"uv":[6,8,6.25,8.75],"texture":"#0"},"east":{"uv":[8,4.25,8.5,5],"texture":"#0"},"south":{"uv":[6,8,6.25,8.75],"texture":"#0"},"west":{"uv":[8.5,4.25,8,5],"texture":"#0"},"down":{"uv":[3.5,8.25,3.25,8.75],"texture":"#0"}}},{"from":[7.5,-14.26976,9.77617],"to":[8.5,-12.26976,10.77617],"rotation":{"angle":0,"axis":"y","origin":[8,-14.26976,10.77617]},"faces":{"north":{"uv":[8.25,3.25,8.5,3.75],"texture":"#0"},"east":{"uv":[3.75,8.25,4,8.75],"texture":"#0"},"south":{"uv":[8.25,3.75,8.5,4.25],"texture":"#0"},"west":{"uv":[4,8.25,3.75,8.75],"texture":"#0"},"down":{"uv":[5.25,8.25,5,8.5],"texture":"#0"}}},{"from":[7.5,-11.09431,8.35976],"to":[8.5,-9.09431,11.35976],"rotation":{"angle":22.5,"axis":"x","origin":[8,-10.13394,10.80214]},"faces":{"east":{"uv":[8,4.25,8.5,5],"rotation":90,"texture":"#0"},"south":{"uv":[3.5,8.25,3.25,8.75],"texture":"#0"},"west":{"uv":[8.5,4.25,8,5],"rotation":270,"texture":"#0"},"up":{"uv":[6,8,6.25,8.75],"texture":"#0"},"down":{"uv":[6,8,6.25,8.75],"rotation":180,"texture":"#0"}}},{"from":[7.5,-12.01976,10.62617],"to":[8.5,-10.01976,11.62617],"rotation":{"angle":-45,"axis":"x","origin":[8,-10.13394,10.80214]},"faces":{"north":{"uv":[8.25,3.25,8.5,3.75],"texture":"#0"},"east":{"uv":[3.75,8.25,4,8.75],"texture":"#0"},"south":{"uv":[8.25,3.75,8.5,4.25],"texture":"#0"},"west":{"uv":[4,8.25,3.75,8.75],"texture":"#0"},"down":{"uv":[5.25,8.25,5,8.5],"texture":"#0"}}},{"from":[8,7,-12.5],"to":[8,27,7.5],"rotation":{"angle":0,"axis":"y","origin":[7,2,8]},"faces":{"east":{"uv":[0,0,16,16],"texture":"#2"},"west":{"uv":[16,0,0,16],"texture":"#2"}}}],"gui_light":"front","display":{"thirdperson_righthand":{"translation":[0,3.25,1.75],"scale":[0.65,0.65,0.65]},"thirdperson_lefthand":{"translation":[0,3.25,1.75],"scale":[0.65,0.65,0.65]},"firstperson_righthand":{"rotation":[-42.94,-4.42,7.29],"translation":[3.25,0.75,0.5],"scale":[0.49609,0.49609,0.49609]},"firstperson_lefthand":{"rotation":[-42.94,-4.42,7.29],"translation":[3.25,0.75,0.5],"scale":[0.49609,0.49609,0.49609]},"ground":{"rotation":[0,0,-84],"translation":[0,0.75,0],"scale":[0.5,0.5,0.5]},"gui":{"rotation":[88,135,-88],"translation":[0,0,-2],"scale":[0.39648,0.39648,0.39648]},"head":{"rotation":[-135.5,0,0],"translation":[0,19.75,8],"scale":[0,0,0]},"fixed":{"rotation":[-88,90,88],"translation":[-0.25,-1.5,-2],"scale":[1.11797,1.11797,1.11797]}},"groups":[{"name":"group","origin":[0,3,0],"color":0,"nbt":"{}","armAnimationEnabled":false,"children":[0,1,2,3,4,5,6,7,8,9,10,11,12,13,{"name":"group","origin":[8,2.65,-0.5],"color":0,"nbt":"{}","armAnimationEnabled":false,"children":[14,15,16,17,18]},{"name":"group","origin":[8,2.65,-0.5],"color":0,"nbt":"{}","armAnimationEnabled":false,"children":[]},19,20,21,{"name":"group","origin":[8,16.73024,1.72383],"color":0,"nbt":"{}","armAnimationEnabled":false,"children":[22,23]},{"name":"group","origin":[8,16.73024,1.72383],"color":0,"nbt":"{}","armAnimationEnabled":false,"children":[24,25]},{"name":"group","origin":[8,16.73024,1.72383],"color":0,"nbt":"{}","armAnimationEnabled":false,"children":[26,27]}]},28]}