{"credit":"Made with Blockbench","textures":{"1":"item/fishingrods/emissary_animation_1","3":"item/fishingrods/emissary_fishing_rod_cast"},"elements":[{"from":[7.5,0,7.5],"to":[8.5,1,8.5],"rotation":{"angle":-45,"axis":"x","origin":[8,0.5,8]},"faces":{"north":{"uv":[6,5,7,6],"texture":"#3"},"east":{"uv":[7,2,8,3],"texture":"#3"},"south":{"uv":[8,4,9,5],"texture":"#3"},"west":{"uv":[10,8,11,9],"texture":"#3"},"up":{"uv":[10,11,9,10],"texture":"#3"},"down":{"uv":[11,9,10,10],"texture":"#3"}}},{"from":[7.6,0.7,7.6],"to":[8.4,2.7,8.4],"rotation":{"angle":0,"axis":"x","origin":[8,1.2,8]},"faces":{"north":{"uv":[3,9,3.75,11],"texture":"#3"},"east":{"uv":[4,9,4.75,11],"texture":"#3"},"south":{"uv":[9,4,9.75,6],"texture":"#3"},"west":{"uv":[9,6,9.75,8],"texture":"#3"},"up":{"uv":[2.75,12.75,2,12],"texture":"#3"},"down":{"uv":[12.75,2,12,2.75],"texture":"#3"}}},{"from":[7.5,2.7,7.5],"to":[8.5,3.7,8.5],"rotation":{"angle":0,"axis":"x","origin":[8,3.2,8]},"faces":{"north":{"uv":[10,10,11,11],"texture":"#3"},"east":{"uv":[11,0,12,1],"texture":"#3"},"south":{"uv":[11,1,12,2],"texture":"#3"},"west":{"uv":[11,2,12,3],"texture":"#3"},"up":{"uv":[4,12,3,11],"texture":"#3"},"down":{"uv":[12,3,11,4],"texture":"#3"}}},{"from":[7.6,3.7,7.6],"to":[8.4,5.7,8.4],"rotation":{"angle":0,"axis":"x","origin":[8,4.2,8]},"faces":{"north":{"uv":[7,9,7.75,11],"texture":"#3"},"east":{"uv":[8,9,8.75,11],"texture":"#3"},"south":{"uv":[9,8,9.75,10],"texture":"#3"},"west":{"uv":[0,10,0.75,12],"texture":"#3"},"up":{"uv":[3.75,12.75,3,12],"texture":"#3"},"down":{"uv":[12.75,3,12,3.75],"texture":"#3"}}},{"from":[7.5,5.4,7.5],"to":[8.5,7.4,9.5],"rotation":{"angle":-45,"axis":"x","origin":[8,5.9,8]},"faces":{"north":{"uv":[2,8,3,10],"texture":"#3"},"east":{"uv":[3,0,5,2],"texture":"#3"},"south":{"uv":[5,8,6,10],"texture":"#3"},"west":{"uv":[3,2,5,4],"texture":"#3"},"up":{"uv":[7,10,6,8],"texture":"#3"},"down":{"uv":[10,0,9,2],"texture":"#3"}}},{"from":[7.3,5.6,7.7],"to":[8.7,7.2,9.3],"rotation":{"angle":-45,"axis":"x","origin":[8,5.9,8]},"faces":{"north":{"uv":[6,3,7.5,4.5],"texture":"#3"},"east":{"uv":[5,6,6.5,7.5],"texture":"#3"},"south":{"uv":[7,0,8.5,1.5],"texture":"#3"},"west":{"uv":[3,7,4.5,8.5],"texture":"#3"},"up":{"uv":[8.5,6.5,7,5],"texture":"#3"},"down":{"uv":[8.5,7,7,8.5],"texture":"#3"}}},{"from":[5.07725,8.94252,7.5],"to":[5.07725,9.94252,8.5],"rotation":{"angle":-45,"axis":"z","origin":[6.97002,7.29975,8]},"faces":{"north":{"uv":[0,0,0,1],"texture":"#3"},"east":{"uv":[12,4,11,5],"texture":"#3"},"south":{"uv":[0,0,0,1],"texture":"#3"},"west":{"uv":[11,4,12,5],"texture":"#3"},"up":{"uv":[0,1,0,0],"texture":"#3"},"down":{"uv":[0,0,0,1],"texture":"#3"}}},{"from":[6.79325,6.79975,7.5],"to":[6.79325,9.79975,8.5],"rotation":{"angle":0,"axis":"z","origin":[6.97002,9.29975,8]},"faces":{"north":{"uv":[0,0,0,3],"texture":"#3"},"east":{"uv":[4,4,3,7],"texture":"#3"},"south":{"uv":[0,0,0,3],"texture":"#3"},"west":{"uv":[3,4,4,7],"texture":"#3"},"up":{"uv":[0,1,0,0],"texture":"#3"},"down":{"uv":[0,0,0,1],"texture":"#3"}}},{"from":[5.07725,6.65698,7.5],"to":[5.07725,7.65698,8.5],"rotation":{"angle":45,"axis":"z","origin":[6.97002,9.29975,8]},"faces":{"north":{"uv":[0,0,0,1],"texture":"#3"},"east":{"uv":[11,5,12,6],"texture":"#3"},"south":{"uv":[0,0,0,1],"texture":"#3"},"west":{"uv":[12,5,11,6],"texture":"#3"},"up":{"uv":[0,1,0,0],"texture":"#3"},"down":{"uv":[0,0,0,1],"texture":"#3"}}},{"from":[10.92275,8.94252,7.5],"to":[10.92275,9.94252,8.5],"rotation":{"angle":45,"axis":"z","origin":[9.02998,7.29975,8]},"faces":{"north":{"uv":[0,0,0,1],"texture":"#3"},"east":{"uv":[12,4,11,5],"texture":"#3"},"south":{"uv":[0,0,0,1],"texture":"#3"},"west":{"uv":[11,4,12,5],"texture":"#3"},"up":{"uv":[0,1,0,0],"texture":"#3"},"down":{"uv":[0,0,0,1],"texture":"#3"}}},{"from":[9.20675,6.79975,7.5],"to":[9.20675,9.79975,8.5],"rotation":{"angle":0,"axis":"z","origin":[9.02998,9.29975,8]},"faces":{"north":{"uv":[0,0,0,3],"texture":"#3"},"east":{"uv":[4,4,3,7],"texture":"#3"},"south":{"uv":[0,0,0,3],"texture":"#3"},"west":{"uv":[3,4,4,7],"texture":"#3"},"up":{"uv":[0,1,0,0],"texture":"#3"},"down":{"uv":[0,0,0,1],"texture":"#3"}}},{"from":[10.92275,6.65698,7.5],"to":[10.92275,7.65698,8.5],"rotation":{"angle":-45,"axis":"z","origin":[9.02998,9.29975,8]},"faces":{"north":{"uv":[0,0,0,1],"texture":"#3"},"east":{"uv":[11,5,12,6],"texture":"#3"},"south":{"uv":[0,0,0,1],"texture":"#3"},"west":{"uv":[12,5,11,6],"texture":"#3"},"up":{"uv":[0,1,0,0],"texture":"#3"},"down":{"uv":[0,0,0,1],"texture":"#3"}}},{"from":[7.49,7.05393,8.385],"to":[8.51,8.07393,9.915],"rotation":{"angle":-22.5,"axis":"x","origin":[8,7.56393,9.15]},"faces":{"north":{"uv":[12,7,11,8],"rotation":180,"texture":"#3"},"east":{"uv":[1,10,2,11.5],"rotation":270,"texture":"#3"},"south":{"uv":[8,12,7,11],"texture":"#3"},"west":{"uv":[10,2,11,3.5],"rotation":90,"texture":"#3"},"up":{"uv":[10,0,11,1.5],"rotation":180,"texture":"#3"},"down":{"uv":[2,10,3,11.5],"texture":"#3"}}},{"from":[7.49,5.12607,8.385],"to":[8.51,6.14607,9.915],"rotation":{"angle":22.5,"axis":"x","origin":[8,5.63607,9.15]},"faces":{"north":{"uv":[12,7,11,8],"rotation":180,"texture":"#3"},"east":{"uv":[1,10,2,11.5],"rotation":270,"texture":"#3"},"south":{"uv":[8,12,7,11],"texture":"#3"},"west":{"uv":[10,2,11,3.5],"rotation":90,"texture":"#3"},"up":{"uv":[10,0,11,1.5],"rotation":180,"texture":"#3"},"down":{"uv":[2,10,3,11.5],"texture":"#3"}}},{"from":[5.48,4.08,8],"to":[10.52,9.12,8],"rotation":{"angle":-45,"axis":"y","origin":[8,6.6,8]},"faces":{"north":{"uv":[14,0,0,14],"rotation":180,"texture":"#1"},"east":{"uv":[0,0,0,14],"rotation":180,"texture":"#1"},"south":{"uv":[0,0,14,14],"rotation":180,"texture":"#1"},"west":{"uv":[0,0,0,14],"rotation":180,"texture":"#1"},"up":{"uv":[0,0,0,14],"rotation":270,"texture":"#1"},"down":{"uv":[0,14,0,0],"rotation":90,"texture":"#1"}}},{"from":[8,4.08,5.48],"to":[8,9.12,10.52],"rotation":{"angle":-45,"axis":"y","origin":[8,6.6,8]},"faces":{"north":{"uv":[0,0,0,14],"texture":"#1"},"east":{"uv":[14,0,0,14],"texture":"#1"},"south":{"uv":[0,0,0,14],"texture":"#1"},"west":{"uv":[0,0,14,14],"texture":"#1"},"up":{"uv":[0,14,0,0],"texture":"#1"},"down":{"uv":[0,0,0,14],"texture":"#1"}}},{"from":[7.5,8.4,7.5],"to":[8.5,11.4,8.5],"rotation":{"angle":0,"axis":"y","origin":[8,8.9,3]},"faces":{"north":{"uv":[4,4,5,7],"texture":"#3"},"east":{"uv":[5,0,6,3],"texture":"#3"},"south":{"uv":[5,3,6,6],"texture":"#3"},"west":{"uv":[6,0,7,3],"texture":"#3"},"up":{"uv":[9,12,8,11],"texture":"#3"},"down":{"uv":[12,8,11,9],"texture":"#3"}}},{"from":[7.6,11.125,7.3],"to":[8.4,13.125,8.1],"rotation":{"angle":-22.5,"axis":"x","origin":[8,12.125,7.7]},"faces":{"north":{"uv":[10,4,10.75,6],"texture":"#3"},"east":{"uv":[5,10,5.75,12],"texture":"#3"},"south":{"uv":[6,10,6.75,12],"texture":"#3"},"west":{"uv":[10,6,10.75,8],"texture":"#3"},"up":{"uv":[4.75,12.75,4,12],"texture":"#3"},"down":{"uv":[12.75,4,12,4.75],"texture":"#3"}}},{"from":[7.7,12.87276,6.25963],"to":[8.3,14.37276,6.85963],"rotation":{"angle":-45,"axis":"x","origin":[8,13.97276,6.93463]},"faces":{"north":{"uv":[9,11,9.5,12.5],"texture":"#3"},"east":{"uv":[11,9,11.5,10.5],"texture":"#3"},"south":{"uv":[10,11,10.5,12.5],"texture":"#3"},"west":{"uv":[11,11,11.5,12.5],"texture":"#3"},"up":{"uv":[12.5,9.5,12,9],"texture":"#3"},"down":{"uv":[12.5,10,12,10.5],"texture":"#3"}}},{"from":[7.6,7.4,7.6],"to":[8.4,8.4,8.4],"rotation":{"angle":0,"axis":"y","origin":[8,7.9,3]},"faces":{"north":{"uv":[0,12,0.75,13],"texture":"#3"},"east":{"uv":[12,0,12.75,1],"texture":"#3"},"south":{"uv":[1,12,1.75,13],"texture":"#3"},"west":{"uv":[12,1,12.75,2],"texture":"#3"},"up":{"uv":[5.75,12.75,5,12],"texture":"#3"},"down":{"uv":[12.75,5,12,5.75],"texture":"#3"}}},{"from":[7.5,8.399,6.6],"to":[8.5,8.399,7.6],"rotation":{"angle":0,"axis":"y","origin":[0.5,-0.476,-0.075]},"faces":{"north":{"uv":[0,0,1.5,0],"texture":"#3"},"east":{"uv":[0,0,1.5,0],"texture":"#3"},"south":{"uv":[0,0,1.5,0],"texture":"#3"},"west":{"uv":[0,0,1.5,0],"texture":"#3"},"up":{"uv":[1.25,9,0.25,8],"texture":"#3"},"down":{"uv":[1.25,8,0.25,9],"texture":"#3"}}},{"from":[7.5,9.899,6.6],"to":[8.5,9.899,7.6],"rotation":{"angle":0,"axis":"y","origin":[0.5,1.024,-0.075]},"faces":{"north":{"uv":[0,0,1.5,0],"texture":"#3"},"east":{"uv":[0,0,1.5,0],"texture":"#3"},"south":{"uv":[0,0,1.5,0],"texture":"#3"},"west":{"uv":[0,0,1.5,0],"texture":"#3"},"up":{"uv":[1.25,9,0.25,8],"texture":"#3"},"down":{"uv":[1.25,8,0.25,9],"texture":"#3"}}},{"from":[7.5,11.374,6.6],"to":[8.5,11.374,7.6],"rotation":{"angle":0,"axis":"y","origin":[0.5,2.499,-0.075]},"faces":{"north":{"uv":[0,0,1.5,0],"texture":"#3"},"east":{"uv":[0,0,1.5,0],"texture":"#3"},"south":{"uv":[0,0,1.5,0],"texture":"#3"},"west":{"uv":[0,0,1.5,0],"texture":"#3"},"up":{"uv":[1.25,9,0.25,8],"texture":"#3"},"down":{"uv":[1.25,8,0.25,9],"texture":"#3"}}},{"from":[7.5,12.749,6.325],"to":[8.5,12.749,7.325],"rotation":{"angle":-22.5,"axis":"x","origin":[8,12.749,6.825]},"faces":{"north":{"uv":[0,0,1.5,0],"texture":"#3"},"east":{"uv":[0,0,1.5,0],"texture":"#3"},"south":{"uv":[0,0,1.5,0],"texture":"#3"},"west":{"uv":[0,0,1.5,0],"texture":"#3"},"up":{"uv":[1.25,9,0.25,8],"texture":"#3"},"down":{"uv":[1.25,8,0.25,9],"texture":"#3"}}},{"from":[7.5,13.549,5.625],"to":[8.5,13.549,6.625],"rotation":{"angle":-45,"axis":"x","origin":[8,13.549,6.225]},"faces":{"north":{"uv":[0,0,1.5,0],"texture":"#3"},"east":{"uv":[0,0,1.5,0],"texture":"#3"},"south":{"uv":[0,0,1.5,0],"texture":"#3"},"west":{"uv":[0,0,1.5,0],"texture":"#3"},"up":{"uv":[1.25,9,0.25,8],"texture":"#3"},"down":{"uv":[1.25,8,0.25,9],"texture":"#3"}}},{"from":[8,6,4.6],"to":[8,14,7.6],"rotation":{"angle":0,"axis":"y","origin":[8,6,4.6]},"faces":{"north":{"uv":[0,0,0,8],"texture":"#3"},"east":{"uv":[3,0,0,8],"texture":"#3"},"south":{"uv":[0,0,0,8],"texture":"#3"},"west":{"uv":[0,0,3,8],"texture":"#3"},"up":{"uv":[0,3,0,0],"texture":"#3"},"down":{"uv":[0,0,0,3],"texture":"#3"}}}],"gui_light":"front","display":{"thirdperson_righthand":{"rotation":[16.5,0,0],"translation":[0,4.5,2.5],"scale":[1.28711,1.28711,1.28711]},"thirdperson_lefthand":{"rotation":[16.5,0,0],"translation":[0,4.5,2.5],"scale":[1.28711,1.28711,1.28711]},"firstperson_righthand":{"rotation":[-61.17,8.64,-1.7],"translation":[-2,6.5,4.5],"scale":[0.77344,0.77344,0.77344]},"firstperson_lefthand":{"rotation":[-61.17,8.64,-1.7],"translation":[-2,6.5,4.5],"scale":[0.77344,0.77344,0.77344]},"ground":{"rotation":[24.37,-12.62,77.77],"translation":[0,2.75,1.75],"scale":[1.28711,1.28711,1.28711]},"gui":{"rotation":[90,-135,90],"translation":[0.5,0.5,-0.75],"scale":[1.12891,1.12891,1.12891]},"head":{"rotation":[90,45,90],"translation":[6.5,-12.75,4.75],"scale":[1.5,1.5,1.5]},"fixed":{"rotation":[-90,90,90],"translation":[-0.5,1.75,-2.75],"scale":[3.10547,3.10547,3.10547]}}}