{"credit":"Made with Blockbench","textures":{"1":"item/fishingrods/forest_fishing_rod_cast"},"elements":[{"from":[7.5,0,7.5],"to":[8.5,1,8.5],"rotation":{"angle":-45,"axis":"x","origin":[8,0.5,8]},"faces":{"north":{"uv":[8,10,9,11],"texture":"#1"},"east":{"uv":[10,8,11,9],"texture":"#1"},"south":{"uv":[9,10,10,11],"texture":"#1"},"west":{"uv":[10,9,11,10],"texture":"#1"},"up":{"uv":[11,11,10,10],"texture":"#1"},"down":{"uv":[12,0,11,1],"texture":"#1"}}},{"from":[7.6,0.8,7.6],"to":[8.4,1.6,8.4],"rotation":{"angle":0,"axis":"y","origin":[7.5,0,7.5]},"faces":{"north":{"uv":[12,11,12.75,11.75],"texture":"#1"},"east":{"uv":[0,13,0.75,13.75],"texture":"#1"},"south":{"uv":[13,0,13.75,0.75],"texture":"#1"},"west":{"uv":[1,13,1.75,13.75],"texture":"#1"},"up":{"uv":[13.75,1.75,13,1],"texture":"#1"},"down":{"uv":[2.75,13,2,13.75],"texture":"#1"}}},{"from":[7.575,3.375,7.6],"to":[8.425,4.225,8.4],"rotation":{"angle":0,"axis":"y","origin":[7.5,0,7.5]},"faces":{"north":{"uv":[13,2,13.75,2.75],"texture":"#1"},"east":{"uv":[3,13,3.75,13.75],"texture":"#1"},"south":{"uv":[13,3,13.75,3.75],"texture":"#1"},"west":{"uv":[13,4,13.75,4.75],"texture":"#1"},"up":{"uv":[13.75,5.75,13,5],"texture":"#1"},"down":{"uv":[6.75,13,6,13.75],"texture":"#1"}}},{"from":[7.7,1.6,7.7],"to":[8.3,3.4,8.3],"rotation":{"angle":0,"axis":"y","origin":[7.5,-0.2,7.5]},"faces":{"north":{"uv":[12,2,12.5,3.75],"texture":"#1"},"east":{"uv":[4,12,4.5,13.75],"texture":"#1"},"south":{"uv":[12,4,12.5,5.75],"texture":"#1"},"west":{"uv":[5,12,5.5,13.75],"texture":"#1"},"up":{"uv":[7.5,14.5,7,14],"texture":"#1"},"down":{"uv":[14.5,7,14,7.5],"texture":"#1"}}},{"from":[7.6,4,7.5],"to":[8.4,5,8.5],"rotation":{"angle":-45,"axis":"x","origin":[8,4.5,8]},"faces":{"north":{"uv":[6,12,6.75,13],"texture":"#1"},"east":{"uv":[11,1,12,2],"texture":"#1"},"south":{"uv":[12,6,12.75,7],"texture":"#1"},"west":{"uv":[11,2,12,3],"texture":"#1"},"up":{"uv":[7.75,13,7,12],"texture":"#1"},"down":{"uv":[12.75,7,12,8],"texture":"#1"}}},{"from":[7.6,4.70711,8.20711],"to":[8.4,5.20711,9.50711],"rotation":{"angle":-45,"axis":"x","origin":[8,5.20711,8.70711]},"faces":{"north":{"uv":[6,14,6.75,14.5],"texture":"#1"},"east":{"uv":[12,10,13.25,10.5],"texture":"#1"},"south":{"uv":[14,6,14.75,6.5],"texture":"#1"},"west":{"uv":[11,12,12.25,12.5],"texture":"#1"},"up":{"uv":[11.75,11.25,11,10],"texture":"#1"},"down":{"uv":[12.75,0,12,1.25],"texture":"#1"}}},{"from":[7.5,4.2,7.5],"to":[8.5,6.2,9.5],"rotation":{"angle":-45,"axis":"x","origin":[8,4.7,8]},"faces":{"north":{"uv":[9,2,10,4],"texture":"#1"},"east":{"uv":[4,8,6,10],"texture":"#1"},"south":{"uv":[9,4,10,6],"texture":"#1"},"west":{"uv":[6,8,8,10],"texture":"#1"},"up":{"uv":[10,8,9,6],"texture":"#1"},"down":{"uv":[11,2,10,4],"texture":"#1"}}},{"from":[7.7,12.87276,6.25963],"to":[8.3,14.37276,6.85963],"rotation":{"angle":-45,"axis":"x","origin":[8,13.97276,6.93463]},"faces":{"north":{"uv":[8,12,8.5,13.5],"texture":"#1"},"east":{"uv":[12,8,12.5,9.5],"texture":"#1"},"south":{"uv":[9,12,9.5,13.5],"texture":"#1"},"west":{"uv":[10,12,10.5,13.5],"texture":"#1"},"up":{"uv":[10.5,14.5,10,14],"texture":"#1"},"down":{"uv":[14.5,10,14,10.5],"texture":"#1"}}},{"from":[7.6,11.125,7.3],"to":[8.4,13.125,8.1],"rotation":{"angle":-22.5,"axis":"x","origin":[8,12.125,7.7]},"faces":{"north":{"uv":[5,10,5.75,12],"texture":"#1"},"east":{"uv":[6,10,6.75,12],"texture":"#1"},"south":{"uv":[10,6,10.75,8],"texture":"#1"},"west":{"uv":[7,10,7.75,12],"texture":"#1"},"up":{"uv":[13.75,6.75,13,6],"texture":"#1"},"down":{"uv":[7.75,13,7,13.75],"texture":"#1"}}},{"from":[7.525,6.3,7.525],"to":[8.475,11.4,8.475],"rotation":{"angle":0,"axis":"y","origin":[8,8.9,3]},"faces":{"north":{"uv":[0,8,1,13],"texture":"#1"},"east":{"uv":[1,8,2,13],"texture":"#1"},"south":{"uv":[2,8,3,13],"texture":"#1"},"west":{"uv":[3,8,4,13],"texture":"#1"},"up":{"uv":[12,9,11,8],"texture":"#1"},"down":{"uv":[10,11,9,12],"texture":"#1"}}},{"from":[7.75,4.25497,8.83923],"to":[8.25,6.25497,9.83923],"rotation":{"angle":22.5,"axis":"x","origin":[8,5.59968,9.85718]},"faces":{"north":{"uv":[11,3,11.5,5],"texture":"#1"},"east":{"uv":[4,10,5,12],"texture":"#1"},"south":{"uv":[11,5,11.5,7],"texture":"#1"},"west":{"uv":[10,4,11,6],"texture":"#1"},"up":{"uv":[13.5,13,13,12],"texture":"#1"},"down":{"uv":[13.5,13,13,14],"texture":"#1"}}},{"from":[7.755,5.80284,9.60074],"to":[8.245,6.78284,10.58074],"rotation":{"angle":-22.5,"axis":"x","origin":[8,5.59968,9.85718]},"faces":{"north":{"uv":[0,14,0.5,15],"texture":"#1"},"east":{"uv":[11,7,12,8],"texture":"#1"},"south":{"uv":[14,0,14.5,1],"texture":"#1"},"west":{"uv":[8,11,9,12],"texture":"#1"},"up":{"uv":[1.5,15,1,14],"texture":"#1"},"down":{"uv":[14.5,1,14,2],"texture":"#1"}}},{"from":[7.755,6.29284,10.58074],"to":[8.245,6.78284,11.56074],"rotation":{"angle":-22.5,"axis":"x","origin":[8,5.59968,9.85718]},"faces":{"north":{"uv":[8,14,8.5,14.5],"texture":"#1"},"east":{"uv":[2,14,3,14.5],"texture":"#1"},"south":{"uv":[14,8,14.5,8.5],"texture":"#1"},"west":{"uv":[14,2,15,2.5],"texture":"#1"},"up":{"uv":[3.5,15,3,14],"texture":"#1"},"down":{"uv":[14.5,3,14,4],"texture":"#1"}}},{"from":[7.755,4.17152,8.39863],"to":[8.245,5.15152,8.88863],"rotation":{"angle":-22.5,"axis":"x","origin":[8,5.59968,9.85718]},"faces":{"north":{"uv":[4,14,4.5,15],"texture":"#1"},"east":{"uv":[14,4,14.5,5],"texture":"#1"},"south":{"uv":[5,14,5.5,15],"texture":"#1"},"west":{"uv":[14,5,14.5,6],"texture":"#1"},"up":{"uv":[9.5,14.5,9,14],"texture":"#1"},"down":{"uv":[14.5,9,14,9.5],"texture":"#1"}}},{"from":[8,3.4,8.825],"to":[8,7.4,13.825],"rotation":{"angle":-22.5,"axis":"x","origin":[8,5.4,11.325]},"faces":{"north":{"uv":[0,0,0,4],"texture":"#1"},"east":{"uv":[4,0,9,4],"texture":"#1"},"south":{"uv":[0,0,0,4],"texture":"#1"},"west":{"uv":[4,4,9,8],"texture":"#1"},"up":{"uv":[0,5,0,0],"texture":"#1"},"down":{"uv":[0,0,0,5],"texture":"#1"}}},{"from":[8,-1.5,7.25],"to":[8,0.5,8.75],"rotation":{"angle":0,"axis":"y","origin":[8,-1.5,6.75]},"faces":{"north":{"uv":[0,0,0,2],"texture":"#1"},"east":{"uv":[8,8,9.5,10],"texture":"#1"},"south":{"uv":[0,0,0,2],"texture":"#1"},"west":{"uv":[9,0,10.5,2],"texture":"#1"},"up":{"uv":[0,1.5,0,0],"texture":"#1"},"down":{"uv":[0,0,0,1.5],"texture":"#1"}}},{"from":[8,6,4],"to":[8,14,8],"rotation":{"angle":0,"axis":"y","origin":[8,6,4]},"faces":{"north":{"uv":[0,0,0,8],"texture":"#1"},"east":{"uv":[4,0,0,8],"texture":"#1"},"south":{"uv":[0,0,0,8],"texture":"#1"},"west":{"uv":[0,0,4,8],"texture":"#1"},"up":{"uv":[0,4,0,0],"texture":"#1"},"down":{"uv":[0,0,0,4],"texture":"#1"}}},{"from":[7.5,8.4,6.725],"to":[8.5,8.4,7.725],"rotation":{"angle":0,"axis":"y","origin":[7.5,8.4,6.725]},"faces":{"north":{"uv":[0,0,1,0],"texture":"#1"},"east":{"uv":[0,0,1,0],"texture":"#1"},"south":{"uv":[0,0,1,0],"texture":"#1"},"west":{"uv":[0,0,1,0],"texture":"#1"},"up":{"uv":[12,10,11,9],"texture":"#1"},"down":{"uv":[12,9,11,10],"texture":"#1"}}},{"from":[7.5,10.375,6.725],"to":[8.5,10.375,7.725],"rotation":{"angle":0,"axis":"y","origin":[7.5,10.375,6.725]},"faces":{"north":{"uv":[0,0,1,0],"texture":"#1"},"east":{"uv":[0,0,1,0],"texture":"#1"},"south":{"uv":[0,0,1,0],"texture":"#1"},"west":{"uv":[0,0,1,0],"texture":"#1"},"up":{"uv":[12,10,11,9],"texture":"#1"},"down":{"uv":[12,9,11,10],"texture":"#1"}}},{"from":[7.5,11.8,6.525],"to":[8.5,11.8,7.525],"rotation":{"angle":-22.5,"axis":"x","origin":[7.5,11.8,6.525]},"faces":{"north":{"uv":[0,0,1,0],"texture":"#1"},"east":{"uv":[0,0,1,0],"texture":"#1"},"south":{"uv":[0,0,1,0],"texture":"#1"},"west":{"uv":[0,0,1,0],"texture":"#1"},"up":{"uv":[12,10,11,9],"texture":"#1"},"down":{"uv":[12,9,11,10],"texture":"#1"}}},{"from":[7.5,13.075,5.825],"to":[8.5,13.075,6.825],"rotation":{"angle":-45,"axis":"x","origin":[7.5,13.075,5.825]},"faces":{"north":{"uv":[0,0,1,0],"texture":"#1"},"east":{"uv":[0,0,1,0],"texture":"#1"},"south":{"uv":[0,0,1,0],"texture":"#1"},"west":{"uv":[0,0,1,0],"texture":"#1"},"up":{"uv":[12,10,11,9],"texture":"#1"},"down":{"uv":[12,9,11,10],"texture":"#1"}}}],"gui_light":"front","display":{"thirdperson_righthand":{"rotation":[16.5,0,0],"translation":[0,4.5,2.5],"scale":[1.28711,1.28711,1.28711]},"thirdperson_lefthand":{"rotation":[16.5,0,0],"translation":[0,4.5,2.5],"scale":[1.28711,1.28711,1.28711]},"firstperson_righthand":{"rotation":[-61.17,8.64,-1.7],"translation":[-2,6.5,4.5],"scale":[0.77344,0.77344,0.77344]},"firstperson_lefthand":{"rotation":[-61.17,8.64,-1.7],"translation":[-2,6.5,4.5],"scale":[0.77344,0.77344,0.77344]},"ground":{"rotation":[24.37,-12.62,77.77],"translation":[0,2.75,1.75],"scale":[1.28711,1.28711,1.28711]},"gui":{"rotation":[90,-135,90],"translation":[0.75,1,-0.75],"scale":[1.11133,1.11133,1.11133]},"head":{"rotation":[90,45,90],"translation":[6.5,-12.75,4.75],"scale":[1.5,1.5,1.5]},"fixed":{"rotation":[-90,90,90],"translation":[-0.5,1.75,-2.75],"scale":[3.10547,3.10547,3.10547]}}}