{"credit":"Made with Blockbench","textures":{"1":"item/fishingrods/karoz_animation","2":"item/fishingrods/karoz_fishing_rod_cast"},"elements":[{"from":[7.39,-1.5225,7.39],"to":[8.61,-0.3025,8.61],"rotation":{"angle":-45,"axis":"x","origin":[8,-0.9125,8]},"faces":{"north":{"uv":[11,2,12.25,3.25],"texture":"#2"},"east":{"uv":[4,11,5.25,12.25],"texture":"#2"},"south":{"uv":[11,4,12.25,5.25],"texture":"#2"},"west":{"uv":[11,9,12.25,10.25],"texture":"#2"},"up":{"uv":[12.25,12.25,11,11],"texture":"#2"},"down":{"uv":[7.25,12,6,13.25],"texture":"#2"}}},{"from":[7.5,-0.5875,7.5],"to":[8.5,0.4125,8.5],"rotation":{"angle":0,"axis":"y","origin":[7.5,-0.5875,7.5]},"faces":{"north":{"uv":[10,9,11,10],"texture":"#2"},"east":{"uv":[6,11,7,12],"texture":"#2"},"south":{"uv":[11,6,12,7],"texture":"#2"},"west":{"uv":[13,2,14,3],"texture":"#2"},"up":{"uv":[4,14,3,13],"texture":"#2"},"down":{"uv":[14,3,13,4],"texture":"#2"}}},{"from":[7.5,1.5875,7.5],"to":[8.5,2.5875,8.5],"rotation":{"angle":0,"axis":"y","origin":[7.5,1.5875,7.5]},"faces":{"north":{"uv":[4,13,5,14],"texture":"#2"},"east":{"uv":[13,4,14,5],"texture":"#2"},"south":{"uv":[5,13,6,14],"texture":"#2"},"west":{"uv":[13,5,14,6],"texture":"#2"},"up":{"uv":[14,7,13,6],"texture":"#2"},"down":{"uv":[14,7,13,8],"texture":"#2"}}},{"from":[7.5,8.625,6.6],"to":[8.5,8.625,7.6],"rotation":{"angle":0,"axis":"y","origin":[7.5,8.625,6.6]},"faces":{"north":{"uv":[0,0,1,0],"texture":"#2"},"east":{"uv":[0,0,1,0],"texture":"#2"},"south":{"uv":[0,0,1,0],"texture":"#2"},"west":{"uv":[0,0,1,0],"texture":"#2"},"up":{"uv":[13,14,12,13],"texture":"#2"},"down":{"uv":[13,13,12,14],"texture":"#2"}}},{"from":[7.5,10.625,6.6],"to":[8.5,10.625,7.6],"rotation":{"angle":0,"axis":"y","origin":[7.5,10.625,6.6]},"faces":{"north":{"uv":[0,0,1,0],"texture":"#2"},"east":{"uv":[0,0,1,0],"texture":"#2"},"south":{"uv":[0,0,1,0],"texture":"#2"},"west":{"uv":[0,0,1,0],"texture":"#2"},"up":{"uv":[13,14,12,13],"texture":"#2"},"down":{"uv":[13,13,12,14],"texture":"#2"}}},{"from":[7.5,12.125,6.35],"to":[8.5,12.125,7.35],"rotation":{"angle":0,"axis":"y","origin":[7.5,12.125,6.35]},"faces":{"north":{"uv":[0,0,1,0],"texture":"#2"},"east":{"uv":[0,0,1,0],"texture":"#2"},"south":{"uv":[0,0,1,0],"texture":"#2"},"west":{"uv":[0,0,1,0],"texture":"#2"},"up":{"uv":[13,14,12,13],"texture":"#2"},"down":{"uv":[13,13,12,14],"texture":"#2"}}},{"from":[7.5,13.075,5.925],"to":[8.5,13.075,6.925],"rotation":{"angle":-45,"axis":"x","origin":[7.5,13.075,5.925]},"faces":{"north":{"uv":[0,0,1,0],"texture":"#2"},"east":{"uv":[0,0,1,0],"texture":"#2"},"south":{"uv":[0,0,1,0],"texture":"#2"},"west":{"uv":[0,0,1,0],"texture":"#2"},"up":{"uv":[13,14,12,13],"texture":"#2"},"down":{"uv":[13,13,12,14],"texture":"#2"}}},{"from":[8,6,3.6],"to":[8,14,7.6],"rotation":{"angle":0,"axis":"y","origin":[8,6,3.6]},"faces":{"north":{"uv":[0,0,0,8],"texture":"#2"},"east":{"uv":[4,0,0,8],"texture":"#2"},"south":{"uv":[0,0,0,8],"texture":"#2"},"west":{"uv":[0,0,4,8],"texture":"#2"},"up":{"uv":[0,4,0,0],"texture":"#2"},"down":{"uv":[0,0,0,4],"texture":"#2"}}},{"from":[7.6,0.4125,7.6],"to":[8.4,4.8125,8.4],"rotation":{"angle":0,"axis":"y","origin":[7.5,-0.5875,7.5]},"faces":{"north":{"uv":[7,5,7.75,9.5],"texture":"#2"},"east":{"uv":[0,8,0.75,12.5],"texture":"#2"},"south":{"uv":[8,0,8.75,4.5],"texture":"#2"},"west":{"uv":[1,8,1.75,12.5],"texture":"#2"},"up":{"uv":[14.75,3.75,14,3],"texture":"#2"},"down":{"uv":[4.75,14,4,14.75],"texture":"#2"}}},{"from":[7.475,4.8125,6.8],"to":[8.525,7.2125,9.2],"rotation":{"angle":-45,"axis":"x","origin":[8.025,6.0125,8]},"faces":{"north":{"uv":[8,7,9,9.5],"texture":"#2"},"east":{"uv":[4,0,6.5,2.5],"texture":"#2"},"south":{"uv":[9,0,10,2.5],"texture":"#2"},"west":{"uv":[4,3,6.5,5.5],"texture":"#2"},"up":{"uv":[10,9.5,9,7],"texture":"#2"},"down":{"uv":[11,0,10,2.5],"texture":"#2"}}},{"from":[7.315,5.2125,7.2],"to":[8.685,6.8125,8.8],"rotation":{"angle":-45,"axis":"x","origin":[8.025,6.0125,8]},"faces":{"north":{"uv":[10,7,11.25,8.5],"texture":"#2"},"east":{"uv":[9,3,10.5,4.5],"texture":"#2"},"south":{"uv":[9,10,10.25,11.5],"texture":"#2"},"west":{"uv":[7,10,8.5,11.5],"texture":"#2"},"up":{"uv":[12.25,1.5,11,0],"texture":"#2"},"down":{"uv":[3.25,11,2,12.5],"texture":"#2"}}},{"from":[7.5,4.7375,7.475],"to":[8.5,5.7375,10.475],"rotation":{"angle":-45,"axis":"x","origin":[8,5.2375,9.475]},"faces":{"north":{"uv":[13,9,14,10],"texture":"#2"},"east":{"uv":[8,5,11,6],"texture":"#2"},"south":{"uv":[13,10,14,11],"texture":"#2"},"west":{"uv":[8,6,11,7],"texture":"#2"},"up":{"uv":[3,11,2,8],"texture":"#2"},"down":{"uv":[4,8,3,11],"texture":"#2"}}},{"from":[7.5125,3.46973,7.01434],"to":[8.4875,4.19473,8.41434],"rotation":{"angle":0,"axis":"x","origin":[8.0125,4.06973,6.71434]},"faces":{"north":{"uv":[13,13,14,13.75],"texture":"#2"},"east":{"uv":[12,8,13.5,8.75],"texture":"#2"},"south":{"uv":[14,0,15,0.75],"texture":"#2"},"west":{"uv":[1,13,2.5,13.75],"texture":"#2"},"up":{"uv":[13,7.5,12,6],"texture":"#2"},"down":{"uv":[9,12,8,13.5],"texture":"#2"}}},{"from":[7.225,3.6,5.5],"to":[7.225,8.6,10.5],"rotation":{"angle":45,"axis":"x","origin":[7.225,6.1,8]},"faces":{"north":{"uv":[0,0,0,4.99999],"rotation":180,"texture":"#missing"},"south":{"uv":[0,0,0,4.99999],"texture":"#missing"},"west":{"uv":[0,0,10.00714,10.00714],"rotation":270,"texture":"#1"},"up":{"uv":[0,0,0,4.99999],"texture":"#missing"},"down":{"uv":[0,0,0,4.99999],"rotation":180,"texture":"#missing"}}},{"from":[8.775,3.6,5.5],"to":[8.775,8.6,10.5],"rotation":{"angle":45,"axis":"x","origin":[8.775,6.1,8]},"faces":{"north":{"uv":[0,0,0,4.99999],"rotation":180,"texture":"#missing"},"east":{"uv":[0,10.00714,10.00714,0],"rotation":270,"texture":"#1"},"south":{"uv":[0,0,0,4.99999],"texture":"#missing"},"up":{"uv":[0,0,0,4.99999],"texture":"#missing"},"down":{"uv":[0,0,0,4.99999],"rotation":180,"texture":"#missing"}}},{"from":[7.7,12.87276,6.25963],"to":[8.3,14.37276,6.85963],"rotation":{"angle":-45,"axis":"x","origin":[8,13.97276,6.93463]},"faces":{"north":{"uv":[1,14,1.5,15.5],"texture":"#2"},"east":{"uv":[14,1,14.5,2.5],"texture":"#2"},"south":{"uv":[2,14,2.5,15.5],"texture":"#2"},"west":{"uv":[3,14,3.5,15.5],"texture":"#2"},"up":{"uv":[14.5,8.5,14,8],"texture":"#2"},"down":{"uv":[9.5,14,9,14.5],"texture":"#2"}}},{"from":[7.6,11.125,7.3],"to":[8.4,13.125,8.1],"rotation":{"angle":-22.5,"axis":"x","origin":[8,12.125,7.7]},"faces":{"north":{"uv":[9,12,9.75,14],"texture":"#2"},"east":{"uv":[10,12,10.75,14],"texture":"#2"},"south":{"uv":[0,13,0.75,15],"texture":"#2"},"west":{"uv":[13,0,13.75,2],"texture":"#2"},"up":{"uv":[14.75,4.75,14,4],"texture":"#2"},"down":{"uv":[5.75,14,5,14.75],"texture":"#2"}}},{"from":[7.525,6.6,7.525],"to":[8.475,11.4,8.475],"rotation":{"angle":0,"axis":"y","origin":[8,8.9,3]},"faces":{"north":{"uv":[4,6,5,10.75],"texture":"#2"},"east":{"uv":[5,6,6,10.75],"texture":"#2"},"south":{"uv":[6,6,7,10.75],"texture":"#2"},"west":{"uv":[7,0,8,4.75],"texture":"#2"},"up":{"uv":[12,14,11,13],"texture":"#2"},"down":{"uv":[14,11,13,12],"texture":"#2"}}}],"gui_light":"front","display":{"thirdperson_righthand":{"rotation":[16.5,0,0],"translation":[0,4.5,2.5],"scale":[1.28711,1.28711,1.28711]},"thirdperson_lefthand":{"rotation":[16.5,0,0],"translation":[0,4.5,2.5],"scale":[1.28711,1.28711,1.28711]},"firstperson_righthand":{"rotation":[-61.17,8.64,-1.7],"translation":[-2,6.5,4.5],"scale":[0.77344,0.77344,0.77344]},"firstperson_lefthand":{"rotation":[-61.17,8.64,-1.7],"translation":[-2,6.5,4.5],"scale":[0.77344,0.77344,0.77344]},"ground":{"rotation":[24.37,-12.62,77.77],"translation":[0,2.75,1.75],"scale":[1.28711,1.28711,1.28711]},"gui":{"rotation":[90,-135,90],"translation":[0.75,1.5,-0.75],"scale":[1.12891,1.12891,1.12891]},"head":{"rotation":[90,45,90],"translation":[6.5,-12.75,4.75],"scale":[1.5,1.5,1.5]},"fixed":{"rotation":[-90,90,90],"translation":[-0.5,1.75,-2.75],"scale":[3.10547,3.10547,3.10547]}}}