{"credit":"Made with Blockbench","texture_size":[24,24],"textures":{"1":"item/fishingrods/mystic_fishing_rod_cast"},"elements":[{"from":[7.4,3.4,6.8],"to":[8.6,5.8,9.2],"rotation":{"angle":45,"axis":"x","origin":[8,4.6,8]},"faces":{"north":{"uv":[10,4,10.66667,5.66667],"texture":"#1"},"east":{"uv":[8.66667,0,10.33333,1.66667],"texture":"#1"},"south":{"uv":[10,6,10.66667,7.66667],"texture":"#1"},"west":{"uv":[8.66667,2,10.33333,3.66667],"texture":"#1"},"up":{"uv":[10.66667,9.66667,10,8],"texture":"#1"},"down":{"uv":[10.66667,10,10,11.66667],"texture":"#1"}}},{"from":[7.206,3.712,7.112],"to":[8.794,5.488,8.888],"rotation":{"angle":45,"axis":"x","origin":[8.35,4.6,8]},"faces":{"north":{"uv":[8.66667,6.66667,9.66667,8],"texture":"#1"},"east":{"uv":[8.66667,4,10,5.33333],"texture":"#1"},"south":{"uv":[8.66667,8,9.66667,9.33333],"texture":"#1"},"west":{"uv":[8.66667,5.33333,10,6.66667],"texture":"#1"},"up":{"uv":[8.33333,10.66667,7.33333,9.33333],"texture":"#1"},"down":{"uv":[9.66667,9.33333,8.66667,10.66667],"texture":"#1"}}},{"from":[7.5,4.5,7.5],"to":[8.5,5.5,8.5],"rotation":{"angle":0,"axis":"y","origin":[8.5,4.5,7.5]},"faces":{"north":{"uv":[0.66667,12,1.33333,12.66667],"texture":"#1"},"east":{"uv":[1.33333,12,2,12.66667],"texture":"#1"},"south":{"uv":[12,1.33333,12.66667,2],"texture":"#1"},"west":{"uv":[2,12,2.66667,12.66667],"texture":"#1"},"up":{"uv":[12.66667,2.66667,12,2],"texture":"#1"},"down":{"uv":[3.33333,12,2.66667,12.66667],"texture":"#1"}}},{"from":[7.5,-1.5,7.5],"to":[8.5,-0.5,8.5],"rotation":{"angle":0,"axis":"y","origin":[8.5,-1.5,7.5]},"faces":{"north":{"uv":[12,2.66667,12.66667,3.33333],"texture":"#1"},"east":{"uv":[3.33333,12,4,12.66667],"texture":"#1"},"south":{"uv":[12,3.33333,12.66667,4],"texture":"#1"},"west":{"uv":[4,12,4.66667,12.66667],"texture":"#1"},"up":{"uv":[12.66667,4.66667,12,4],"texture":"#1"},"down":{"uv":[12.66667,4.66667,12,5.33333],"texture":"#1"}}},{"from":[7.528,-2.49,7.41],"to":[8.472,-1.31,8.59],"rotation":{"angle":45,"axis":"x","origin":[8,-1.9,8]},"faces":{"north":{"uv":[12,5.33333,12.66667,6],"texture":"#1"},"east":{"uv":[6,12,6.66667,12.66667],"texture":"#1"},"south":{"uv":[12,6,12.66667,6.66667],"texture":"#1"},"west":{"uv":[6.66667,12,7.33333,12.66667],"texture":"#1"},"up":{"uv":[12.66667,7.33333,12,6.66667],"texture":"#1"},"down":{"uv":[8,12,7.33333,12.66667],"texture":"#1"}}},{"from":[7.6,2.5,7.6],"to":[8.4,4,8.4],"rotation":{"angle":0,"axis":"y","origin":[8.5,3.5,7.5]},"faces":{"north":{"uv":[11.33333,6,12,7],"texture":"#1"},"east":{"uv":[11.33333,7.33333,12,8.33333],"texture":"#1"},"south":{"uv":[11.33333,8.66667,12,9.66667],"texture":"#1"},"west":{"uv":[11.33333,10,12,11],"texture":"#1"},"up":{"uv":[12.66667,8,12,7.33333],"texture":"#1"},"down":{"uv":[8.66667,12,8,12.66667],"texture":"#1"}}},{"from":[7.6,-0.5,7.6],"to":[8.4,0.5,8.4],"rotation":{"angle":0,"axis":"y","origin":[8.5,-0.5,7.5]},"faces":{"north":{"uv":[12,8,12.66667,8.66667],"texture":"#1"},"east":{"uv":[8.66667,12,9.33333,12.66667],"texture":"#1"},"south":{"uv":[12,8.66667,12.66667,9.33333],"texture":"#1"},"west":{"uv":[9.33333,12,10,12.66667],"texture":"#1"},"up":{"uv":[12.66667,10,12,9.33333],"texture":"#1"},"down":{"uv":[10.66667,12,10,12.66667],"texture":"#1"}}},{"from":[7.5,0.5,7.5],"to":[8.5,2.5,8.5],"rotation":{"angle":0,"axis":"y","origin":[8.5,1.5,7.5]},"faces":{"north":{"uv":[2.66667,10.66667,3.33333,12],"texture":"#1"},"east":{"uv":[10.66667,2.66667,11.33333,4],"texture":"#1"},"south":{"uv":[3.33333,10.66667,4,12],"texture":"#1"},"west":{"uv":[10.66667,4,11.33333,5.33333],"texture":"#1"},"up":{"uv":[12.66667,10.66667,12,10],"texture":"#1"},"down":{"uv":[12.66667,10.66667,12,11.33333],"texture":"#1"}}},{"from":[8,-4.6,6.5],"to":[8,-1.6,9.5],"rotation":{"angle":0,"axis":"y","origin":[8,-2.6,6.5]},"faces":{"north":{"uv":[0,0,0,2],"texture":"#1"},"east":{"uv":[0,8,2,10],"texture":"#1"},"south":{"uv":[0,0,0,2],"texture":"#1"},"west":{"uv":[2,8,4,10],"texture":"#1"},"up":{"uv":[0,2,0,0],"texture":"#1"},"down":{"uv":[0,0,0,2],"texture":"#1"}}},{"from":[6.5,-4.6,8],"to":[9.5,-1.6,8],"rotation":{"angle":0,"axis":"y","origin":[8,-3.1,8]},"faces":{"north":{"uv":[2,8,4,10],"texture":"#1"},"east":{"uv":[0,0,0,2],"texture":"#1"},"south":{"uv":[0,8,2,10],"texture":"#1"},"west":{"uv":[0,0,0,2],"texture":"#1"},"up":{"uv":[0,2,0,0],"rotation":90,"texture":"#1"},"down":{"uv":[0,0,0,2],"rotation":270,"texture":"#1"}}},{"from":[7.44,3.64691,9.71654],"to":[8.56,5.88691,10.83654],"rotation":{"angle":22.5,"axis":"x","origin":[8,6.8407,10.22201]},"faces":{"north":{"uv":[10.66667,6,11.33333,7.33333],"texture":"#1"},"east":{"uv":[4.66667,11.33333,6,10.66667],"rotation":90,"texture":"#1"},"south":{"uv":[6,12,6.66667,10.66667],"rotation":180,"texture":"#1"},"west":{"uv":[10.66667,6,12,5.33333],"rotation":270,"texture":"#1"},"up":{"uv":[12,12.66667,12.66667,12],"texture":"#1"},"down":{"uv":[12,12,12.66667,11.33333],"rotation":180,"texture":"#1"}}},{"from":[7.5,4.9039,8.87879],"to":[8.5,7.9039,9.87879],"rotation":{"angle":0,"axis":"x","origin":[8,6.8407,10.22201]},"faces":{"north":{"uv":[4.66667,12,4,10],"rotation":180,"texture":"#1"},"east":{"uv":[2,10,0,10.66667],"rotation":270,"texture":"#1"},"south":{"uv":[4.66667,8,4,10],"texture":"#1"},"west":{"uv":[4,10,2,10.66667],"rotation":90,"texture":"#1"},"up":{"uv":[1.33333,12.66667,0.66667,13.33333],"rotation":180,"texture":"#1"},"down":{"uv":[13.33333,0,12.66667,0.66667],"texture":"#1"}}},{"from":[7.44,7.48732,9.25755],"to":[8.56,8.60732,11.49755],"rotation":{"angle":-45,"axis":"x","origin":[8,6.8407,10.22201]},"faces":{"north":{"uv":[2,13.33333,1.33333,12.66667],"rotation":180,"texture":"#1"},"east":{"uv":[8,10.66667,7.33333,12],"rotation":270,"texture":"#1"},"south":{"uv":[13.33333,0.66667,12.66667,1.33333],"texture":"#1"},"west":{"uv":[8.66667,10.66667,8,12],"rotation":90,"texture":"#1"},"up":{"uv":[11.33333,7.33333,10.66667,8.66667],"rotation":180,"texture":"#1"},"down":{"uv":[7.33333,10.66667,6.66667,12],"texture":"#1"}}},{"from":[7.325,4.6,7.325],"to":[8.675,11.4,8.675],"rotation":{"angle":0,"axis":"y","origin":[8,8.9,3]},"faces":{"north":{"uv":[4.66667,6,5.66667,10.66667],"texture":"#1"},"east":{"uv":[6,6,7,10.66667],"texture":"#1"},"south":{"uv":[7.33333,0,8.33333,4.66667],"texture":"#1"},"west":{"uv":[7.33333,4.66667,8.33333,9.33333],"texture":"#1"},"up":{"uv":[1,11.66667,0,10.66667],"texture":"#1"},"down":{"uv":[11.66667,0,10.66667,1],"texture":"#1"}}},{"from":[7.5,11.025,7.2],"to":[8.5,13.125,8.2],"rotation":{"angle":-22.5,"axis":"x","origin":[8,12.125,7.7]},"faces":{"north":{"uv":[11.33333,2.66667,12,4],"texture":"#1"},"east":{"uv":[11.33333,4,12,5.33333],"texture":"#1"},"south":{"uv":[4.66667,11.33333,5.33333,12.66667],"texture":"#1"},"west":{"uv":[5.33333,11.33333,6,12.66667],"texture":"#1"},"up":{"uv":[13.33333,2.66667,12.66667,2],"texture":"#1"},"down":{"uv":[3.33333,12.66667,2.66667,13.33333],"texture":"#1"}}},{"from":[7.6,12.87276,6.15963],"to":[8.4,14.37276,6.95963],"rotation":{"angle":-45,"axis":"x","origin":[8,13.97276,6.93463]},"faces":{"north":{"uv":[10.66667,11.33333,11.33333,12.33333],"texture":"#1"},"east":{"uv":[11.33333,11.33333,12,12.33333],"texture":"#1"},"south":{"uv":[0,12,0.66667,13],"texture":"#1"},"west":{"uv":[12,0,12.66667,1],"texture":"#1"},"up":{"uv":[13.33333,3.33333,12.66667,2.66667],"texture":"#1"},"down":{"uv":[4,12.66667,3.33333,13.33333],"texture":"#1"}}},{"from":[7.25,7.775,6.1],"to":[8.75,7.775,7.6],"rotation":{"angle":0,"axis":"y","origin":[7.25,7.725,6]},"faces":{"north":{"uv":[0,0,1,0],"texture":"#1"},"east":{"uv":[0,0,1,0],"texture":"#1"},"south":{"uv":[0,0,1,0],"texture":"#1"},"west":{"uv":[0,0,1,0],"texture":"#1"},"up":{"uv":[2.33333,11.66667,1.33333,10.66667],"texture":"#1"},"down":{"uv":[2.33333,10.66667,1.33333,11.66667],"texture":"#1"}}},{"from":[7.25,10.25,6.1],"to":[8.75,10.25,7.6],"rotation":{"angle":0,"axis":"y","origin":[7.25,10.2,6]},"faces":{"north":{"uv":[0,0,1,0],"texture":"#1"},"east":{"uv":[0,0,1,0],"texture":"#1"},"south":{"uv":[0,0,1,0],"texture":"#1"},"west":{"uv":[0,0,1,0],"texture":"#1"},"up":{"uv":[2.33333,11.66667,1.33333,10.66667],"texture":"#1"},"down":{"uv":[2.33333,10.66667,1.33333,11.66667],"texture":"#1"}}},{"from":[7.25,12.1,5.8],"to":[8.75,12.1,7.3],"rotation":{"angle":-45,"axis":"x","origin":[7.25,12.05,5.7]},"faces":{"north":{"uv":[0,0,1,0],"texture":"#1"},"east":{"uv":[0,0,1,0],"texture":"#1"},"south":{"uv":[0,0,1,0],"texture":"#1"},"west":{"uv":[0,0,1,0],"texture":"#1"},"up":{"uv":[2.33333,11.66667,1.33333,10.66667],"texture":"#1"},"down":{"uv":[2.33333,10.66667,1.33333,11.66667],"texture":"#1"}}},{"from":[8,5,3.6],"to":[8,14,7.6],"rotation":{"angle":0,"axis":"y","origin":[7,5,3.6]},"faces":{"north":{"uv":[0,0,0,6],"texture":"#1"},"east":{"uv":[7.33333,0,4.66667,6],"texture":"#1"},"south":{"uv":[0,0,0,6],"texture":"#1"},"west":{"uv":[4.66667,0,7.33333,6],"texture":"#1"},"up":{"uv":[0,2.66667,0,0],"texture":"#1"},"down":{"uv":[0,0,0,2.66667],"texture":"#1"}}}],"gui_light":"front","display":{"thirdperson_righthand":{"rotation":[16.5,0,0],"translation":[0,4.5,2.5],"scale":[1.28711,1.28711,1.28711]},"thirdperson_lefthand":{"rotation":[16.5,0,0],"translation":[0,4.5,2.5],"scale":[1.28711,1.28711,1.28711]},"firstperson_righthand":{"rotation":[-61.17,8.64,-1.7],"translation":[-2,6.5,4.5],"scale":[0.77344,0.77344,0.77344]},"firstperson_lefthand":{"rotation":[-61.17,8.64,-1.7],"translation":[-2,6.5,4.5],"scale":[0.77344,0.77344,0.77344]},"ground":{"rotation":[24.37,-12.62,77.77],"translation":[0,2.75,1.75],"scale":[1.28711,1.28711,1.28711]},"gui":{"rotation":[90,-135,90],"translation":[2,2.25,-0.75],"scale":[0.90039,0.90039,0.90039]},"head":{"rotation":[90,45,90],"translation":[6.5,-12.75,4.75],"scale":[1.5,1.5,1.5]},"fixed":{"rotation":[-90,90,90],"translation":[-0.5,8.25,-2.75],"scale":[2.83789,2.83789,2.83789]}}}