{"credit":"Made with Blockbench","textures":{"1":"item/fishingrods/ragnarok_fishing_rod_cast"},"elements":[{"from":[7.41,-0.59,7.41],"to":[8.59,0.59,8.59],"rotation":{"angle":-45,"axis":"x","origin":[8,0,8]},"faces":{"north":{"uv":[13,8,14,9],"texture":"#1"},"east":{"uv":[13,9,14,10],"texture":"#1"},"south":{"uv":[13,10,14,11],"texture":"#1"},"west":{"uv":[13,11,14,12],"texture":"#1"},"up":{"uv":[14,13,13,12],"texture":"#1"},"down":{"uv":[14,13,13,14],"texture":"#1"}}},{"from":[7.41,4.01,7.41],"to":[8.59,5.19,8.59],"rotation":{"angle":-45,"axis":"x","origin":[8,4.6,8]},"faces":{"north":{"uv":[14,0,15,1],"texture":"#1"},"east":{"uv":[14,1,15,2],"texture":"#1"},"south":{"uv":[14,2,15,3],"texture":"#1"},"west":{"uv":[14,3,15,4],"texture":"#1"},"up":{"uv":[5,15,4,14],"texture":"#1"},"down":{"uv":[15,4,14,5],"texture":"#1"}}},{"from":[7.5,-1,7.4],"to":[8.5,0,9.4],"rotation":{"angle":22.5,"axis":"x","origin":[8,-0.5,7.9]},"faces":{"north":{"uv":[5,14,6,15],"texture":"#1"},"east":{"uv":[4,12,6,13],"texture":"#1"},"south":{"uv":[14,5,15,6],"texture":"#1"},"west":{"uv":[6,12,8,13],"texture":"#1"},"up":{"uv":[9,14,8,12],"texture":"#1"},"down":{"uv":[11,12,10,14],"texture":"#1"}}},{"from":[7.5,0.3,7.5],"to":[8.5,4.3,8.5],"rotation":{"angle":0,"axis":"x","origin":[8,1.8,8]},"faces":{"north":{"uv":[8,0,9,4],"texture":"#1"},"east":{"uv":[8,4,9,8],"texture":"#1"},"south":{"uv":[8,8,9,12],"texture":"#1"},"west":{"uv":[0,9,1,13],"texture":"#1"},"up":{"uv":[7,15,6,14],"texture":"#1"},"down":{"uv":[15,6,14,7],"texture":"#1"}}},{"from":[7.45,3.05,4.95],"to":[8.55,4.15,8.95],"rotation":{"angle":-22.5,"axis":"x","origin":[8,3.6,7.4]},"faces":{"north":{"uv":[7,14,8,15],"texture":"#1"},"east":{"uv":[9,0,13,1],"texture":"#1"},"south":{"uv":[14,7,15,8],"texture":"#1"},"west":{"uv":[9,1,13,2],"texture":"#1"},"up":{"uv":[2,13,1,9],"texture":"#1"},"down":{"uv":[3,9,2,13],"texture":"#1"}}},{"from":[7.45,5.05,5.25],"to":[8.55,6.15,8.55],"rotation":{"angle":-22.5,"axis":"x","origin":[8,5.6,6.9]},"faces":{"north":{"uv":[8,14,9,15],"texture":"#1"},"east":{"uv":[10,6,13.5,7],"texture":"#1"},"south":{"uv":[14,8,15,9],"texture":"#1"},"west":{"uv":[10,7,13.5,8],"texture":"#1"},"up":{"uv":[11,11.5,10,8],"texture":"#1"},"down":{"uv":[10,10,9,13.5],"texture":"#1"}}},{"from":[7.25,8.225,5.9],"to":[8.75,8.225,7.4],"rotation":{"angle":0,"axis":"y","origin":[7.25,8.175,5.8]},"faces":{"north":{"uv":[0,0,1.5,0],"texture":"#1"},"east":{"uv":[0,0,1.5,0],"texture":"#1"},"south":{"uv":[0,0,1.5,0],"texture":"#1"},"west":{"uv":[0,0,1.5,0],"texture":"#1"},"up":{"uv":[12.5,9.5,11,8],"texture":"#1"},"down":{"uv":[12.5,8,11,9.5],"texture":"#1"}}},{"from":[7.25,10.275,5.9],"to":[8.75,10.275,7.4],"rotation":{"angle":0,"axis":"y","origin":[7.25,10.225,5.8]},"faces":{"north":{"uv":[0,0,1.5,0],"texture":"#1"},"east":{"uv":[0,0,1.5,0],"texture":"#1"},"south":{"uv":[0,0,1.5,0],"texture":"#1"},"west":{"uv":[0,0,1.5,0],"texture":"#1"},"up":{"uv":[12.5,9.5,11,8],"texture":"#1"},"down":{"uv":[12.5,8,11,9.5],"texture":"#1"}}},{"from":[7.25,12.1,6.1],"to":[8.75,12.1,7.6],"rotation":{"angle":-45,"axis":"x","origin":[7.25,12.05,6]},"faces":{"north":{"uv":[0,0,1.5,0],"texture":"#1"},"east":{"uv":[0,0,1.5,0],"texture":"#1"},"south":{"uv":[0,0,1.5,0],"texture":"#1"},"west":{"uv":[0,0,1.5,0],"texture":"#1"},"up":{"uv":[12.5,9.5,11,8],"texture":"#1"},"down":{"uv":[12.5,8,11,9.5],"texture":"#1"}}},{"from":[8,5,3.9],"to":[8,14,7.9],"rotation":{"angle":0,"axis":"y","origin":[8,6,3.9]},"faces":{"north":{"uv":[0,0,0,9],"texture":"#1"},"east":{"uv":[4,0,0,9],"texture":"#1"},"south":{"uv":[0,0,0,9],"texture":"#1"},"west":{"uv":[0,0,4,9],"texture":"#1"},"up":{"uv":[0,4,0,0],"texture":"#1"},"down":{"uv":[0,0,0,4],"texture":"#1"}}},{"from":[7.325,5.6,7.325],"to":[8.675,11.4,8.675],"rotation":{"angle":0,"axis":"y","origin":[8,8.9,3]},"faces":{"north":{"uv":[4,0,5.5,6],"texture":"#1"},"east":{"uv":[6,0,7.5,6],"texture":"#1"},"south":{"uv":[4,6,5.5,12],"texture":"#1"},"west":{"uv":[6,6,7.5,12],"texture":"#1"},"up":{"uv":[12.5,3.5,11,2],"texture":"#1"},"down":{"uv":[12.5,4,11,5.5],"texture":"#1"}}},{"from":[7.5,11.025,7.2],"to":[8.5,13.125,8.2],"rotation":{"angle":-22.5,"axis":"x","origin":[8,12.125,7.7]},"faces":{"north":{"uv":[11,12,12,14],"texture":"#1"},"east":{"uv":[12,12,13,14],"texture":"#1"},"south":{"uv":[0,13,1,15],"texture":"#1"},"west":{"uv":[13,0,14,2],"texture":"#1"},"up":{"uv":[15,15,14,14],"texture":"#1"},"down":{"uv":[1,15,0,16],"texture":"#1"}}},{"from":[7.6,12.87276,6.15963],"to":[8.4,14.37276,6.95963],"rotation":{"angle":-45,"axis":"x","origin":[8,13.97276,6.93463]},"faces":{"north":{"uv":[1,13,2,14.5],"texture":"#1"},"east":{"uv":[2,13,3,14.5],"texture":"#1"},"south":{"uv":[13,2,14,3.5],"texture":"#1"},"west":{"uv":[3,13,4,14.5],"texture":"#1"},"up":{"uv":[14,15,13,14],"texture":"#1"},"down":{"uv":[15,13,14,14],"texture":"#1"}}},{"from":[7.5,1.5,5.5],"to":[8.5,5.5,6.5],"rotation":{"angle":0,"axis":"x","origin":[8,2,6]},"faces":{"north":{"uv":[9,2,10,6],"texture":"#1"},"east":{"uv":[3,9,4,13],"texture":"#1"},"south":{"uv":[9,6,10,10],"texture":"#1"},"west":{"uv":[10,2,11,6],"texture":"#1"},"up":{"uv":[10,15,9,14],"texture":"#1"},"down":{"uv":[15,9,14,10],"texture":"#1"}}},{"from":[7.6,0.7,5.6],"to":[8.4,1.5,6.4],"rotation":{"angle":0,"axis":"x","origin":[8,0,6]},"faces":{"north":{"uv":[10,14,11,15],"texture":"#1"},"east":{"uv":[14,10,15,11],"texture":"#1"},"south":{"uv":[11,14,12,15],"texture":"#1"},"west":{"uv":[14,11,15,12],"texture":"#1"},"up":{"uv":[13,15,12,14],"texture":"#1"},"down":{"uv":[15,12,14,13],"texture":"#1"}}}],"gui_light":"front","display":{"thirdperson_righthand":{"rotation":[16.5,0,0],"translation":[0,4.5,2.5],"scale":[1.28711,1.28711,1.28711]},"thirdperson_lefthand":{"rotation":[16.5,0,0],"translation":[0,4.5,2.5],"scale":[1.28711,1.28711,1.28711]},"firstperson_righthand":{"rotation":[-61.17,8.64,-1.7],"translation":[-2,6.5,4.5],"scale":[0.77344,0.77344,0.77344]},"firstperson_lefthand":{"rotation":[-61.17,8.64,-1.7],"translation":[-2,6.5,4.5],"scale":[0.77344,0.77344,0.77344]},"ground":{"rotation":[24.37,-12.62,77.77],"translation":[0,2.75,1.75],"scale":[1.28711,1.28711,1.28711]},"gui":{"rotation":[90,-135,90],"translation":[1,1,-0.75],"scale":[1.10156,1.10156,1.10156]},"head":{"rotation":[90,45,90],"translation":[6.5,-12.75,4.75],"scale":[1.5,1.5,1.5]},"fixed":{"rotation":[-90,90,90],"translation":[3.5,2.75,-2.75],"scale":[3.10547,3.10547,3.10547]}}}