{"credit":"Made with Blockbench","texture_size":[24,24],"textures":{"2":"item/fishingrods/redlord_fishing_rod","particle":"item/fishingrods/redlord_fishing_rod"},"elements":[{"from":[7.33,-2.578,7.313],"to":[8.67,0.102,8.653],"rotation":{"angle":0,"axis":"y","origin":[7.33,0.102,7.313]},"faces":{"north":{"uv":[1.33333,10,2.33333,11.66667],"texture":"#2"},"east":{"uv":[9.33333,10,10.33333,11.66667],"texture":"#2"},"south":{"uv":[10.66667,2.66667,11.66667,4.33333],"texture":"#2"},"west":{"uv":[10.66667,4.66667,11.66667,6.33333],"texture":"#2"},"up":{"uv":[9,12.33333,8,11.33333],"texture":"#2"},"down":{"uv":[11.66667,11.33333,10.66667,12.33333],"texture":"#2"}}},{"from":[7.51,-2.99,8.10296],"to":[8.49,-2.01,9.08296],"rotation":{"angle":-45,"axis":"x","origin":[8,-2.5,8.59296]},"faces":{"north":{"uv":[12.66667,5.33333,13.33333,6],"texture":"#2"},"east":{"uv":[6,12.66667,6.66667,13.33333],"texture":"#2"},"south":{"uv":[12.66667,6,13.33333,6.66667],"texture":"#2"},"west":{"uv":[12.66667,6.66667,13.33333,7.33333],"texture":"#2"},"up":{"uv":[13.33333,8,12.66667,7.33333],"texture":"#2"},"down":{"uv":[8.66667,12.66667,8,13.33333],"texture":"#2"}}},{"from":[7.364,0.102,7.347],"to":[8.636,4.39,8.619],"rotation":{"angle":0,"axis":"y","origin":[7.33,0.102,7.313]},"faces":{"north":{"uv":[1.33333,6.66667,2.33333,9.66667],"texture":"#2"},"east":{"uv":[6.66667,8,7.66667,11],"texture":"#2"},"south":{"uv":[8,8,9,11],"texture":"#2"},"west":{"uv":[2.66667,9.33333,3.66667,12.33333],"texture":"#2"},"up":{"uv":[1,13,0,12],"texture":"#2"},"down":{"uv":[13,0,12,1],"texture":"#2"}}},{"from":[6.98,3.45374,5.05876],"to":[7.66,4.81374,10.45876],"rotation":{"angle":-45,"axis":"x","origin":[8,4.04978,8.0152]},"faces":{"north":{"uv":[12.66667,12.66667,13,13.66667],"texture":"#2"},"east":{"uv":[6.66667,5.33333,10.33333,6.33333],"texture":"#2"},"south":{"uv":[0,13.33333,0.33333,14.33333],"texture":"#2"},"west":{"uv":[6.66667,6.66667,10.33333,7.66667],"texture":"#2"},"up":{"uv":[4.33333,15,4,11.33333],"texture":"#2"},"down":{"uv":[5,11.33333,4.66667,15],"texture":"#2"}}},{"from":[7.66,4.73274,7.69079],"to":[8.34,6.09274,11.09079],"rotation":{"angle":0,"axis":"x","origin":[8,4.04978,8.0152]},"faces":{"north":{"uv":[13.33333,0,13.66667,1],"texture":"#2"},"east":{"uv":[8,2.66667,10.33333,3.66667],"texture":"#2"},"south":{"uv":[0.66667,13.33333,1,14.33333],"texture":"#2"},"west":{"uv":[8,4,10.33333,5],"texture":"#2"},"up":{"uv":[12.33333,11.66667,12,9.33333],"texture":"#2"},"down":{"uv":[10.33333,12,10,14.33333],"texture":"#2"}}},{"from":[7.32,1.23904,5.70739],"to":[8.68,3.95904,7.74739],"rotation":{"angle":0,"axis":"x","origin":[8,4.04978,8.0152]},"faces":{"north":{"uv":[5.33333,10.66667,6.33333,12.33333],"texture":"#2"},"east":{"uv":[4,9.33333,5.33333,11],"texture":"#2"},"south":{"uv":[10.66667,6.66667,11.66667,8.33333],"texture":"#2"},"west":{"uv":[9.33333,8,10.66667,9.66667],"texture":"#2"},"up":{"uv":[11.66667,10,10.66667,8.66667],"texture":"#2"},"down":{"uv":[11.66667,10,10.66667,11.33333],"texture":"#2"}}},{"from":[8.34,3.45374,5.05876],"to":[9.02,4.81374,10.45876],"rotation":{"angle":-45,"axis":"x","origin":[8,4.04978,8.0152]},"faces":{"north":{"uv":[1.33333,13.33333,1.66667,14.33333],"texture":"#2"},"east":{"uv":[8,0,11.66667,1],"texture":"#2"},"south":{"uv":[13.33333,1.33333,13.66667,2.33333],"texture":"#2"},"west":{"uv":[8,1.33333,11.66667,2.33333],"texture":"#2"},"up":{"uv":[7,15,6.66667,11.33333],"texture":"#2"},"down":{"uv":[7.66667,11.33333,7.33333,15],"texture":"#2"}}},{"from":[8,-6.196,6.107],"to":[8,0.504,10.127],"rotation":{"angle":0,"axis":"y","origin":[8,-0.836,6.107]},"faces":{"north":{"uv":[0,0,0,4.33333],"texture":"#2"},"east":{"uv":[2.66667,0,5.33333,4.33333],"texture":"#2"},"south":{"uv":[0,0,0,4.33333],"texture":"#2"},"west":{"uv":[2.66667,4.66667,5.33333,9],"texture":"#2"},"up":{"uv":[0,2.66667,0,0],"texture":"#2"},"down":{"uv":[0,0,0,2.66667],"texture":"#2"}}},{"from":[6.8,2.21967,6.92743],"to":[7.2,2.91967,7.62743],"rotation":{"angle":22.5,"axis":"x","origin":[8,4.04978,8.0152]},"faces":{"north":{"uv":[2,13.33333,2.33333,13.66667],"texture":"#2"},"east":{"uv":[13.33333,2.66667,13.66667,3],"texture":"#2"},"south":{"uv":[13.33333,3.33333,13.66667,3.66667],"texture":"#2"},"west":{"uv":[13.33333,4,13.66667,4.33333],"texture":"#2"},"up":{"uv":[13.66667,5,13.33333,4.66667],"texture":"#2"},"down":{"uv":[13.66667,5.33333,13.33333,5.66667],"texture":"#2"}}},{"from":[6.8,4.32292,8.86856],"to":[7.2,5.02292,9.56856],"rotation":{"angle":-22.5,"axis":"x","origin":[8,4.04978,8.0152]},"faces":{"north":{"uv":[6,13.33333,6.33333,13.66667],"texture":"#2"},"east":{"uv":[13.33333,6,13.66667,6.33333],"texture":"#2"},"south":{"uv":[13.33333,6.66667,13.66667,7],"texture":"#2"},"west":{"uv":[13.33333,7.33333,13.66667,7.66667],"texture":"#2"},"up":{"uv":[8.33333,13.66667,8,13.33333],"texture":"#2"},"down":{"uv":[13.66667,8,13.33333,8.33333],"texture":"#2"}}},{"from":[8.8,4.32292,8.86856],"to":[9.2,5.02292,9.56856],"rotation":{"angle":-22.5,"axis":"x","origin":[8,4.04978,8.0152]},"faces":{"north":{"uv":[8.66667,13.33333,9,13.66667],"texture":"#2"},"east":{"uv":[13.33333,8.66667,13.66667,9],"texture":"#2"},"south":{"uv":[9.33333,13.33333,9.66667,13.66667],"texture":"#2"},"west":{"uv":[13.33333,9.33333,13.66667,9.66667],"texture":"#2"},"up":{"uv":[13.66667,10.33333,13.33333,10],"texture":"#2"},"down":{"uv":[11,13.33333,10.66667,13.66667],"texture":"#2"}}},{"from":[8.8,2.21967,6.92743],"to":[9.2,2.91967,7.62743],"rotation":{"angle":22.5,"axis":"x","origin":[8,4.04978,8.0152]},"faces":{"north":{"uv":[13.33333,10.66667,13.66667,11],"texture":"#2"},"east":{"uv":[11.33333,13.33333,11.66667,13.66667],"texture":"#2"},"south":{"uv":[13.33333,11.33333,13.66667,11.66667],"texture":"#2"},"west":{"uv":[12,13.33333,12.33333,13.66667],"texture":"#2"},"up":{"uv":[13.66667,12.33333,13.33333,12],"texture":"#2"},"down":{"uv":[13.66667,12.66667,13.33333,13],"texture":"#2"}}},{"from":[7.325,3.6,7.325],"to":[8.675,11.4,8.675],"rotation":{"angle":0,"axis":"y","origin":[8,8.9,3]},"faces":{"north":{"uv":[5.33333,0,6.33333,5.33333],"texture":"#2"},"east":{"uv":[5.33333,5.33333,6.33333,10.66667],"texture":"#2"},"south":{"uv":[0,6.66667,1,12],"texture":"#2"},"west":{"uv":[6.66667,0,7.66667,5.33333],"texture":"#2"},"up":{"uv":[2.33333,13,1.33333,12],"texture":"#2"},"down":{"uv":[13,1.33333,12,2.33333],"texture":"#2"}}},{"from":[7.5,11.025,7.2],"to":[8.5,13.125,8.2],"rotation":{"angle":-22.5,"axis":"x","origin":[8,12.125,7.7]},"faces":{"north":{"uv":[12,5.33333,12.66667,6.66667],"texture":"#2"},"east":{"uv":[12,6.66667,12.66667,8],"texture":"#2"},"south":{"uv":[12,8,12.66667,9.33333],"texture":"#2"},"west":{"uv":[9.33333,12,10,13.33333],"texture":"#2"},"up":{"uv":[13.33333,8.66667,12.66667,8],"texture":"#2"},"down":{"uv":[9.33333,12.66667,8.66667,13.33333],"texture":"#2"}}},{"from":[7.6,12.87276,6.15963],"to":[8.4,14.37276,6.95963],"rotation":{"angle":-45,"axis":"x","origin":[8,13.97276,6.93463]},"faces":{"north":{"uv":[12,12,12.66667,13],"texture":"#2"},"east":{"uv":[2.66667,12.66667,3.33333,13.66667],"texture":"#2"},"south":{"uv":[3.33333,12.66667,4,13.66667],"texture":"#2"},"west":{"uv":[5.33333,12.66667,6,13.66667],"texture":"#2"},"up":{"uv":[13.33333,9.33333,12.66667,8.66667],"texture":"#2"},"down":{"uv":[13.33333,9.33333,12.66667,10],"texture":"#2"}}},{"from":[7.25,6.275,6],"to":[8.75,6.275,7.5],"rotation":{"angle":0,"axis":"y","origin":[7.25,6.225,5.9]},"faces":{"north":{"uv":[0,0,1,0],"texture":"#2"},"east":{"uv":[0,0,1,0],"texture":"#2"},"south":{"uv":[0,0,1,0],"texture":"#2"},"west":{"uv":[0,0,1,0],"texture":"#2"},"up":{"uv":[13,3.66667,12,2.66667],"texture":"#2"},"down":{"uv":[13,2.66667,12,3.66667],"texture":"#2"}}},{"from":[7.25,10.275,6],"to":[8.75,10.275,7.5],"rotation":{"angle":0,"axis":"y","origin":[7.25,6.225,5.9]},"faces":{"north":{"uv":[0,0,1,0],"texture":"#2"},"east":{"uv":[0,0,1,0],"texture":"#2"},"south":{"uv":[0,0,1,0],"texture":"#2"},"west":{"uv":[0,0,1,0],"texture":"#2"},"up":{"uv":[13,3.66667,12,2.66667],"texture":"#2"},"down":{"uv":[13,2.66667,12,3.66667],"texture":"#2"}}},{"from":[7.25,12.975,5.875],"to":[8.75,12.975,7.375],"rotation":{"angle":-45,"axis":"x","origin":[8,12.275,6.75]},"faces":{"north":{"uv":[0,0,1,0],"texture":"#2"},"east":{"uv":[0,0,1,0],"texture":"#2"},"south":{"uv":[0,0,1,0],"texture":"#2"},"west":{"uv":[0,0,1,0],"texture":"#2"},"up":{"uv":[13,3.66667,12,2.66667],"texture":"#2"},"down":{"uv":[13,2.66667,12,3.66667],"texture":"#2"}}},{"from":[7.6032,10.9513,4.61002],"to":[8.3968,11.7449,5.40362],"rotation":{"angle":45,"axis":"x","origin":[8,12.0481,4.90682]},"faces":{"north":{"uv":[12.66667,10,13.33333,10.66667],"texture":"#2"},"east":{"uv":[10.66667,12.66667,11.33333,13.33333],"texture":"#2"},"south":{"uv":[12.66667,10.66667,13.33333,11.33333],"texture":"#2"},"west":{"uv":[11.33333,12.66667,12,13.33333],"texture":"#2"},"up":{"uv":[13.33333,12,12.66667,11.33333],"texture":"#2"},"down":{"uv":[13.33333,12,12.66667,12.66667],"texture":"#2"}}},{"from":[8,4,3.5],"to":[8,14,7.5],"rotation":{"angle":0,"axis":"y","origin":[8,6,3.5]},"faces":{"north":{"uv":[0,0,0,6.66667],"texture":"#2"},"east":{"uv":[2.66667,0,0,6.66667],"texture":"#2"},"south":{"uv":[0,0,0,6.66667],"texture":"#2"},"west":{"uv":[0,0,2.66667,6.66667],"texture":"#2"},"up":{"uv":[0,2.66667,0,0],"texture":"#2"},"down":{"uv":[0,0,0,2.66667],"texture":"#2"}}}],"gui_light":"front","display":{"thirdperson_righthand":{"translation":[0,5.25,1.75],"scale":[1.28711,1.28711,1.28711]},"thirdperson_lefthand":{"translation":[0,5.25,1.75],"scale":[1.28711,1.28711,1.28711]},"firstperson_righthand":{"rotation":[-18.42,8.64,-1.7],"translation":[-2.75,6.75,3.75],"scale":[0.77344,0.77344,0.77344]},"firstperson_lefthand":{"rotation":[-18.42,8.64,-1.7],"translation":[-2.75,6.75,3.75],"scale":[0.77344,0.77344,0.77344]},"ground":{"rotation":[24.37,-12.62,77.77],"translation":[0,2.75,1.75],"scale":[1.28711,1.28711,1.28711]},"gui":{"rotation":[90,-135,90],"translation":[2.25,1.75,-0.75],"scale":[0.86914,0.86914,0.86914]},"head":{"rotation":[90,45,90],"translation":[6.5,-12.75,4.75],"scale":[1.5,1.5,1.5]},"fixed":{"rotation":[-90,90,90],"translation":[-0.5,5.25,-2.75],"scale":[3.10547,3.10547,3.10547]}}}