{"credit":"Made with Blockbench","texture_size":[20,20],"textures":{"2":"item/fishingrods/stellar_fishing_rod_cast","particle":"item/fishingrods/stellar_fishing_rod_cast"},"elements":[{"from":[7.5,-3.32413,7.5],"to":[8.5,-2.32413,8.5],"rotation":{"angle":45,"axis":"x","origin":[8,-2.82413,8]},"faces":{"north":{"uv":[7.2,10.4,8,11.2],"texture":"#2"},"east":{"uv":[11.2,0,12,0.8],"texture":"#2"},"south":{"uv":[11.2,0.8,12,1.6],"texture":"#2"},"west":{"uv":[11.2,1.6,12,2.4],"texture":"#2"},"up":{"uv":[12,3.2,11.2,2.4],"texture":"#2"},"down":{"uv":[4,11.2,3.2,12],"texture":"#2"}}},{"from":[7.7,12.87276,6.25963],"to":[8.3,14.37276,6.85963],"rotation":{"angle":-45,"axis":"x","origin":[8,13.97276,6.93463]},"faces":{"north":{"uv":[10.4,11.2,10.8,12.4],"texture":"#2"},"east":{"uv":[11.2,10.4,11.6,11.6],"texture":"#2"},"south":{"uv":[0,12,0.4,13.2],"texture":"#2"},"west":{"uv":[12,0,12.4,1.2],"texture":"#2"},"up":{"uv":[7.6,13.2,7.2,12.8],"texture":"#2"},"down":{"uv":[8.4,12.8,8,13.2],"texture":"#2"}}},{"from":[7.6,11.125,7.3],"to":[8.4,13.125,8.1],"rotation":{"angle":-22.5,"axis":"x","origin":[8,12.125,7.7]},"faces":{"north":{"uv":[10.4,0,11,1.6],"texture":"#2"},"east":{"uv":[1.6,10.4,2.2,12],"texture":"#2"},"south":{"uv":[2.4,10.4,3,12],"texture":"#2"},"west":{"uv":[6.4,10.4,7,12],"texture":"#2"},"up":{"uv":[13.4,1.4,12.8,0.8],"texture":"#2"},"down":{"uv":[2.2,12.8,1.6,13.4],"texture":"#2"}}},{"from":[7.525,6.6,7.525],"to":[8.475,11.4,8.475],"rotation":{"angle":0,"axis":"y","origin":[8,8.9,3]},"faces":{"north":{"uv":[0,6.4,0.8,10.2],"texture":"#2"},"east":{"uv":[0.8,6.4,1.6,10.2],"texture":"#2"},"south":{"uv":[1.6,6.4,2.4,10.2],"texture":"#2"},"west":{"uv":[2.4,6.4,3.2,10.2],"texture":"#2"},"up":{"uv":[9.6,12,8.8,11.2],"texture":"#2"},"down":{"uv":[12,8.8,11.2,9.6],"texture":"#2"}}},{"from":[7.42,-2.56413,7.42],"to":[8.58,-1.98413,8.58],"rotation":{"angle":0,"axis":"x","origin":[8,-1.98413,8]},"faces":{"north":{"uv":[0.8,12,1.8,12.4],"texture":"#2"},"east":{"uv":[12,1.6,13,2],"texture":"#2"},"south":{"uv":[2.4,12,3.4,12.4],"texture":"#2"},"west":{"uv":[12,2.4,13,2.8],"texture":"#2"},"up":{"uv":[10.6,2.6,9.6,1.6],"texture":"#2"},"down":{"uv":[4.2,9.6,3.2,10.6],"texture":"#2"}}},{"from":[7.42,-0.98413,7.42],"to":[8.58,-0.40413,8.58],"rotation":{"angle":0,"axis":"x","origin":[8,-0.40413,8]},"faces":{"north":{"uv":[12,3.2,13,3.6],"texture":"#2"},"east":{"uv":[4,12,5,12.4],"texture":"#2"},"south":{"uv":[12,4,13,4.4],"texture":"#2"},"west":{"uv":[12,4.8,13,5.2],"texture":"#2"},"up":{"uv":[10.6,4.2,9.6,3.2],"texture":"#2"},"down":{"uv":[5.8,9.6,4.8,10.6],"texture":"#2"}}},{"from":[7.42,2.59587,7.42],"to":[8.58,3.17587,8.58],"rotation":{"angle":0,"axis":"x","origin":[8,2.59587,8]},"faces":{"north":{"uv":[5.6,12,6.6,12.4],"texture":"#2"},"east":{"uv":[12,5.6,13,6],"texture":"#2"},"south":{"uv":[12,6.4,13,6.8],"texture":"#2"},"west":{"uv":[7.2,12,8.2,12.4],"texture":"#2"},"up":{"uv":[10.6,5.8,9.6,4.8],"texture":"#2"},"down":{"uv":[10.6,6.4,9.6,7.4],"texture":"#2"}}},{"from":[7.42,4.17587,7.42],"to":[8.58,4.75587,8.58],"rotation":{"angle":0,"axis":"x","origin":[8,4.17587,8]},"faces":{"north":{"uv":[12,7.2,13,7.6],"texture":"#2"},"east":{"uv":[12,8,13,8.4],"texture":"#2"},"south":{"uv":[8.8,12,9.8,12.4],"texture":"#2"},"west":{"uv":[12,8.8,13,9.2],"texture":"#2"},"up":{"uv":[9,10.6,8,9.6],"texture":"#2"},"down":{"uv":[10.6,8,9.6,9],"texture":"#2"}}},{"from":[7.42,8.20087,7.42],"to":[8.58,8.78087,8.58],"rotation":{"angle":0,"axis":"x","origin":[8,-0.79913,8]},"faces":{"north":{"uv":[12,9.6,13,10],"texture":"#2"},"east":{"uv":[12,10.4,13,10.8],"texture":"#2"},"south":{"uv":[11.2,12,12.2,12.4],"texture":"#2"},"west":{"uv":[12,11.2,13,11.6],"texture":"#2"},"up":{"uv":[10.6,10.6,9.6,9.6],"texture":"#2"},"down":{"uv":[1,10.4,0,11.4],"texture":"#2"}}},{"from":[7.5,-1.98413,7.5],"to":[8.5,-0.98413,8.5],"rotation":{"angle":0,"axis":"y","origin":[6.92,-8.64413,9.08]},"faces":{"north":{"uv":[11.2,3.2,12,4],"texture":"#2"},"east":{"uv":[4,11.2,4.8,12],"texture":"#2"},"south":{"uv":[11.2,4,12,4.8],"texture":"#2"},"west":{"uv":[4.8,11.2,5.6,12],"texture":"#2"},"up":{"uv":[12,5.6,11.2,4.8],"texture":"#2"},"down":{"uv":[6.4,11.2,5.6,12],"texture":"#2"}}},{"from":[7.5,3.17587,7.5],"to":[8.5,4.17587,8.5],"rotation":{"angle":0,"axis":"y","origin":[6.92,-3.48413,9.08]},"faces":{"north":{"uv":[11.2,5.6,12,6.4],"texture":"#2"},"east":{"uv":[11.2,6.4,12,7.2],"texture":"#2"},"south":{"uv":[7.2,11.2,8,12],"texture":"#2"},"west":{"uv":[11.2,7.2,12,8],"texture":"#2"},"up":{"uv":[8.8,12,8,11.2],"texture":"#2"},"down":{"uv":[12,8,11.2,8.8],"texture":"#2"}}},{"from":[7.6,-0.40413,7.6],"to":[8.4,2.59587,8.4],"rotation":{"angle":0,"axis":"y","origin":[6.92,-7.06413,9.08]},"faces":{"north":{"uv":[6.4,6.4,7,8.8],"texture":"#2"},"east":{"uv":[7.2,6.4,7.8,8.8],"texture":"#2"},"south":{"uv":[8,0,8.6,2.4],"texture":"#2"},"west":{"uv":[8,2.4,8.6,4.8],"texture":"#2"},"up":{"uv":[13.4,0.6,12.8,0],"texture":"#2"},"down":{"uv":[1.4,12.8,0.8,13.4],"texture":"#2"}}},{"from":[7.5,4.67587,7],"to":[8.5,6.67587,9],"rotation":{"angle":-45,"axis":"x","origin":[8,5.67587,8]},"faces":{"north":{"uv":[8.8,1.6,9.6,3.2],"texture":"#2"},"east":{"uv":[3.2,6.4,4.8,8],"texture":"#2"},"south":{"uv":[8.8,3.2,9.6,4.8],"texture":"#2"},"west":{"uv":[4.8,6.4,6.4,8],"texture":"#2"},"up":{"uv":[7.2,10.4,6.4,8.8],"texture":"#2"},"down":{"uv":[8,8.8,7.2,10.4],"texture":"#2"}}},{"from":[7.3,4.87587,7.2],"to":[8.7,6.47587,8.8],"rotation":{"angle":-45,"axis":"x","origin":[8,5.67587,8]},"faces":{"north":{"uv":[3.2,8,4.4,9.2],"texture":"#2"},"east":{"uv":[4.8,8,6,9.2],"texture":"#2"},"south":{"uv":[8,4.8,9.2,6],"texture":"#2"},"west":{"uv":[8,6.4,9.2,7.6],"texture":"#2"},"up":{"uv":[9.2,9.2,8,8],"texture":"#2"},"down":{"uv":[10,0,8.8,1.2],"texture":"#2"}}},{"from":[6.5,-2.52413,6.5],"to":[6.5,-0.52413,9.5],"rotation":{"angle":0,"axis":"y","origin":[8,-1.52413,8]},"faces":{"north":{"uv":[0,0,0,1.6],"texture":"#2"},"east":{"uv":[3.2,0,5.6,1.6],"texture":"#2"},"south":{"uv":[0,0,0,1.6],"texture":"#2"},"west":{"uv":[3.2,1.6,5.6,3.2],"texture":"#2"},"up":{"uv":[0,2.4,0,0],"texture":"#2"},"down":{"uv":[0,0,0,2.4],"texture":"#2"}}},{"from":[9.5,-2.52413,6.5],"to":[9.5,-0.52413,9.5],"rotation":{"angle":0,"axis":"y","origin":[8,-1.52413,8]},"faces":{"north":{"uv":[0,0,0,1.6],"texture":"#2"},"east":{"uv":[3.2,3.2,5.6,4.8],"texture":"#2"},"south":{"uv":[0,0,0,1.6],"texture":"#2"},"west":{"uv":[3.2,4.8,5.6,6.4],"texture":"#2"},"up":{"uv":[0,2.4,0,0],"texture":"#2"},"down":{"uv":[0,0,0,2.4],"texture":"#2"}}},{"from":[6.5,-2.52413,9.5],"to":[9.5,-0.52413,9.5],"rotation":{"angle":0,"axis":"y","origin":[8,-1.52413,8]},"faces":{"north":{"uv":[5.6,0,8,1.6],"texture":"#2"},"east":{"uv":[0,0,0,1.6],"texture":"#2"},"south":{"uv":[5.6,1.6,8,3.2],"texture":"#2"},"west":{"uv":[0,0,0,1.6],"texture":"#2"},"up":{"uv":[2.4,0,0,0],"texture":"#2"},"down":{"uv":[2.4,0,0,0],"texture":"#2"}}},{"from":[6.5,-2.52413,6.5],"to":[9.5,-0.52413,6.5],"rotation":{"angle":0,"axis":"y","origin":[8,-1.52413,8]},"faces":{"north":{"uv":[5.6,3.2,8,4.8],"texture":"#2"},"east":{"uv":[0,0,0,1.6],"texture":"#2"},"south":{"uv":[5.6,4.8,8,6.4],"texture":"#2"},"west":{"uv":[0,0,0,1.6],"texture":"#2"},"up":{"uv":[2.4,0,0,0],"texture":"#2"},"down":{"uv":[2.4,0,0,0],"texture":"#2"}}},{"from":[9.5,4.47587,6.5],"to":[9.5,6.47587,9.5],"rotation":{"angle":-22.5,"axis":"x","origin":[8,5.47587,8]},"faces":{"north":{"uv":[0,0,0,1.6],"texture":"#2"},"east":{"uv":[3.2,3.2,5.6,4.8],"texture":"#2"},"south":{"uv":[0,0,0,1.6],"texture":"#2"},"west":{"uv":[3.2,4.8,5.6,6.4],"texture":"#2"},"up":{"uv":[0,2.4,0,0],"texture":"#2"},"down":{"uv":[0,0,0,2.4],"texture":"#2"}}},{"from":[6.5,4.47587,9.5],"to":[9.5,6.47587,9.5],"rotation":{"angle":-22.5,"axis":"x","origin":[8,5.47587,8]},"faces":{"north":{"uv":[5.6,0,8,1.6],"texture":"#2"},"east":{"uv":[0,0,0,1.6],"texture":"#2"},"south":{"uv":[5.6,1.6,8,3.2],"texture":"#2"},"west":{"uv":[0,0,0,1.6],"texture":"#2"},"up":{"uv":[2.4,0,0,0],"texture":"#2"},"down":{"uv":[2.4,0,0,0],"texture":"#2"}}},{"from":[6.5,4.47587,6.5],"to":[6.5,6.47587,9.5],"rotation":{"angle":-22.5,"axis":"x","origin":[8,5.47587,8]},"faces":{"north":{"uv":[0,0,0,1.6],"texture":"#2"},"east":{"uv":[3.2,0,5.6,1.6],"texture":"#2"},"south":{"uv":[0,0,0,1.6],"texture":"#2"},"west":{"uv":[3.2,1.6,5.6,3.2],"texture":"#2"},"up":{"uv":[0,2.4,0,0],"texture":"#2"},"down":{"uv":[0,0,0,2.4],"texture":"#2"}}},{"from":[6.5,4.47587,6.5],"to":[9.5,6.47587,6.5],"rotation":{"angle":-22.5,"axis":"x","origin":[8,5.47587,8]},"faces":{"north":{"uv":[5.6,3.2,8,4.8],"texture":"#2"},"east":{"uv":[0,0,0,1.6],"texture":"#2"},"south":{"uv":[5.6,4.8,8,6.4],"texture":"#2"},"west":{"uv":[0,0,0,1.6],"texture":"#2"},"up":{"uv":[2.4,0,0,0],"texture":"#2"},"down":{"uv":[2.4,0,0,0],"texture":"#2"}}},{"from":[8,6,4],"to":[8,14,8],"rotation":{"angle":0,"axis":"y","origin":[8,6,4]},"faces":{"north":{"uv":[0,0,0,6.4],"texture":"#2"},"east":{"uv":[3.2,0,0,6.4],"texture":"#2"},"south":{"uv":[0,0,0,6.4],"texture":"#2"},"west":{"uv":[0,0,3.2,6.4],"texture":"#2"},"up":{"uv":[0,3.2,0,0],"texture":"#2"},"down":{"uv":[0,0,0,3.2],"texture":"#2"}}},{"from":[7.5,8.4,6.725],"to":[8.5,8.4,7.725],"rotation":{"angle":0,"axis":"y","origin":[7.5,8.4,6.725]},"faces":{"north":{"uv":[0,0,0.8,0],"texture":"#2"},"east":{"uv":[0,0,0.8,0],"texture":"#2"},"south":{"uv":[0,0,0.8,0],"texture":"#2"},"west":{"uv":[0,0,0.8,0],"texture":"#2"},"up":{"uv":[10.4,12,9.6,11.2],"texture":"#2"},"down":{"uv":[10.4,11.2,9.6,12],"texture":"#2"}}},{"from":[7.5,10.4,6.725],"to":[8.5,10.4,7.725],"rotation":{"angle":0,"axis":"y","origin":[7.5,10.4,6.725]},"faces":{"north":{"uv":[0,0,0.8,0],"texture":"#2"},"east":{"uv":[0,0,0.8,0],"texture":"#2"},"south":{"uv":[0,0,0.8,0],"texture":"#2"},"west":{"uv":[0,0,0.8,0],"texture":"#2"},"up":{"uv":[10.4,12,9.6,11.2],"texture":"#2"},"down":{"uv":[10.4,11.2,9.6,12],"texture":"#2"}}},{"from":[7.5,11.9,6.5],"to":[8.5,11.9,7.5],"rotation":{"angle":0,"axis":"y","origin":[7.5,11.9,6.5]},"faces":{"north":{"uv":[0,0,0.8,0],"texture":"#2"},"east":{"uv":[0,0,0.8,0],"texture":"#2"},"south":{"uv":[0,0,0.8,0],"texture":"#2"},"west":{"uv":[0,0,0.8,0],"texture":"#2"},"up":{"uv":[10.4,12,9.6,11.2],"texture":"#2"},"down":{"uv":[10.4,11.2,9.6,12],"texture":"#2"}}},{"from":[7.5,13.075,5.825],"to":[8.5,13.075,6.825],"rotation":{"angle":-45,"axis":"x","origin":[7.5,13.075,5.825]},"faces":{"north":{"uv":[0,0,0.8,0],"texture":"#2"},"east":{"uv":[0,0,0.8,0],"texture":"#2"},"south":{"uv":[0,0,0.8,0],"texture":"#2"},"west":{"uv":[0,0,0.8,0],"texture":"#2"},"up":{"uv":[10.4,12,9.6,11.2],"texture":"#2"},"down":{"uv":[10.4,11.2,9.6,12],"texture":"#2"}}}],"gui_light":"front","display":{"thirdperson_righthand":{"rotation":[16.5,0,0],"translation":[0,4.5,2.5],"scale":[1.28711,1.28711,1.28711]},"thirdperson_lefthand":{"rotation":[16.5,0,0],"translation":[0,4.5,2.5],"scale":[1.28711,1.28711,1.28711]},"firstperson_righthand":{"rotation":[-61.17,8.64,-1.7],"translation":[-2,6.5,4.5],"scale":[0.77344,0.77344,0.77344]},"firstperson_lefthand":{"rotation":[-61.17,8.64,-1.7],"translation":[-2,6.5,4.5],"scale":[0.77344,0.77344,0.77344]},"ground":{"translation":[0,4.25,0],"scale":[0.5,0.5,0.5]},"gui":{"rotation":[90,-135,90],"translation":[1.5,2.75,-0.75]},"head":{"scale":[0,0,0]},"fixed":{"rotation":[-90,90,90],"translation":[1.5,4,-2.75],"scale":[3.10547,3.10547,3.10547]}}}