{"credit":"Made with Blockbench","textures":{"1":"item/fishingrods/sunred_fishing_rod_cast"},"elements":[{"from":[7.5,-1,7.5],"to":[8.5,3,8.5],"rotation":{"angle":0,"axis":"y","origin":[8,2.75572,8]},"faces":{"north":{"uv":[10,3,11,7],"texture":"#1"},"east":{"uv":[10,7,11,11],"texture":"#1"},"south":{"uv":[11,0,12,4],"texture":"#1"},"west":{"uv":[2,11,3,15],"texture":"#1"},"up":{"uv":[8,6,7,5],"texture":"#1"},"down":{"uv":[12,14,11,15],"texture":"#1"}}},{"from":[7.28,6.04213,8.94433],"to":[8.72,7.48213,10.38433],"rotation":{"angle":22.5,"axis":"x","origin":[8,7.64302,9.40148]},"faces":{"north":{"uv":[3,11,4.5,12.5],"texture":"#1"},"east":{"uv":[11,4,12.5,5.5],"texture":"#1"},"south":{"uv":[5,11,6.5,12.5],"texture":"#1"},"west":{"uv":[11,6,12.5,7.5],"texture":"#1"},"up":{"uv":[8.5,12.5,7,11],"texture":"#1"},"down":{"uv":[12.5,8,11,9.5],"texture":"#1"}}},{"from":[7.3808,7.06805,8.96724],"to":[8.6192,8.30645,10.20564],"rotation":{"angle":0,"axis":"x","origin":[8,7.64302,9.40148]},"faces":{"north":{"uv":[12,14,13,15],"texture":"#1"},"east":{"uv":[14,12,15,13],"texture":"#1"},"south":{"uv":[13,14,14,15],"texture":"#1"},"west":{"uv":[14,13,15,14],"texture":"#1"},"up":{"uv":[15,15,14,14],"texture":"#1"},"down":{"uv":[1,15,0,16],"texture":"#1"}}},{"from":[7.47987,7.93163,9.31838],"to":[8.52013,8.97189,10.35863],"rotation":{"angle":-22.5,"axis":"x","origin":[8,7.64302,9.40148]},"faces":{"north":{"uv":[15,0,16,1],"texture":"#1"},"east":{"uv":[1,15,2,16],"texture":"#1"},"south":{"uv":[15,1,16,2],"texture":"#1"},"west":{"uv":[2,15,3,16],"texture":"#1"},"up":{"uv":[16,3,15,2],"texture":"#1"},"down":{"uv":[4,15,3,16],"texture":"#1"}}},{"from":[7.44,2.94,7.44],"to":[8.56,5.06,8.56],"rotation":{"angle":0,"axis":"y","origin":[8,2.75572,8]},"faces":{"north":{"uv":[9,3,10,5],"texture":"#1"},"east":{"uv":[7,13,8,15],"texture":"#1"},"south":{"uv":[8,13,9,15],"texture":"#1"},"west":{"uv":[13,8,14,10],"texture":"#1"},"up":{"uv":[16,4,15,3],"texture":"#1"},"down":{"uv":[5,15,4,16],"texture":"#1"}}},{"from":[7.2048,3.19605,8.44033],"to":[8.7952,6.20645,11.45073],"rotation":{"angle":-45,"axis":"x","origin":[8,2.75572,8]},"faces":{"north":{"uv":[2,8,3.5,11],"texture":"#1"},"east":{"uv":[4,0,7,3],"texture":"#1"},"south":{"uv":[8,5,9.5,8],"texture":"#1"},"west":{"uv":[4,3,7,6],"texture":"#1"},"up":{"uv":[9.5,11,8,8],"texture":"#1"},"down":{"uv":[10.5,0,9,3],"texture":"#1"}}},{"from":[7.44,0.54,7.44],"to":[8.56,1.66,8.56],"rotation":{"angle":0,"axis":"y","origin":[8,7.55572,8]},"faces":{"north":{"uv":[15,4,16,5],"texture":"#1"},"east":{"uv":[5,15,6,16],"texture":"#1"},"south":{"uv":[15,5,16,6],"texture":"#1"},"west":{"uv":[6,15,7,16],"texture":"#1"},"up":{"uv":[16,7,15,6],"texture":"#1"},"down":{"uv":[8,15,7,16],"texture":"#1"}}},{"from":[7.34,-4.61236,0.93664],"to":[8.66,-3.29236,2.25664],"rotation":{"angle":45,"axis":"x","origin":[8,-10.35572,8]},"faces":{"north":{"uv":[9,11,10.5,12.5],"texture":"#1"},"east":{"uv":[11,10,12.5,11.5],"texture":"#1"},"south":{"uv":[12,0,13.5,1.5],"texture":"#1"},"west":{"uv":[12,2,13.5,3.5],"texture":"#1"},"up":{"uv":[12.5,13.5,11,12],"texture":"#1"},"down":{"uv":[1.5,13,0,14.5],"texture":"#1"}}},{"from":[7.325,6.6,7.325],"to":[8.675,11.4,8.675],"rotation":{"angle":0,"axis":"y","origin":[8,8.9,3]},"faces":{"north":{"uv":[4,6,5.5,11],"texture":"#1"},"east":{"uv":[6,6,7.5,11],"texture":"#1"},"south":{"uv":[7,0,8.5,5],"texture":"#1"},"west":{"uv":[0,8,1.5,13],"texture":"#1"},"up":{"uv":[4.5,14.5,3,13],"texture":"#1"},"down":{"uv":[14.5,4,13,5.5],"texture":"#1"}}},{"from":[7.5,11.025,7.2],"to":[8.5,13.125,8.2],"rotation":{"angle":-22.5,"axis":"x","origin":[8,12.125,7.7]},"faces":{"north":{"uv":[9,13,10,15],"texture":"#1"},"east":{"uv":[10,13,11,15],"texture":"#1"},"south":{"uv":[13,10,14,12],"texture":"#1"},"west":{"uv":[13,12,14,14],"texture":"#1"},"up":{"uv":[16,8,15,7],"texture":"#1"},"down":{"uv":[9,15,8,16],"texture":"#1"}}},{"from":[7.6,12.87276,6.15963],"to":[8.4,14.37276,6.95963],"rotation":{"angle":-45,"axis":"x","origin":[8,13.97276,6.93463]},"faces":{"north":{"uv":[14,0,15,1.5],"texture":"#1"},"east":{"uv":[14,2,15,3.5],"texture":"#1"},"south":{"uv":[14,8,15,9.5],"texture":"#1"},"west":{"uv":[14,10,15,11.5],"texture":"#1"},"up":{"uv":[16,9,15,8],"texture":"#1"},"down":{"uv":[10,15,9,16],"texture":"#1"}}},{"from":[8,6,3.4],"to":[8,14,7.4],"rotation":{"angle":0,"axis":"y","origin":[8,6,3.4]},"faces":{"north":{"uv":[0,0,0,8],"texture":"#1"},"east":{"uv":[4,0,0,8],"texture":"#1"},"south":{"uv":[0,0,0,8],"texture":"#1"},"west":{"uv":[0,0,4,8],"texture":"#1"},"up":{"uv":[0,4,0,0],"texture":"#1"},"down":{"uv":[0,0,0,4],"texture":"#1"}}},{"from":[7.25,8.225,5.9],"to":[8.75,8.225,7.4],"rotation":{"angle":0,"axis":"y","origin":[7.25,8.225,5.9]},"faces":{"north":{"uv":[0,0,1.5,0],"texture":"#1"},"east":{"uv":[0,0,1.5,0],"texture":"#1"},"south":{"uv":[0,0,1.5,0],"texture":"#1"},"west":{"uv":[0,0,1.5,0],"texture":"#1"},"up":{"uv":[6.5,14.5,5,13],"texture":"#1"},"down":{"uv":[6.5,13,5,14.5],"texture":"#1"}}},{"from":[7.25,9.725,5.9],"to":[8.75,9.725,7.4],"rotation":{"angle":0,"axis":"y","origin":[7.25,9.725,5.9]},"faces":{"north":{"uv":[0,0,1.5,0],"texture":"#1"},"east":{"uv":[0,0,1.5,0],"texture":"#1"},"south":{"uv":[0,0,1.5,0],"texture":"#1"},"west":{"uv":[0,0,1.5,0],"texture":"#1"},"up":{"uv":[6.5,14.5,5,13],"texture":"#1"},"down":{"uv":[6.5,13,5,14.5],"texture":"#1"}}},{"from":[7.25,11.325,5.9],"to":[8.75,11.325,7.4],"rotation":{"angle":0,"axis":"y","origin":[7.25,11.325,5.9]},"faces":{"north":{"uv":[0,0,1.5,0],"texture":"#1"},"east":{"uv":[0,0,1.5,0],"texture":"#1"},"south":{"uv":[0,0,1.5,0],"texture":"#1"},"west":{"uv":[0,0,1.5,0],"texture":"#1"},"up":{"uv":[6.5,14.5,5,13],"texture":"#1"},"down":{"uv":[6.5,13,5,14.5],"texture":"#1"}}},{"from":[7.25,12.375,5.575],"to":[8.75,12.375,7.075],"rotation":{"angle":-22.5,"axis":"x","origin":[7.25,12.375,5.575]},"faces":{"north":{"uv":[0,0,1.5,0],"texture":"#1"},"east":{"uv":[0,0,1.5,0],"texture":"#1"},"south":{"uv":[0,0,1.5,0],"texture":"#1"},"west":{"uv":[0,0,1.5,0],"texture":"#1"},"up":{"uv":[6.5,14.5,5,13],"texture":"#1"},"down":{"uv":[6.5,13,5,14.5],"texture":"#1"}}}],"gui_light":"front","display":{"thirdperson_righthand":{"rotation":[16.5,0,0],"translation":[0,4.5,3.25],"scale":[1.28711,1.28711,1.28711]},"thirdperson_lefthand":{"rotation":[16.5,0,0],"translation":[0,4.5,3.25],"scale":[1.28711,1.28711,1.28711]},"firstperson_righthand":{"rotation":[-61.17,8.64,-1.7],"translation":[-2,6.5,4.5],"scale":[0.77344,0.77344,0.77344]},"firstperson_lefthand":{"rotation":[-61.17,8.64,-1.7],"translation":[-2,6.5,4.5],"scale":[0.77344,0.77344,0.77344]},"ground":{"rotation":[24.37,-12.62,77.77],"translation":[0,2.75,1.75],"scale":[1.28711,1.28711,1.28711]},"gui":{"rotation":[90,-135,90],"translation":[1,1.5,-0.75],"scale":[1.0293,1.0293,1.0293]},"head":{"rotation":[90,45,90],"translation":[6.5,-12.75,4.75],"scale":[1.5,1.5,1.5]},"fixed":{"rotation":[-90,90,90],"translation":[-0.5,4,-2.75],"scale":[3.10547,3.10547,3.10547]}}}