{"credit":"Made with Blockbench","textures":{"1":"item/fishingrods/terra_animation","3":"item/fishingrods/terra_fishing_rod"},"elements":[{"from":[7.5,-0.1,7.5],"to":[8.5,0.9,8.5],"rotation":{"angle":45,"axis":"x","origin":[8,0.4,8]},"faces":{"north":{"uv":[9,4,10,5],"texture":"#3"},"east":{"uv":[5,10,6,11],"texture":"#3"},"south":{"uv":[6,10,7,11],"texture":"#3"},"west":{"uv":[10,6,11,7],"texture":"#3"},"up":{"uv":[8,11,7,10],"texture":"#3"},"down":{"uv":[11,7,10,8],"texture":"#3"}}},{"from":[7.4,0.6,7.4],"to":[8.6,1.8,8.6],"rotation":{"angle":0,"axis":"x","origin":[8,1.1,8]},"faces":{"north":{"uv":[10,8,11,9],"texture":"#3"},"east":{"uv":[10,9,11,10],"texture":"#3"},"south":{"uv":[10,10,11,11],"texture":"#3"},"west":{"uv":[11,0,12,1],"texture":"#3"},"up":{"uv":[12,2,11,1],"texture":"#3"},"down":{"uv":[12,2,11,3],"texture":"#3"}}},{"from":[7.4,2.8,7.4],"to":[8.6,4,8.6],"rotation":{"angle":0,"axis":"x","origin":[8,1.3,8]},"faces":{"north":{"uv":[11,3,12,4],"texture":"#3"},"east":{"uv":[11,4,12,5],"texture":"#3"},"south":{"uv":[5,11,6,12],"texture":"#3"},"west":{"uv":[11,5,12,6],"texture":"#3"},"up":{"uv":[7,12,6,11],"texture":"#3"},"down":{"uv":[12,6,11,7],"texture":"#3"}}},{"from":[7.4,5,7.4],"to":[8.6,6.2,8.6],"rotation":{"angle":0,"axis":"x","origin":[8,5.6,8]},"faces":{"north":{"uv":[7,11,8,12],"texture":"#3"},"east":{"uv":[11,7,12,8],"texture":"#3"},"south":{"uv":[8,11,9,12],"texture":"#3"},"west":{"uv":[11,8,12,9],"texture":"#3"},"up":{"uv":[10,12,9,11],"texture":"#3"},"down":{"uv":[12,9,11,10],"texture":"#3"}}},{"from":[7.5,1.8,7.5],"to":[8.5,2.8,8.5],"rotation":{"angle":0,"axis":"y","origin":[6.9,-4.4,9.1]},"faces":{"north":{"uv":[10,11,11,12],"texture":"#3"},"east":{"uv":[11,10,12,11],"texture":"#3"},"south":{"uv":[11,11,12,12],"texture":"#3"},"west":{"uv":[12,0,13,1],"texture":"#3"},"up":{"uv":[2,13,1,12],"texture":"#3"},"down":{"uv":[13,1,12,2],"texture":"#3"}}},{"from":[7.5,4,7.5],"to":[8.5,5,8.5],"rotation":{"angle":0,"axis":"y","origin":[6.9,-4.4,6.9]},"faces":{"north":{"uv":[2,12,3,13],"texture":"#3"},"east":{"uv":[12,2,13,3],"texture":"#3"},"south":{"uv":[3,12,4,13],"texture":"#3"},"west":{"uv":[12,3,13,4],"texture":"#3"},"up":{"uv":[5,13,4,12],"texture":"#3"},"down":{"uv":[13,4,12,5],"texture":"#3"}}},{"from":[7.3,5.77175,7],"to":[8.7,7.77175,9],"rotation":{"angle":45,"axis":"x","origin":[8,6.77175,8]},"faces":{"north":{"uv":[8,7,9.5,9],"texture":"#3"},"east":{"uv":[1,8,3,10],"texture":"#3"},"south":{"uv":[9,0,10.5,2],"texture":"#3"},"west":{"uv":[8,5,10,7],"texture":"#3"},"up":{"uv":[10.5,4,9,2],"texture":"#3"},"down":{"uv":[9.5,9,8,11],"texture":"#3"}}},{"from":[7.7,12.87276,6.25963],"to":[8.3,14.37276,6.85963],"rotation":{"angle":-45,"axis":"x","origin":[8,13.97276,6.93463]},"faces":{"north":{"uv":[7,12,7.5,13.5],"texture":"#3"},"east":{"uv":[12,7,12.5,8.5],"texture":"#3"},"south":{"uv":[8,12,8.5,13.5],"texture":"#3"},"west":{"uv":[9,12,9.5,13.5],"texture":"#3"},"up":{"uv":[0.5,13.5,0,13],"texture":"#3"},"down":{"uv":[13.5,0,13,0.5],"texture":"#3"}}},{"from":[7.6,11.125,7.275],"to":[8.4,13.125,8.075],"rotation":{"angle":-22.5,"axis":"x","origin":[8,12.125,7.675]},"faces":{"north":{"uv":[3,8,4,10],"texture":"#3"},"east":{"uv":[3,10,4,12],"texture":"#3"},"south":{"uv":[4,10,5,12],"texture":"#3"},"west":{"uv":[10,4,11,6],"texture":"#3"},"up":{"uv":[7,13,6,12],"texture":"#3"},"down":{"uv":[13,6,12,7],"texture":"#3"}}},{"from":[7.5,6.4,7.5],"to":[8.5,11.4,8.5],"rotation":{"angle":0,"axis":"y","origin":[8,8.9,3]},"faces":{"north":{"uv":[7,0,8,5],"texture":"#3"},"east":{"uv":[7,5,8,10],"texture":"#3"},"south":{"uv":[0,8,1,13],"texture":"#3"},"west":{"uv":[8,0,9,5],"texture":"#3"},"up":{"uv":[6,13,5,12],"texture":"#3"},"down":{"uv":[13,5,12,6],"texture":"#3"}}},{"from":[7.95,5.69131,8.08411],"to":[7.95,10.76811,10.45531],"rotation":{"angle":45,"axis":"x","origin":[7.95,7.46971,9.26971]},"faces":{"north":{"uv":[0,0,0,4.5],"texture":"#1"},"east":{"uv":[1,0,7,12],"texture":"#1"},"south":{"uv":[0,0,0,4.5],"texture":"#1"},"west":{"uv":[1,0,7,12],"texture":"#1"},"up":{"uv":[0,3,0,0],"texture":"#1"},"down":{"uv":[0,0,0,3],"texture":"#1"}}},{"from":[7.259,8.55,6.059],"to":[8.741,8.55,7.541],"rotation":{"angle":0,"axis":"y","origin":[7.601,8.55,6.401]},"faces":{"north":{"uv":[0,0,1.5,0],"texture":"#3"},"east":{"uv":[0,0,1.5,0],"texture":"#3"},"south":{"uv":[0,0,1.5,0],"texture":"#3"},"west":{"uv":[0,0,1.5,0],"texture":"#3"},"up":{"uv":[2.5,11.5,1,10],"texture":"#3"},"down":{"uv":[1,10,2.5,11.5],"texture":"#3"}}},{"from":[7.259,10.05,6.059],"to":[8.741,10.05,7.541],"rotation":{"angle":0,"axis":"y","origin":[7.601,10.05,6.401]},"faces":{"north":{"uv":[0,0,1.5,0],"texture":"#3"},"east":{"uv":[0,0,1.5,0],"texture":"#3"},"south":{"uv":[0,0,1.5,0],"texture":"#3"},"west":{"uv":[0,0,1.5,0],"texture":"#3"},"up":{"uv":[2.5,11.5,1,10],"texture":"#3"},"down":{"uv":[1,10,2.5,11.5],"texture":"#3"}}},{"from":[7.259,11.55,6.059],"to":[8.741,11.55,7.541],"rotation":{"angle":0,"axis":"y","origin":[7.601,11.55,6.401]},"faces":{"north":{"uv":[0,0,1.5,0],"texture":"#3"},"east":{"uv":[0,0,1.5,0],"texture":"#3"},"south":{"uv":[0,0,1.5,0],"texture":"#3"},"west":{"uv":[0,0,1.5,0],"texture":"#3"},"up":{"uv":[2.5,11.5,1,10],"texture":"#3"},"down":{"uv":[1,10,2.5,11.5],"texture":"#3"}}},{"from":[7.259,12.7,5.534],"to":[8.741,12.7,7.016],"rotation":{"angle":-45,"axis":"x","origin":[7.601,12.7,5.876]},"faces":{"north":{"uv":[0,0,1.5,0],"texture":"#3"},"east":{"uv":[0,0,1.5,0],"texture":"#3"},"south":{"uv":[0,0,1.5,0],"texture":"#3"},"west":{"uv":[0,0,1.5,0],"texture":"#3"},"up":{"uv":[2.5,11.5,1,10],"texture":"#3"},"down":{"uv":[1,10,2.5,11.5],"texture":"#3"}}},{"from":[8,6.3,3.5],"to":[8,14.3,7.5],"rotation":{"angle":0,"axis":"y","origin":[8,6.3,4.5]},"faces":{"north":{"uv":[0,0,0,8],"texture":"#3"},"east":{"uv":[4,0,0,8],"texture":"#3"},"south":{"uv":[0,0,0,8],"texture":"#3"},"west":{"uv":[0,0,4,8],"texture":"#3"},"up":{"uv":[0,4,0,0],"texture":"#3"},"down":{"uv":[0,0,0,4],"texture":"#3"}}},{"from":[7.66,11.36,4.41],"to":[8.34,12.04,5.09],"rotation":{"angle":0,"axis":"y","origin":[7.66,11.36,4.41]},"faces":{"north":{"uv":[12,9,12.5,9.5],"texture":"#3"},"east":{"uv":[10,12,10.5,12.5],"texture":"#3"},"south":{"uv":[12,10,12.5,10.5],"texture":"#3"},"west":{"uv":[11,12,11.5,12.5],"texture":"#3"},"up":{"uv":[12.5,11.5,12,11],"texture":"#3"},"down":{"uv":[12.5,12,12,12.5],"texture":"#3"}}}],"gui_light":"front","display":{"thirdperson_righthand":{"translation":[0,4,1.75],"scale":[1.28711,1.28711,1.28711]},"thirdperson_lefthand":{"translation":[0,4,1.75],"scale":[1.28711,1.28711,1.28711]},"firstperson_righthand":{"rotation":[-18.42,8.64,-1.7],"translation":[-2.75,6.75,3.75],"scale":[0.77344,0.77344,0.77344]},"firstperson_lefthand":{"rotation":[-18.42,8.64,-1.7],"translation":[-2.75,6.75,3.75],"scale":[0.77344,0.77344,0.77344]},"ground":{"rotation":[24.37,-12.62,77.77],"translation":[0,2.75,1.75],"scale":[1.28711,1.28711,1.28711]},"gui":{"rotation":[90,-135,90],"translation":[0.25,0.5,-0.75],"scale":[1.12891,1.12891,1.12891]},"head":{"rotation":[90,45,90],"translation":[6.5,-12.75,4.75],"scale":[1.5,1.5,1.5]},"fixed":{"rotation":[-90,90,90],"translation":[-0.5,1.75,-2.75],"scale":[3.10547,3.10547,3.10547]}}}