{"credit":"Made with Blockbench","texture_size":[40,40],"textures":{"1":"item/battlepass/base2","2":"item/battlepass/fire","3":"item/battlepass/edges2","6":"item/battlepass/eye","particle":"item/battlepass/fire"},"elements":[{"from":[4.14758,2.10708,6.975],"to":[6.19758,4.15708,9.025],"rotation":{"angle":22.5,"axis":"z","origin":[4.85233,3.17975,8]},"faces":{"north":{"uv":[8.5,5,9.5,4],"rotation":90,"texture":"#1"},"east":{"uv":[8.5,6,9.5,7],"rotation":270,"texture":"#1"},"south":{"uv":[9.5,5,8.5,4],"rotation":270,"texture":"#1"},"west":{"uv":[8.5,8,9.5,7],"rotation":270,"texture":"#1"},"up":{"uv":[9.5,6,8.5,5],"rotation":270,"texture":"#1"},"down":{"uv":[5,9.5,4,8.5],"rotation":270,"texture":"#1"}}},{"from":[4.75,2.45,7.05],"to":[6.65,3.35,8.95],"rotation":{"angle":-22.5,"axis":"z","origin":[5.1,2.1,8]},"faces":{"north":{"uv":[3.5,3.25,2.5,3.75],"texture":"#1"},"east":{"uv":[3.5,3.75,2.5,4.25],"texture":"#1"},"south":{"uv":[4.75,2.25,3.75,2.75],"texture":"#1"},"west":{"uv":[3.5,3.75,2.5,4.25],"texture":"#1"},"up":{"uv":[0,9.5,1,8.5],"texture":"#1"},"down":{"uv":[3.5,3.25,4.5,4.25],"texture":"#1"}}},{"from":[3.4,1.43431,7],"to":[6.4,4.43431,9],"rotation":{"angle":22.5,"axis":"z","origin":[8,16.13431,8]},"faces":{"north":{"uv":[2,0,0.5,1.5],"texture":"#1"},"east":{"uv":[2,3,0.5,4],"rotation":270,"texture":"#1"},"south":{"uv":[0.5,1.5,2,0],"rotation":270,"texture":"#1"},"west":{"uv":[5.5,7.5,4,6.5],"rotation":270,"texture":"#1"},"up":{"uv":[0.5,3,1.5,1.5],"rotation":270,"texture":"#1"},"down":{"uv":[3,8,4,6.5],"rotation":270,"texture":"#1"}}},{"from":[6.475,-8.125,6.975],"to":[9.525,-5.075,9.025],"rotation":{"angle":-45,"axis":"z","origin":[8.5,-6.5,8]},"faces":{"north":{"uv":[3.5,0,2,1.5],"texture":"#1"},"east":{"uv":[3.5,1.5,2.5,3],"texture":"#1"},"south":{"uv":[3.5,0,2,1.5],"texture":"#1"},"west":{"uv":[3.5,1.5,2.5,3],"texture":"#1"},"up":{"uv":[3.5,1,5,0],"texture":"#1"},"down":{"uv":[3.5,0,5,1],"texture":"#1"}}},{"from":[7.4,-4.2,7.4],"to":[8.6,-1,8.6],"rotation":{"angle":0,"axis":"y","origin":[8,6.9,8]},"faces":{"north":{"uv":[0.48,4.5,0,5.78],"texture":"#1"},"east":{"uv":[0.48,4.5,0,5.78],"texture":"#1"},"south":{"uv":[0.48,4.5,0,5.78],"texture":"#1"},"west":{"uv":[0.48,4.5,0,5.78],"texture":"#1"},"up":{"uv":[3,5,3.5,4.5],"texture":"#1"},"down":{"uv":[3,5,3.5,5.5],"texture":"#1"}}},{"from":[7.4,-1.1,7.4],"to":[8.6,2.1,8.6],"rotation":{"angle":0,"axis":"y","origin":[8,6.9,8]},"faces":{"north":{"uv":[0.48,4.5,0,5.78],"texture":"#1"},"east":{"uv":[0.48,4.5,0,5.78],"texture":"#1"},"south":{"uv":[0.48,4.5,0,5.78],"texture":"#1"},"west":{"uv":[0.48,4.5,0,5.78],"texture":"#1"},"up":{"uv":[3,5,3.5,4.5],"texture":"#1"},"down":{"uv":[3,5,3.5,5.5],"texture":"#1"}}},{"from":[6.475,0.775,6.975],"to":[9.525,1.825,9.025],"rotation":{"angle":0,"axis":"y","origin":[8,1,8]},"faces":{"north":{"uv":[7.75,0.25,6.25,0.75],"texture":"#1"},"east":{"uv":[7.5,0.75,6.5,1.25],"texture":"#1"},"south":{"uv":[7.75,0.25,6.25,0.75],"texture":"#1"},"west":{"uv":[7.5,0.75,6.5,1.25],"texture":"#1"},"up":{"uv":[5.5,4,7,3],"texture":"#1"},"down":{"uv":[5.5,3,7,4],"texture":"#1"}}},{"from":[7,-6.8,7],"to":[9,-3.8,9],"rotation":{"angle":0,"axis":"y","origin":[8,0,8]},"faces":{"north":{"uv":[1.5,4,0.5,6],"texture":"#1"},"east":{"uv":[1.5,4,0.5,6],"texture":"#1"},"south":{"uv":[1.5,4,0.5,6],"texture":"#1"},"west":{"uv":[1.5,4,0.5,6],"texture":"#1"},"up":{"uv":[1.5,7,2.5,6],"texture":"#1"},"down":{"uv":[5.5,7,6.5,8],"texture":"#1"}}},{"from":[7.475,-9.125,7.975],"to":[11.525,-4.075,8.025],"rotation":{"angle":-45,"axis":"z","origin":[8.5,-6.5,8]},"faces":{"north":{"uv":[10.7,3.25,9.1,0.75],"texture":"#1"},"east":{"uv":[9.1,3.25,10.7,0.75],"texture":"#1"},"south":{"uv":[9.1,3.25,10.7,0.75],"texture":"#1"},"west":{"uv":[9.1,3.25,10.7,0.75],"texture":"#1"},"up":{"uv":[9.1,3.25,10.7,0.75],"texture":"#1"},"down":{"uv":[9.1,3.25,10.7,0.75],"texture":"#1"}}},{"from":[9.9,4.4,6.6],"to":[12.7,7.2,9.4],"rotation":{"angle":-45,"axis":"z","origin":[11.3,5.8,8]},"faces":{"north":{"uv":[6,6,0,0],"rotation":90,"texture":"#6"},"east":{"uv":[12,6,6,0],"rotation":270,"texture":"#6"},"south":{"uv":[12,12,6,6],"rotation":270,"texture":"#6"},"west":{"uv":[12,0,6,6],"rotation":270,"texture":"#6"},"up":{"uv":[6,6,12,0],"rotation":180,"texture":"#6"},"down":{"uv":[6,0,12,6],"rotation":180,"texture":"#6"}}},{"from":[9.25355,2.15355,8],"to":[16.25355,9.15355,8],"rotation":{"angle":-22.5,"axis":"x","origin":[12.75355,5.65355,8]},"faces":{"north":{"uv":[16,16,0,0],"rotation":90,"texture":"#2"},"east":{"uv":[0,0,0,0],"rotation":270,"texture":"#2"},"south":{"uv":[0,16,16,0],"rotation":270,"texture":"#2"},"west":{"uv":[0,0,0,0],"rotation":270,"texture":"#2"},"up":{"uv":[0,0,0,0],"rotation":270,"texture":"#2"},"down":{"uv":[0,0,0,0],"rotation":270,"texture":"#2"}}},{"from":[9.25355,2.15355,8],"to":[16.25355,9.15355,8],"rotation":{"angle":22.5,"axis":"x","origin":[12.75355,5.65355,8]},"faces":{"north":{"uv":[16,16,0,0],"rotation":90,"texture":"#2"},"east":{"uv":[0,0,0,0],"rotation":270,"texture":"#2"},"south":{"uv":[0,16,16,0],"rotation":270,"texture":"#2"},"west":{"uv":[0,0,0,0],"rotation":270,"texture":"#2"},"up":{"uv":[0,0,0,0],"rotation":270,"texture":"#2"},"down":{"uv":[0,0,0,0],"rotation":270,"texture":"#2"}}},{"name":"sword","from":[5.1,-1,8],"to":[14.1,32,8],"rotation":{"angle":0,"axis":"y","origin":[9.1,15.5,8]},"faces":{"north":{"uv":[8.6,2.8,5,16],"texture":"#3"},"south":{"uv":[5,2.8,8.6,16],"texture":"#3"}}}],"display":{"thirdperson_righthand":{"rotation":[-1.75,90,0],"translation":[0,6.5,1],"scale":[0.85,0.85,0.85]},"thirdperson_lefthand":{"rotation":[-1.75,-90,0],"translation":[0,6.5,1],"scale":[0.85,0.85,0.85]},"firstperson_righthand":{"rotation":[0,90,0],"translation":[0,3.75,0],"scale":[0.5,0.5,0.5]},"firstperson_lefthand":{"rotation":[0,-90,0],"translation":[0,3.75,0],"scale":[0.5,0.5,0.5]},"ground":{"rotation":[69.1,21.3,30.6]},"gui":{"rotation":[-155,-10,-145],"translation":[-0.5,-1,0],"scale":[0.48,0.48,0.48]}},"groups":[{"name":"group","origin":[8,1,8],"color":0,"children":[0,1,2,3,4,5,6,7,8]},{"name":"eye","origin":[8.1,19.8,8],"color":0,"children":[9]},{"name":"fire","origin":[8,8,8],"color":0,"children":[10,11]},{"name":"edge","origin":[8,8,8],"color":0,"children":[12]}]}