{"credit":"Made with Blockbench","texture_size":[40,40],"textures":{"0":"item/battlepass/base","1":"item/battlepass/eye","2":"item/battlepass/fire","3":"item/battlepass/edges","particle":"item/battlepass/base"},"elements":[{"from":[9.975,13.475,6.975],"to":[12.025,15.525,9.025],"rotation":{"angle":0,"axis":"z","origin":[11.24767,14.37975,8]},"faces":{"north":{"uv":[8.5,4,9.5,5],"texture":"#0"},"east":{"uv":[9.5,5,8.5,6],"texture":"#0"},"south":{"uv":[9.5,4,8.5,5],"texture":"#0"},"west":{"uv":[5,8.5,4,9.5],"texture":"#0"},"up":{"uv":[8.5,7,9.5,6],"texture":"#0"},"down":{"uv":[8.5,7,9.5,8],"texture":"#0"}}},{"from":[3.975,13.475,6.975],"to":[6.025,15.525,9.025],"rotation":{"angle":0,"axis":"z","origin":[4.75233,14.37975,8]},"faces":{"north":{"uv":[9.5,4,8.5,5],"texture":"#0"},"east":{"uv":[4,8.5,5,9.5],"texture":"#0"},"south":{"uv":[8.5,4,9.5,5],"texture":"#0"},"west":{"uv":[8.5,5,9.5,6],"texture":"#0"},"up":{"uv":[9.5,7,8.5,6],"texture":"#0"},"down":{"uv":[9.5,7,8.5,8],"texture":"#0"}}},{"from":[4.6,13.4,7],"to":[6.6,14.4,9],"rotation":{"angle":-22.5,"axis":"z","origin":[5,13.3,8]},"faces":{"north":{"uv":[3.5,3.25,2.5,3.75],"texture":"#0"},"east":{"uv":[3.5,3.75,2.5,4.25],"texture":"#0"},"south":{"uv":[4.75,2.25,3.75,2.75],"texture":"#0"},"west":{"uv":[3.5,3.75,2.5,4.25],"texture":"#0"},"up":{"uv":[0,9.5,1,8.5],"texture":"#0"},"down":{"uv":[8.5,0,9.5,1],"texture":"#0"}}},{"from":[9.4,13.4,7],"to":[11.4,14.4,9],"rotation":{"angle":22.5,"axis":"z","origin":[11,13.3,8]},"faces":{"north":{"uv":[2.5,3.25,3.5,3.75],"texture":"#0"},"east":{"uv":[2.5,3.75,3.5,4.25],"texture":"#0"},"south":{"uv":[3.75,2.25,4.75,2.75],"texture":"#0"},"west":{"uv":[2.5,3.75,3.5,4.25],"texture":"#0"},"up":{"uv":[1,9.5,0,8.5],"texture":"#0"},"down":{"uv":[4.5,3.25,3.5,4.25],"texture":"#0"}}},{"from":[6.075,14.775,6.975],"to":[9.125,17.825,9.025],"rotation":{"angle":45,"axis":"z","origin":[8,16.7,8]},"faces":{"north":{"uv":[0.5,0,2,1.5],"rotation":270,"texture":"#0"},"east":{"uv":[0.5,1.5,1.5,3],"texture":"#0"},"south":{"uv":[0.5,0,2,1.5],"texture":"#0"},"west":{"uv":[3,6.5,4,8],"texture":"#0"},"up":{"uv":[2,4,0.5,3],"texture":"#0"},"down":{"uv":[5.5,6.5,4,7.5],"texture":"#0"}}},{"from":[6.475,-13.125,6.975],"to":[9.525,-10.075,9.025],"rotation":{"angle":45,"axis":"z","origin":[7.5,-11.5,8]},"faces":{"north":{"uv":[2,0,3.5,1.5],"texture":"#0"},"east":{"uv":[2.5,1.5,3.5,3],"texture":"#0"},"south":{"uv":[2,0,3.5,1.5],"texture":"#0"},"west":{"uv":[2.5,1.5,3.5,3],"texture":"#0"},"up":{"uv":[5,1,3.5,0],"texture":"#0"},"down":{"uv":[5,0,3.5,1],"texture":"#0"}}},{"from":[7.4,0.8,7.4],"to":[8.6,15,8.6],"rotation":{"angle":0,"axis":"y","origin":[8,8.9,8]},"faces":{"north":{"uv":[0,0,0.5,7],"texture":"#0"},"east":{"uv":[0,0,0.5,7],"texture":"#0"},"south":{"uv":[0,0,0.5,7],"texture":"#0"},"west":{"uv":[0,0,0.5,7],"texture":"#0"},"up":{"uv":[3.5,5,3,4.5],"texture":"#0"},"down":{"uv":[3.5,5,3,5.5],"texture":"#0"}}},{"from":[7.4,-8.2,7.4],"to":[8.6,1,8.6],"rotation":{"angle":0,"axis":"y","origin":[8,8.9,8]},"faces":{"north":{"uv":[0,3,0.5,7],"texture":"#0"},"east":{"uv":[0,2.5,0.5,7],"texture":"#0"},"south":{"uv":[0,2.5,0.5,7],"texture":"#0"},"west":{"uv":[0,2.5,0.5,7],"texture":"#0"},"up":{"uv":[3.5,5,3,4.5],"texture":"#0"},"down":{"uv":[3.5,5,3,5.5],"texture":"#0"}}},{"from":[6.475,12.775,6.975],"to":[9.525,13.825,9.025],"rotation":{"angle":0,"axis":"y","origin":[8,2,8]},"faces":{"north":{"uv":[6.25,0.25,7.75,0.75],"texture":"#0"},"east":{"uv":[6.5,0.75,7.5,1.25],"texture":"#0"},"south":{"uv":[6.25,0.25,7.75,0.75],"texture":"#0"},"west":{"uv":[6.5,0.75,7.5,1.25],"texture":"#0"},"up":{"uv":[7,4,5.5,3],"texture":"#0"},"down":{"uv":[7,3,5.5,4],"texture":"#0"}}},{"from":[7.024,13.724,7.024],"to":[8.976,16.676,8.976],"rotation":{"angle":-22.5,"axis":"z","origin":[8,13.7,8]},"faces":{"north":{"uv":[1,7,2,8.5],"texture":"#0"},"east":{"uv":[0,7,1,8.5],"texture":"#0"},"south":{"uv":[1,7,2,8.5],"texture":"#0"},"west":{"uv":[0,7,1,8.5],"texture":"#0"},"up":{"uv":[2,9.5,1,8.5],"texture":"#0"},"down":{"uv":[2,8.5,1,9.5],"texture":"#0"}}},{"from":[7.049,13.749,7.049],"to":[8.951,16.651,8.951],"rotation":{"angle":22.5,"axis":"z","origin":[8,13.7,8]},"faces":{"north":{"uv":[2,7,1,8.5],"texture":"#0"},"east":{"uv":[1,7,0,8.5],"texture":"#0"},"south":{"uv":[2,7,1,8.5],"texture":"#0"},"west":{"uv":[1,7,0,8.5],"texture":"#0"},"up":{"uv":[1,9.5,2,8.5],"texture":"#0"},"down":{"uv":[1,8.5,2,9.5],"texture":"#0"}}},{"from":[7,10.8,7],"to":[9,12.8,9],"rotation":{"angle":0,"axis":"y","origin":[8,14.9,8]},"faces":{"north":{"uv":[0.5,7,1.5,6],"texture":"#0"},"east":{"uv":[0.5,7,1.5,6],"texture":"#0"},"south":{"uv":[0.5,7,1.5,6],"texture":"#0"},"west":{"uv":[0.5,7,1.5,6],"texture":"#0"},"up":{"uv":[1.5,7,0.5,6],"texture":"#0"},"down":{"uv":[1.5,6,0.5,7],"texture":"#0"}}},{"from":[7,-10.1,7],"to":[9,-6.1,9],"rotation":{"angle":0,"axis":"y","origin":[8,-5,8]},"faces":{"north":{"uv":[0.5,4,1.5,6],"texture":"#0"},"east":{"uv":[0.5,4,1.5,6],"texture":"#0"},"south":{"uv":[0.5,4,1.5,6],"texture":"#0"},"west":{"uv":[0.5,4,1.5,6],"texture":"#0"},"up":{"uv":[2.5,7,1.5,6],"texture":"#0"},"down":{"uv":[6.5,7,5.5,8],"texture":"#0"}}},{"from":[4.475,-14.125,7.975],"to":[8.525,-9.075,8.025],"rotation":{"angle":45,"axis":"z","origin":[7.5,-11.5,8]},"faces":{"north":{"uv":[9.1,3.25,10.7,0.75],"texture":"#0"},"east":{"uv":[10.7,3.25,9.1,0.75],"texture":"#0"},"south":{"uv":[10.7,3.25,9.1,0.75],"texture":"#0"},"west":{"uv":[10.7,3.25,9.1,0.75],"texture":"#0"},"up":{"uv":[10.7,3.25,9.1,0.75],"texture":"#0"},"down":{"uv":[10.7,3.25,9.1,0.75],"texture":"#0"}}},{"from":[6.7,19.4,6.6],"to":[9.5,22.2,9.4],"rotation":{"angle":45,"axis":"z","origin":[8.1,20.8,8]},"faces":{"north":{"uv":[6,0,0,6],"texture":"#1"},"east":{"uv":[12,6,6,0],"rotation":270,"texture":"#1"},"south":{"uv":[12,6,6,12],"texture":"#1"},"west":{"uv":[12,0,6,6],"rotation":270,"texture":"#1"},"up":{"uv":[12,0,6,6],"texture":"#1"},"down":{"uv":[12,6,6,0],"texture":"#1"}}},{"from":[4.45355,18.75355,8],"to":[11.45355,25.75355,8],"rotation":{"angle":22.5,"axis":"y","origin":[7.95355,22.25355,8]},"faces":{"north":{"uv":[16,0,0,16],"texture":"#2"},"east":{"uv":[0,0,0,0],"texture":"#2"},"south":{"uv":[0,0,16,16],"texture":"#2"},"west":{"uv":[0,0,0,0],"texture":"#2"},"up":{"uv":[0,0,0,0],"texture":"#2"},"down":{"uv":[0,0,0,0],"texture":"#2"}}},{"from":[4.45355,18.75355,8],"to":[11.45355,25.75355,8],"rotation":{"angle":-22.5,"axis":"y","origin":[7.95355,22.25355,8]},"faces":{"north":{"uv":[16,0,0,16],"texture":"#2"},"east":{"uv":[0,0,0,0],"texture":"#2"},"south":{"uv":[0,0,16,16],"texture":"#2"},"west":{"uv":[0,0,0,0],"texture":"#2"},"up":{"uv":[0,0,0,0],"texture":"#2"},"down":{"uv":[0,0,0,0],"texture":"#2"}}},{"from":[3.5,14,7],"to":[12.5,18,9],"rotation":{"angle":0,"axis":"y","origin":[8,14,8]},"faces":{"north":{"uv":[11.8,10.6,15.4,12.2],"texture":"#3"},"east":{"uv":[11.8,10.6,12.6,12.2],"texture":"#3"},"south":{"uv":[11.8,10.6,15.4,12.2],"texture":"#3"},"west":{"uv":[11.8,10.6,12.6,12.2],"texture":"#3"},"up":{"uv":[11.8,9.8,15.4,10.6],"texture":"#3"},"down":{"uv":[11.8,9.8,15.4,10.6],"texture":"#3"}}},{"from":[1.1,13.2,6.3],"to":[3.5,18.6,9.7],"rotation":{"angle":0,"axis":"y","origin":[2,15.5,8.2]},"faces":{"north":{"uv":[12.6,7.8,13.4,9.8],"texture":"#3"},"east":{"uv":[13,7.8,14.2,9.8],"texture":"#3"},"south":{"uv":[13.4,7.8,12.6,9.8],"texture":"#3"},"west":{"uv":[13,7.8,14.2,9.8],"texture":"#3"},"up":{"uv":[12.6,7.8,13.4,9],"texture":"#3"},"down":{"uv":[12.6,7.8,13.4,9],"texture":"#3"}}},{"from":[12.5,13.2,6.3],"to":[14.9,18.6,9.7],"rotation":{"angle":0,"axis":"y","origin":[14,15.5,8.2]},"faces":{"north":{"uv":[13.4,7.8,12.6,9.8],"texture":"#3"},"east":{"uv":[14.2,7.8,13,9.8],"texture":"#3"},"south":{"uv":[12.6,7.8,13.4,9.8],"texture":"#3"},"west":{"uv":[14.2,7.8,13,9.8],"texture":"#3"},"up":{"uv":[13.4,7.8,12.6,9],"texture":"#3"},"down":{"uv":[13.4,7.8,12.6,9],"texture":"#3"}}}],"display":{"thirdperson_righthand":{"rotation":[-1.75,90,0],"translation":[0,6,1],"scale":[0.85,0.85,0.85]},"thirdperson_lefthand":{"rotation":[-1.75,90,0],"translation":[0,6,1],"scale":[0.85,0.85,0.85]},"firstperson_righthand":{"rotation":[0,90,0]},"firstperson_lefthand":{"rotation":[0,90,0]},"ground":{"rotation":[69.1,21.3,30.6]},"gui":{"rotation":[-154.22,-7.66,-139.97],"scale":[0.4,0.4,0.4]}},"groups":[{"name":"group","origin":[8,1,8],"color":0,"children":[0,1,2,3,4,5,6,7,8,9,10,11,12,13]},{"name":"eye","origin":[8.1,19.8,8],"color":0,"children":[14]},{"name":"fire","origin":[8,8,8],"color":0,"children":[15,16]},{"name":"edge","origin":[8,8,8],"color":0,"children":[17,18,19]}]}