{"credit":"Made with Blockbench","texture_size":[40,40],"textures":{"1":"item/battlepass/base","2":"item/battlepass/fire","3":"item/battlepass/edges","6":"item/battlepass/eye","particle":"item/battlepass/fire"},"elements":[{"from":[9.975,12.475,6.975],"to":[12.025,14.525,9.025],"rotation":{"angle":45,"axis":"z","origin":[11.24767,13.37975,8]},"faces":{"north":{"uv":[8.5,4,9.5,5],"texture":"#1"},"east":{"uv":[9.5,5,8.5,6],"texture":"#1"},"south":{"uv":[9.5,4,8.5,5],"texture":"#1"},"west":{"uv":[5,8.5,4,9.5],"texture":"#1"},"up":{"uv":[8.5,7,9.5,6],"texture":"#1"},"down":{"uv":[8.5,7,9.5,8],"texture":"#1"}}},{"from":[3.975,12.475,6.975],"to":[6.025,14.525,9.025],"rotation":{"angle":-45,"axis":"z","origin":[4.75233,13.37975,8]},"faces":{"north":{"uv":[9.5,4,8.5,5],"texture":"#1"},"east":{"uv":[4,8.5,5,9.5],"texture":"#1"},"south":{"uv":[8.5,4,9.5,5],"texture":"#1"},"west":{"uv":[8.5,5,9.5,6],"texture":"#1"},"up":{"uv":[9.5,7,8.5,6],"texture":"#1"},"down":{"uv":[9.5,7,8.5,8],"texture":"#1"}}},{"from":[4.6,12.4,7],"to":[6.6,13.4,9],"rotation":{"angle":-22.5,"axis":"z","origin":[5,12.3,8]},"faces":{"north":{"uv":[3.5,3.25,2.5,3.75],"texture":"#1"},"east":{"uv":[3.5,3.75,2.5,4.25],"texture":"#1"},"south":{"uv":[4.75,2.25,3.75,2.75],"texture":"#1"},"west":{"uv":[3.5,3.75,2.5,4.25],"texture":"#1"},"up":{"uv":[0,9.5,1,8.5],"texture":"#1"},"down":{"uv":[8.5,0,9.5,1],"texture":"#1"}}},{"from":[9.4,12.4,7],"to":[11.4,13.4,9],"rotation":{"angle":22.5,"axis":"z","origin":[11,12.3,8]},"faces":{"north":{"uv":[2.5,3.25,3.5,3.75],"texture":"#1"},"east":{"uv":[2.5,3.75,3.5,4.25],"texture":"#1"},"south":{"uv":[3.75,2.25,4.75,2.75],"texture":"#1"},"west":{"uv":[2.5,3.75,3.5,4.25],"texture":"#1"},"up":{"uv":[1,9.5,0,8.5],"texture":"#1"},"down":{"uv":[4.5,3.25,3.5,4.25],"texture":"#1"}}},{"from":[6.1,13.8,7],"to":[9.1,16.8,9],"rotation":{"angle":45,"axis":"z","origin":[8,15.7,8]},"faces":{"north":{"uv":[0.5,0,2,1.5],"rotation":270,"texture":"#1"},"east":{"uv":[0.5,1.5,1.5,3],"texture":"#1"},"south":{"uv":[0.5,0,2,1.5],"texture":"#1"},"west":{"uv":[3,6.5,4,8],"texture":"#1"},"up":{"uv":[2,4,0.5,3],"texture":"#1"},"down":{"uv":[5.5,6.5,4,7.5],"texture":"#1"}}},{"from":[6.475,-7.125,6.975],"to":[9.525,-4.075,9.025],"rotation":{"angle":45,"axis":"z","origin":[7.5,-5.5,8]},"faces":{"north":{"uv":[2,0,3.5,1.5],"texture":"#1"},"east":{"uv":[2.5,1.5,3.5,3],"texture":"#1"},"south":{"uv":[2,0,3.5,1.5],"texture":"#1"},"west":{"uv":[2.5,1.5,3.5,3],"texture":"#1"},"up":{"uv":[5,1,3.5,0],"texture":"#1"},"down":{"uv":[5,0,3.5,1],"texture":"#1"}}},{"from":[7.4,-0.2,7.4],"to":[8.6,14,8.6],"rotation":{"angle":0,"axis":"y","origin":[8,7.9,8]},"faces":{"north":{"uv":[0,0,0.5,7],"texture":"#1"},"east":{"uv":[0,0,0.5,7],"texture":"#1"},"south":{"uv":[0,0,0.5,7],"texture":"#1"},"west":{"uv":[0,0,0.5,7],"texture":"#1"},"up":{"uv":[3.5,5,3,4.5],"texture":"#1"},"down":{"uv":[3.5,5,3,5.5],"texture":"#1"}}},{"from":[6.475,11.775,6.975],"to":[9.525,12.825,9.025],"rotation":{"angle":0,"axis":"y","origin":[8,1,8]},"faces":{"north":{"uv":[6.25,0.25,7.75,0.75],"texture":"#1"},"east":{"uv":[6.5,0.75,7.5,1.25],"texture":"#1"},"south":{"uv":[6.25,0.25,7.75,0.75],"texture":"#1"},"west":{"uv":[6.5,0.75,7.5,1.25],"texture":"#1"},"up":{"uv":[7,4,5.5,3],"texture":"#1"},"down":{"uv":[7,3,5.5,4],"texture":"#1"}}},{"from":[7.024,12.724,7.024],"to":[8.976,15.676,8.976],"rotation":{"angle":-22.5,"axis":"z","origin":[8,12.7,8]},"faces":{"north":{"uv":[1,7,2,8.5],"texture":"#1"},"east":{"uv":[0,7,1,8.5],"texture":"#1"},"south":{"uv":[1,7,2,8.5],"texture":"#1"},"west":{"uv":[0,7,1,8.5],"texture":"#1"},"up":{"uv":[2,9.5,1,8.5],"texture":"#1"},"down":{"uv":[2,8.5,1,9.5],"texture":"#1"}}},{"from":[7.049,12.749,7.049],"to":[8.951,15.651,8.951],"rotation":{"angle":22.5,"axis":"z","origin":[8,12.7,8]},"faces":{"north":{"uv":[2,7,1,8.5],"texture":"#1"},"east":{"uv":[1,7,0,8.5],"texture":"#1"},"south":{"uv":[2,7,1,8.5],"texture":"#1"},"west":{"uv":[1,7,0,8.5],"texture":"#1"},"up":{"uv":[1,9.5,2,8.5],"texture":"#1"},"down":{"uv":[1,8.5,2,9.5],"texture":"#1"}}},{"from":[7,9.8,7],"to":[9,11.8,9],"rotation":{"angle":0,"axis":"y","origin":[8,13.9,8]},"faces":{"north":{"uv":[0.5,7,1.5,6],"texture":"#1"},"east":{"uv":[0.5,7,1.5,6],"texture":"#1"},"south":{"uv":[0.5,7,1.5,6],"texture":"#1"},"west":{"uv":[0.5,7,1.5,6],"texture":"#1"},"up":{"uv":[1.5,7,0.5,6],"texture":"#1"},"down":{"uv":[1.5,6,0.5,7],"texture":"#1"}}},{"from":[7,-4.1,7],"to":[9,-0.1,9],"rotation":{"angle":0,"axis":"y","origin":[8,1,8]},"faces":{"north":{"uv":[0.5,4,1.5,6],"texture":"#1"},"east":{"uv":[0.5,4,1.5,6],"texture":"#1"},"south":{"uv":[0.5,4,1.5,6],"texture":"#1"},"west":{"uv":[0.5,4,1.5,6],"texture":"#1"},"up":{"uv":[2.5,7,1.5,6],"texture":"#1"},"down":{"uv":[6.5,7,5.5,8],"texture":"#1"}}},{"from":[4.475,-8.125,7.975],"to":[8.525,-3.075,8.025],"rotation":{"angle":45,"axis":"z","origin":[7.5,-5.5,8]},"faces":{"north":{"uv":[9.1,3.25,10.7,0.75],"texture":"#1"},"east":{"uv":[10.7,3.25,9.1,0.75],"texture":"#1"},"south":{"uv":[10.7,3.25,9.1,0.75],"texture":"#1"},"west":{"uv":[10.7,3.25,9.1,0.75],"texture":"#1"},"up":{"uv":[10.7,3.25,9.1,0.75],"texture":"#1"},"down":{"uv":[10.7,3.25,9.1,0.75],"texture":"#1"}}},{"from":[6.7,18.4,6.6],"to":[9.5,21.2,9.4],"rotation":{"angle":45,"axis":"z","origin":[8.1,19.8,8]},"faces":{"north":{"uv":[6,0,0,6],"texture":"#6"},"east":{"uv":[12,6,6,0],"rotation":270,"texture":"#6"},"south":{"uv":[12,6,6,12],"texture":"#6"},"west":{"uv":[12,0,6,6],"rotation":270,"texture":"#6"},"up":{"uv":[12,0,6,6],"texture":"#6"},"down":{"uv":[12,6,6,0],"texture":"#6"}}},{"from":[4.45355,17.75355,8],"to":[11.45355,24.75355,8],"rotation":{"angle":22.5,"axis":"y","origin":[7.95355,21.25355,8]},"faces":{"north":{"uv":[16,0,0,16],"texture":"#2"},"east":{"uv":[0,0,0,0],"texture":"#2"},"south":{"uv":[0,0,16,16],"texture":"#2"},"west":{"uv":[0,0,0,0],"texture":"#2"},"up":{"uv":[0,0,0,0],"texture":"#2"},"down":{"uv":[0,0,0,0],"texture":"#2"}}},{"from":[4.45355,17.75355,8],"to":[11.45355,24.75355,8],"rotation":{"angle":-22.5,"axis":"y","origin":[7.95355,21.25355,8]},"faces":{"north":{"uv":[16,0,0,16],"texture":"#2"},"east":{"uv":[0,0,0,0],"texture":"#2"},"south":{"uv":[0,0,16,16],"texture":"#2"},"west":{"uv":[0,0,0,0],"texture":"#2"},"up":{"uv":[0,0,0,0],"texture":"#2"},"down":{"uv":[0,0,0,0],"texture":"#2"}}},{"name":"shovel","from":[3.4,16,8],"to":[12.4,26,8],"rotation":{"angle":0,"axis":"y","origin":[3,14,8]},"faces":{"north":{"uv":[0,0,3.6,4],"texture":"#3"},"east":{"uv":[0,0,3.6,4],"texture":"#3"},"south":{"uv":[0,0,3.6,4],"texture":"#3"},"west":{"uv":[0,0,3.6,4],"texture":"#3"},"up":{"uv":[0,0,3.6,4],"texture":"#3"},"down":{"uv":[0,0,3.6,4],"texture":"#3"}}}],"display":{"thirdperson_righthand":{"rotation":[-1.75,90,0],"translation":[0,2.25,1],"scale":[0.85,0.85,0.85]},"thirdperson_lefthand":{"rotation":[-1.75,-90,0],"translation":[0,2.25,1],"scale":[0.85,0.85,0.85]},"firstperson_righthand":{"rotation":[0,90,0]},"firstperson_lefthand":{"rotation":[0,-90,0]},"ground":{"rotation":[69.1,21.3,30.6]},"gui":{"rotation":[-155,-10,-145],"scale":[0.48,0.48,0.48]}},"groups":[{"name":"group","origin":[8,1,8],"color":0,"children":[0,1,2,3,4,5,6,7,8,9,10,11,12]},{"name":"eye","origin":[8.1,19.8,8],"color":0,"children":[13]},{"name":"fire","origin":[8,8,8],"color":0,"children":[14,15]},{"name":"edge","origin":[8,8,8],"color":0,"children":[16]}]}