{"credit":"Made with Blockbench","texture_size":[128,128],"textures":{"0":"item/christmas/christmas_texture_3","particle":"item/christmas/christmas_texture_3"},"elements":[{"from":[0,-4,0],"to":[16,12,16],"rotation":{"angle":0,"axis":"y","origin":[8,1,8]},"faces":{"north":{"uv":[0,0,2,2],"texture":"#0"},"east":{"uv":[0,2,2,4],"texture":"#0"},"south":{"uv":[2,0,4,2],"texture":"#0"},"west":{"uv":[2,2,4,4],"texture":"#0"},"up":{"uv":[2,6,0,4],"texture":"#0"},"down":{"uv":[6,0,4,2],"texture":"#0"}}},{"from":[0,12.1,0],"to":[16,12.1,16],"rotation":{"angle":0,"axis":"y","origin":[8,1,8]},"faces":{"north":{"uv":[0,10,2,10],"texture":"#0"},"east":{"uv":[0,12,2,12],"texture":"#0"},"south":{"uv":[2,10,4,10],"texture":"#0"},"west":{"uv":[2,12,4,12],"texture":"#0"},"up":{"uv":[2,16,0,14],"texture":"#0"},"down":{"uv":[2,14,0,16],"texture":"#0"}}},{"from":[0,-5,-0.25],"to":[16,11,-0.25],"rotation":{"angle":0,"axis":"y","origin":[8,1,8]},"faces":{"north":{"uv":[2,4,4,6],"texture":"#0"},"east":{"uv":[0,0,0,2],"texture":"#0"},"west":{"uv":[0,0,0,2],"texture":"#0"},"up":{"uv":[2,0,0,0],"texture":"#0"},"down":{"uv":[2,0,0,0],"texture":"#0"}}},{"from":[6,-8,1.5],"to":[10,-4,5.5],"rotation":{"angle":0,"axis":"y","origin":[8,0,11]},"faces":{"north":{"uv":[7.375,4.5,7.875,5],"texture":"#0"},"east":{"uv":[2.5,7.5,3,8],"texture":"#0"},"south":{"uv":[3.75,7.5,4.25,8],"texture":"#0"},"west":{"uv":[4.25,7.5,4.75,8],"texture":"#0"},"up":{"uv":[5.25,8,4.75,7.5],"texture":"#0"},"down":{"uv":[8,5,7.5,5.5],"texture":"#0"}}},{"from":[2,-8,3],"to":[6,-4,4],"rotation":{"angle":-22.5,"axis":"y","origin":[6,-6,3]},"faces":{"north":{"uv":[6.625,7.5,7.125,8],"texture":"#0"},"east":{"uv":[5.5,7,5.625,7.5],"texture":"#0"},"south":{"uv":[7.625,0,8.125,0.5],"texture":"#0"},"west":{"uv":[2.875,8,3,8.5],"texture":"#0"},"up":{"uv":[7.375,5.75,6.875,5.625],"texture":"#0"},"down":{"uv":[7.625,1.875,7.125,2],"texture":"#0"}}},{"from":[3,-14,4],"to":[7,-7,4],"rotation":{"angle":0,"axis":"y","origin":[8,1,8]},"faces":{"north":{"uv":[6.875,4.125,7.375,5],"texture":"#0"},"east":{"uv":[0,0,0,0.875],"texture":"#0"},"south":{"uv":[7.375,4.125,6.875,5],"texture":"#0"},"west":{"uv":[0,0,0,0.875],"texture":"#0"},"up":{"uv":[0.5,0,0,0],"texture":"#0"},"down":{"uv":[0.5,0,0,0],"texture":"#0"}}},{"from":[8,-13,4],"to":[12,-6,4],"rotation":{"angle":0,"axis":"y","origin":[8,1,8]},"faces":{"north":{"uv":[7.375,4.125,6.875,5],"texture":"#0"},"east":{"uv":[0,0,0,0.875],"texture":"#0"},"south":{"uv":[6.875,4.125,7.375,5],"texture":"#0"},"west":{"uv":[0,0,0,0.875],"texture":"#0"},"up":{"uv":[0,0,0.5,0],"texture":"#0"},"down":{"uv":[0,0,0.5,0],"texture":"#0"}}},{"from":[0,-7.5,3],"to":[2,-4.5,4],"rotation":{"angle":-22.5,"axis":"y","origin":[6,-6,3]},"faces":{"north":{"uv":[2.375,7.125,2.625,7.5],"texture":"#0"},"east":{"uv":[6.875,1.125,7,1.5],"texture":"#0"},"south":{"uv":[4.875,8.25,5.125,8.625],"texture":"#0"},"west":{"uv":[6.5,7.625,6.625,8],"texture":"#0"},"up":{"uv":[2.875,6.75,2.625,6.625],"texture":"#0"},"down":{"uv":[4,7.375,3.75,7.5],"texture":"#0"}}},{"from":[-1,-7,3],"to":[0,-5,4],"rotation":{"angle":-22.5,"axis":"y","origin":[6,-6,3]},"faces":{"north":{"uv":[7.5,5.5,7.625,5.75],"texture":"#0"},"east":{"uv":[5.125,8,5.25,8.25],"texture":"#0"},"south":{"uv":[5.125,8.25,5.25,8.5],"texture":"#0"},"west":{"uv":[7,8.25,7.125,8.5],"texture":"#0"},"up":{"uv":[3,6.75,2.875,6.625],"texture":"#0"},"down":{"uv":[7.125,1.375,7,1.5],"texture":"#0"}}},{"from":[10,-8,3],"to":[14,-4,4],"rotation":{"angle":22.5,"axis":"y","origin":[10,-6,3]},"faces":{"north":{"uv":[7.125,7.5,6.625,8],"texture":"#0"},"east":{"uv":[3,8,2.875,8.5],"texture":"#0"},"south":{"uv":[8.125,0,7.625,0.5],"texture":"#0"},"west":{"uv":[5.625,7,5.5,7.5],"texture":"#0"},"up":{"uv":[6.875,5.75,7.375,5.625],"texture":"#0"},"down":{"uv":[7.125,1.875,7.625,2],"texture":"#0"}}},{"from":[14,-7.5,3],"to":[16,-4.5,4],"rotation":{"angle":22.5,"axis":"y","origin":[10,-6,3]},"faces":{"north":{"uv":[2.625,7.125,2.375,7.5],"texture":"#0"},"east":{"uv":[6.625,7.625,6.5,8],"texture":"#0"},"south":{"uv":[5.125,8.25,4.875,8.625],"texture":"#0"},"west":{"uv":[7,1.125,6.875,1.5],"texture":"#0"},"up":{"uv":[2.625,6.75,2.875,6.625],"texture":"#0"},"down":{"uv":[3.75,7.375,4,7.5],"texture":"#0"}}},{"from":[16,-7,3],"to":[17,-5,4],"rotation":{"angle":22.5,"axis":"y","origin":[10,-6,3]},"faces":{"north":{"uv":[7.625,5.5,7.5,5.75],"texture":"#0"},"east":{"uv":[7.125,8.25,7,8.5],"texture":"#0"},"south":{"uv":[5.25,8.25,5.125,8.5],"texture":"#0"},"west":{"uv":[5.25,8,5.125,8.25],"texture":"#0"},"up":{"uv":[2.875,6.75,3,6.625],"texture":"#0"},"down":{"uv":[7,1.375,7.125,1.5],"texture":"#0"}}},{"from":[5,12,11],"to":[11,16,11],"rotation":{"angle":0,"axis":"y","origin":[8,-6,8]},"faces":{"north":{"uv":[1.5,10.125,0.75,10.625],"texture":"#0"},"east":{"uv":[0,10.125,0.75,10.625],"texture":"#0"},"south":{"uv":[0.75,10.125,1.5,10.625],"texture":"#0"},"west":{"uv":[0,10.125,0.75,10.625],"texture":"#0"}}},{"from":[5,12,5],"to":[5,16,11],"rotation":{"angle":0,"axis":"y","origin":[8,-6,8]},"faces":{"north":{"uv":[0.75,10.125,1.5,10.625],"texture":"#0"},"east":{"uv":[0.75,10.125,0,10.625],"texture":"#0"},"south":{"uv":[1.5,10.125,0.75,10.625],"texture":"#0"},"west":{"uv":[0,10.125,0.75,10.625],"texture":"#0"}}},{"from":[11,12,5],"to":[11,16,11],"rotation":{"angle":0,"axis":"y","origin":[8,-6,8]},"faces":{"north":{"uv":[1.5,10.125,0.75,10.625],"texture":"#0"},"east":{"uv":[0,10.125,0.75,10.625],"texture":"#0"},"south":{"uv":[0.75,10.125,1.5,10.625],"texture":"#0"},"west":{"uv":[0.75,10.125,0,10.625],"texture":"#0"}}},{"from":[5,12,5],"to":[11,16,5],"rotation":{"angle":0,"axis":"y","origin":[8,-6,8]},"faces":{"north":{"uv":[0.75,10.125,1.5,10.625],"texture":"#0"},"east":{"uv":[0,10.125,0.75,10.625],"texture":"#0"},"south":{"uv":[0.75,10.125,1.5,10.625],"texture":"#0"},"west":{"uv":[0,10.125,0.75,10.625],"texture":"#0"}}}],"display":{"thirdperson_righthand":{"translation":[0,2.5,0],"scale":[0.3,0.3,0.3]},"thirdperson_lefthand":{"translation":[0,2.5,0],"scale":[0.3,0.3,0.3]},"firstperson_righthand":{"translation":[0,2.5,0],"scale":[0.3,0.3,0.3]},"firstperson_lefthand":{"translation":[0,2.5,0],"scale":[0.3,0.3,0.3]},"ground":{"translation":[0,1,0],"scale":[0.5,0.5,0.5]},"gui":{"rotation":[45,-45,0],"translation":[0,2.75,-3],"scale":[0.75,0.75,0.75]},"head":{"translation":[0,5,0]},"fixed":{"translation":[0,0,-3]}},"groups":[0,1,2,{"name":"group","origin":[8,-6,8],"color":0,"children":[3,{"name":"group","origin":[8,-6,8],"color":0,"children":[4,5,6,7,8]},{"name":"group","origin":[8,-6,8],"color":0,"children":[9,10,11]}]},{"name":"group","origin":[8,-6,8],"color":0,"children":[12,13,14,15]}]}