{"credit":"Made with Blockbench","texture_size":[128,128],"textures":{"0":"item/christmas/christmas_texture_1","particle":"item/christmas/christmas_texture_1"},"elements":[{"from":[6.5,13,6.6],"to":[9.5,18,9.6],"rotation":{"angle":45,"axis":"y","origin":[8,0.5,8.1]},"faces":{"north":{"uv":[14.625,1.25,15,1.875],"texture":"#0"},"east":{"uv":[13.5,1.25,13.875,1.875],"texture":"#0"},"south":{"uv":[13.875,1.25,14.25,1.875],"texture":"#0"},"west":{"uv":[14.25,1.25,14.625,1.875],"texture":"#0"},"up":{"uv":[13.375,0.875,13.75,1.25],"rotation":90,"texture":"#0"},"down":{"uv":[13,0.875,13.375,1.25],"rotation":270,"texture":"#0"}}},{"from":[7.65,15.5,3.6],"to":[9.65,17.5,6.6],"rotation":{"angle":0,"axis":"y","origin":[8,1.5,7.75]},"faces":{"north":{"uv":[13.125,2.25,13.375,2.5],"texture":"#0"},"east":{"uv":[12.75,2,13.125,2.25],"texture":"#0"},"south":{"uv":[13.125,2,13.375,2.25],"texture":"#0"},"west":{"uv":[12.75,2.25,13.125,2.5],"texture":"#0"},"up":{"uv":[12.5,2,12.75,2.375],"texture":"#0"},"down":{"uv":[12.25,2,12.5,2.375],"texture":"#0"}}},{"from":[7.65,15.5,9.9],"to":[9.65,17.5,12.9],"rotation":{"angle":0,"axis":"y","origin":[8,1.5,8.75]},"faces":{"north":{"uv":[13.375,2,13.125,2.25],"texture":"#0"},"east":{"uv":[13.125,2,12.75,2.25],"texture":"#0"},"south":{"uv":[13.375,2.25,13.125,2.5],"texture":"#0"},"west":{"uv":[13.125,2.25,12.75,2.5],"texture":"#0"},"up":{"uv":[12.5,2.375,12.75,2],"texture":"#0"},"down":{"uv":[12.25,2.375,12.5,2],"texture":"#0"}}},{"from":[8.65,14,6.6],"to":[11.65,18,9.6],"rotation":{"angle":0,"axis":"y","origin":[8,1.5,7.75]},"faces":{"north":{"uv":[13.5,3.5,13.875,4],"texture":"#0"},"east":{"uv":[13.875,3.5,14.25,4],"texture":"#0"},"south":{"uv":[14.25,3.5,14.625,4],"texture":"#0"},"west":{"uv":[14.625,3.5,15,4],"texture":"#0"},"up":{"uv":[14.625,3.125,15,3.5],"texture":"#0"},"down":{"uv":[14.25,3.125,14.625,3.5],"texture":"#0"}}},{"from":[8.65,9,8.6],"to":[12.65,14,8.6],"rotation":{"angle":-22.5,"axis":"y","origin":[8.9,11.5,8.6]},"faces":{"north":{"uv":[16,4.625,15.5,5.25],"texture":"#0"},"east":{"uv":[13.875,3.5,13.875,4.125],"texture":"#0"},"south":{"uv":[15.5,4.625,16,5.25],"texture":"#0"},"west":{"uv":[14.625,3.5,14.625,4.125],"texture":"#0"},"up":{"uv":[14.625,3.125,15.125,3.125],"texture":"#0"},"down":{"uv":[14.25,3.125,14.75,3.125],"texture":"#0"}}},{"from":[8.65,7,8.1],"to":[13.65,14,8.1],"rotation":{"angle":0,"axis":"y","origin":[8.9,11.5,8.6]},"faces":{"north":{"uv":[16,5.25,15.375,6.125],"texture":"#0"},"east":{"uv":[13.875,3.5,13.875,4.125],"texture":"#0"},"south":{"uv":[15.375,5.25,16,6.125],"texture":"#0"},"west":{"uv":[14.625,3.5,14.625,4.125],"texture":"#0"},"up":{"uv":[14.625,3.125,15.125,3.125],"texture":"#0"},"down":{"uv":[14.25,3.125,14.75,3.125],"texture":"#0"}}},{"from":[8.65,9,7.9],"to":[12.65,14,7.9],"rotation":{"angle":22.5,"axis":"y","origin":[8.9,11.5,7.9]},"faces":{"north":{"uv":[16,4.625,15.5,5.25],"texture":"#0"},"east":{"uv":[13.875,3.5,13.875,4.125],"texture":"#0"},"south":{"uv":[15.5,4.625,16,5.25],"texture":"#0"},"west":{"uv":[14.625,3.5,14.625,4.125],"texture":"#0"},"up":{"uv":[14.625,3.125,15.125,3.125],"texture":"#0"},"down":{"uv":[14.25,3.125,14.75,3.125],"texture":"#0"}}},{"from":[7.25,-4,7],"to":[9.25,13,9],"rotation":{"angle":-45,"axis":"y","origin":[8,1.5,7.75]},"faces":{"north":{"uv":[15,2.5,15.25,4.625],"texture":"#0"},"east":{"uv":[15.25,2.5,15.5,4.625],"texture":"#0"},"south":{"uv":[15.5,2.5,15.75,4.625],"texture":"#0"},"west":{"uv":[15.75,2.5,16,4.625],"texture":"#0"},"up":{"uv":[14.75,0.5,15,0.75],"texture":"#0"},"down":{"uv":[14.75,0.5,15,0.75],"texture":"#0"}}},{"from":[7,22,7],"to":[9,28,9],"rotation":{"angle":0,"axis":"y","origin":[8.5,26,8]},"faces":{"north":{"uv":[15,2.5625,15.25,3.3125],"texture":"#0"},"east":{"uv":[15.5,2.5625,15.75,3.3125],"texture":"#0"},"south":{"uv":[15.25,2.5625,15.5,3.3125],"texture":"#0"},"west":{"uv":[15.75,2.5625,16,3.3125],"texture":"#0"},"up":{"uv":[15.4375,3.6875,15.6875,3.9375],"rotation":90,"texture":"#0"},"down":{"uv":[15.4375,3.4375,15.6875,3.6875],"rotation":270,"texture":"#0"}}},{"from":[6.8,24.8461,-7.54328],"to":[9.2,27.2461,-1.54328],"rotation":{"angle":-45,"axis":"x","origin":[8,25,4]},"faces":{"north":{"uv":[12.875,4.3125,13.1875,4.625],"texture":"#0"},"east":{"uv":[13.1875,4,13.9375,4.3125],"texture":"#0"},"south":{"uv":[12.875,4,13.1875,4.3125],"texture":"#0"},"west":{"uv":[13.1875,4.3125,13.9375,4.625],"texture":"#0"},"up":{"uv":[12.125,3.5,12.875,3.8125],"rotation":90,"texture":"#0"},"down":{"uv":[12.125,3.8125,12.875,4.125],"rotation":270,"texture":"#0"}}},{"from":[6.775,22.525,-2],"to":[9.225,24.975,4],"rotation":{"angle":-22.5,"axis":"x","origin":[8,25,4]},"faces":{"north":{"uv":[13.9375,4.3125,14.25,4.625],"texture":"#0"},"east":{"uv":[14.25,4,15,4.3125],"texture":"#0"},"south":{"uv":[13.9375,4,14.25,4.3125],"texture":"#0"},"west":{"uv":[14.25,4.3125,15,4.625],"texture":"#0"},"up":{"uv":[13.5,3.125,14.25,3.4375],"rotation":90,"texture":"#0"},"down":{"uv":[12.75,3.125,13.5,3.4375],"rotation":270,"texture":"#0"}}},{"from":[6.775,22.525,12],"to":[9.225,24.975,18],"rotation":{"angle":22.5,"axis":"x","origin":[8,25,12]},"faces":{"north":{"uv":[14.25,4,13.9375,4.3125],"texture":"#0"},"east":{"uv":[15,4,14.25,4.3125],"texture":"#0"},"south":{"uv":[14.25,4.3125,13.9375,4.625],"texture":"#0"},"west":{"uv":[15,4.3125,14.25,4.625],"texture":"#0"},"up":{"uv":[14.25,3.125,13.5,3.4375],"rotation":90,"texture":"#0"},"down":{"uv":[13.5,3.125,12.75,3.4375],"rotation":270,"texture":"#0"}}},{"from":[6.8,24.8461,17.54328],"to":[9.2,27.2461,23.54328],"rotation":{"angle":45,"axis":"x","origin":[8,25,12]},"faces":{"north":{"uv":[13.1875,4,12.875,4.3125],"texture":"#0"},"east":{"uv":[13.9375,4,13.1875,4.3125],"texture":"#0"},"south":{"uv":[13.1875,4.3125,12.875,4.625],"texture":"#0"},"west":{"uv":[13.9375,4.3125,13.1875,4.625],"texture":"#0"},"up":{"uv":[12.875,3.5,12.125,3.8125],"rotation":90,"texture":"#0"},"down":{"uv":[12.875,3.8125,12.125,4.125],"rotation":270,"texture":"#0"}}},{"from":[6.75,22.5,4],"to":[9.25,25,12],"rotation":{"angle":0,"axis":"y","origin":[8.5,26,8]},"faces":{"north":{"uv":[11,5.0625,11.3125,5.375],"texture":"#0"},"east":{"uv":[11.3125,4.75,12.3125,5.0625],"texture":"#0"},"south":{"uv":[11,4.75,11.3125,5.0625],"texture":"#0"},"west":{"uv":[11.3125,5.0625,12.3125,5.375],"texture":"#0"},"up":{"uv":[11,4.4375,12,4.75],"rotation":90,"texture":"#0"},"down":{"uv":[11.25,4.125,12.25,4.4375],"rotation":270,"texture":"#0"}}},{"from":[5.75,18,5.5],"to":[10.75,20,10.5],"rotation":{"angle":-45,"axis":"y","origin":[8,1.5,7.75]},"faces":{"north":{"uv":[13.75,1,14.375,1.25],"texture":"#0"},"east":{"uv":[13.75,0.75,14.375,1],"texture":"#0"},"south":{"uv":[14.375,1,15,1.25],"texture":"#0"},"west":{"uv":[14.375,0.75,15,1],"texture":"#0"},"up":{"uv":[14.375,1.875,15,2.5],"texture":"#0"},"down":{"uv":[14.375,2.5,15,3.125],"texture":"#0"}}},{"from":[6.5,-9,8],"to":[9.5,-3,10],"rotation":{"angle":0,"axis":"y","origin":[8,1.5,7.75]},"faces":{"north":{"uv":[14.25,0,14.625,0.75],"texture":"#0"},"east":{"uv":[13.375,0,13.625,0.75],"texture":"#0"},"south":{"uv":[13.875,0,14.25,0.75],"texture":"#0"},"west":{"uv":[13.625,0,13.875,0.75],"texture":"#0"},"up":{"uv":[14.625,0,15,0.25],"texture":"#0"},"down":{"uv":[14.625,0.25,15,0.5],"texture":"#0"}}},{"from":[6.25,-7,7.75],"to":[9.75,-5,10.25],"rotation":{"angle":0,"axis":"y","origin":[8,1.5,7.75]},"faces":{"north":{"uv":[12.9375,0.25,13.375,0.5],"texture":"#0"},"east":{"uv":[12.5,0.625,12.8125,0.875],"texture":"#0"},"south":{"uv":[12.9375,0,13.375,0.25],"texture":"#0"},"west":{"uv":[12.8125,0.625,13.125,0.875],"texture":"#0"},"up":{"uv":[12.5,0,12.9375,0.3125],"texture":"#0"},"down":{"uv":[12.5,0.3125,12.9375,0.625],"texture":"#0"}}},{"from":[6,-8,6.85],"to":[10,-4,8.85],"rotation":{"angle":0,"axis":"y","origin":[0,-19,8.35]},"faces":{"north":{"uv":[7.375,10.625,7.875,11.125],"texture":"#0"},"east":{"uv":[8.625,10.25,8.875,10.75],"texture":"#0"},"south":{"uv":[7.875,10.625,8.375,11.125],"texture":"#0"},"west":{"uv":[1,10.5,1.25,11],"texture":"#0"},"up":{"uv":[3.25,9,2.75,8.75],"texture":"#0"},"down":{"uv":[10.75,9.25,10.25,9.5],"texture":"#0"}}},{"from":[6,-8,5.85],"to":[10,-7,6.85],"rotation":{"angle":0,"axis":"y","origin":[0,-19,8.35]},"faces":{"north":{"uv":[6.25,5.75,6.75,5.875],"texture":"#0"},"east":{"uv":[7.875,9.625,8,9.75],"texture":"#0"},"south":{"uv":[6.75,5.75,7.25,5.875],"texture":"#0"},"west":{"uv":[9.75,5.625,9.875,5.75],"texture":"#0"},"up":{"uv":[7.75,5.875,7.25,5.75],"texture":"#0"},"down":{"uv":[8.25,5.75,7.75,5.875],"texture":"#0"}}},{"from":[6,-5,5.85],"to":[10,-4,6.85],"rotation":{"angle":0,"axis":"y","origin":[0,-19,8.35]},"faces":{"north":{"uv":[8.25,5.75,8.75,5.875],"texture":"#0"},"east":{"uv":[9.875,5.625,10,5.75],"texture":"#0"},"south":{"uv":[2.75,9,3.25,9.125],"texture":"#0"},"west":{"uv":[10,5.625,10.125,5.75],"texture":"#0"},"up":{"uv":[9.75,5.75,9.25,5.625],"texture":"#0"},"down":{"uv":[10,8.5,9.5,8.625],"texture":"#0"}}},{"from":[9,-7,5.85],"to":[10,-5,6.85],"rotation":{"angle":0,"axis":"y","origin":[0,-19,8.35]},"faces":{"north":{"uv":[8.875,10.25,9,10.5],"texture":"#0"},"east":{"uv":[7.375,10.375,7.5,10.625],"texture":"#0"},"south":{"uv":[8.75,10.75,8.875,11],"texture":"#0"},"west":{"uv":[10.875,7.5,11,7.75],"texture":"#0"},"up":{"uv":[10.125,8.625,10,8.5],"texture":"#0"},"down":{"uv":[1.375,10.125,1.25,10.25],"texture":"#0"}}},{"from":[6,-7,5.85],"to":[7,-5,6.85],"rotation":{"angle":0,"axis":"y","origin":[0,-19,8.35]},"faces":{"north":{"uv":[10.875,7.75,11,8],"texture":"#0"},"east":{"uv":[10.875,8,11,8.25],"texture":"#0"},"south":{"uv":[10.875,8.625,11,8.875],"texture":"#0"},"west":{"uv":[8.875,10.875,9,11.125],"texture":"#0"},"up":{"uv":[1.5,10.25,1.375,10.125],"texture":"#0"},"down":{"uv":[1.625,10.125,1.5,10.25],"texture":"#0"}}},{"from":[6.5,-6.25,5.35],"to":[9.5,-5.75,6.85],"rotation":{"angle":0,"axis":"y","origin":[0,-19,8.35]},"faces":{"north":{"uv":[2.375,9.5,2.75,9.5625],"texture":"#0"},"east":{"uv":[10.125,5.625,10.3125,5.6875],"texture":"#0"},"south":{"uv":[7.5,9.625,7.875,9.6875],"texture":"#0"},"west":{"uv":[10.25,7,10.4375,7.0625],"texture":"#0"},"up":{"uv":[11.125,10.6875,10.75,10.5],"texture":"#0"},"down":{"uv":[11.125,10.75,10.75,10.9375],"texture":"#0"}}},{"from":[7,-11,6.85],"to":[9,-9,8.85],"rotation":{"angle":45,"axis":"x","origin":[8,-10,7.85]},"faces":{"north":{"uv":[1.75,10.875,2,11.125],"texture":"#0"},"east":{"uv":[5.25,10.75,5.5,11],"texture":"#0"},"south":{"uv":[1.25,10.875,1.5,11.125],"texture":"#0"},"west":{"uv":[1.5,10.875,1.75,11.125],"texture":"#0"},"up":{"uv":[3.75,11.125,3.5,10.875],"rotation":90,"texture":"#0"},"down":{"uv":[4,10.875,3.75,11.125],"rotation":270,"texture":"#0"}}},{"from":[7,-12,7.85],"to":[9,-10,10.85],"rotation":{"angle":0,"axis":"y","origin":[8,-11,9.35]},"faces":{"north":{"uv":[4.25,10.875,4.5,11.125],"texture":"#0"},"east":{"uv":[2.375,9.25,2.75,9.5],"texture":"#0"},"south":{"uv":[4,10.875,4.25,11.125],"texture":"#0"},"west":{"uv":[10,4.125,10.375,4.375],"texture":"#0"},"up":{"uv":[2.375,10.5,2,10.25],"rotation":90,"texture":"#0"},"down":{"uv":[9.25,10.625,8.875,10.875],"rotation":270,"texture":"#0"}}},{"from":[7,-14.2,7.95],"to":[9,-12.2,10.95],"rotation":{"angle":45,"axis":"x","origin":[8,-12,9.35]},"faces":{"north":{"uv":[4.75,10.875,5,11.125],"texture":"#0"},"east":{"uv":[9.25,10.625,9.625,10.875],"texture":"#0"},"south":{"uv":[4.5,10.875,4.75,11.125],"texture":"#0"},"west":{"uv":[9.625,10.625,10,10.875],"texture":"#0"},"up":{"uv":[11.125,7.25,10.75,7],"rotation":90,"texture":"#0"},"down":{"uv":[11.125,7.25,10.75,7.5],"rotation":270,"texture":"#0"}}},{"from":[7,-12,4.85],"to":[9,-10,7.85],"rotation":{"angle":0,"axis":"y","origin":[8,-11,6.35]},"faces":{"north":{"uv":[10.875,6.25,11.125,6.5],"texture":"#0"},"east":{"uv":[8.375,10.75,8.75,11],"texture":"#0"},"south":{"uv":[5,10.875,5.25,11.125],"texture":"#0"},"west":{"uv":[10.75,9.25,11.125,9.5],"texture":"#0"},"up":{"uv":[11.125,9.75,10.75,9.5],"rotation":90,"texture":"#0"},"down":{"uv":[11.125,9.75,10.75,10],"rotation":270,"texture":"#0"}}},{"from":[9.025,-14.5,4.85],"to":[9.025,-8.5,10.85],"rotation":{"angle":-45,"axis":"x","origin":[9.1,-11.5,7.85]},"faces":{"east":{"uv":[0,12,0.75,12.75],"texture":"#0"},"west":{"uv":[0.75,12,0,12.75],"texture":"#0"}}},{"from":[6.975,-14.5,4.85],"to":[6.975,-8.5,10.85],"rotation":{"angle":-45,"axis":"x","origin":[6.9,-11.5,7.85]},"faces":{"east":{"uv":[0,12,0.75,12.75],"texture":"#0"},"west":{"uv":[0.75,12,0,12.75],"texture":"#0"}}},{"from":[7,-14.2,4.75],"to":[9,-12.2,7.75],"rotation":{"angle":-45,"axis":"x","origin":[8,-12,6.35]},"faces":{"north":{"uv":[4.75,10.875,4.5,11.125],"texture":"#0"},"east":{"uv":[9.625,10.625,9.25,10.875],"texture":"#0"},"south":{"uv":[5,10.875,4.75,11.125],"texture":"#0"},"west":{"uv":[10,10.625,9.625,10.875],"texture":"#0"},"up":{"uv":[10.75,7.25,11.125,7],"rotation":90,"texture":"#0"},"down":{"uv":[10.75,7.25,11.125,7.5],"rotation":270,"texture":"#0"}}},{"from":[7,29,6.85],"to":[9,31,8.85],"rotation":{"angle":45,"axis":"x","origin":[8,30,7.85]},"faces":{"north":{"uv":[1.75,10.875,2,11.125],"texture":"#0"},"east":{"uv":[5.25,10.75,5.5,11],"texture":"#0"},"south":{"uv":[1.25,10.875,1.5,11.125],"texture":"#0"},"west":{"uv":[1.5,10.875,1.75,11.125],"texture":"#0"},"up":{"uv":[3.75,11.125,3.5,10.875],"rotation":90,"texture":"#0"},"down":{"uv":[4,10.875,3.75,11.125],"rotation":270,"texture":"#0"}}},{"from":[7,28,7.85],"to":[9,30,10.85],"rotation":{"angle":0,"axis":"y","origin":[8,29,9.35]},"faces":{"north":{"uv":[4.25,10.875,4.5,11.125],"texture":"#0"},"east":{"uv":[2.375,9.25,2.75,9.5],"texture":"#0"},"south":{"uv":[4,10.875,4.25,11.125],"texture":"#0"},"west":{"uv":[10,4.125,10.375,4.375],"texture":"#0"},"up":{"uv":[2.375,10.5,2,10.25],"rotation":90,"texture":"#0"},"down":{"uv":[9.25,10.625,8.875,10.875],"rotation":270,"texture":"#0"}}},{"from":[7,25.8,7.95],"to":[9,27.8,10.95],"rotation":{"angle":45,"axis":"x","origin":[8,28,9.35]},"faces":{"north":{"uv":[4.75,10.875,5,11.125],"texture":"#0"},"east":{"uv":[9.25,10.625,9.625,10.875],"texture":"#0"},"south":{"uv":[4.5,10.875,4.75,11.125],"texture":"#0"},"west":{"uv":[9.625,10.625,10,10.875],"texture":"#0"},"up":{"uv":[11.125,7.25,10.75,7],"rotation":90,"texture":"#0"},"down":{"uv":[11.125,7.25,10.75,7.5],"rotation":270,"texture":"#0"}}},{"from":[7,28,4.85],"to":[9,30,7.85],"rotation":{"angle":0,"axis":"y","origin":[8,29,6.35]},"faces":{"north":{"uv":[10.875,6.25,11.125,6.5],"texture":"#0"},"east":{"uv":[8.375,10.75,8.75,11],"texture":"#0"},"south":{"uv":[5,10.875,5.25,11.125],"texture":"#0"},"west":{"uv":[10.75,9.25,11.125,9.5],"texture":"#0"},"up":{"uv":[11.125,9.75,10.75,9.5],"rotation":90,"texture":"#0"},"down":{"uv":[11.125,9.75,10.75,10],"rotation":270,"texture":"#0"}}},{"from":[9.025,25.5,4.85],"to":[9.025,31.5,10.85],"rotation":{"angle":-45,"axis":"x","origin":[9.1,28.5,7.85]},"faces":{"east":{"uv":[0,12,0.75,12.75],"texture":"#0"},"west":{"uv":[0.75,12,0,12.75],"texture":"#0"}}},{"from":[6.975,25.5,4.85],"to":[6.975,31.5,10.85],"rotation":{"angle":-45,"axis":"x","origin":[6.9,28.5,7.85]},"faces":{"east":{"uv":[0,12,0.75,12.75],"texture":"#0"},"west":{"uv":[0.75,12,0,12.75],"texture":"#0"}}},{"from":[7,25.8,4.75],"to":[9,27.8,7.75],"rotation":{"angle":-45,"axis":"x","origin":[8,28,6.35]},"faces":{"north":{"uv":[4.75,10.875,4.5,11.125],"texture":"#0"},"east":{"uv":[9.625,10.625,9.25,10.875],"texture":"#0"},"south":{"uv":[5,10.875,4.75,11.125],"texture":"#0"},"west":{"uv":[10,10.625,9.625,10.875],"texture":"#0"},"up":{"uv":[10.75,7.25,11.125,7],"rotation":90,"texture":"#0"},"down":{"uv":[10.75,7.25,11.125,7.5],"rotation":270,"texture":"#0"}}},{"from":[6.5,20,5.5],"to":[9.5,22,10.5],"rotation":{"angle":0,"axis":"y","origin":[8,1.5,7.75]},"faces":{"north":{"uv":[13.375,1.875,13.75,2.125],"texture":"#0"},"east":{"uv":[13.75,2.875,14.375,3.125],"texture":"#0"},"south":{"uv":[13.375,2.125,13.75,2.375],"texture":"#0"},"west":{"uv":[13.75,2.625,14.375,2.875],"texture":"#0"},"up":{"uv":[13.75,2.25,14.375,2.625],"rotation":90,"texture":"#0"},"down":{"uv":[13.75,1.875,14.375,2.25],"rotation":270,"texture":"#0"}}}],"display":{"thirdperson_righthand":{"translation":[0,3,1.5],"scale":[0.65,0.65,0.65]},"thirdperson_lefthand":{"rotation":[0,180,0],"translation":[0,3,1.5],"scale":[0.65,0.65,0.65]},"firstperson_righthand":{"rotation":[-10,10,0],"translation":[0.75,4,1.5],"scale":[0.38,0.38,0.38]},"firstperson_lefthand":{"rotation":[-10,180,0],"translation":[0.75,4,1.5],"scale":[0.38,0.38,0.38]},"ground":{"translation":[0,8.25,0],"scale":[0.5,0.5,0.5]},"gui":{"rotation":[90,-135,90],"translation":[0,0,-0.5],"scale":[0.58,0.58,0.58]},"fixed":{"rotation":[90,-45,90],"translation":[0,0,-0.5],"scale":[0.86,0.86,0.86]}},"groups":[0,{"name":"group","origin":[10.5,16,7.5],"color":0,"children":[1,2,3,4,5,6,7,8,{"name":"group","origin":[8.5,26,7.9],"color":0,"children":[9,10,11,12,13]},14,15,16]},{"name":"group","origin":[0,0,0],"color":0,"children":[17,18,19,20,21,22]},{"name":"group","origin":[6.5,4,-1],"color":0,"children":[23,24,25,26,27,28,29]},{"name":"group","origin":[6.5,4,-1],"color":0,"children":[30,31,32,33,34,35,36]},37]}