{"credit":"Made with Blockbench","texture_size":[128,128],"textures":{"0":"item/christmas/christmas_texture_2","particle":"item/christmas/christmas_texture_2"},"elements":[{"from":[6.5,8,6.5],"to":[9.5,12,9.5],"rotation":{"angle":0,"axis":"y","origin":[8,-10.5,5.75]},"faces":{"north":{"uv":[2.125,8.25,2.5,8.75],"texture":"#0"},"east":{"uv":[1,8.25,1.375,8.75],"texture":"#0"},"south":{"uv":[1.375,8.25,1.75,8.75],"texture":"#0"},"west":{"uv":[1.75,8.25,2.125,8.75],"texture":"#0"},"up":{"uv":[1.375,7.875,1.75,8.25],"rotation":90,"texture":"#0"},"down":{"uv":[1,7.875,1.375,8.25],"rotation":270,"texture":"#0"}}},{"from":[5.5,7,5.5],"to":[10.5,8,10.5],"rotation":{"angle":0,"axis":"y","origin":[8,-10.5,5.75]},"faces":{"north":{"uv":[0.625,10.125,1.25,10.25],"texture":"#0"},"east":{"uv":[0,10,0.625,10.125],"texture":"#0"},"south":{"uv":[0.625,10,1.25,10.125],"texture":"#0"},"west":{"uv":[0,10.125,0.625,10.25],"texture":"#0"},"up":{"uv":[0.625,9.375,1.25,10],"rotation":90,"texture":"#0"},"down":{"uv":[0,9.375,0.625,10],"rotation":270,"texture":"#0"}}},{"from":[6.5,14,6.5],"to":[9.5,17,9.5],"rotation":{"angle":0,"axis":"y","origin":[8,-3.5,8]},"faces":{"north":{"uv":[3.625,7.875,4,8.25],"texture":"#0"},"east":{"uv":[2.5,7.875,2.875,8.25],"texture":"#0"},"south":{"uv":[2.875,7.875,3.25,8.25],"texture":"#0"},"west":{"uv":[3.25,7.875,3.625,8.25],"texture":"#0"},"up":{"uv":[2.125,7.875,2.5,8.25],"rotation":90,"texture":"#0"},"down":{"uv":[1.75,7.875,2.125,8.25],"rotation":270,"texture":"#0"}}},{"from":[6.5,-10,6.5],"to":[9.5,-9,9.5],"rotation":{"angle":0,"axis":"y","origin":[8,-3.5,8]},"faces":{"north":{"uv":[3.625,8.125,4,8.25],"texture":"#0"},"east":{"uv":[2.5,8.125,2.875,8.25],"texture":"#0"},"south":{"uv":[2.875,8.125,3.25,8.25],"texture":"#0"},"west":{"uv":[3.25,8.125,3.625,8.25],"texture":"#0"},"up":{"uv":[2.125,7.875,2.5,8.25],"rotation":90,"texture":"#0"},"down":{"uv":[1.75,7.875,2.125,8.25],"rotation":270,"texture":"#0"}}},{"from":[7,-16,7],"to":[9,-14,9],"rotation":{"angle":0,"axis":"y","origin":[8,-3.5,8]},"faces":{"north":{"uv":[2.25,8.75,2.5,9],"texture":"#0"},"east":{"uv":[1.5,8.75,1.75,9],"texture":"#0"},"south":{"uv":[1.75,8.75,2,9],"texture":"#0"},"west":{"uv":[2,8.75,2.25,9],"texture":"#0"},"up":{"uv":[1.25,8.75,1.5,9],"rotation":90,"texture":"#0"},"down":{"uv":[1,8.75,1.25,9],"rotation":270,"texture":"#0"}}},{"from":[8,-14,7],"to":[8,-10,9],"rotation":{"angle":0,"axis":"y","origin":[8,-3.5,8]},"faces":{"north":{"uv":[3.625,8.125,3.625,8.625],"texture":"#0"},"east":{"uv":[0.25,11.4375,0,11.9375],"texture":"#0"},"south":{"uv":[2.875,8.125,2.875,8.625],"texture":"#0"},"west":{"uv":[0,11.4375,0.25,11.9375],"texture":"#0"},"up":{"uv":[2.125,7.875,2.375,7.875],"rotation":90,"texture":"#0"},"down":{"uv":[1.75,7.875,2,7.875],"rotation":270,"texture":"#0"}}},{"from":[8,13,9.5],"to":[8,18,22.5],"rotation":{"angle":45,"axis":"x","origin":[8,17,9.5]},"faces":{"north":{"uv":[2.125,7.875,2.75,7.875],"rotation":270,"texture":"#0"},"east":{"uv":[2.375,3.5,4,4.125],"rotation":180,"texture":"#0"},"south":{"uv":[1.75,7.875,2.375,7.875],"rotation":270,"texture":"#0"},"west":{"uv":[2.375,4.125,4,3.5],"texture":"#0"},"up":{"uv":[2.875,7.875,2.875,9.5],"texture":"#0"},"down":{"uv":[3.625,7.875,3.625,9.5],"rotation":180,"texture":"#0"}}},{"from":[7.25,-9,6.9],"to":[9.25,20,8.9],"rotation":{"angle":-45,"axis":"y","origin":[8,-2.5,7.65]},"faces":{"north":{"uv":[0,5.75,0.25,9.375],"texture":"#0"},"east":{"uv":[0.25,5.75,0.5,9.375],"texture":"#0"},"south":{"uv":[0.5,5.75,0.75,9.375],"texture":"#0"},"west":{"uv":[0.75,5.75,1,9.375],"texture":"#0"},"up":{"uv":[3.0625,0,3.3125,0.25],"texture":"#0"},"down":{"uv":[3.0625,0,3.3125,0.25],"texture":"#0"}}},{"from":[7.025,11.88605,9.14013],"to":[8.975,16.88605,11.09013],"rotation":{"angle":-45,"axis":"x","origin":[8,22.525,9.05]},"faces":{"north":{"uv":[1.25,5,1.5,5.625],"texture":"#0"},"east":{"uv":[4.25,5.25,3.625,5],"rotation":270,"texture":"#0"},"south":{"uv":[4.875,5.625,5.125,5],"rotation":180,"texture":"#0"},"west":{"uv":[4.875,5.25,4.25,5],"rotation":90,"texture":"#0"},"up":{"uv":[5.5,0.25,5.75,0.5],"texture":"#0"},"down":{"uv":[5.5,0,5.75,0.25],"rotation":180,"texture":"#0"}}},{"from":[7.25,9.39051,13.29831],"to":[8.75,13.39051,14.79831],"rotation":{"angle":-22.5,"axis":"x","origin":[8,22.525,9.05]},"faces":{"north":{"uv":[4.5,5.25,4.6875,5.75],"texture":"#0"},"east":{"uv":[5.75,4.8125,5.25,4.625],"rotation":270,"texture":"#0"},"south":{"uv":[5.125,5.875,5.3125,5.375],"rotation":180,"texture":"#0"},"west":{"uv":[5.875,4.4375,5.375,4.25],"rotation":90,"texture":"#0"},"up":{"uv":[1,5.5,1.1875,5.6875],"texture":"#0"},"down":{"uv":[5.5,0.75,5.6875,0.9375],"rotation":180,"texture":"#0"}}},{"from":[7,17,9.5],"to":[9,20,14.5],"rotation":{"angle":0,"axis":"y","origin":[8,20,14.5]},"faces":{"north":{"uv":[1.625,5.5,2,5.75],"rotation":90,"texture":"#0"},"east":{"uv":[2.5625,7.1875,2.9375,7.8125],"rotation":270,"texture":"#0"},"south":{"uv":[2,5.5,2.375,5.75],"rotation":90,"texture":"#0"},"west":{"uv":[3.1875,7.1875,3.5625,7.8125],"rotation":90,"texture":"#0"},"up":{"uv":[3.5625,7.1875,3.8125,7.8125],"rotation":180,"texture":"#0"},"down":{"uv":[2.9375,7.1875,3.1875,7.8125],"texture":"#0"}}},{"from":[5,18,2.5],"to":[11,19,10.5],"rotation":{"angle":0,"axis":"y","origin":[8,22,10.5]},"faces":{"north":{"uv":[2.5,8.25,2.625,9],"rotation":90,"texture":"#0"},"east":{"uv":[1.25,9,1.375,10],"rotation":270,"texture":"#0"},"south":{"uv":[2.625,8.25,2.75,9],"rotation":90,"texture":"#0"},"west":{"uv":[1.375,9,1.5,10],"rotation":90,"texture":"#0"},"up":{"uv":[2.25,9,3,10],"rotation":180,"texture":"#0"},"down":{"uv":[1.5,9,2.25,10],"texture":"#0"}}},{"from":[6,17,-2.5],"to":[6,20,3.5],"rotation":{"angle":0,"axis":"y","origin":[8,23,10.5]},"faces":{"north":{"uv":[1.625,5.5,2,5.5],"rotation":90,"texture":"#0"},"east":{"uv":[3.5625,8.25,2.8125,8.625],"texture":"#0"},"south":{"uv":[2,5.5,2.375,5.5],"rotation":90,"texture":"#0"},"west":{"uv":[2.8125,8.25,3.5625,8.625],"texture":"#0"},"up":{"uv":[3.5625,7.1875,3.5625,7.9375],"rotation":180,"texture":"#0"},"down":{"uv":[2.9375,7.1875,2.9375,7.9375],"texture":"#0"}}},{"from":[10,17,-2.5],"to":[10,20,3.5],"rotation":{"angle":0,"axis":"y","origin":[8,23,10.5]},"faces":{"north":{"uv":[1.625,5.5,2,5.5],"rotation":90,"texture":"#0"},"east":{"uv":[3.5625,8.25,2.8125,8.625],"texture":"#0"},"south":{"uv":[2,5.5,2.375,5.5],"rotation":90,"texture":"#0"},"west":{"uv":[2.8125,8.25,3.5625,8.625],"texture":"#0"},"up":{"uv":[3.5625,7.1875,3.5625,7.9375],"rotation":180,"texture":"#0"},"down":{"uv":[2.9375,7.1875,2.9375,7.9375],"texture":"#0"}}},{"from":[8,16,-3.5],"to":[8,20,3.5],"rotation":{"angle":0,"axis":"y","origin":[8,23,10.5]},"faces":{"north":{"uv":[1.625,5.5,2,5.5],"rotation":90,"texture":"#0"},"east":{"uv":[3.875,8.625,3,9.125],"texture":"#0"},"south":{"uv":[2,5.5,2.375,5.5],"rotation":90,"texture":"#0"},"west":{"uv":[3,8.625,3.875,9.125],"texture":"#0"},"up":{"uv":[3.5625,7.1875,3.5625,7.9375],"rotation":180,"texture":"#0"},"down":{"uv":[2.9375,7.1875,2.9375,7.9375],"texture":"#0"}}}],"display":{"thirdperson_righthand":{"translation":[0,6,1.5],"scale":[0.65,0.65,0.65]},"thirdperson_lefthand":{"translation":[0,6,1.5],"scale":[0.65,0.65,0.65]},"firstperson_righthand":{"rotation":[-10,10,0],"translation":[0.75,4,1.5],"scale":[0.38,0.38,0.38]},"firstperson_lefthand":{"rotation":[-10,10,0],"translation":[0.75,4,1.5],"scale":[0.38,0.38,0.38]},"ground":{"translation":[0,8.25,0],"scale":[0.5,0.5,0.5]},"gui":{"rotation":[90,-135,90],"translation":[0,0,-0.5],"scale":[0.58,0.58,0.58]},"fixed":{"rotation":[90,-45,90],"translation":[0,0,-0.5],"scale":[0.86,0.86,0.86]}},"groups":[0,1,2,3,4,5,6,7,{"name":"group","origin":[3.5,7.5,14.5],"color":0,"children":[8,9,10,11,12,13,14]}]}