{"credit":"Made with Blockbench","texture_size":[128,128],"textures":{"0":"item/christmas/christmas_texture_1","particle":"item/christmas/christmas_texture_1"},"elements":[{"from":[-5,0,0],"to":[21,2,16],"faces":{"north":{"uv":[9.25,0,12.5,0.25],"texture":"#0"},"east":{"uv":[9.25,5.375,11.25,5.625],"texture":"#0"},"south":{"uv":[9.25,0.25,12.5,0.5],"texture":"#0"},"west":{"uv":[5.5,9.625,7.5,9.875],"texture":"#0"},"up":{"uv":[3.25,2,0,0],"texture":"#0"},"down":{"uv":[3.25,2,0,4],"texture":"#0"}}},{"from":[-4.5,6,0.5],"to":[20.5,8,15.5],"faces":{"north":{"uv":[9.25,1,12.375,1.25],"texture":"#0"},"east":{"uv":[9.875,2.375,11.75,2.625],"texture":"#0"},"south":{"uv":[9.25,1.25,12.375,1.5],"texture":"#0"},"west":{"uv":[9.875,2.625,11.75,2.875],"texture":"#0"},"up":{"uv":[3.125,5.875,0,4],"texture":"#0"},"down":{"uv":[6.25,4,3.125,5.875],"texture":"#0"}}},{"from":[-5,8,0],"to":[21,10,16],"faces":{"north":{"uv":[9.25,0.5,12.5,0.75],"texture":"#0"},"east":{"uv":[9.875,1.875,11.875,2.125],"texture":"#0"},"south":{"uv":[9.25,0.75,12.5,1],"texture":"#0"},"west":{"uv":[9.875,2.125,11.875,2.375],"texture":"#0"},"up":{"uv":[6.5,2,3.25,0],"texture":"#0"},"down":{"uv":[6.5,2,3.25,4],"texture":"#0"}}},{"from":[6,8,-1],"to":[10,12,1],"faces":{"north":{"uv":[7.375,10.625,7.875,11.125],"texture":"#0"},"east":{"uv":[8.625,10.25,8.875,10.75],"texture":"#0"},"south":{"uv":[7.875,10.625,8.375,11.125],"texture":"#0"},"west":{"uv":[1,10.5,1.25,11],"texture":"#0"},"up":{"uv":[3.25,9,2.75,8.75],"texture":"#0"},"down":{"uv":[10.75,9.25,10.25,9.5],"texture":"#0"}}},{"from":[6,8,-2],"to":[10,9,-1],"faces":{"north":{"uv":[6.25,5.75,6.75,5.875],"texture":"#0"},"east":{"uv":[7.875,9.625,8,9.75],"texture":"#0"},"south":{"uv":[6.75,5.75,7.25,5.875],"texture":"#0"},"west":{"uv":[9.75,5.625,9.875,5.75],"texture":"#0"},"up":{"uv":[7.75,5.875,7.25,5.75],"texture":"#0"},"down":{"uv":[8.25,5.75,7.75,5.875],"texture":"#0"}}},{"from":[7,6,-1.5],"to":[9,8,-0.5],"faces":{"north":{"uv":[3.25,8.75,3.5,9],"texture":"#0"},"east":{"uv":[10.875,8.875,11,9.125],"texture":"#0"},"south":{"uv":[5.25,10.5,5.5,10.75],"texture":"#0"},"west":{"uv":[9,10.875,9.125,11.125],"texture":"#0"},"up":{"uv":[9,5.875,8.75,5.75],"texture":"#0"},"down":{"uv":[3.5,9,3.25,9.125],"texture":"#0"}}},{"from":[7,5,-2],"to":[9,7,0],"rotation":{"angle":-45,"axis":"z","origin":[8,6,-1]},"faces":{"north":{"uv":[5.25,10.75,5.5,11],"texture":"#0"},"east":{"uv":[1.25,10.875,1.5,11.125],"texture":"#0"},"south":{"uv":[1.5,10.875,1.75,11.125],"texture":"#0"},"west":{"uv":[1.75,10.875,2,11.125],"texture":"#0"},"up":{"uv":[3.75,11.125,3.5,10.875],"texture":"#0"},"down":{"uv":[4,10.875,3.75,11.125],"texture":"#0"}}},{"from":[5,1.5,-2.025],"to":[11,7.5,-2.025],"rotation":{"angle":45,"axis":"z","origin":[8,4.5,-2.1]},"faces":{"north":{"uv":[0,11.25,0.75,12],"texture":"#0"},"south":{"uv":[0.75,11.25,0,12],"texture":"#0"}}},{"from":[8,4,-2],"to":[11,6,0],"rotation":{"angle":0,"axis":"y","origin":[9.5,5,-1]},"faces":{"north":{"uv":[2.375,9.25,2.75,9.5],"texture":"#0"},"east":{"uv":[4,10.875,4.25,11.125],"texture":"#0"},"south":{"uv":[10,4.125,10.375,4.375],"texture":"#0"},"west":{"uv":[4.25,10.875,4.5,11.125],"texture":"#0"},"up":{"uv":[2.375,10.5,2,10.25],"texture":"#0"},"down":{"uv":[9.25,10.625,8.875,10.875],"texture":"#0"}}},{"from":[8.1,1.8,-2],"to":[11.1,3.8,0],"rotation":{"angle":-45,"axis":"z","origin":[9.5,4,-1]},"faces":{"north":{"uv":[9.25,10.625,9.625,10.875],"texture":"#0"},"east":{"uv":[4.5,10.875,4.75,11.125],"texture":"#0"},"south":{"uv":[9.625,10.625,10,10.875],"texture":"#0"},"west":{"uv":[4.75,10.875,5,11.125],"texture":"#0"},"up":{"uv":[11.125,7.25,10.75,7],"texture":"#0"},"down":{"uv":[11.125,7.25,10.75,7.5],"texture":"#0"}}},{"from":[4.9,1.8,-2],"to":[7.9,3.8,0],"rotation":{"angle":45,"axis":"z","origin":[6.5,4,-1]},"faces":{"north":{"uv":[9.625,10.625,9.25,10.875],"texture":"#0"},"east":{"uv":[5,10.875,4.75,11.125],"texture":"#0"},"south":{"uv":[10,10.625,9.625,10.875],"texture":"#0"},"west":{"uv":[4.75,10.875,4.5,11.125],"texture":"#0"},"up":{"uv":[10.75,7.25,11.125,7],"texture":"#0"},"down":{"uv":[10.75,7.25,11.125,7.5],"texture":"#0"}}},{"from":[5,4,-2],"to":[8,6,0],"rotation":{"angle":0,"axis":"y","origin":[6.5,5,-1]},"faces":{"north":{"uv":[8.375,10.75,8.75,11],"texture":"#0"},"east":{"uv":[5,10.875,5.25,11.125],"texture":"#0"},"south":{"uv":[10.75,9.25,11.125,9.5],"texture":"#0"},"west":{"uv":[10.875,6.25,11.125,6.5],"texture":"#0"},"up":{"uv":[11.125,9.75,10.75,9.5],"texture":"#0"},"down":{"uv":[11.125,9.75,10.75,10],"texture":"#0"}}},{"from":[6,11,-2],"to":[10,12,-1],"faces":{"north":{"uv":[8.25,5.75,8.75,5.875],"texture":"#0"},"east":{"uv":[9.875,5.625,10,5.75],"texture":"#0"},"south":{"uv":[2.75,9,3.25,9.125],"texture":"#0"},"west":{"uv":[10,5.625,10.125,5.75],"texture":"#0"},"up":{"uv":[9.75,5.75,9.25,5.625],"texture":"#0"},"down":{"uv":[10,8.5,9.5,8.625],"texture":"#0"}}},{"from":[6.5,9.75,-2.5],"to":[9.5,10.25,-1],"faces":{"north":{"uv":[2.375,9.5,2.75,9.5625],"texture":"#0"},"east":{"uv":[10.125,5.625,10.3125,5.6875],"texture":"#0"},"south":{"uv":[7.5,9.625,7.875,9.6875],"texture":"#0"},"west":{"uv":[10.25,7,10.4375,7.0625],"texture":"#0"},"up":{"uv":[11.125,10.6875,10.75,10.5],"texture":"#0"},"down":{"uv":[11.125,10.75,10.75,10.9375],"texture":"#0"}}},{"from":[9,9,-2],"to":[10,11,-1],"faces":{"north":{"uv":[8.875,10.25,9,10.5],"texture":"#0"},"east":{"uv":[7.375,10.375,7.5,10.625],"texture":"#0"},"south":{"uv":[8.75,10.75,8.875,11],"texture":"#0"},"west":{"uv":[10.875,7.5,11,7.75],"texture":"#0"},"up":{"uv":[10.125,8.625,10,8.5],"texture":"#0"},"down":{"uv":[1.375,10.125,1.25,10.25],"texture":"#0"}}},{"from":[6,9,-2],"to":[7,11,-1],"faces":{"north":{"uv":[10.875,7.75,11,8],"texture":"#0"},"east":{"uv":[10.875,8,11,8.25],"texture":"#0"},"south":{"uv":[10.875,8.625,11,8.875],"texture":"#0"},"west":{"uv":[8.875,10.875,9,11.125],"texture":"#0"},"up":{"uv":[1.5,10.25,1.375,10.125],"texture":"#0"},"down":{"uv":[1.625,10.125,1.5,10.25],"texture":"#0"}}},{"from":[-4,2,1],"to":[20,6,15],"faces":{"north":{"uv":[3.5,8.125,6.5,8.625],"texture":"#0"},"east":{"uv":[4.5,9.125,6.25,9.625],"texture":"#0"},"south":{"uv":[6.5,8.125,9.5,8.625],"texture":"#0"},"west":{"uv":[6.25,9.125,8,9.625],"texture":"#0"},"up":{"uv":[9,7.625,6,5.875],"texture":"#0"},"down":{"uv":[9.25,4,6.25,5.75],"texture":"#0"}}},{"from":[-4,10,1],"to":[20,14,15],"faces":{"north":{"uv":[3.5,7.625,6.5,8.125],"texture":"#0"},"east":{"uv":[9,7.125,10.75,7.625],"texture":"#0"},"south":{"uv":[6.5,7.625,9.5,8.125],"texture":"#0"},"west":{"uv":[2.75,9.125,4.5,9.625],"texture":"#0"},"up":{"uv":[3,7.625,0,5.875],"texture":"#0"},"down":{"uv":[6,5.875,3,7.625],"texture":"#0"}}},{"from":[-3,10,1],"to":[19,14,8.5],"rotation":{"angle":-22.5,"axis":"x","origin":[8,14,1]},"faces":{"north":{"uv":[3.5,8.625,6.25,9.125],"texture":"#0"},"east":{"uv":[7.5,9.75,8.4375,10.25],"texture":"#0"},"south":{"uv":[6.25,8.625,9,9.125],"texture":"#0"},"west":{"uv":[5.5,9.875,6.4375,10.375],"texture":"#0"},"up":{"uv":[9.25,0.9375,6.5,0],"texture":"#0"},"down":{"uv":[9.25,1,6.5,1.9375],"texture":"#0"}}},{"from":[-3,10,7.5],"to":[19,14,15],"rotation":{"angle":22.5,"axis":"x","origin":[8,14,15]},"faces":{"north":{"uv":[0,8.75,2.75,9.25],"texture":"#0"},"east":{"uv":[6.5,9.875,7.4375,10.375],"texture":"#0"},"south":{"uv":[9,5.75,11.75,6.25],"texture":"#0"},"west":{"uv":[10,2.875,10.9375,3.375],"texture":"#0"},"up":{"uv":[9.25,2.9375,6.5,2],"texture":"#0"},"down":{"uv":[9.25,3,6.5,3.9375],"texture":"#0"}}},{"from":[1,11,8.5],"to":[15,14,17],"rotation":{"angle":45,"axis":"x","origin":[8,14,15]},"faces":{"north":{"uv":[0,9.25,1.75,9.625],"texture":"#0"},"east":{"uv":[10.125,8.25,11.1875,8.625],"texture":"#0"},"south":{"uv":[9.25,1.5,11,1.875],"texture":"#0"},"west":{"uv":[7.5,10.25,8.5625,10.625],"texture":"#0"},"up":{"uv":[1.75,8.6875,0,7.625],"texture":"#0"},"down":{"uv":[3.5,7.625,1.75,8.6875],"texture":"#0"}}},{"from":[3,14,9.5],"to":[13,17,16],"rotation":{"angle":45,"axis":"x","origin":[8,14,15]},"faces":{"north":{"uv":[10,3.375,11.25,3.75],"texture":"#0"},"east":{"uv":[3.5,10.5,4.3125,10.875],"texture":"#0"},"south":{"uv":[10,3.75,11.25,4.125],"texture":"#0"},"west":{"uv":[4.375,10.5,5.1875,10.875],"texture":"#0"},"up":{"uv":[10.25,7.0625,9,6.25],"texture":"#0"},"down":{"uv":[10.25,8.625,9,9.4375],"texture":"#0"}}},{"from":[5,13.5,16],"to":[11,19.5,20],"rotation":{"angle":-22.5,"axis":"x","origin":[8,14,15]},"faces":{"north":{"uv":[9.25,2.875,10,3.625],"texture":"#0"},"east":{"uv":[0,10.5,0.5,11.25],"texture":"#0"},"south":{"uv":[9.25,3.625,10,4.375],"texture":"#0"},"west":{"uv":[0.5,10.5,1,11.25],"texture":"#0"},"up":{"uv":[2.75,11,2,10.5],"texture":"#0"},"down":{"uv":[3.5,10.5,2.75,11],"texture":"#0"}}},{"from":[6,16,16],"to":[10,20,25],"rotation":{"angle":0,"axis":"y","origin":[8,14,15]},"faces":{"north":{"uv":[1.25,9.625,1.75,10.125],"texture":"#0"},"east":{"uv":[9.25,4.375,10.375,4.875],"texture":"#0"},"south":{"uv":[8.5,9.75,9,10.25],"texture":"#0"},"west":{"uv":[9.25,4.875,10.375,5.375],"texture":"#0"},"up":{"uv":[9.5,10.625,9,9.5],"texture":"#0"},"down":{"uv":[10,9.5,9.5,10.625],"texture":"#0"}}},{"from":[5,13,22],"to":[11,18,27],"rotation":{"angle":0,"axis":"y","origin":[8,14,15]},"faces":{"north":{"uv":[10,9.5,10.75,10.125],"texture":"#0"},"east":{"uv":[10.25,8.625,10.875,9.25],"texture":"#0"},"south":{"uv":[10.125,7.625,10.875,8.25],"texture":"#0"},"west":{"uv":[10.375,4.125,11,4.75],"texture":"#0"},"up":{"uv":[10.75,10.75,10,10.125],"texture":"#0"},"down":{"uv":[2,10.25,1.25,10.875],"texture":"#0"}}},{"from":[3,20,4],"to":[8,21,9],"rotation":{"angle":22.5,"axis":"z","origin":[5.5,17.75,6.5]},"faces":{"north":{"uv":[9.5,7.625,10.125,7.75],"texture":"#0"},"east":{"uv":[0,9.625,0.625,9.75],"texture":"#0"},"south":{"uv":[10.125,7.625,9.5,7.75],"texture":"#0"},"west":{"uv":[2.375,9.625,3,9.75],"texture":"#0"},"up":{"uv":[11,5.375,10.375,4.75],"texture":"#0"},"down":{"uv":[6.125,10.375,5.5,11],"texture":"#0"}}},{"from":[3,14,4],"to":[4,20,9],"rotation":{"angle":22.5,"axis":"z","origin":[5.5,17.75,6.5]},"faces":{"north":{"uv":[10,7.75,10.125,8.5],"texture":"#0"},"east":{"uv":[2.375,9.75,3,10.5],"texture":"#0"},"south":{"uv":[10.125,7.75,10,8.5],"texture":"#0"},"west":{"uv":[2.375,9.75,3,10.5],"texture":"#0"},"up":{"uv":[11,5.375,10.875,4.75],"texture":"#0"},"down":{"uv":[6.125,10.375,6,11],"texture":"#0"}}},{"from":[7,14,4],"to":[8,20,9],"rotation":{"angle":22.5,"axis":"z","origin":[5.5,17.75,6.5]},"faces":{"north":{"uv":[9.5,7.75,9.625,8.5],"texture":"#0"},"east":{"uv":[2.375,9.75,3,10.5],"texture":"#0"},"south":{"uv":[9.625,7.75,9.5,8.5],"texture":"#0"},"west":{"uv":[2.375,9.75,3,10.5],"texture":"#0"},"up":{"uv":[10.5,5.375,10.375,4.75],"texture":"#0"},"down":{"uv":[5.625,10.5,5.5,11.125],"texture":"#0"}}},{"from":[12,14.25,4.75],"to":[13,20.25,9.75],"rotation":{"angle":-22.5,"axis":"z","origin":[10.5,17.75,6.5]},"faces":{"north":{"uv":[3,9.75,3.125,10.5],"texture":"#0"},"east":{"uv":[3.625,9.75,4.25,10.5],"texture":"#0"},"south":{"uv":[3.125,9.75,3,10.5],"texture":"#0"},"west":{"uv":[3.625,9.75,4.25,10.5],"texture":"#0"},"up":{"uv":[6.25,11,6.125,10.375],"texture":"#0"},"down":{"uv":[6.875,10.375,6.75,11],"texture":"#0"}}},{"from":[9,20.25,4.75],"to":[13,21.25,9.75],"rotation":{"angle":-22.5,"axis":"z","origin":[10.5,17.75,6.5]},"faces":{"north":{"uv":[3.0625,9.625,3.5625,9.75],"texture":"#0"},"east":{"uv":[3.6875,9.625,4.3125,9.75],"texture":"#0"},"south":{"uv":[3.5625,9.625,3.0625,9.75],"texture":"#0"},"west":{"uv":[4.875,9.625,5.5,9.75],"texture":"#0"},"up":{"uv":[6.6875,11,6.1875,10.375],"texture":"#0"},"down":{"uv":[7.3125,10.375,6.8125,11],"texture":"#0"}}},{"from":[9,14.25,4.75],"to":[10,20.25,9.75],"rotation":{"angle":-22.5,"axis":"z","origin":[10.5,17.75,6.5]},"faces":{"north":{"uv":[3.5,9.75,3.625,10.5],"texture":"#0"},"east":{"uv":[3.625,9.75,4.25,10.5],"texture":"#0"},"south":{"uv":[3.625,9.75,3.5,10.5],"texture":"#0"},"west":{"uv":[3.625,9.75,4.25,10.5],"texture":"#0"},"up":{"uv":[6.25,11,6.125,10.375],"texture":"#0"},"down":{"uv":[6.875,10.375,6.75,11],"texture":"#0"}}},{"from":[-10.00685,6.59315,4],"to":[-10.00685,14.59315,9],"rotation":{"angle":22.5,"axis":"z","origin":[-4.35,20.25,6.5]},"faces":{"north":{"uv":[0,0,0,1],"texture":"#0"},"east":{"uv":[9.875,1.875,9.25,2.875],"texture":"#0"},"south":{"uv":[0,0,0,1],"texture":"#0"},"west":{"uv":[9.25,1.875,9.875,2.875],"texture":"#0"},"up":{"uv":[0,0.625,0,0],"texture":"#0"},"down":{"uv":[0,0,0,0.625],"texture":"#0"}}},{"from":[1.30685,0.59315,4],"to":[1.30685,6.59315,9],"rotation":{"angle":-22.5,"axis":"z","origin":[-4.35,20.25,6.5]},"faces":{"north":{"uv":[0,0,0,0.75],"texture":"#0"},"east":{"uv":[10.875,6.25,10.25,7],"texture":"#0"},"south":{"uv":[0,0,0,0.75],"texture":"#0"},"west":{"uv":[10.25,6.25,10.875,7],"texture":"#0"},"up":{"uv":[0,0.625,0,0],"texture":"#0"},"down":{"uv":[0,0,0,0.625],"texture":"#0"}}},{"from":[-4.35,12.25,4],"to":[-4.35,20.25,9],"rotation":{"angle":-22.5,"axis":"z","origin":[-4.35,20.25,6.5]},"faces":{"north":{"uv":[0,0,0,1],"texture":"#0"},"east":{"uv":[2.375,9.25,1.75,10.25],"texture":"#0"},"south":{"uv":[0,0,0,1],"texture":"#0"},"west":{"uv":[1.75,9.25,2.375,10.25],"texture":"#0"},"up":{"uv":[0,0.625,0,0],"texture":"#0"},"down":{"uv":[0,0,0,0.625],"texture":"#0"}}},{"from":[-4.35,20.25,4],"to":[3.65,20.25,9],"rotation":{"angle":-22.5,"axis":"z","origin":[-4.35,20.25,6.5]},"faces":{"north":{"uv":[0,0,1,0],"texture":"#0"},"east":{"uv":[0,0,0.625,0],"texture":"#0"},"south":{"uv":[0,0,1,0],"texture":"#0"},"west":{"uv":[0,0,0.625,0],"texture":"#0"},"up":{"uv":[9,9.75,8,9.125],"texture":"#0"},"down":{"uv":[9,9.125,8,9.75],"texture":"#0"}}},{"from":[26.00685,6.59315,4.75],"to":[26.00685,14.59315,9.75],"rotation":{"angle":-22.5,"axis":"z","origin":[20.35,20.25,7.25]},"faces":{"north":{"uv":[0,0,0,1],"texture":"#0"},"east":{"uv":[9.875,1.875,9.25,2.875],"texture":"#0"},"south":{"uv":[0,0,0,1],"texture":"#0"},"west":{"uv":[9.25,1.875,9.875,2.875],"texture":"#0"},"up":{"uv":[0,0.625,0,0],"texture":"#0"},"down":{"uv":[0,0,0,0.625],"texture":"#0"}}},{"from":[14.69315,0.59315,4.75],"to":[14.69315,6.59315,9.75],"rotation":{"angle":22.5,"axis":"z","origin":[20.35,20.25,7.25]},"faces":{"north":{"uv":[0,0,0,0.75],"texture":"#0"},"east":{"uv":[10.875,6.25,10.25,7],"texture":"#0"},"south":{"uv":[0,0,0,0.75],"texture":"#0"},"west":{"uv":[10.25,6.25,10.875,7],"texture":"#0"},"up":{"uv":[0,0.625,0,0],"texture":"#0"},"down":{"uv":[0,0,0,0.625],"texture":"#0"}}},{"from":[20.35,12.25,4.75],"to":[20.35,20.25,9.75],"rotation":{"angle":22.5,"axis":"z","origin":[20.35,20.25,7.25]},"faces":{"north":{"uv":[0,0,0,1],"texture":"#0"},"east":{"uv":[2.375,9.25,1.75,10.25],"texture":"#0"},"south":{"uv":[0,0,0,1],"texture":"#0"},"west":{"uv":[1.75,9.25,2.375,10.25],"texture":"#0"},"up":{"uv":[0,0.625,0,0],"texture":"#0"},"down":{"uv":[0,0,0,0.625],"texture":"#0"}}},{"from":[12.35,20.25,4.75],"to":[20.35,20.25,9.75],"rotation":{"angle":22.5,"axis":"z","origin":[20.35,20.25,7.25]},"faces":{"north":{"uv":[1,0,0,0],"texture":"#0"},"east":{"uv":[0.625,0,0,0],"texture":"#0"},"south":{"uv":[1,0,0,0],"texture":"#0"},"west":{"uv":[0.625,0,0,0],"texture":"#0"},"up":{"uv":[8,9.75,9,9.125],"texture":"#0"},"down":{"uv":[8,9.125,9,9.75],"texture":"#0"}}}],"display":{"thirdperson_righthand":{"translation":[0,2.5,0],"scale":[0.3,0.3,0.3]},"thirdperson_lefthand":{"translation":[0,2.5,0],"scale":[0.3,0.3,0.3]},"firstperson_righthand":{"translation":[0,2.5,0],"scale":[0.3,0.3,0.3]},"firstperson_lefthand":{"translation":[0,2.5,0],"scale":[0.3,0.3,0.3]},"ground":{"translation":[0,1,0],"scale":[0.5,0.5,0.5]},"gui":{"rotation":[45,135,0],"translation":[0,0.5,-3],"scale":[0.6,0.6,0.6]},"head":{"translation":[0,1.25,0]}},"groups":[0,1,2,3,4,5,6,7,8,9,10,11,12,13,14,15,16,17,18,19,20,21,22,23,24,{"name":"group","origin":[0,0,0],"color":0,"children":[25,26,27,28,29,30,{"name":"group","origin":[-3,17,6.5],"color":0,"children":[31,32,33,34]},{"name":"group","origin":[-3,17,6.5],"color":0,"children":[35,36,37,38]}]}]}