{"credit":"Made with Blockbench","texture_size":[128,128],"textures":{"0":"item/christmas/christmas_texture_3","particle":"item/christmas/christmas_texture_3"},"elements":[{"from":[6,-15,6],"to":[10,-11,10],"rotation":{"angle":0,"axis":"y","origin":[8,-7,15.5]},"faces":{"north":{"uv":[7.375,4.5,7.875,5],"texture":"#0"},"east":{"uv":[2.5,7.5,3,8],"texture":"#0"},"south":{"uv":[3.75,7.5,4.25,8],"texture":"#0"},"west":{"uv":[4.25,7.5,4.75,8],"texture":"#0"},"up":{"uv":[5.25,8,4.75,7.5],"texture":"#0"},"down":{"uv":[8,5,7.5,5.5],"texture":"#0"}}},{"from":[4,-14.5,7.25],"to":[8,-10.5,8.25],"rotation":{"angle":-22.5,"axis":"y","origin":[6,-12.5,7.25]},"faces":{"north":{"uv":[6.625,7.5,7.125,8],"texture":"#0"},"east":{"uv":[5.5,7,5.625,7.5],"texture":"#0"},"south":{"uv":[7.625,0,8.125,0.5],"texture":"#0"},"west":{"uv":[2.875,8,3,8.5],"texture":"#0"},"up":{"uv":[7.375,5.75,6.875,5.625],"texture":"#0"},"down":{"uv":[7.625,1.875,7.125,2],"texture":"#0"}}},{"from":[2,-14,7.25],"to":[4,-11,8.25],"rotation":{"angle":-22.5,"axis":"y","origin":[6,-12.5,7.25]},"faces":{"north":{"uv":[2.375,7.125,2.625,7.5],"texture":"#0"},"east":{"uv":[6.875,1.125,7,1.5],"texture":"#0"},"south":{"uv":[4.875,8.25,5.125,8.625],"texture":"#0"},"west":{"uv":[6.5,7.625,6.625,8],"texture":"#0"},"up":{"uv":[2.875,6.75,2.625,6.625],"texture":"#0"},"down":{"uv":[4,7.375,3.75,7.5],"texture":"#0"}}},{"from":[1,-13.5,7.25],"to":[2,-11.5,8.25],"rotation":{"angle":-22.5,"axis":"y","origin":[6,-12.5,7.25]},"faces":{"north":{"uv":[7.5,5.5,7.625,5.75],"texture":"#0"},"east":{"uv":[5.125,8,5.25,8.25],"texture":"#0"},"south":{"uv":[5.125,8.25,5.25,8.5],"texture":"#0"},"west":{"uv":[7,8.25,7.125,8.5],"texture":"#0"},"up":{"uv":[3,6.75,2.875,6.625],"texture":"#0"},"down":{"uv":[7.125,1.375,7,1.5],"texture":"#0"}}},{"from":[8,-14.5,7.25],"to":[12,-10.5,8.25],"rotation":{"angle":22.5,"axis":"y","origin":[10,-12.5,7.25]},"faces":{"north":{"uv":[7.125,7.5,6.625,8],"texture":"#0"},"east":{"uv":[3,8,2.875,8.5],"texture":"#0"},"south":{"uv":[8.125,0,7.625,0.5],"texture":"#0"},"west":{"uv":[5.625,7,5.5,7.5],"texture":"#0"},"up":{"uv":[6.875,5.75,7.375,5.625],"texture":"#0"},"down":{"uv":[7.125,1.875,7.625,2],"texture":"#0"}}},{"from":[12,-14,7.25],"to":[14,-11,8.25],"rotation":{"angle":22.5,"axis":"y","origin":[10,-12.5,7.25]},"faces":{"north":{"uv":[2.625,7.125,2.375,7.5],"texture":"#0"},"east":{"uv":[6.625,7.625,6.5,8],"texture":"#0"},"south":{"uv":[5.125,8.25,4.875,8.625],"texture":"#0"},"west":{"uv":[7,1.125,6.875,1.5],"texture":"#0"},"up":{"uv":[2.625,6.75,2.875,6.625],"texture":"#0"},"down":{"uv":[3.75,7.375,4,7.5],"texture":"#0"}}},{"from":[14,-13.5,7.25],"to":[15,-11.5,8.25],"rotation":{"angle":22.5,"axis":"y","origin":[10,-12.5,7.25]},"faces":{"north":{"uv":[7.625,5.5,7.5,5.75],"texture":"#0"},"east":{"uv":[7.125,8.25,7,8.5],"texture":"#0"},"south":{"uv":[5.25,8.25,5.125,8.5],"texture":"#0"},"west":{"uv":[5.25,8,5.125,8.25],"texture":"#0"},"up":{"uv":[2.875,6.75,3,6.625],"texture":"#0"},"down":{"uv":[7,1.375,7.125,1.5],"texture":"#0"}}},{"from":[4,27,5],"to":[12,29,11],"rotation":{"angle":0,"axis":"y","origin":[8,-6,8]},"faces":{"north":{"uv":[7.625,6,8.625,6.25],"texture":"#0"},"east":{"uv":[8.125,2.875,8.875,3.125],"texture":"#0"},"south":{"uv":[7.375,7.625,8.375,7.875],"texture":"#0"},"west":{"uv":[8.125,3.125,8.875,3.375],"texture":"#0"},"up":{"uv":[6.625,2.75,5.625,2],"texture":"#0"},"down":{"uv":[6.625,2.75,5.625,3.5],"texture":"#0"}}},{"from":[-3,20.5,5.75],"to":[19,26.5,5.75],"rotation":{"angle":0,"axis":"y","origin":[8,-6,8]},"faces":{"north":{"uv":[1.25,13.0625,4,13.8125],"texture":"#0"},"east":{"uv":[8.125,2.875,8.125,3.625],"texture":"#0"},"south":{"uv":[1.25,13.0625,4,13.8125],"texture":"#0"},"west":{"uv":[8.125,3.125,8.125,3.875],"texture":"#0"},"up":{"uv":[8.375,2,5.625,2],"texture":"#0"},"down":{"uv":[8.375,2.75,5.625,2.75],"texture":"#0"}}},{"from":[-3,20.5,10.25],"to":[19,26.5,10.25],"rotation":{"angle":0,"axis":"y","origin":[8,-6,8]},"faces":{"north":{"uv":[4,13.0625,1.25,13.8125],"texture":"#0"},"east":{"uv":[8.125,2.875,8.125,3.625],"texture":"#0"},"south":{"uv":[4,13.0625,1.25,13.8125],"texture":"#0"},"west":{"uv":[8.125,3.125,8.125,3.875],"texture":"#0"},"up":{"uv":[8.375,2,5.625,2],"texture":"#0"},"down":{"uv":[8.375,2.75,5.625,2.75],"texture":"#0"}}},{"from":[6,16,6],"to":[10,23,10],"rotation":{"angle":0,"axis":"y","origin":[8,-6,8]},"faces":{"north":{"uv":[0,6,0.5,6.875],"texture":"#0"},"east":{"uv":[5.625,5,6.125,5.875],"texture":"#0"},"south":{"uv":[0,6,0.5,6.875],"texture":"#0"},"west":{"uv":[6,0,6.5,0.875],"texture":"#0"},"up":{"uv":[8.375,5,7.875,4.5],"texture":"#0"},"down":{"uv":[8.375,7,7.875,7.5],"texture":"#0"}}},{"from":[5,16,11],"to":[11,20,11],"rotation":{"angle":0,"axis":"y","origin":[8,-6,8]},"faces":{"north":{"uv":[1.5,10.125,0.75,10.625],"texture":"#0"},"east":{"uv":[0,10.125,0.75,10.625],"texture":"#0"},"south":{"uv":[0.75,10.125,1.5,10.625],"texture":"#0"},"west":{"uv":[0,10.125,0.75,10.625],"texture":"#0"}}},{"from":[5,16,5],"to":[5,20,11],"rotation":{"angle":0,"axis":"y","origin":[8,-6,8]},"faces":{"north":{"uv":[0.75,10.125,1.5,10.625],"texture":"#0"},"east":{"uv":[0.75,10.125,0,10.625],"texture":"#0"},"south":{"uv":[1.5,10.125,0.75,10.625],"texture":"#0"},"west":{"uv":[0,10.125,0.75,10.625],"texture":"#0"}}},{"from":[11,16,5],"to":[11,20,11],"rotation":{"angle":0,"axis":"y","origin":[8,-6,8]},"faces":{"north":{"uv":[1.5,10.125,0.75,10.625],"texture":"#0"},"east":{"uv":[0,10.125,0.75,10.625],"texture":"#0"},"south":{"uv":[0.75,10.125,1.5,10.625],"texture":"#0"},"west":{"uv":[0.75,10.125,0,10.625],"texture":"#0"}}},{"from":[5,16,5],"to":[11,20,5],"rotation":{"angle":0,"axis":"y","origin":[8,-6,8]},"faces":{"north":{"uv":[0.75,10.125,1.5,10.625],"texture":"#0"},"east":{"uv":[0,10.125,0.75,10.625],"texture":"#0"},"south":{"uv":[0.75,10.125,1.5,10.625],"texture":"#0"},"west":{"uv":[0,10.125,0.75,10.625],"texture":"#0"}}},{"from":[5,-10,11],"to":[11,-6,11],"rotation":{"angle":0,"axis":"y","origin":[8,-6,8]},"faces":{"north":{"uv":[1.5,10.125,0.75,10.625],"texture":"#0"},"east":{"uv":[0,10.125,0.75,10.625],"texture":"#0"},"south":{"uv":[0.75,10.125,1.5,10.625],"texture":"#0"},"west":{"uv":[0,10.125,0.75,10.625],"texture":"#0"}}},{"from":[5,-10,5],"to":[5,-6,11],"rotation":{"angle":0,"axis":"y","origin":[8,-6,8]},"faces":{"north":{"uv":[0.75,10.125,1.5,10.625],"texture":"#0"},"east":{"uv":[0.75,10.125,0,10.625],"texture":"#0"},"south":{"uv":[1.5,10.125,0.75,10.625],"texture":"#0"},"west":{"uv":[0,10.125,0.75,10.625],"texture":"#0"}}},{"from":[11,-10,5],"to":[11,-6,11],"rotation":{"angle":0,"axis":"y","origin":[8,-6,8]},"faces":{"north":{"uv":[1.5,10.125,0.75,10.625],"texture":"#0"},"east":{"uv":[0,10.125,0.75,10.625],"texture":"#0"},"south":{"uv":[0.75,10.125,1.5,10.625],"texture":"#0"},"west":{"uv":[0.75,10.125,0,10.625],"texture":"#0"}}},{"from":[5,-10,5],"to":[11,-6,5],"rotation":{"angle":0,"axis":"y","origin":[8,-6,8]},"faces":{"north":{"uv":[0.75,10.125,1.5,10.625],"texture":"#0"},"east":{"uv":[0,10.125,0.75,10.625],"texture":"#0"},"south":{"uv":[0.75,10.125,1.5,10.625],"texture":"#0"},"west":{"uv":[0,10.125,0.75,10.625],"texture":"#0"}}},{"from":[7,28,7],"to":[9,31,9],"rotation":{"angle":0,"axis":"y","origin":[8,-6,8]},"faces":{"north":{"uv":[1.875,8.375,2.125,8.75],"texture":"#0"},"east":{"uv":[8.375,4.375,8.625,4.75],"texture":"#0"},"south":{"uv":[6.25,8.375,6.5,8.75],"texture":"#0"},"west":{"uv":[8.375,7,8.625,7.375],"texture":"#0"},"up":{"uv":[8.375,8.625,8.125,8.375],"texture":"#0"},"down":{"uv":[8.625,8.125,8.375,8.375],"texture":"#0"}}},{"from":[7,13,7],"to":[9,16,9],"rotation":{"angle":0,"axis":"y","origin":[8,22,8]},"faces":{"north":{"uv":[1.875,8.75,2.125,8.375],"texture":"#0"},"east":{"uv":[8.375,4.75,8.625,4.375],"texture":"#0"},"south":{"uv":[6.25,8.75,6.5,8.375],"texture":"#0"},"west":{"uv":[8.375,7.375,8.625,7],"texture":"#0"},"up":{"uv":[8.625,8.375,8.375,8.125],"texture":"#0"},"down":{"uv":[8.375,8.375,8.125,8.625],"texture":"#0"}}},{"from":[7,-6,7],"to":[9,12,9],"rotation":{"angle":0,"axis":"y","origin":[8,22,8]},"faces":{"north":{"uv":[1.5,11,1.75,8.75],"texture":"#0"},"east":{"uv":[2.25,11,2.5,8.75],"texture":"#0"},"south":{"uv":[1.75,11,2,8.75],"texture":"#0"},"west":{"uv":[2,11,2.25,8.75],"texture":"#0"},"up":{"uv":[1.25,9.625,1.5,9.375],"texture":"#0"},"down":{"uv":[1,9.625,1.25,9.375],"texture":"#0"}}},{"from":[6.5,-11,6.5],"to":[9.5,-6,9.5],"rotation":{"angle":0,"axis":"y","origin":[8,22,8]},"faces":{"north":{"uv":[0,9.375,0.375,8.75],"texture":"#0"},"east":{"uv":[1.125,9.375,1.5,8.75],"texture":"#0"},"south":{"uv":[0.75,9.375,1.125,8.75],"texture":"#0"},"west":{"uv":[0.375,9.375,0.75,8.75],"texture":"#0"},"up":{"uv":[0,10.125,0.375,9.75],"texture":"#0"},"down":{"uv":[0,9.75,0.375,9.375],"texture":"#0"}}},{"from":[6,12,6],"to":[10,13,10],"rotation":{"angle":0,"axis":"y","origin":[8,22,8]},"faces":{"north":{"uv":[7.625,4.125,8.125,4],"texture":"#0"},"east":{"uv":[7.875,7.625,8.375,7.5],"texture":"#0"},"south":{"uv":[8.25,2.875,8.75,2.75],"texture":"#0"},"west":{"uv":[8.375,8.5,8.875,8.375],"texture":"#0"},"up":{"uv":[8.375,8.375,7.875,7.875],"texture":"#0"},"down":{"uv":[7.875,7.875,7.375,8.375],"texture":"#0"}}},{"from":[6,31,6],"to":[10,32,10],"rotation":{"angle":0,"axis":"y","origin":[8,22,8]},"faces":{"north":{"uv":[7.625,4.125,8.125,4],"texture":"#0"},"east":{"uv":[7.875,7.625,8.375,7.5],"texture":"#0"},"south":{"uv":[8.25,2.875,8.75,2.75],"texture":"#0"},"west":{"uv":[8.375,8.5,8.875,8.375],"texture":"#0"},"up":{"uv":[8.375,8.375,7.875,7.875],"texture":"#0"},"down":{"uv":[7.875,7.875,7.375,8.375],"texture":"#0"}}},{"from":[7,15.5,9],"to":[9,19.5,12],"rotation":{"angle":0,"axis":"y","origin":[8,-6,8]},"faces":{"north":{"uv":[8.5,1.75,8.25,2.25],"texture":"#0"},"east":{"uv":[8,3,7.625,3.5],"texture":"#0"},"south":{"uv":[6.25,8.125,6,8.625],"texture":"#0"},"west":{"uv":[8,3.5,7.625,4],"texture":"#0"},"up":{"uv":[8.5,2.25,8.25,2.625],"texture":"#0"},"down":{"uv":[3.875,8.625,3.625,8.25],"texture":"#0"}}},{"from":[4,8.5,10],"to":[8,15.5,10],"rotation":{"angle":0,"axis":"y","origin":[8,-6,8]},"faces":{"north":{"uv":[6.875,4.125,7.375,5],"texture":"#0"},"east":{"uv":[0,0,0,0.875],"texture":"#0"},"south":{"uv":[7.375,4.125,6.875,5],"texture":"#0"},"west":{"uv":[0,0,0,0.875],"texture":"#0"},"up":{"uv":[0.5,0,0,0],"texture":"#0"},"down":{"uv":[0.5,0,0,0],"texture":"#0"}}},{"from":[9,14.5,9],"to":[14,20.5,11],"rotation":{"angle":-22.5,"axis":"y","origin":[9,17.5,9]},"faces":{"north":{"uv":[2.625,6.75,3.25,7.5],"texture":"#0"},"east":{"uv":[6.25,7.625,6.5,8.375],"texture":"#0"},"south":{"uv":[6.625,6.25,7.25,7],"texture":"#0"},"west":{"uv":[3.75,6,4,6.75],"texture":"#0"},"up":{"uv":[6.5,8,7.125,8.25],"texture":"#0"},"down":{"uv":[8.125,3.625,8.75,3.375],"texture":"#0"}}},{"from":[2,14.5,9],"to":[7,20.5,11],"rotation":{"angle":22.5,"axis":"y","origin":[7,17.5,9]},"faces":{"north":{"uv":[3.25,6.75,2.625,7.5],"texture":"#0"},"east":{"uv":[4,6,3.75,6.75],"texture":"#0"},"south":{"uv":[7.25,6.25,6.625,7],"texture":"#0"},"west":{"uv":[6.5,7.625,6.25,8.375],"texture":"#0"},"up":{"uv":[7.125,8,6.5,8.25],"texture":"#0"},"down":{"uv":[8.75,3.625,8.125,3.375],"texture":"#0"}}},{"from":[8,8.5,10],"to":[12,15.5,10],"rotation":{"angle":0,"axis":"y","origin":[8,-6,8]},"faces":{"north":{"uv":[7.375,4.125,6.875,5],"texture":"#0"},"east":{"uv":[0,0,0,0.875],"texture":"#0"},"south":{"uv":[6.875,4.125,7.375,5],"texture":"#0"},"west":{"uv":[0,0,0,0.875],"texture":"#0"},"up":{"uv":[0,0,0.5,0],"texture":"#0"},"down":{"uv":[0,0,0.5,0],"texture":"#0"}}},{"from":[5,23,6],"to":[11,28,10],"rotation":{"angle":0,"axis":"y","origin":[8,-6,8]},"faces":{"north":{"uv":[3.25,6.75,4,7.375],"texture":"#0"},"east":{"uv":[1.5,7.5,2,8.125],"texture":"#0"},"south":{"uv":[6.875,3.5,7.625,4.125],"texture":"#0"},"west":{"uv":[2,7.5,2.5,8.125],"texture":"#0"},"up":{"uv":[7.375,7.5,6.625,7],"texture":"#0"},"down":{"uv":[7.875,1.375,7.125,1.875],"texture":"#0"}}},{"from":[-3,20.025,6.025],"to":[6,23.975,9.975],"rotation":{"angle":22.5,"axis":"z","origin":[-3,24,8]},"faces":{"north":{"uv":[6,1.5,7.125,2],"texture":"#0"},"east":{"uv":[7.75,2.375,8.25,2.875],"texture":"#0"},"south":{"uv":[1.5,6.625,2.625,7.125],"texture":"#0"},"west":{"uv":[7.875,1.25,8.375,1.75],"texture":"#0"},"up":{"uv":[7.75,2.5,6.625,2],"texture":"#0"},"down":{"uv":[7.75,2.5,6.625,3],"texture":"#0"}}},{"from":[-10.19134,20.53806,6.5],"to":[-3.19134,23.53806,9.5],"rotation":{"angle":45,"axis":"z","origin":[-3,24,8]},"faces":{"north":{"uv":[1.5,7.125,2.375,7.5],"texture":"#0"},"east":{"uv":[6.5,1.125,6.875,1.5],"texture":"#0"},"south":{"uv":[7.25,6.25,8.125,6.625],"texture":"#0"},"west":{"uv":[1,8.25,1.375,8.625],"texture":"#0"},"up":{"uv":[8.125,7,7.25,6.625],"texture":"#0"},"down":{"uv":[8.25,4.125,7.375,4.5],"texture":"#0"}}},{"from":[-4.86329,11.98795,7],"to":[-2.86329,16.98795,9],"rotation":{"angle":-22.5,"axis":"z","origin":[-3,24,8]},"faces":{"north":{"uv":[8.125,5.5,8.75,5.75],"rotation":90,"texture":"#0"},"east":{"uv":[8.75,6.5,8.125,6.75],"rotation":270,"texture":"#0"},"south":{"uv":[8.125,5.75,8.75,6],"rotation":270,"texture":"#0"},"west":{"uv":[8.75,6.5,8.125,6.25],"rotation":270,"texture":"#0"},"up":{"uv":[7.875,8.375,8.125,8.625],"rotation":270,"texture":"#0"},"down":{"uv":[8.375,7.875,8.625,8.125],"rotation":270,"texture":"#0"}}},{"from":[10,20.025,6.025],"to":[19,23.975,9.975],"rotation":{"angle":-22.5,"axis":"z","origin":[19,24,8]},"faces":{"north":{"uv":[7.125,1.5,6,2],"texture":"#0"},"east":{"uv":[8.375,1.25,7.875,1.75],"texture":"#0"},"south":{"uv":[2.625,6.625,1.5,7.125],"texture":"#0"},"west":{"uv":[8.25,2.375,7.75,2.875],"texture":"#0"},"up":{"uv":[6.625,2.5,7.75,2],"texture":"#0"},"down":{"uv":[6.625,2.5,7.75,3],"texture":"#0"}}},{"from":[19.19134,20.53806,6.5],"to":[26.19134,23.53806,9.5],"rotation":{"angle":-45,"axis":"z","origin":[19,24,8]},"faces":{"north":{"uv":[2.375,7.125,1.5,7.5],"texture":"#0"},"east":{"uv":[1.375,8.25,1,8.625],"texture":"#0"},"south":{"uv":[8.125,6.25,7.25,6.625],"texture":"#0"},"west":{"uv":[6.875,1.125,6.5,1.5],"texture":"#0"},"up":{"uv":[7.25,7,8.125,6.625],"texture":"#0"},"down":{"uv":[7.375,4.125,8.25,4.5],"texture":"#0"}}},{"from":[18.86329,11.98795,7],"to":[20.86329,16.98795,9],"rotation":{"angle":22.5,"axis":"z","origin":[19,24,8]},"faces":{"north":{"uv":[8.125,5.75,8.75,5.5],"rotation":90,"texture":"#0"},"east":{"uv":[8.75,6.25,8.125,6.5],"rotation":270,"texture":"#0"},"south":{"uv":[8.125,6,8.75,5.75],"rotation":270,"texture":"#0"},"west":{"uv":[8.75,6.75,8.125,6.5],"rotation":270,"texture":"#0"},"up":{"uv":[7.875,8.625,8.125,8.375],"rotation":270,"texture":"#0"},"down":{"uv":[8.375,8.125,8.625,7.875],"rotation":270,"texture":"#0"}}}],"display":{"thirdperson_righthand":{"rotation":[0,90,0],"translation":[0,4,1.5],"scale":[0.65,0.65,0.65]},"thirdperson_lefthand":{"rotation":[0,90,0],"translation":[0,4,1.5],"scale":[0.65,0.65,0.65]},"firstperson_righthand":{"rotation":[-10,100,0],"translation":[0.75,4,1.5],"scale":[0.38,0.38,0.38]},"firstperson_lefthand":{"rotation":[-10,100,0],"translation":[0.75,4,1.5],"scale":[0.38,0.38,0.38]},"ground":{"translation":[0,8.25,0],"scale":[0.5,0.5,0.5]},"gui":{"rotation":[0,-180,45],"translation":[0,0,-0.5],"scale":[0.58,0.58,0.58]},"head":{"translation":[0,12.5,0]},"fixed":{"rotation":[0,0,45],"translation":[0,0,-0.5],"scale":[0.58,0.58,0.58]}},"groups":[{"name":"group","origin":[8,-6,8],"color":0,"children":[0,{"name":"group","origin":[8,-6,8],"color":0,"children":[1,2,3]},{"name":"group","origin":[8,-6,8],"color":0,"children":[4,5,6]}]},{"name":"group","origin":[8,-6,8],"color":0,"children":[7,8,9,10,{"name":"group","origin":[8,-6,8],"color":0,"children":[11,12,13,14]},{"name":"group","origin":[8,-6,8],"color":0,"children":[15,16,17,18]},19,20,21,22,23,24]},{"name":"group","origin":[8,-6,8],"color":0,"children":[25,26,27,28,29]},{"name":"group","origin":[8,-6,8],"color":0,"children":[30]},{"name":"group","origin":[8,-6,8],"color":0,"children":[31,32,33]},{"name":"group","origin":[8,-6,8],"color":0,"children":[34,35,36]}]}