{"credit":"Made with Blockbench","texture_size":[128,128],"textures":{"0":"item/christmas/christmas_texture_3","particle":"item/christmas/christmas_texture_3"},"elements":[{"from":[6,0.5,5],"to":[10,4.5,6],"rotation":{"angle":0,"axis":"y","origin":[8,8.5,11.5]},"faces":{"north":{"uv":[7.375,4.5,7.875,5],"texture":"#0"},"east":{"uv":[4.25,7.5,4.375,8],"texture":"#0"},"south":{"uv":[3.75,7.5,4.25,8],"texture":"#0"},"west":{"uv":[4.375,7.5,4.25,8],"texture":"#0"},"up":{"uv":[5.25,8,4.75,7.875],"texture":"#0"},"down":{"uv":[8,5.375,7.5,5.5],"texture":"#0"}}},{"from":[6,0.5,10],"to":[10,4.5,11],"rotation":{"angle":0,"axis":"y","origin":[8,8.5,4.5]},"faces":{"north":{"uv":[4.25,7.5,3.75,8],"texture":"#0"},"east":{"uv":[4.375,7.5,4.25,8],"texture":"#0"},"south":{"uv":[7.875,4.5,7.375,5],"texture":"#0"},"west":{"uv":[4.25,7.5,4.375,8],"texture":"#0"},"up":{"uv":[5.25,7.875,4.75,8],"texture":"#0"},"down":{"uv":[8,5.5,7.5,5.375],"texture":"#0"}}},{"from":[3,0.5,5.75],"to":[7,4.5,6.75],"rotation":{"angle":-22.5,"axis":"y","origin":[6,3,3.25]},"faces":{"north":{"uv":[6.625,7.5,7.125,8],"texture":"#0"},"east":{"uv":[5.5,7,5.625,7.5],"texture":"#0"},"south":{"uv":[7.625,0,8.125,0.5],"texture":"#0"},"west":{"uv":[2.875,8,3,8.5],"texture":"#0"},"up":{"uv":[7.375,5.75,6.875,5.625],"texture":"#0"},"down":{"uv":[7.625,1.875,7.125,2],"texture":"#0"}}},{"from":[1,1,5.75],"to":[3,4,6.75],"rotation":{"angle":-22.5,"axis":"y","origin":[6,3,3.25]},"faces":{"north":{"uv":[2.375,7.125,2.625,7.5],"texture":"#0"},"east":{"uv":[6.875,1.125,7,1.5],"texture":"#0"},"south":{"uv":[4.875,8.25,5.125,8.625],"texture":"#0"},"west":{"uv":[6.5,7.625,6.625,8],"texture":"#0"},"up":{"uv":[2.875,6.75,2.625,6.625],"texture":"#0"},"down":{"uv":[4,7.375,3.75,7.5],"texture":"#0"}}},{"from":[0,1.5,5.75],"to":[1,3.5,6.75],"rotation":{"angle":-22.5,"axis":"y","origin":[6,3,3.25]},"faces":{"north":{"uv":[7.5,5.5,7.625,5.75],"texture":"#0"},"east":{"uv":[5.125,8,5.25,8.25],"texture":"#0"},"south":{"uv":[5.125,8.25,5.25,8.5],"texture":"#0"},"west":{"uv":[7,8.25,7.125,8.5],"texture":"#0"},"up":{"uv":[3,6.75,2.875,6.625],"texture":"#0"},"down":{"uv":[7.125,1.375,7,1.5],"texture":"#0"}}},{"from":[3,0.5,9.25],"to":[7,4.5,10.25],"rotation":{"angle":22.5,"axis":"y","origin":[6,3,12.75]},"faces":{"north":{"uv":[8.125,0,7.625,0.5],"texture":"#0"},"east":{"uv":[5.625,7,5.5,7.5],"texture":"#0"},"south":{"uv":[7.125,7.5,6.625,8],"texture":"#0"},"west":{"uv":[3,8,2.875,8.5],"texture":"#0"},"up":{"uv":[7.375,5.625,6.875,5.75],"texture":"#0"},"down":{"uv":[7.625,2,7.125,1.875],"texture":"#0"}}},{"from":[1,1,9.25],"to":[3,4,10.25],"rotation":{"angle":22.5,"axis":"y","origin":[6,3,12.75]},"faces":{"north":{"uv":[5.125,8.25,4.875,8.625],"texture":"#0"},"east":{"uv":[7,1.125,6.875,1.5],"texture":"#0"},"south":{"uv":[2.625,7.125,2.375,7.5],"texture":"#0"},"west":{"uv":[6.625,7.625,6.5,8],"texture":"#0"},"up":{"uv":[2.875,6.625,2.625,6.75],"texture":"#0"},"down":{"uv":[4,7.5,3.75,7.375],"texture":"#0"}}},{"from":[0,1.5,9.25],"to":[1,3.5,10.25],"rotation":{"angle":22.5,"axis":"y","origin":[6,3,12.75]},"faces":{"north":{"uv":[5.25,8.25,5.125,8.5],"texture":"#0"},"east":{"uv":[5.25,8,5.125,8.25],"texture":"#0"},"south":{"uv":[7.625,5.5,7.5,5.75],"texture":"#0"},"west":{"uv":[7.125,8.25,7,8.5],"texture":"#0"},"up":{"uv":[3,6.625,2.875,6.75],"texture":"#0"},"down":{"uv":[7.125,1.5,7,1.375],"texture":"#0"}}},{"from":[9,0.5,5.75],"to":[13,4.5,6.75],"rotation":{"angle":22.5,"axis":"y","origin":[10,3,3.25]},"faces":{"north":{"uv":[7.125,7.5,6.625,8],"texture":"#0"},"east":{"uv":[3,8,2.875,8.5],"texture":"#0"},"south":{"uv":[8.125,0,7.625,0.5],"texture":"#0"},"west":{"uv":[5.625,7,5.5,7.5],"texture":"#0"},"up":{"uv":[6.875,5.75,7.375,5.625],"texture":"#0"},"down":{"uv":[7.125,1.875,7.625,2],"texture":"#0"}}},{"from":[13,1,5.75],"to":[15,4,6.75],"rotation":{"angle":22.5,"axis":"y","origin":[10,3,3.25]},"faces":{"north":{"uv":[2.625,7.125,2.375,7.5],"texture":"#0"},"east":{"uv":[6.625,7.625,6.5,8],"texture":"#0"},"south":{"uv":[5.125,8.25,4.875,8.625],"texture":"#0"},"west":{"uv":[7,1.125,6.875,1.5],"texture":"#0"},"up":{"uv":[2.625,6.75,2.875,6.625],"texture":"#0"},"down":{"uv":[3.75,7.375,4,7.5],"texture":"#0"}}},{"from":[15,1.5,5.75],"to":[16,3.5,6.75],"rotation":{"angle":22.5,"axis":"y","origin":[10,3,3.25]},"faces":{"north":{"uv":[7.625,5.5,7.5,5.75],"texture":"#0"},"east":{"uv":[7.125,8.25,7,8.5],"texture":"#0"},"south":{"uv":[5.25,8.25,5.125,8.5],"texture":"#0"},"west":{"uv":[5.25,8,5.125,8.25],"texture":"#0"},"up":{"uv":[2.875,6.75,3,6.625],"texture":"#0"},"down":{"uv":[7,1.375,7.125,1.5],"texture":"#0"}}},{"from":[9,0.5,9.25],"to":[13,4.5,10.25],"rotation":{"angle":-22.5,"axis":"y","origin":[10,3,12.75]},"faces":{"north":{"uv":[7.625,0,8.125,0.5],"texture":"#0"},"east":{"uv":[2.875,8,3,8.5],"texture":"#0"},"south":{"uv":[6.625,7.5,7.125,8],"texture":"#0"},"west":{"uv":[5.5,7,5.625,7.5],"texture":"#0"},"up":{"uv":[6.875,5.625,7.375,5.75],"texture":"#0"},"down":{"uv":[7.125,2,7.625,1.875],"texture":"#0"}}},{"from":[13,1,9.25],"to":[15,4,10.25],"rotation":{"angle":-22.5,"axis":"y","origin":[10,3,12.75]},"faces":{"north":{"uv":[4.875,8.25,5.125,8.625],"texture":"#0"},"east":{"uv":[6.5,7.625,6.625,8],"texture":"#0"},"south":{"uv":[2.375,7.125,2.625,7.5],"texture":"#0"},"west":{"uv":[6.875,1.125,7,1.5],"texture":"#0"},"up":{"uv":[2.625,6.625,2.875,6.75],"texture":"#0"},"down":{"uv":[3.75,7.5,4,7.375],"texture":"#0"}}},{"from":[15,1.5,9.25],"to":[16,3.5,10.25],"rotation":{"angle":-22.5,"axis":"y","origin":[10,3,12.75]},"faces":{"north":{"uv":[5.125,8.25,5.25,8.5],"texture":"#0"},"east":{"uv":[7,8.25,7.125,8.5],"texture":"#0"},"south":{"uv":[7.5,5.5,7.625,5.75],"texture":"#0"},"west":{"uv":[5.125,8,5.25,8.25],"texture":"#0"},"up":{"uv":[2.875,6.625,3,6.75],"texture":"#0"},"down":{"uv":[7,1.5,7.125,1.375],"texture":"#0"}}},{"from":[5,-12,11],"to":[11,-8,11],"rotation":{"angle":0,"axis":"y","origin":[8,-6,-13]},"faces":{"north":{"uv":[1.5,10.125,0.75,10.625],"texture":"#0"},"east":{"uv":[0,10.125,0.75,10.625],"texture":"#0"},"south":{"uv":[0.75,10.125,1.5,10.625],"texture":"#0"},"west":{"uv":[0,10.125,0.75,10.625],"texture":"#0"}}},{"from":[5,-12,5],"to":[5,-8,11],"rotation":{"angle":0,"axis":"y","origin":[8,-6,-13]},"faces":{"north":{"uv":[0.75,10.125,1.5,10.625],"texture":"#0"},"east":{"uv":[0.75,10.125,0,10.625],"texture":"#0"},"south":{"uv":[1.5,10.125,0.75,10.625],"texture":"#0"},"west":{"uv":[0,10.125,0.75,10.625],"texture":"#0"}}},{"from":[11,-12,5],"to":[11,-8,11],"rotation":{"angle":0,"axis":"y","origin":[8,-6,-13]},"faces":{"north":{"uv":[1.5,10.125,0.75,10.625],"texture":"#0"},"east":{"uv":[0,10.125,0.75,10.625],"texture":"#0"},"south":{"uv":[0.75,10.125,1.5,10.625],"texture":"#0"},"west":{"uv":[0.75,10.125,0,10.625],"texture":"#0"}}},{"from":[5,-12,5],"to":[11,-8,5],"rotation":{"angle":0,"axis":"y","origin":[8,-6,-13]},"faces":{"north":{"uv":[0.75,10.125,1.5,10.625],"texture":"#0"},"east":{"uv":[0,10.125,0.75,10.625],"texture":"#0"},"south":{"uv":[0.75,10.125,1.5,10.625],"texture":"#0"},"west":{"uv":[0,10.125,0.75,10.625],"texture":"#0"}}},{"from":[5,5,7],"to":[11,25,9],"rotation":{"angle":0,"axis":"y","origin":[8,-6,-6]},"faces":{"north":{"uv":[4.875,2,5.625,4.5],"texture":"#0"},"east":{"uv":[1,6,0.75,8.5],"texture":"#0"},"south":{"uv":[5.625,2,4.875,4.5],"texture":"#0"},"west":{"uv":[0.75,6,1,8.5],"texture":"#0"},"up":{"uv":[8.75,0.75,8,0.5],"texture":"#0"},"down":{"uv":[8.75,0.75,8,1],"texture":"#0"}}},{"from":[3,10,7.75],"to":[5,12,8.25],"rotation":{"angle":0,"axis":"y","origin":[8,-6,-6]},"faces":{"north":{"uv":[8.375,1.5,8.625,1.75],"texture":"#0"},"east":{"uv":[0.875,8.5,0.9375,8.75],"texture":"#0"},"south":{"uv":[8.625,1.5,8.375,1.75],"texture":"#0"},"west":{"uv":[8.5,1.75,8.5625,2],"texture":"#0"},"up":{"uv":[7.75,1.3125,7.5,1.25],"texture":"#0"},"down":{"uv":[7.875,0.5,7.625,0.5625],"texture":"#0"}}},{"from":[4,7,7.75],"to":[5,9,8.25],"rotation":{"angle":0,"axis":"y","origin":[8,-6,-6]},"faces":{"north":{"uv":[2.125,8.375,2.25,8.625],"texture":"#0"},"east":{"uv":[0.625,8.5,0.6875,8.75],"texture":"#0"},"south":{"uv":[2.25,8.375,2.125,8.625],"texture":"#0"},"west":{"uv":[0.75,8.5,0.8125,8.75],"texture":"#0"},"up":{"uv":[7.5,5.6875,7.375,5.625],"texture":"#0"},"down":{"uv":[5.625,7.5,5.5,7.5625],"texture":"#0"}}},{"from":[3,16,7.75],"to":[5,18,8.25],"rotation":{"angle":0,"axis":"y","origin":[8,-6,-6]},"faces":{"north":{"uv":[8.375,1.5,8.625,1.75],"texture":"#0"},"east":{"uv":[0.875,8.5,0.9375,8.75],"texture":"#0"},"south":{"uv":[8.625,1.5,8.375,1.75],"texture":"#0"},"west":{"uv":[8.5,1.75,8.5625,2],"texture":"#0"},"up":{"uv":[7.75,1.3125,7.5,1.25],"texture":"#0"},"down":{"uv":[7.875,0.5,7.625,0.5625],"texture":"#0"}}},{"from":[4,13,7.75],"to":[5,15,8.25],"rotation":{"angle":0,"axis":"y","origin":[8,-6,-6]},"faces":{"north":{"uv":[2.125,8.375,2.25,8.625],"texture":"#0"},"east":{"uv":[0.625,8.5,0.6875,8.75],"texture":"#0"},"south":{"uv":[2.25,8.375,2.125,8.625],"texture":"#0"},"west":{"uv":[0.75,8.5,0.8125,8.75],"texture":"#0"},"up":{"uv":[7.5,5.6875,7.375,5.625],"texture":"#0"},"down":{"uv":[5.625,7.5,5.5,7.5625],"texture":"#0"}}},{"from":[3,22,7.75],"to":[5,24,8.25],"rotation":{"angle":0,"axis":"y","origin":[8,-6,-6]},"faces":{"north":{"uv":[8.375,1.5,8.625,1.75],"texture":"#0"},"east":{"uv":[0.875,8.5,0.9375,8.75],"texture":"#0"},"south":{"uv":[8.625,1.5,8.375,1.75],"texture":"#0"},"west":{"uv":[8.5,1.75,8.5625,2],"texture":"#0"},"up":{"uv":[7.75,1.3125,7.5,1.25],"texture":"#0"},"down":{"uv":[7.875,0.5,7.625,0.5625],"texture":"#0"}}},{"from":[4,19,7.75],"to":[5,21,8.25],"rotation":{"angle":0,"axis":"y","origin":[8,-6,-6]},"faces":{"north":{"uv":[2.125,8.375,2.25,8.625],"texture":"#0"},"east":{"uv":[0.625,8.5,0.6875,8.75],"texture":"#0"},"south":{"uv":[2.25,8.375,2.125,8.625],"texture":"#0"},"west":{"uv":[0.75,8.5,0.8125,8.75],"texture":"#0"},"up":{"uv":[7.5,5.6875,7.375,5.625],"texture":"#0"},"down":{"uv":[5.625,7.5,5.5,7.5625],"texture":"#0"}}},{"from":[11,22,7.75],"to":[13,24,8.25],"rotation":{"angle":0,"axis":"y","origin":[8,-6,-6]},"faces":{"north":{"uv":[8.625,1.5,8.375,1.75],"texture":"#0"},"east":{"uv":[8.5625,1.75,8.5,2],"texture":"#0"},"south":{"uv":[8.375,1.5,8.625,1.75],"texture":"#0"},"west":{"uv":[0.9375,8.5,0.875,8.75],"texture":"#0"},"up":{"uv":[7.5,1.3125,7.75,1.25],"texture":"#0"},"down":{"uv":[7.625,0.5,7.875,0.5625],"texture":"#0"}}},{"from":[11,19,7.75],"to":[12,21,8.25],"rotation":{"angle":0,"axis":"y","origin":[8,-6,-6]},"faces":{"north":{"uv":[2.25,8.375,2.125,8.625],"texture":"#0"},"east":{"uv":[0.8125,8.5,0.75,8.75],"texture":"#0"},"south":{"uv":[2.125,8.375,2.25,8.625],"texture":"#0"},"west":{"uv":[0.6875,8.5,0.625,8.75],"texture":"#0"},"up":{"uv":[7.375,5.6875,7.5,5.625],"texture":"#0"},"down":{"uv":[5.5,7.5,5.625,7.5625],"texture":"#0"}}},{"from":[11,10,7.75],"to":[13,12,8.25],"rotation":{"angle":0,"axis":"y","origin":[8,-6,-6]},"faces":{"north":{"uv":[8.625,1.5,8.375,1.75],"texture":"#0"},"east":{"uv":[8.5625,1.75,8.5,2],"texture":"#0"},"south":{"uv":[8.375,1.5,8.625,1.75],"texture":"#0"},"west":{"uv":[0.9375,8.5,0.875,8.75],"texture":"#0"},"up":{"uv":[7.5,1.3125,7.75,1.25],"texture":"#0"},"down":{"uv":[7.625,0.5,7.875,0.5625],"texture":"#0"}}},{"from":[11,7,7.75],"to":[12,9,8.25],"rotation":{"angle":0,"axis":"y","origin":[8,-6,-6]},"faces":{"north":{"uv":[2.25,8.375,2.125,8.625],"texture":"#0"},"east":{"uv":[0.8125,8.5,0.75,8.75],"texture":"#0"},"south":{"uv":[2.125,8.375,2.25,8.625],"texture":"#0"},"west":{"uv":[0.6875,8.5,0.625,8.75],"texture":"#0"},"up":{"uv":[7.375,5.6875,7.5,5.625],"texture":"#0"},"down":{"uv":[5.5,7.5,5.625,7.5625],"texture":"#0"}}},{"from":[11,16,7.75],"to":[13,18,8.25],"rotation":{"angle":0,"axis":"y","origin":[8,-6,-6]},"faces":{"north":{"uv":[8.625,1.5,8.375,1.75],"texture":"#0"},"east":{"uv":[8.5625,1.75,8.5,2],"texture":"#0"},"south":{"uv":[8.375,1.5,8.625,1.75],"texture":"#0"},"west":{"uv":[0.9375,8.5,0.875,8.75],"texture":"#0"},"up":{"uv":[7.5,1.3125,7.75,1.25],"texture":"#0"},"down":{"uv":[7.625,0.5,7.875,0.5625],"texture":"#0"}}},{"from":[11,13,7.75],"to":[12,15,8.25],"rotation":{"angle":0,"axis":"y","origin":[8,-6,-6]},"faces":{"north":{"uv":[2.25,8.375,2.125,8.625],"texture":"#0"},"east":{"uv":[0.8125,8.5,0.75,8.75],"texture":"#0"},"south":{"uv":[2.125,8.375,2.25,8.625],"texture":"#0"},"west":{"uv":[0.6875,8.5,0.625,8.75],"texture":"#0"},"up":{"uv":[7.375,5.6875,7.5,5.625],"texture":"#0"},"down":{"uv":[5.5,7.5,5.625,7.5625],"texture":"#0"}}},{"from":[4,0,6],"to":[12,5,10],"rotation":{"angle":0,"axis":"y","origin":[8,-6,-6]},"faces":{"north":{"uv":[1,6,2,6.625],"texture":"#0"},"east":{"uv":[3.25,7.375,3.75,8],"texture":"#0"},"south":{"uv":[2,6,3,6.625],"texture":"#0"},"west":{"uv":[7.375,7,7.875,7.625],"texture":"#0"},"up":{"uv":[7.625,3.5,6.625,3],"texture":"#0"},"down":{"uv":[7.625,5.75,6.625,6.25],"texture":"#0"}}},{"from":[2,0.5,6.5],"to":[4,4.5,9.5],"rotation":{"angle":0,"axis":"y","origin":[8,-6,-6]},"faces":{"north":{"uv":[3.875,8.25,4.125,8.75],"texture":"#0"},"east":{"uv":[2.5,8,2.875,8.5],"texture":"#0"},"south":{"uv":[4.125,8.25,4.375,8.75],"texture":"#0"},"west":{"uv":[3.25,8,3.625,8.5],"texture":"#0"},"up":{"uv":[1.625,8.75,1.375,8.375],"texture":"#0"},"down":{"uv":[1.875,8.375,1.625,8.75],"texture":"#0"}}},{"from":[0,0,6],"to":[2,5,10],"rotation":{"angle":0,"axis":"y","origin":[8,-6,-6]},"faces":{"north":{"uv":[2.25,8.125,2.5,8.75],"texture":"#0"},"east":{"uv":[0,7.5,0.5,8.125],"texture":"#0"},"south":{"uv":[5.75,8.125,6,8.75],"texture":"#0"},"west":{"uv":[7.5,0.625,8,1.25],"texture":"#0"},"up":{"uv":[4.625,8.75,4.375,8.25],"texture":"#0"},"down":{"uv":[4.875,8.25,4.625,8.75],"texture":"#0"}}},{"from":[14,0,6],"to":[16,5,10],"rotation":{"angle":0,"axis":"y","origin":[8,-6,-6]},"faces":{"north":{"uv":[2.5,8.125,2.25,8.75],"texture":"#0"},"east":{"uv":[8,0.625,7.5,1.25],"texture":"#0"},"south":{"uv":[6,8.125,5.75,8.75],"texture":"#0"},"west":{"uv":[0.5,7.5,0,8.125],"texture":"#0"},"up":{"uv":[4.375,8.75,4.625,8.25],"texture":"#0"},"down":{"uv":[4.625,8.25,4.875,8.75],"texture":"#0"}}},{"from":[12,0.5,6.5],"to":[14,4.5,9.5],"rotation":{"angle":0,"axis":"y","origin":[8,-6,-6]},"faces":{"north":{"uv":[4.125,8.25,3.875,8.75],"texture":"#0"},"east":{"uv":[3.625,8,3.25,8.5],"texture":"#0"},"south":{"uv":[4.375,8.25,4.125,8.75],"texture":"#0"},"west":{"uv":[2.875,8,2.5,8.5],"texture":"#0"},"up":{"uv":[1.375,8.75,1.625,8.375],"texture":"#0"},"down":{"uv":[1.625,8.375,1.875,8.75],"texture":"#0"}}},{"from":[5,-2,7],"to":[11,0,9],"rotation":{"angle":0,"axis":"y","origin":[8,-6,-6]},"faces":{"north":{"uv":[8,1,8.75,1.25],"texture":"#0"},"east":{"uv":[7.375,8.375,7.625,8.625],"texture":"#0"},"south":{"uv":[8,1,8.75,1.25],"texture":"#0"},"west":{"uv":[8.375,7.375,8.625,7.625],"texture":"#0"},"up":{"uv":[5.125,8.25,4.375,8],"texture":"#0"},"down":{"uv":[8.75,5,8,5.25],"texture":"#0"}}},{"from":[7,-10,7],"to":[9,-2,9],"rotation":{"angle":0,"axis":"y","origin":[8,-6,-6]},"faces":{"north":{"uv":[1.5,8.875,1.75,9.875],"texture":"#0"},"east":{"uv":[1.5,8.875,1.75,9.875],"texture":"#0"},"south":{"uv":[1.5,8.875,1.75,9.875],"texture":"#0"},"west":{"uv":[1.5,8.875,1.75,9.875],"texture":"#0"},"up":{"uv":[1.5,8.875,1.75,9.125],"texture":"#0"},"down":{"uv":[1.5,8.875,1.75,9.125],"texture":"#0"}}},{"from":[6,-12,6],"to":[10,-10,10],"rotation":{"angle":0,"axis":"y","origin":[8,-6,-6]},"faces":{"north":{"uv":[8.125,6.75,8.625,7],"texture":"#0"},"east":{"uv":[8.25,4.125,8.75,4.375],"texture":"#0"},"south":{"uv":[6.5,8.25,7,8.5],"texture":"#0"},"west":{"uv":[8.375,1.25,8.875,1.5],"texture":"#0"},"up":{"uv":[8.125,6,7.625,5.5],"texture":"#0"},"down":{"uv":[6.25,7.625,5.75,8.125],"texture":"#0"}}},{"from":[5,-14,5],"to":[11,-12,11],"rotation":{"angle":0,"axis":"y","origin":[8,-6,-6]},"faces":{"north":{"uv":[8,5.25,8.75,5.5],"texture":"#0"},"east":{"uv":[8.125,0,8.875,0.25],"texture":"#0"},"south":{"uv":[8.125,0.25,8.875,0.5],"texture":"#0"},"west":{"uv":[1.5,8.125,2.25,8.375],"texture":"#0"},"up":{"uv":[6.875,5,6.125,4.25],"texture":"#0"},"down":{"uv":[6.875,5,6.125,5.75],"texture":"#0"}}},{"from":[5,22,6],"to":[11,28,10],"rotation":{"angle":-45,"axis":"z","origin":[8,25,8]},"faces":{"north":{"uv":[3,6,3.75,6.75],"texture":"#0"},"east":{"uv":[6.125,6.875,6.625,7.625],"texture":"#0"},"south":{"uv":[3.75,6,3,6.75],"texture":"#0"},"west":{"uv":[7,0.625,7.5,1.375],"texture":"#0"},"up":{"uv":[4.75,7.5,4,7],"texture":"#0"},"down":{"uv":[5.5,7,4.75,7.5],"texture":"#0"}}},{"from":[4,24,7],"to":[9,29,9],"rotation":{"angle":-45,"axis":"z","origin":[8,25,8]},"faces":{"north":{"uv":[6.875,5,7.5,5.625],"texture":"#0"},"east":{"uv":[0,8.125,0.25,8.75],"texture":"#0"},"south":{"uv":[7,0,7.625,0.625],"texture":"#0"},"west":{"uv":[0.25,8.125,0.5,8.75],"texture":"#0"},"up":{"uv":[8.75,3.875,8.125,3.625],"texture":"#0"},"down":{"uv":[8.75,3.875,8.125,4.125],"texture":"#0"}}}],"display":{"thirdperson_righthand":{"rotation":[0,90,0],"translation":[0,6.75,1.5],"scale":[0.65,0.65,0.65]},"thirdperson_lefthand":{"rotation":[0,90,0],"translation":[0,6.75,1.5],"scale":[0.65,0.65,0.65]},"firstperson_righthand":{"rotation":[-10,90,0],"translation":[0.75,4,1.5],"scale":[0.38,0.38,0.38]},"firstperson_lefthand":{"rotation":[-10,90,0],"translation":[0.75,4,1.5],"scale":[0.38,0.38,0.38]},"ground":{"translation":[0,8.25,0],"scale":[0.5,0.5,0.5]},"gui":{"rotation":[0,-180,45],"translation":[0,0,-0.5],"scale":[0.58,0.58,0.58]},"head":{"translation":[0,12.5,0]},"fixed":{"rotation":[0,-180,45],"translation":[0,0,-0.5],"scale":[0.58,0.58,0.58]}},"groups":[{"name":"group","origin":[8,-6,8],"color":0,"children":[0,1,{"name":"group","origin":[8,-6,8],"color":0,"children":[2,3,4,5,6,7]},{"name":"group","origin":[8,-6,8],"color":0,"children":[8,9,10,11,12,13]}]},{"name":"group","origin":[8,-6,8],"color":0,"children":[{"name":"group","origin":[8,-6,8],"color":0,"children":[14,15,16,17]}]},{"name":"group","origin":[8,25,22],"color":0,"children":[18,{"name":"group","origin":[8,-6,15],"color":0,"children":[19,20,21,22,23,24,25,26,27,28,29,30]},31,32,33,34,35,36,37,38,39,40,41]}]}