{"credit":"Made with Blockbench","texture_size":[128,128],"textures":{"0":"item/christmas/christmas_texture_2","particle":"item/christmas/christmas_texture_2"},"elements":[{"from":[6.5,8,6.5],"to":[9.5,12,9.5],"rotation":{"angle":0,"axis":"y","origin":[8,-10.5,5.75]},"faces":{"north":{"uv":[2.125,8.25,2.5,8.75],"texture":"#0"},"east":{"uv":[1,8.25,1.375,8.75],"texture":"#0"},"south":{"uv":[1.375,8.25,1.75,8.75],"texture":"#0"},"west":{"uv":[1.75,8.25,2.125,8.75],"texture":"#0"},"up":{"uv":[1.375,7.875,1.75,8.25],"rotation":90,"texture":"#0"},"down":{"uv":[1,7.875,1.375,8.25],"rotation":270,"texture":"#0"}}},{"from":[5.5,7,5.5],"to":[10.5,8,10.5],"rotation":{"angle":0,"axis":"y","origin":[8,-10.5,5.75]},"faces":{"north":{"uv":[0.625,10.125,1.25,10.25],"texture":"#0"},"east":{"uv":[0,10,0.625,10.125],"texture":"#0"},"south":{"uv":[0.625,10,1.25,10.125],"texture":"#0"},"west":{"uv":[0,10.125,0.625,10.25],"texture":"#0"},"up":{"uv":[0.625,9.375,1.25,10],"rotation":90,"texture":"#0"},"down":{"uv":[0,9.375,0.625,10],"rotation":270,"texture":"#0"}}},{"from":[10,8,4.5],"to":[10,16,11.5],"rotation":{"angle":0,"axis":"y","origin":[8,-10.5,5.75]},"faces":{"east":{"uv":[0,10.25,0.875,11.25],"texture":"#0"},"west":{"uv":[0.875,10.25,0,11.25],"texture":"#0"}}},{"from":[6.5,14,6.5],"to":[9.5,17,9.5],"rotation":{"angle":0,"axis":"y","origin":[8,-3.5,8]},"faces":{"north":{"uv":[3.625,7.875,4,8.25],"texture":"#0"},"east":{"uv":[2.5,7.875,2.875,8.25],"texture":"#0"},"south":{"uv":[2.875,7.875,3.25,8.25],"texture":"#0"},"west":{"uv":[3.25,7.875,3.625,8.25],"texture":"#0"},"up":{"uv":[2.125,7.875,2.5,8.25],"rotation":90,"texture":"#0"},"down":{"uv":[1.75,7.875,2.125,8.25],"rotation":270,"texture":"#0"}}},{"from":[6.5,-10,6.5],"to":[9.5,-9,9.5],"rotation":{"angle":0,"axis":"y","origin":[8,-3.5,8]},"faces":{"north":{"uv":[3.625,8.125,4,8.25],"texture":"#0"},"east":{"uv":[2.5,8.125,2.875,8.25],"texture":"#0"},"south":{"uv":[2.875,8.125,3.25,8.25],"texture":"#0"},"west":{"uv":[3.25,8.125,3.625,8.25],"texture":"#0"},"up":{"uv":[2.125,7.875,2.5,8.25],"rotation":90,"texture":"#0"},"down":{"uv":[1.75,7.875,2.125,8.25],"rotation":270,"texture":"#0"}}},{"from":[7,-16,7],"to":[9,-14,9],"rotation":{"angle":0,"axis":"y","origin":[8,-3.5,8]},"faces":{"north":{"uv":[2.25,8.75,2.5,9],"texture":"#0"},"east":{"uv":[1.5,8.75,1.75,9],"texture":"#0"},"south":{"uv":[1.75,8.75,2,9],"texture":"#0"},"west":{"uv":[2,8.75,2.25,9],"texture":"#0"},"up":{"uv":[1.25,8.75,1.5,9],"rotation":90,"texture":"#0"},"down":{"uv":[1,8.75,1.25,9],"rotation":270,"texture":"#0"}}},{"from":[8,-14,7],"to":[8,-10,9],"rotation":{"angle":0,"axis":"y","origin":[8,-3.5,8]},"faces":{"north":{"uv":[3.625,8.125,3.625,8.625],"texture":"#0"},"east":{"uv":[0.25,11.4375,0,11.9375],"texture":"#0"},"south":{"uv":[2.875,8.125,2.875,8.625],"texture":"#0"},"west":{"uv":[0,11.4375,0.25,11.9375],"texture":"#0"},"up":{"uv":[2.125,7.875,2.375,7.875],"rotation":90,"texture":"#0"},"down":{"uv":[1.75,7.875,2,7.875],"rotation":270,"texture":"#0"}}},{"from":[7.25,-9,6.9],"to":[9.25,14,8.9],"rotation":{"angle":-45,"axis":"y","origin":[8,-2.5,7.65]},"faces":{"north":{"uv":[0,6.5,0.25,9.375],"texture":"#0"},"east":{"uv":[0.25,6.5,0.5,9.375],"texture":"#0"},"south":{"uv":[0.5,6.5,0.75,9.375],"texture":"#0"},"west":{"uv":[0.75,6.5,1,9.375],"texture":"#0"},"up":{"uv":[3.0625,0,3.3125,0.25],"texture":"#0"},"down":{"uv":[3.0625,0,3.3125,0.25],"texture":"#0"}}},{"from":[8.25,15,3.5],"to":[9.25,17,6.5],"rotation":{"angle":22.5,"axis":"x","origin":[8.75,15,6.5]},"faces":{"north":{"uv":[4.6875,7.5,4.8125,7.75],"texture":"#0"},"east":{"uv":[3.8125,7.5,4.1875,7.75],"texture":"#0"},"south":{"uv":[4.1875,7.5,4.3125,7.75],"texture":"#0"},"west":{"uv":[4.3125,7.5,4.6875,7.75],"texture":"#0"},"up":{"uv":[4.1875,7.375,4.5625,7.5],"rotation":90,"texture":"#0"},"down":{"uv":[3.8125,7.375,4.1875,7.5],"rotation":270,"texture":"#0"}}},{"from":[8.25,13.85195,0.72836],"to":[9.25,15.35195,3.72836],"rotation":{"angle":45,"axis":"x","origin":[8.75,15,6.5]},"faces":{"north":{"uv":[4.875,7.875,5,8.0625],"texture":"#0"},"east":{"uv":[4,7.875,4.375,8.0625],"texture":"#0"},"south":{"uv":[4.375,7.875,4.5,8.0625],"texture":"#0"},"west":{"uv":[4.5,7.875,4.875,8.0625],"texture":"#0"},"up":{"uv":[4.375,7.75,4.75,7.875],"rotation":90,"texture":"#0"},"down":{"uv":[4,7.75,4.375,7.875],"rotation":270,"texture":"#0"}}},{"from":[8.25,15,9.5],"to":[9.25,17,12.5],"rotation":{"angle":-22.5,"axis":"x","origin":[8.75,15,9.5]},"faces":{"north":{"uv":[4.3125,7.5,4.1875,7.75],"texture":"#0"},"east":{"uv":[4.1875,7.5,3.8125,7.75],"texture":"#0"},"south":{"uv":[4.8125,7.5,4.6875,7.75],"texture":"#0"},"west":{"uv":[4.6875,7.5,4.3125,7.75],"texture":"#0"},"up":{"uv":[4.5625,7.375,4.1875,7.5],"rotation":90,"texture":"#0"},"down":{"uv":[4.1875,7.375,3.8125,7.5],"rotation":270,"texture":"#0"}}},{"from":[8.25,13.85195,12.27164],"to":[9.25,15.35195,15.27164],"rotation":{"angle":-45,"axis":"x","origin":[8.75,15,9.5]},"faces":{"north":{"uv":[4.5,7.875,4.375,8.0625],"texture":"#0"},"east":{"uv":[4.375,7.875,4,8.0625],"texture":"#0"},"south":{"uv":[5,7.875,4.875,8.0625],"texture":"#0"},"west":{"uv":[4.875,7.875,4.5,8.0625],"texture":"#0"},"up":{"uv":[4.75,7.75,4.375,7.875],"rotation":90,"texture":"#0"},"down":{"uv":[4.375,7.75,4,7.875],"rotation":270,"texture":"#0"}}},{"from":[9,17,5],"to":[9.5,21,8],"rotation":{"angle":22.5,"axis":"y","origin":[9.5,17,8]},"faces":{"north":{"uv":[4.8125,8.0625,4.875,8.5625],"texture":"#0"},"east":{"uv":[4,8.0625,4.375,8.5625],"texture":"#0"},"south":{"uv":[4.375,8.0625,4.4375,8.5625],"texture":"#0"},"west":{"uv":[4.4375,8.0625,4.8125,8.5625],"texture":"#0"},"up":{"uv":[3.625,7.8125,4,7.875],"rotation":90,"texture":"#0"},"down":{"uv":[3.25,7.8125,3.625,7.875],"rotation":270,"texture":"#0"}}},{"from":[9,21,6],"to":[9.5,23,8],"rotation":{"angle":22.5,"axis":"y","origin":[9.5,17,8]},"faces":{"north":{"uv":[4.5625,8.5625,4.625,8.8125],"texture":"#0"},"east":{"uv":[4,8.625,4.25,8.875],"texture":"#0"},"south":{"uv":[4.25,8.625,4.3125,8.875],"texture":"#0"},"west":{"uv":[4.3125,8.625,4.5625,8.875],"texture":"#0"},"up":{"uv":[4.25,8.5625,4.5,8.625],"rotation":90,"texture":"#0"},"down":{"uv":[4,8.5625,4.25,8.625],"rotation":270,"texture":"#0"}}},{"from":[9,17,8],"to":[9.5,21,11],"rotation":{"angle":-22.5,"axis":"y","origin":[9.5,17,8]},"faces":{"north":{"uv":[4.4375,8.0625,4.375,8.5625],"texture":"#0"},"east":{"uv":[4.375,8.0625,4,8.5625],"texture":"#0"},"south":{"uv":[4.875,8.0625,4.8125,8.5625],"texture":"#0"},"west":{"uv":[4.8125,8.0625,4.4375,8.5625],"texture":"#0"},"up":{"uv":[4,7.8125,3.625,7.875],"rotation":90,"texture":"#0"},"down":{"uv":[3.625,7.8125,3.25,7.875],"rotation":270,"texture":"#0"}}},{"from":[9,21,8],"to":[9.5,23,10],"rotation":{"angle":-22.5,"axis":"y","origin":[9.5,17,8]},"faces":{"north":{"uv":[4.3125,8.625,4.25,8.875],"texture":"#0"},"east":{"uv":[4.25,8.625,4,8.875],"texture":"#0"},"south":{"uv":[4.625,8.5625,4.5625,8.8125],"texture":"#0"},"west":{"uv":[4.5625,8.625,4.3125,8.875],"texture":"#0"},"up":{"uv":[4.5,8.5625,4.25,8.625],"rotation":90,"texture":"#0"},"down":{"uv":[4.25,8.5625,4,8.625],"rotation":270,"texture":"#0"}}},{"from":[7,4.25,1.65],"to":[9,6.25,7.65],"rotation":{"angle":22.5,"axis":"x","origin":[7.75,4,7.65]},"faces":{"north":{"uv":[2.375,5.5625,2.625,5.8125],"rotation":180,"texture":"#0"},"east":{"uv":[2.875,5.5625,3.125,6.3125],"rotation":90,"texture":"#0"},"south":{"uv":[2.375,5.8125,2.625,6.0625],"texture":"#0"},"west":{"uv":[3.375,5.5625,3.625,6.3125],"rotation":270,"texture":"#0"},"up":{"uv":[3.125,5.5625,3.375,6.3125],"texture":"#0"},"down":{"uv":[2.625,5.5625,2.875,6.3125],"rotation":180,"texture":"#0"}}},{"from":[7.1,2.0539,-0.99328],"to":[8.9,3.8539,2.00672],"rotation":{"angle":45,"axis":"x","origin":[7.75,4,7.65]},"faces":{"north":{"uv":[2.125,5.8125,2.375,6.0625],"rotation":180,"texture":"#0"},"east":{"uv":[2.8125,6.3125,3.0625,6.6875],"rotation":90,"texture":"#0"},"south":{"uv":[1.875,5.8125,2.125,6.0625],"texture":"#0"},"west":{"uv":[3.3125,6.3125,3.5625,6.6875],"rotation":270,"texture":"#0"},"up":{"uv":[3.0625,6.3125,3.3125,6.6875],"texture":"#0"},"down":{"uv":[2.5625,6.3125,2.8125,6.6875],"rotation":180,"texture":"#0"}}},{"from":[7.75,7,-7.5],"to":[7.75,12,0.5],"rotation":{"angle":-22.5,"axis":"x","origin":[7.75,12,6.5]},"faces":{"north":{"uv":[1.75,7.875,2.375,7.875],"rotation":270,"texture":"#0"},"east":{"uv":[4,3.5,3,4.125],"rotation":180,"texture":"#0"},"south":{"uv":[2.125,7.875,2.75,7.875],"rotation":270,"texture":"#0"},"west":{"uv":[4,4.125,3,3.5],"texture":"#0"},"up":{"uv":[2.875,9.5,2.875,7.875],"texture":"#0"},"down":{"uv":[3.625,9.5,3.625,7.875],"rotation":180,"texture":"#0"}}},{"from":[7.75,3,10.5],"to":[7.75,8,18.5],"rotation":{"angle":22.5,"axis":"x","origin":[7.75,8,4.5]},"faces":{"north":{"uv":[2.125,7.875,2.75,7.875],"rotation":270,"texture":"#0"},"east":{"uv":[3,3.5,4,4.125],"rotation":180,"texture":"#0"},"south":{"uv":[1.75,7.875,2.375,7.875],"rotation":270,"texture":"#0"},"west":{"uv":[3,4.125,4,3.5],"texture":"#0"},"up":{"uv":[2.875,7.875,2.875,9.5],"texture":"#0"},"down":{"uv":[3.625,7.875,3.625,9.5],"rotation":180,"texture":"#0"}}},{"from":[7.1,-1.9461,8.99328],"to":[8.9,-0.1461,11.99328],"rotation":{"angle":-45,"axis":"x","origin":[7.75,0,3.35]},"faces":{"north":{"uv":[2.125,5.8125,1.875,6.0625],"texture":"#0"},"east":{"uv":[2.8125,6.6875,3.0625,6.3125],"rotation":90,"texture":"#0"},"south":{"uv":[2.375,5.8125,2.125,6.0625],"rotation":180,"texture":"#0"},"west":{"uv":[3.3125,6.6875,3.5625,6.3125],"rotation":270,"texture":"#0"},"up":{"uv":[3.0625,6.6875,3.3125,6.3125],"texture":"#0"},"down":{"uv":[2.5625,6.6875,2.8125,6.3125],"rotation":180,"texture":"#0"}}}],"display":{"thirdperson_righthand":{"translation":[0,5.75,1.5],"scale":[0.65,0.65,0.65]},"thirdperson_lefthand":{"rotation":[0,180,0],"translation":[0,5.75,1.5],"scale":[0.65,0.65,0.65]},"firstperson_righthand":{"rotation":[-10,10,0],"translation":[0.75,4,1.5],"scale":[0.38,0.38,0.38]},"firstperson_lefthand":{"rotation":[-10,180,0],"translation":[0.75,4,1.5],"scale":[0.38,0.38,0.38]},"ground":{"translation":[0,8.25,0],"scale":[0.5,0.5,0.5]},"gui":{"rotation":[90,-135,90],"translation":[0,0,-0.5],"scale":[0.58,0.58,0.58]},"fixed":{"rotation":[90,-45,90],"translation":[0,0,-0.5],"scale":[0.86,0.86,0.86]}},"groups":[0,1,2,3,4,5,6,7,{"name":"group","origin":[8.75,15,6.5],"color":0,"children":[8,9,10,11]},{"name":"group","origin":[9.5,17,8],"color":0,"children":[12,13,14,15]},16,17,18,19,20]}