{"credit":"Made with Blockbench","texture_size":[128,128],"textures":{"0":"item/christmas/christmas_texture_1","particle":"item/christmas/christmas_texture_1"},"elements":[{"from":[0,0,0],"to":[16,2,16],"rotation":{"angle":0,"axis":"y","origin":[0,-7,0]},"faces":{"north":{"uv":[9.25,0.75,11.25,1],"texture":"#0"},"east":{"uv":[9.875,1.875,11.875,2.125],"texture":"#0"},"south":{"uv":[9.25,0.75,11.25,1],"texture":"#0"},"west":{"uv":[9.875,1.875,11.875,2.125],"texture":"#0"},"up":{"uv":[10.3125,16,8.3125,14],"texture":"#0"},"down":{"uv":[10.3125,14,8.3125,16],"texture":"#0"}}},{"from":[1,2,1],"to":[15,6,15],"rotation":{"angle":0,"axis":"y","origin":[0,-7,0]},"faces":{"north":{"uv":[14.25,15,16,15.5],"texture":"#0"},"east":{"uv":[14.25,14,16,14.5],"texture":"#0"},"south":{"uv":[14.25,15.5,16,16],"texture":"#0"},"west":{"uv":[14.25,14.5,16,15],"texture":"#0"},"up":{"uv":[16,14,14.25,12.25],"texture":"#0"},"down":{"uv":[16,12.25,14.25,14],"texture":"#0"}}},{"from":[2,1,4.5],"to":[14,6,14],"rotation":{"angle":22.5,"axis":"x","origin":[8,7,15]},"faces":{"north":{"uv":[12.75,14.75,14.25,15.375],"texture":"#0"},"east":{"uv":[11.5625,14.75,12.75,15.375],"texture":"#0"},"south":{"uv":[12.75,15.375,14.25,16],"texture":"#0"},"west":{"uv":[11.5625,15.375,12.75,16],"texture":"#0"},"up":{"uv":[14.25,14.75,12.75,13.5625],"texture":"#0"},"down":{"uv":[14.25,13.5625,12.75,14.75],"texture":"#0"}}},{"from":[3,2,7.5],"to":[13,7,17],"rotation":{"angle":45,"axis":"x","origin":[8,7,15]},"faces":{"north":{"uv":[10.3125,14.75,11.5625,15.375],"texture":"#0"},"east":{"uv":[11.5625,13.5,12.75,14.125],"texture":"#0"},"south":{"uv":[10.3125,15.375,11.5625,16],"texture":"#0"},"west":{"uv":[11.5625,14.125,12.75,14.75],"texture":"#0"},"up":{"uv":[11.5625,14.75,10.3125,13.5625],"texture":"#0"},"down":{"uv":[11.5625,13.5625,10.3125,14.75],"texture":"#0"}}},{"from":[4,7,9.5],"to":[12,10,16],"rotation":{"angle":45,"axis":"x","origin":[8,7,15]},"faces":{"north":{"uv":[10.125,3.375,11.125,3.75],"texture":"#0"},"east":{"uv":[3.5,10.5,4.3125,10.875],"texture":"#0"},"south":{"uv":[10.125,3.75,11.125,4.125],"texture":"#0"},"west":{"uv":[4.375,10.5,5.1875,10.875],"texture":"#0"},"up":{"uv":[10,7.0625,9,6.25],"texture":"#0"},"down":{"uv":[10,8.625,9,9.4375],"texture":"#0"}}},{"from":[5,6.5,16],"to":[11,12.5,20],"rotation":{"angle":-22.5,"axis":"x","origin":[8,7,15]},"faces":{"north":{"uv":[9.25,2.875,10,3.625],"texture":"#0"},"east":{"uv":[0,10.5,0.5,11.25],"texture":"#0"},"south":{"uv":[9.25,3.625,10,4.375],"texture":"#0"},"west":{"uv":[0.5,10.5,1,11.25],"texture":"#0"},"up":{"uv":[2.75,11,2,10.5],"texture":"#0"},"down":{"uv":[3.5,10.5,2.75,11],"texture":"#0"}}},{"from":[6,9,16],"to":[10,13,25],"rotation":{"angle":0,"axis":"y","origin":[8,7,15]},"faces":{"north":{"uv":[1.25,9.625,1.75,10.125],"texture":"#0"},"east":{"uv":[9.25,4.375,10.375,4.875],"texture":"#0"},"south":{"uv":[8.5,9.75,9,10.25],"texture":"#0"},"west":{"uv":[9.25,4.875,10.375,5.375],"texture":"#0"},"up":{"uv":[9.5,10.625,9,9.5],"texture":"#0"},"down":{"uv":[10,9.5,9.5,10.625],"texture":"#0"}}},{"from":[5,6,22],"to":[11,11,27],"rotation":{"angle":0,"axis":"y","origin":[8,7,15]},"faces":{"north":{"uv":[10,9.5,10.75,10.125],"texture":"#0"},"east":{"uv":[10.25,8.625,10.875,9.25],"texture":"#0"},"south":{"uv":[10.125,7.625,10.875,8.25],"texture":"#0"},"west":{"uv":[10.375,4.125,11,4.75],"texture":"#0"},"up":{"uv":[10.75,10.75,10,10.125],"texture":"#0"},"down":{"uv":[2,10.25,1.25,10.875],"texture":"#0"}}},{"from":[6,2,0],"to":[10,3,1],"rotation":{"angle":0,"axis":"y","origin":[0,-7,0]},"faces":{"north":{"uv":[6.25,5.75,6.75,5.875],"texture":"#0"},"east":{"uv":[7.875,9.625,8,9.75],"texture":"#0"},"south":{"uv":[6.75,5.75,7.25,5.875],"texture":"#0"},"west":{"uv":[9.75,5.625,9.875,5.75],"texture":"#0"},"up":{"uv":[7.75,5.875,7.25,5.75],"texture":"#0"},"down":{"uv":[8.25,5.75,7.75,5.875],"texture":"#0"}}},{"from":[6,5,0],"to":[10,6,1],"rotation":{"angle":0,"axis":"y","origin":[0,-7,0]},"faces":{"north":{"uv":[8.25,5.75,8.75,5.875],"texture":"#0"},"east":{"uv":[9.875,5.625,10,5.75],"texture":"#0"},"south":{"uv":[2.75,9,3.25,9.125],"texture":"#0"},"west":{"uv":[10,5.625,10.125,5.75],"texture":"#0"},"up":{"uv":[9.75,5.75,9.25,5.625],"texture":"#0"},"down":{"uv":[10,8.5,9.5,8.625],"texture":"#0"}}},{"from":[9,3,0],"to":[10,5,1],"rotation":{"angle":0,"axis":"y","origin":[0,-7,0]},"faces":{"north":{"uv":[8.875,10.25,9,10.5],"texture":"#0"},"east":{"uv":[7.375,10.375,7.5,10.625],"texture":"#0"},"south":{"uv":[8.75,10.75,8.875,11],"texture":"#0"},"west":{"uv":[10.875,7.5,11,7.75],"texture":"#0"},"up":{"uv":[10.125,8.625,10,8.5],"texture":"#0"},"down":{"uv":[1.375,10.125,1.25,10.25],"texture":"#0"}}},{"from":[6,3,0],"to":[7,5,1],"rotation":{"angle":0,"axis":"y","origin":[0,-7,0]},"faces":{"north":{"uv":[10.875,7.75,11,8],"texture":"#0"},"east":{"uv":[10.875,8,11,8.25],"texture":"#0"},"south":{"uv":[10.875,8.625,11,8.875],"texture":"#0"},"west":{"uv":[8.875,10.875,9,11.125],"texture":"#0"},"up":{"uv":[1.5,10.25,1.375,10.125],"texture":"#0"},"down":{"uv":[1.625,10.125,1.5,10.25],"texture":"#0"}}},{"from":[6.5,3.75,-0.5],"to":[9.5,4.25,1],"rotation":{"angle":0,"axis":"y","origin":[0,-7,0]},"faces":{"north":{"uv":[2.375,9.5,2.75,9.5625],"texture":"#0"},"east":{"uv":[10.125,5.625,10.3125,5.6875],"texture":"#0"},"south":{"uv":[7.5,9.625,7.875,9.6875],"texture":"#0"},"west":{"uv":[10.25,7,10.4375,7.0625],"texture":"#0"},"up":{"uv":[11.125,10.6875,10.75,10.5],"texture":"#0"},"down":{"uv":[11.125,10.75,10.75,10.9375],"texture":"#0"}}}],"display":{"thirdperson_righthand":{"translation":[0,2.5,0],"scale":[0.3,0.3,0.3]},"thirdperson_lefthand":{"translation":[0,2.5,0],"scale":[0.3,0.3,0.3]},"firstperson_righthand":{"translation":[0,2.5,0],"scale":[0.3,0.3,0.3]},"firstperson_lefthand":{"translation":[0,2.5,0],"scale":[0.3,0.3,0.3]},"ground":{"translation":[0,1,0],"scale":[0.5,0.5,0.5]},"gui":{"rotation":[45,-45,0],"translation":[0,2.75,-3],"scale":[0.75,0.75,0.75]},"head":{"translation":[0,13,0]},"fixed":{"translation":[0,0,-3]}},"groups":[0,1,2,3,4,5,6,7,{"name":"group","origin":[0,0,0],"color":0,"children":[8,9,10,11,12]}]}