{"credit":"Made with Blockbench","texture_size":[128,128],"textures":{"0":"item/christmas/christmas_texture_2","particle":"item/christmas/christmas_texture_2"},"elements":[{"from":[5.5,0,5.5],"to":[10.5,1,10.5],"rotation":{"angle":0,"axis":"y","origin":[8,-10.5,5.75]},"faces":{"north":{"uv":[0.625,10.125,1.25,10.25],"texture":"#0"},"east":{"uv":[0,10,0.625,10.125],"texture":"#0"},"south":{"uv":[0.625,10,1.25,10.125],"texture":"#0"},"west":{"uv":[0,10.125,0.625,10.25],"texture":"#0"},"up":{"uv":[0.625,9.375,1.25,10],"rotation":90,"texture":"#0"},"down":{"uv":[0,9.375,0.625,10],"rotation":270,"texture":"#0"}}},{"from":[6.5,1,6.5],"to":[9.5,4,9.5],"rotation":{"angle":0,"axis":"y","origin":[8,-3.5,8]},"faces":{"north":{"uv":[3.625,7.875,4,8.25],"texture":"#0"},"east":{"uv":[2.5,7.875,2.875,8.25],"texture":"#0"},"south":{"uv":[2.875,7.875,3.25,8.25],"texture":"#0"},"west":{"uv":[3.25,7.875,3.625,8.25],"texture":"#0"},"up":{"uv":[2.125,7.875,2.5,8.25],"rotation":90,"texture":"#0"},"down":{"uv":[1.75,7.875,2.125,8.25],"rotation":270,"texture":"#0"}}},{"from":[6.5,-10,6.5],"to":[9.5,-9,9.5],"rotation":{"angle":0,"axis":"y","origin":[8,-3.5,8]},"faces":{"north":{"uv":[3.625,8.125,4,8.25],"texture":"#0"},"east":{"uv":[2.5,8.125,2.875,8.25],"texture":"#0"},"south":{"uv":[2.875,8.125,3.25,8.25],"texture":"#0"},"west":{"uv":[3.25,8.125,3.625,8.25],"texture":"#0"},"up":{"uv":[2.125,7.875,2.5,8.25],"rotation":90,"texture":"#0"},"down":{"uv":[1.75,7.875,2.125,8.25],"rotation":270,"texture":"#0"}}},{"from":[7,-16,7],"to":[9,-14,9],"rotation":{"angle":0,"axis":"y","origin":[8,-3.5,8]},"faces":{"north":{"uv":[2.25,8.75,2.5,9],"texture":"#0"},"east":{"uv":[1.5,8.75,1.75,9],"texture":"#0"},"south":{"uv":[1.75,8.75,2,9],"texture":"#0"},"west":{"uv":[2,8.75,2.25,9],"texture":"#0"},"up":{"uv":[1.25,8.75,1.5,9],"rotation":90,"texture":"#0"},"down":{"uv":[1,8.75,1.25,9],"rotation":270,"texture":"#0"}}},{"from":[8,-14,7],"to":[8,-10,9],"rotation":{"angle":0,"axis":"y","origin":[8,-3.5,8]},"faces":{"north":{"uv":[3.625,8.125,3.625,8.625],"texture":"#0"},"east":{"uv":[0.25,11.4375,0,11.9375],"texture":"#0"},"south":{"uv":[2.875,8.125,2.875,8.625],"texture":"#0"},"west":{"uv":[0,11.4375,0.25,11.9375],"texture":"#0"},"up":{"uv":[2.125,7.875,2.375,7.875],"rotation":90,"texture":"#0"},"down":{"uv":[1.75,7.875,2,7.875],"rotation":270,"texture":"#0"}}},{"from":[7.25,-9,6.9],"to":[9.25,-7,8.9],"rotation":{"angle":-45,"axis":"y","origin":[8,-2.5,7.65]},"faces":{"north":{"uv":[0,5.75,0.25,6],"texture":"#0"},"east":{"uv":[0.25,5.75,0.5,6],"texture":"#0"},"south":{"uv":[0.5,5.75,0.75,6],"texture":"#0"},"west":{"uv":[0.75,5.75,1,6],"texture":"#0"},"up":{"uv":[3.0625,0,3.3125,0.25],"texture":"#0"},"down":{"uv":[3.0625,0,3.3125,0.25],"texture":"#0"}}},{"from":[7.25,-2,6.9],"to":[9.25,0,8.9],"rotation":{"angle":-45,"axis":"y","origin":[8,-2.5,7.65]},"faces":{"north":{"uv":[0,5.75,0.25,6],"texture":"#0"},"east":{"uv":[0.25,5.75,0.5,6],"texture":"#0"},"south":{"uv":[0.5,5.75,0.75,6],"texture":"#0"},"west":{"uv":[0.75,5.75,1,6],"texture":"#0"},"up":{"uv":[3.0625,0,3.3125,0.25],"texture":"#0"},"down":{"uv":[3.0625,0,3.3125,0.25],"texture":"#0"}}},{"from":[7.75,-7,7.4],"to":[8.75,-2,8.4],"rotation":{"angle":-45,"axis":"y","origin":[8,-2.5,7.65]},"faces":{"north":{"uv":[0,7.5625,0.125,8.1875],"texture":"#0"},"east":{"uv":[0.25,7.5625,0.375,8.1875],"texture":"#0"},"south":{"uv":[0.5,7.5625,0.625,8.1875],"texture":"#0"},"west":{"uv":[0.75,7.5625,0.875,8.1875],"texture":"#0"},"up":{"uv":[3.0625,0,3.3125,0.25],"texture":"#0"},"down":{"uv":[3.0625,0,3.3125,0.25],"texture":"#0"}}},{"from":[6.75,0.5,9.5],"to":[9.25,3,15.5],"rotation":{"angle":22.5,"axis":"x","origin":[8,3,9.5]},"faces":{"north":{"uv":[0.6875,5.5625,0.375,5.25],"texture":"#0"},"east":{"uv":[5.25,4.9375,4.5,4.625],"texture":"#0"},"south":{"uv":[0.3125,5.5625,0,5.25],"texture":"#0"},"west":{"uv":[2.25,5.0625,1.5,4.75],"texture":"#0"},"up":{"uv":[2.9375,4.75,2.625,5.5],"texture":"#0"},"down":{"uv":[2.5625,5.5,2.25,4.75],"texture":"#0"}}},{"from":[7,1.63895,8.71513],"to":[9,6.63895,10.71513],"rotation":{"angle":45,"axis":"x","origin":[8,-4,8.65]},"faces":{"north":{"uv":[1.25,5.625,1.5,5],"texture":"#0"},"east":{"uv":[3.625,5.25,4.25,5],"rotation":270,"texture":"#0"},"south":{"uv":[4.875,5,5.125,5.625],"rotation":180,"texture":"#0"},"west":{"uv":[4.25,5.25,4.875,5],"rotation":90,"texture":"#0"},"up":{"uv":[5.5,0.25,5.75,0],"rotation":180,"texture":"#0"},"down":{"uv":[5.5,0.5,5.75,0.25],"texture":"#0"}}},{"from":[7.25,5.13449,12.89831],"to":[8.75,9.13449,14.39831],"rotation":{"angle":22.5,"axis":"x","origin":[8,-4,8.65]},"faces":{"north":{"uv":[4.5,5.75,4.6875,5.25],"texture":"#0"},"east":{"uv":[5.25,4.8125,5.75,4.625],"rotation":270,"texture":"#0"},"south":{"uv":[5.125,5.375,5.3125,5.875],"rotation":180,"texture":"#0"},"west":{"uv":[5.375,4.4375,5.875,4.25],"rotation":90,"texture":"#0"},"up":{"uv":[5.5,0.9375,5.6875,0.75],"rotation":180,"texture":"#0"},"down":{"uv":[1,5.6875,1.1875,5.5],"texture":"#0"}}},{"from":[6.75,0.5,0.5],"to":[9.25,3,6.5],"rotation":{"angle":-22.5,"axis":"x","origin":[8,3,6.5]},"faces":{"north":{"uv":[0,5.5625,0.3125,5.25],"texture":"#0"},"east":{"uv":[4.5,4.9375,5.25,4.625],"texture":"#0"},"south":{"uv":[0.375,5.5625,0.6875,5.25],"texture":"#0"},"west":{"uv":[1.5,5.0625,2.25,4.75],"texture":"#0"},"up":{"uv":[2.9375,5.5,2.625,4.75],"texture":"#0"},"down":{"uv":[2.5625,4.75,2.25,5.5],"texture":"#0"}}},{"from":[7.25,5.13449,1.60169],"to":[8.75,9.13449,3.10169],"rotation":{"angle":-22.5,"axis":"x","origin":[8,-4,7.35]},"faces":{"north":{"uv":[5.3125,5.375,5.125,5.875],"rotation":180,"texture":"#0"},"east":{"uv":[5.25,4.625,5.75,4.8125],"rotation":270,"texture":"#0"},"south":{"uv":[4.6875,5.75,4.5,5.25],"texture":"#0"},"west":{"uv":[5.375,4.25,5.875,4.4375],"rotation":90,"texture":"#0"},"up":{"uv":[5.5,0.75,5.6875,0.9375],"rotation":180,"texture":"#0"},"down":{"uv":[1,5.5,1.1875,5.6875],"texture":"#0"}}},{"from":[7,1.63895,5.28487],"to":[9,6.63895,7.28487],"rotation":{"angle":-45,"axis":"x","origin":[8,-4,7.35]},"faces":{"north":{"uv":[5.125,5,4.875,5.625],"rotation":180,"texture":"#0"},"east":{"uv":[3.625,5,4.25,5.25],"rotation":270,"texture":"#0"},"south":{"uv":[1.5,5.625,1.25,5],"texture":"#0"},"west":{"uv":[4.25,5,4.875,5.25],"rotation":90,"texture":"#0"},"up":{"uv":[5.5,0,5.75,0.25],"rotation":180,"texture":"#0"},"down":{"uv":[5.5,0.25,5.75,0.5],"texture":"#0"}}},{"from":[7.75,5,5.5],"to":[8.25,22,10.5],"rotation":{"angle":0,"axis":"y","origin":[8,23,11.5]},"faces":{"north":{"uv":[6.1875,1.125,6.25,3.25],"texture":"#0"},"east":{"uv":[5.5625,1.125,6.1875,3.25],"texture":"#0"},"south":{"uv":[6.1875,1.125,6.25,3.25],"texture":"#0"},"west":{"uv":[5.5625,1.125,6.1875,3.25],"texture":"#0"},"up":{"uv":[6.25,1.125,6.3125,1.75],"texture":"#0"},"down":{"uv":[6.25,1.125,6.3125,1.75],"texture":"#0"}}},{"from":[8,5,-0.5],"to":[8,24,5.5],"rotation":{"angle":0,"axis":"y","origin":[8,23,11.5]},"faces":{"north":{"uv":[6.1875,1.125,6.1875,3.5],"texture":"#0"},"east":{"uv":[1.25,11.25,0.5,13.625],"texture":"#0"},"south":{"uv":[6.1875,1.125,6.1875,3.5],"texture":"#0"},"west":{"uv":[0.5,11.25,1.25,13.625],"texture":"#0"},"up":{"uv":[6.25,1.125,6.25,1.875],"texture":"#0"},"down":{"uv":[6.25,1.125,6.25,1.875],"texture":"#0"}}},{"from":[8,5,10.5],"to":[8,24,16.5],"rotation":{"angle":0,"axis":"y","origin":[8,23,4.5]},"faces":{"north":{"uv":[6.1875,1.125,6.1875,3.5],"texture":"#0"},"east":{"uv":[0.5,11.25,1.25,13.625],"texture":"#0"},"south":{"uv":[6.1875,1.125,6.1875,3.5],"texture":"#0"},"west":{"uv":[1.25,11.25,0.5,13.625],"texture":"#0"},"up":{"uv":[6.25,1.875,6.25,1.125],"texture":"#0"},"down":{"uv":[6.25,1.875,6.25,1.125],"texture":"#0"}}},{"from":[7,22,4.5],"to":[9,24,11.5],"rotation":{"angle":0,"axis":"y","origin":[8,23,11.5]},"faces":{"north":{"uv":[7.375,0.5,7.625,0.75],"texture":"#0"},"east":{"uv":[7.375,0,8.25,0.25],"texture":"#0"},"south":{"uv":[7.375,0.5,7.625,0.75],"texture":"#0"},"west":{"uv":[7.375,0,8.25,0.25],"texture":"#0"},"up":{"uv":[7.125,0,7.375,0.875],"texture":"#0"},"down":{"uv":[6.875,0,7.125,0.875],"texture":"#0"}}},{"from":[7,22,0.5],"to":[9,24,4.5],"rotation":{"angle":22.5,"axis":"x","origin":[8,22,4.5]},"faces":{"north":{"uv":[7.625,0.5,7.875,0.75],"texture":"#0"},"east":{"uv":[8.75,0,8.25,0.25],"texture":"#0"},"south":{"uv":[7.625,0.5,7.875,0.75],"texture":"#0"},"west":{"uv":[8.25,0,8.75,0.25],"texture":"#0"},"up":{"uv":[9,0,9.25,0.5],"texture":"#0"},"down":{"uv":[8.75,0,9,0.5],"texture":"#0"}}},{"from":[7,22,11.5],"to":[9,24,15.5],"rotation":{"angle":-22.5,"axis":"x","origin":[8,22,11.5]},"faces":{"north":{"uv":[7.875,0.5,7.625,0.75],"texture":"#0"},"east":{"uv":[8.25,0,8.75,0.25],"texture":"#0"},"south":{"uv":[7.875,0.5,7.625,0.75],"texture":"#0"},"west":{"uv":[8.75,0,8.25,0.25],"texture":"#0"},"up":{"uv":[9,0.5,9.25,0],"texture":"#0"},"down":{"uv":[8.75,0.5,9,0],"texture":"#0"}}},{"from":[6.5,2.5,3.5],"to":[9.5,5.5,4.5],"rotation":{"angle":0,"axis":"y","origin":[8,23,11.5]},"faces":{"north":{"uv":[6.375,0.625,6.75,1],"texture":"#0"},"east":{"uv":[6.25,0.625,6.375,1],"texture":"#0"},"south":{"uv":[6.375,0.25,6.75,0.625],"texture":"#0"},"west":{"uv":[6.25,0.25,6.375,0.625],"texture":"#0"},"up":{"uv":[6.625,1,7,1.125],"texture":"#0"},"down":{"uv":[6.25,1,6.625,1.125],"texture":"#0"}}},{"from":[6.5,2.5,11.5],"to":[9.5,5.5,12.5],"rotation":{"angle":0,"axis":"y","origin":[8,23,4.5]},"faces":{"north":{"uv":[6.75,0.25,6.375,0.625],"texture":"#0"},"east":{"uv":[6.375,0.625,6.25,1],"texture":"#0"},"south":{"uv":[6.75,0.625,6.375,1],"texture":"#0"},"west":{"uv":[6.375,0.25,6.25,0.625],"texture":"#0"},"up":{"uv":[6.625,1.125,7,1],"texture":"#0"},"down":{"uv":[6.25,1.125,6.625,1],"texture":"#0"}}},{"from":[7,3,4.5],"to":[9,5,11.5],"rotation":{"angle":0,"axis":"y","origin":[8,23,11.5]},"faces":{"north":{"uv":[5.75,0,6,0.25],"texture":"#0"},"east":{"uv":[6,0,6.875,0.25],"texture":"#0"},"south":{"uv":[5.75,0,6,0.25],"texture":"#0"},"west":{"uv":[6,0,6.875,0.25],"texture":"#0"},"up":{"uv":[6,0.25,6.25,1.125],"texture":"#0"},"down":{"uv":[5.75,0.25,6,1.125],"texture":"#0"}}}],"display":{"thirdperson_righthand":{"translation":[0,6.25,1.5],"scale":[0.65,0.65,0.65]},"thirdperson_lefthand":{"rotation":[0,180,0],"translation":[0,6.25,1.5],"scale":[0.65,0.65,0.65]},"firstperson_righthand":{"rotation":[-10,10,0],"translation":[0.75,4,1.5],"scale":[0.38,0.38,0.38]},"firstperson_lefthand":{"rotation":[-10,180,0],"translation":[0.75,4,1.5],"scale":[0.38,0.38,0.38]},"ground":{"translation":[0,8.25,0],"scale":[0.5,0.5,0.5]},"gui":{"rotation":[90,-135,90],"translation":[0,0,-0.5],"scale":[0.58,0.58,0.58]},"fixed":{"rotation":[90,-45,90],"translation":[0,0,-0.5],"scale":[0.86,0.86,0.86]}},"groups":[0,1,2,3,4,5,6,7,{"name":"group","origin":[3.5,7.5,14.5],"color":0,"children":[8,9,10]},{"name":"group","origin":[3.5,7.5,14.5],"color":0,"children":[11,12,13]},{"name":"group","origin":[8,23,11.5],"color":0,"children":[14,15,16,17,18,19,20,21,22]}]}