{"credit":"Made with Blockbench","texture_size":[128,128],"textures":{"0":"item/christmas/christmas_texture_1","particle":"item/christmas/christmas_texture_1"},"elements":[{"from":[6.5,5,6.5],"to":[9.5,10,9.5],"rotation":{"angle":-45,"axis":"y","origin":[8,0.5,8]},"faces":{"north":{"uv":[14.625,1.25,15,1.875],"texture":"#0"},"east":{"uv":[13.5,1.25,13.875,1.875],"texture":"#0"},"south":{"uv":[13.875,1.25,14.25,1.875],"texture":"#0"},"west":{"uv":[14.25,1.25,14.625,1.875],"texture":"#0"},"up":{"uv":[13.375,0.875,13.75,1.25],"rotation":90,"texture":"#0"},"down":{"uv":[13,0.875,13.375,1.25],"rotation":270,"texture":"#0"}}},{"from":[7.75,-2,7.4],"to":[8.75,4,8.4],"rotation":{"angle":-45,"axis":"y","origin":[8,1.5,7.65]},"faces":{"north":{"uv":[15,2.5,15.125,3.25],"texture":"#0"},"east":{"uv":[15.25,2.5,15.375,3.25],"texture":"#0"},"south":{"uv":[15.5,2.5,15.625,3.25],"texture":"#0"},"west":{"uv":[15.75,2.5,15.875,3.25],"texture":"#0"},"up":{"uv":[14.75,0.5,14.875,0.625],"texture":"#0"},"down":{"uv":[14.75,0.5,14.875,0.625],"texture":"#0"}}},{"from":[7.25,-5,6.9],"to":[9.25,-2,8.9],"rotation":{"angle":-45,"axis":"y","origin":[8,1.5,7.65]},"faces":{"north":{"uv":[13.125,4.625,13.375,5],"texture":"#0"},"east":{"uv":[13.375,4.625,13.625,5],"texture":"#0"},"south":{"uv":[13.625,4.625,13.875,5],"texture":"#0"},"west":{"uv":[13.875,4.625,14.125,5],"texture":"#0"},"up":{"uv":[12.875,4.625,13.125,4.875],"texture":"#0"},"down":{"uv":[12.875,4.625,13.125,4.875],"texture":"#0"}}},{"from":[6.25,4,5.9],"to":[10.25,5,9.9],"rotation":{"angle":-45,"axis":"y","origin":[8,1.5,7.65]},"faces":{"north":{"uv":[13.375,3.4375,13.5,3.9375],"rotation":90,"texture":"#0"},"east":{"uv":[13.375,3.4375,13.5,3.9375],"rotation":90,"texture":"#0"},"south":{"uv":[13.375,3.4375,13.5,3.9375],"rotation":90,"texture":"#0"},"west":{"uv":[13.375,3.4375,13.5,3.9375],"rotation":90,"texture":"#0"},"up":{"uv":[12.875,3.4375,13.375,3.9375],"texture":"#0"},"down":{"uv":[12.875,3.4375,13.375,3.9375],"texture":"#0"}}},{"from":[9.5,5,7.4],"to":[13.5,10,8.4],"rotation":{"angle":0,"axis":"y","origin":[8.5,9,8.4]},"faces":{"north":{"uv":[12.875,4.125,12.375,4.75],"texture":"#0"},"east":{"uv":[12.25,4.125,12.375,4.75],"texture":"#0"},"south":{"uv":[12.375,4.125,12.875,4.75],"texture":"#0"},"west":{"uv":[12.25,4.125,12.375,4.75],"texture":"#0"},"up":{"uv":[12.375,4.75,12.875,4.875],"rotation":180,"texture":"#0"},"down":{"uv":[12.375,4.75,12.875,4.875],"rotation":180,"texture":"#0"}}},{"from":[13.5,7.5,6.9],"to":[15.5,12.5,8.9],"rotation":{"angle":22.5,"axis":"z","origin":[15.5,7.5,7.4]},"faces":{"north":{"uv":[12.75,2.75,12.5,3.375],"texture":"#0"},"east":{"uv":[12.25,2.75,12.5,3.375],"texture":"#0"},"south":{"uv":[12.5,2.75,12.75,3.375],"texture":"#0"},"west":{"uv":[12.25,2.75,12.5,3.375],"texture":"#0"},"up":{"uv":[12.5,2.5,12.75,2.75],"rotation":180,"texture":"#0"},"down":{"uv":[12.5,2.5,12.75,2.75],"rotation":180,"texture":"#0"}}},{"from":[13.5,2.5,6.925],"to":[15.5,7.5,8.875],"rotation":{"angle":-22.5,"axis":"z","origin":[15.5,7.5,7.4]},"faces":{"north":{"uv":[12.125,1.625,11.875,2.25],"texture":"#0"},"east":{"uv":[11.875,2.25,12.125,2.875],"texture":"#0"},"south":{"uv":[11.875,1.625,12.125,2.25],"texture":"#0"},"west":{"uv":[11.875,2.25,12.125,2.875],"texture":"#0"},"up":{"uv":[12.125,1.75,12.375,2],"rotation":180,"texture":"#0"},"down":{"uv":[12.125,1.75,12.375,2],"rotation":180,"texture":"#0"}}},{"from":[15.5,7.5,6.9],"to":[18.5,9.5,8.9],"rotation":{"angle":22.5,"axis":"z","origin":[15.5,7.5,7.4]},"faces":{"north":{"uv":[11.5625,5.375,11.3125,5.75],"rotation":270,"texture":"#0"},"east":{"uv":[11.8125,5.5,12.0625,5.75],"rotation":270,"texture":"#0"},"south":{"uv":[11.3125,5.375,11.5625,5.75],"rotation":90,"texture":"#0"},"west":{"uv":[11.8125,5.5,12.0625,5.75],"rotation":270,"texture":"#0"},"up":{"uv":[11.5625,5.375,11.8125,5.75],"rotation":90,"texture":"#0"},"down":{"uv":[11.5625,5.375,11.8125,5.75],"rotation":90,"texture":"#0"}}},{"from":[18.5,7,6.4],"to":[20.5,10,9.4],"rotation":{"angle":22.5,"axis":"z","origin":[15.5,7.5,7.4]},"faces":{"north":{"uv":[12.3125,6.375,11.9375,6.625],"rotation":270,"texture":"#0"},"east":{"uv":[11.9375,5.75,12.3125,6.125],"rotation":270,"texture":"#0"},"south":{"uv":[11.9375,6.375,12.3125,6.625],"rotation":90,"texture":"#0"},"west":{"uv":[11.5625,6.5,11.9375,6.875],"rotation":270,"texture":"#0"},"up":{"uv":[11.5625,6.25,11.9375,6.5],"rotation":90,"texture":"#0"},"down":{"uv":[11.9375,6.125,12.3125,6.375],"rotation":90,"texture":"#0"}}},{"from":[2.5,5,7.4],"to":[6.5,10,8.4],"rotation":{"angle":0,"axis":"y","origin":[7.5,9,8.4]},"faces":{"north":{"uv":[12.375,4.125,12.875,4.75],"texture":"#0"},"east":{"uv":[12.375,4.125,12.25,4.75],"texture":"#0"},"south":{"uv":[12.875,4.125,12.375,4.75],"texture":"#0"},"west":{"uv":[12.375,4.125,12.25,4.75],"texture":"#0"},"up":{"uv":[12.875,4.75,12.375,4.875],"rotation":180,"texture":"#0"},"down":{"uv":[12.875,4.75,12.375,4.875],"rotation":180,"texture":"#0"}}},{"from":[0.5,7.5,6.9],"to":[2.5,12.5,8.9],"rotation":{"angle":-22.5,"axis":"z","origin":[0.5,7.5,7.4]},"faces":{"north":{"uv":[12.5,2.75,12.75,3.375],"texture":"#0"},"east":{"uv":[12.5,2.75,12.25,3.375],"texture":"#0"},"south":{"uv":[12.75,2.75,12.5,3.375],"texture":"#0"},"west":{"uv":[12.5,2.75,12.25,3.375],"texture":"#0"},"up":{"uv":[12.75,2.5,12.5,2.75],"rotation":180,"texture":"#0"},"down":{"uv":[12.75,2.5,12.5,2.75],"rotation":180,"texture":"#0"}}},{"from":[0.5,2.5,6.925],"to":[2.5,7.5,8.875],"rotation":{"angle":22.5,"axis":"z","origin":[0.5,7.5,7.4]},"faces":{"north":{"uv":[11.875,1.625,12.125,2.25],"texture":"#0"},"east":{"uv":[12.125,2.25,11.875,2.875],"texture":"#0"},"south":{"uv":[12.125,1.625,11.875,2.25],"texture":"#0"},"west":{"uv":[12.125,2.25,11.875,2.875],"texture":"#0"},"up":{"uv":[12.375,1.75,12.125,2],"rotation":180,"texture":"#0"},"down":{"uv":[12.375,1.75,12.125,2],"rotation":180,"texture":"#0"}}},{"from":[-2.5,7.5,6.9],"to":[0.5,9.5,8.9],"rotation":{"angle":-22.5,"axis":"z","origin":[0.5,7.5,7.4]},"faces":{"north":{"uv":[11.5625,5.75,11.3125,5.375],"rotation":270,"texture":"#0"},"east":{"uv":[11.8125,5.75,12.0625,5.5],"rotation":270,"texture":"#0"},"south":{"uv":[11.3125,5.75,11.5625,5.375],"rotation":90,"texture":"#0"},"west":{"uv":[11.8125,5.75,12.0625,5.5],"rotation":270,"texture":"#0"},"up":{"uv":[11.5625,5.75,11.8125,5.375],"rotation":90,"texture":"#0"},"down":{"uv":[11.5625,5.75,11.8125,5.375],"rotation":90,"texture":"#0"}}},{"from":[-4.5,7,6.4],"to":[-2.5,10,9.4],"rotation":{"angle":-22.5,"axis":"z","origin":[0.5,7.5,7.4]},"faces":{"north":{"uv":[12.3125,6.625,11.9375,6.375],"rotation":270,"texture":"#0"},"east":{"uv":[11.5625,6.875,11.9375,6.5],"rotation":270,"texture":"#0"},"south":{"uv":[11.9375,6.625,12.3125,6.375],"rotation":90,"texture":"#0"},"west":{"uv":[11.9375,6.125,12.3125,5.75],"rotation":270,"texture":"#0"},"up":{"uv":[11.5625,6.5,11.9375,6.25],"rotation":90,"texture":"#0"},"down":{"uv":[11.9375,6.375,12.3125,6.125],"rotation":90,"texture":"#0"}}},{"from":[6.25,10,5.9],"to":[10.25,11,9.9],"rotation":{"angle":-45,"axis":"y","origin":[8,1.5,7.65]},"faces":{"north":{"uv":[13.75,1,14.25,1.125],"texture":"#0"},"east":{"uv":[13.75,0.75,14.25,0.875],"texture":"#0"},"south":{"uv":[14.375,1,14.875,1.125],"texture":"#0"},"west":{"uv":[14.375,0.75,14.875,0.875],"texture":"#0"},"up":{"uv":[14.4375,2.5625,14.9375,3.0625],"texture":"#0"},"down":{"uv":[14.4375,2.5625,14.9375,3.0625],"texture":"#0"}}},{"from":[5.5,11,7.5],"to":[6.5,25,8.5],"rotation":{"angle":-45,"axis":"y","origin":[6,18,8]},"faces":{"north":{"uv":[12.3125,4.875,12.4375,6.625],"texture":"#0"},"east":{"uv":[12.3125,4.875,12.4375,6.625],"texture":"#0"},"south":{"uv":[12.4375,4.875,12.3125,6.625],"texture":"#0"},"west":{"uv":[12.3125,4.875,12.4375,6.625],"texture":"#0"},"up":{"uv":[11.8125,5.375,11.9375,5.5],"texture":"#0"},"down":{"uv":[11.8125,5.375,11.9375,5.5],"texture":"#0"}}},{"from":[9.5,11,7.5],"to":[10.5,25,8.5],"rotation":{"angle":45,"axis":"y","origin":[10,18,8]},"faces":{"north":{"uv":[12.4375,4.875,12.3125,6.625],"texture":"#0"},"east":{"uv":[12.4375,4.875,12.3125,6.625],"texture":"#0"},"south":{"uv":[12.3125,4.875,12.4375,6.625],"texture":"#0"},"west":{"uv":[12.4375,4.875,12.3125,6.625],"texture":"#0"},"up":{"uv":[11.9375,5.375,11.8125,5.5],"texture":"#0"},"down":{"uv":[11.9375,5.375,11.8125,5.5],"texture":"#0"}}},{"from":[6,11,7.5],"to":[10,25,8.5],"rotation":{"angle":0,"axis":"y","origin":[8,11.5,8]},"faces":{"north":{"uv":[12.4375,4.875,12.9375,6.625],"texture":"#0"},"east":{"uv":[12.3125,4.875,12.4375,6.625],"texture":"#0"},"south":{"uv":[12.9375,4.875,12.4375,6.625],"texture":"#0"},"west":{"uv":[12.9375,4.875,13.0625,6.625],"texture":"#0"},"up":{"uv":[11.8125,5.375,12.3125,5.5],"texture":"#0"},"down":{"uv":[11.8125,5.375,12.3125,5.5],"texture":"#0"}}},{"from":[6.25,-7,7.65],"to":[9.75,-5,10.15],"rotation":{"angle":0,"axis":"y","origin":[8,1.5,7.65]},"faces":{"north":{"uv":[12.9375,0.25,13.375,0.5],"texture":"#0"},"east":{"uv":[12.5,0.625,12.8125,0.875],"texture":"#0"},"south":{"uv":[12.9375,0,13.375,0.25],"texture":"#0"},"west":{"uv":[12.8125,0.625,13.125,0.875],"texture":"#0"},"up":{"uv":[12.5,0,12.9375,0.3125],"texture":"#0"},"down":{"uv":[12.5,0.3125,12.9375,0.625],"texture":"#0"}}},{"from":[6,-8,6.75],"to":[10,-4,8.75],"rotation":{"angle":0,"axis":"y","origin":[0,-19,8.25]},"faces":{"north":{"uv":[7.375,10.625,7.875,11.125],"texture":"#0"},"east":{"uv":[8.625,10.25,8.875,10.75],"texture":"#0"},"south":{"uv":[7.875,10.625,8.375,11.125],"texture":"#0"},"west":{"uv":[1,10.5,1.25,11],"texture":"#0"},"up":{"uv":[3.25,9,2.75,8.75],"texture":"#0"},"down":{"uv":[10.75,9.25,10.25,9.5],"texture":"#0"}}},{"from":[6,-8,5.75],"to":[10,-7,6.75],"rotation":{"angle":0,"axis":"y","origin":[0,-19,8.25]},"faces":{"north":{"uv":[6.25,5.75,6.75,5.875],"texture":"#0"},"east":{"uv":[7.875,9.625,8,9.75],"texture":"#0"},"south":{"uv":[6.75,5.75,7.25,5.875],"texture":"#0"},"west":{"uv":[9.75,5.625,9.875,5.75],"texture":"#0"},"up":{"uv":[7.75,5.875,7.25,5.75],"texture":"#0"},"down":{"uv":[8.25,5.75,7.75,5.875],"texture":"#0"}}},{"from":[6,-5,5.75],"to":[10,-4,6.75],"rotation":{"angle":0,"axis":"y","origin":[0,-19,8.25]},"faces":{"north":{"uv":[8.25,5.75,8.75,5.875],"texture":"#0"},"east":{"uv":[9.875,5.625,10,5.75],"texture":"#0"},"south":{"uv":[2.75,9,3.25,9.125],"texture":"#0"},"west":{"uv":[10,5.625,10.125,5.75],"texture":"#0"},"up":{"uv":[9.75,5.75,9.25,5.625],"texture":"#0"},"down":{"uv":[10,8.5,9.5,8.625],"texture":"#0"}}},{"from":[9,-7,5.75],"to":[10,-5,6.75],"rotation":{"angle":0,"axis":"y","origin":[0,-19,8.25]},"faces":{"north":{"uv":[8.875,10.25,9,10.5],"texture":"#0"},"east":{"uv":[7.375,10.375,7.5,10.625],"texture":"#0"},"south":{"uv":[8.75,10.75,8.875,11],"texture":"#0"},"west":{"uv":[10.875,7.5,11,7.75],"texture":"#0"},"up":{"uv":[10.125,8.625,10,8.5],"texture":"#0"},"down":{"uv":[1.375,10.125,1.25,10.25],"texture":"#0"}}},{"from":[6,-7,5.75],"to":[7,-5,6.75],"rotation":{"angle":0,"axis":"y","origin":[0,-19,8.25]},"faces":{"north":{"uv":[10.875,7.75,11,8],"texture":"#0"},"east":{"uv":[10.875,8,11,8.25],"texture":"#0"},"south":{"uv":[10.875,8.625,11,8.875],"texture":"#0"},"west":{"uv":[8.875,10.875,9,11.125],"texture":"#0"},"up":{"uv":[1.5,10.25,1.375,10.125],"texture":"#0"},"down":{"uv":[1.625,10.125,1.5,10.25],"texture":"#0"}}},{"from":[6.5,-6.25,5.25],"to":[9.5,-5.75,6.75],"rotation":{"angle":0,"axis":"y","origin":[0,-19,8.25]},"faces":{"north":{"uv":[2.375,9.5,2.75,9.5625],"texture":"#0"},"east":{"uv":[10.125,5.625,10.3125,5.6875],"texture":"#0"},"south":{"uv":[7.5,9.625,7.875,9.6875],"texture":"#0"},"west":{"uv":[10.25,7,10.4375,7.0625],"texture":"#0"},"up":{"uv":[11.125,10.6875,10.75,10.5],"texture":"#0"},"down":{"uv":[11.125,10.75,10.75,10.9375],"texture":"#0"}}},{"from":[7,-9.5,6.75],"to":[9,-7.5,8.75],"rotation":{"angle":45,"axis":"z","origin":[8,-8.5,7.75]},"faces":{"north":{"uv":[1.5,10.875,1.75,11.125],"texture":"#0"},"east":{"uv":[1.75,10.875,2,11.125],"texture":"#0"},"south":{"uv":[5.25,10.75,5.5,11],"texture":"#0"},"west":{"uv":[1.25,10.875,1.5,11.125],"texture":"#0"},"up":{"uv":[3.75,11.125,3.5,10.875],"rotation":180,"texture":"#0"},"down":{"uv":[4,10.875,3.75,11.125],"rotation":180,"texture":"#0"}}},{"from":[5,-10.5,6.75],"to":[8,-8.5,8.75],"rotation":{"angle":0,"axis":"y","origin":[6.5,-9.5,7.75]},"faces":{"north":{"uv":[10,4.125,10.375,4.375],"texture":"#0"},"east":{"uv":[4.25,10.875,4.5,11.125],"texture":"#0"},"south":{"uv":[2.375,9.25,2.75,9.5],"texture":"#0"},"west":{"uv":[4,10.875,4.25,11.125],"texture":"#0"},"up":{"uv":[2.375,10.5,2,10.25],"rotation":180,"texture":"#0"},"down":{"uv":[9.25,10.625,8.875,10.875],"rotation":180,"texture":"#0"}}},{"from":[4.9,-12.7,6.75],"to":[7.9,-10.7,8.75],"rotation":{"angle":45,"axis":"z","origin":[6.5,-10.5,7.75]},"faces":{"north":{"uv":[9.625,10.625,10,10.875],"texture":"#0"},"east":{"uv":[4.75,10.875,5,11.125],"texture":"#0"},"south":{"uv":[9.25,10.625,9.625,10.875],"texture":"#0"},"west":{"uv":[4.5,10.875,4.75,11.125],"texture":"#0"},"up":{"uv":[11.125,7.25,10.75,7],"rotation":180,"texture":"#0"},"down":{"uv":[11.125,7.25,10.75,7.5],"rotation":180,"texture":"#0"}}},{"from":[8,-10.5,6.75],"to":[11,-8.5,8.75],"rotation":{"angle":0,"axis":"y","origin":[9.5,-9.5,7.75]},"faces":{"north":{"uv":[10.75,9.25,11.125,9.5],"texture":"#0"},"east":{"uv":[10.875,6.25,11.125,6.5],"texture":"#0"},"south":{"uv":[8.375,10.75,8.75,11],"texture":"#0"},"west":{"uv":[5,10.875,5.25,11.125],"texture":"#0"},"up":{"uv":[11.125,9.75,10.75,9.5],"rotation":180,"texture":"#0"},"down":{"uv":[11.125,9.75,10.75,10],"rotation":180,"texture":"#0"}}},{"from":[5,-13,8.775],"to":[11,-7,8.775],"rotation":{"angle":-45,"axis":"z","origin":[8,-10,8.85]},"faces":{"north":{"uv":[0.75,12,0,12.75],"texture":"#0"},"south":{"uv":[0,12,0.75,12.75],"texture":"#0"}}},{"from":[5,-13,6.725],"to":[11,-7,6.725],"rotation":{"angle":-45,"axis":"z","origin":[8,-10,6.65]},"faces":{"north":{"uv":[0.75,12,0,12.75],"texture":"#0"},"south":{"uv":[0,12,0.75,12.75],"texture":"#0"}}},{"from":[8.1,-12.7,6.75],"to":[11.1,-10.7,8.75],"rotation":{"angle":-45,"axis":"z","origin":[9.5,-10.5,7.75]},"faces":{"north":{"uv":[10,10.625,9.625,10.875],"texture":"#0"},"east":{"uv":[4.75,10.875,4.5,11.125],"texture":"#0"},"south":{"uv":[9.625,10.625,9.25,10.875],"texture":"#0"},"west":{"uv":[5,10.875,4.75,11.125],"texture":"#0"},"up":{"uv":[10.75,7.25,11.125,7],"rotation":180,"texture":"#0"},"down":{"uv":[10.75,7.25,11.125,7.5],"rotation":180,"texture":"#0"}}},{"from":[5,26,7],"to":[9,30,9],"rotation":{"angle":45,"axis":"z","origin":[8,29,8]},"faces":{"north":{"uv":[1.5,11.125,2,11.625],"texture":"#0"},"east":{"uv":[1.25,11.125,1.5,11.625],"texture":"#0"},"south":{"uv":[1.5,11.125,2,11.625],"texture":"#0"},"west":{"uv":[1.25,11.125,1.5,11.625],"texture":"#0"},"up":{"uv":[1.75,11.875,1.25,11.625],"rotation":180,"texture":"#0"},"down":{"uv":[1.75,11.625,1.25,11.875],"rotation":180,"texture":"#0"}}},{"from":[9,26,7],"to":[13,28,9],"rotation":{"angle":22.5,"axis":"z","origin":[10.5,27,8]},"faces":{"north":{"uv":[2.25,11,2.75,11.25],"texture":"#0"},"east":{"uv":[2,11,2.25,11.25],"texture":"#0"},"south":{"uv":[2.75,11,2.25,11.25],"texture":"#0"},"west":{"uv":[2,11,2.25,11.25],"texture":"#0"},"up":{"uv":[2.5,11.75,2,11.5],"rotation":180,"texture":"#0"},"down":{"uv":[2.5,11.25,2,11.5],"rotation":180,"texture":"#0"}}},{"from":[3,21.5,6.975],"to":[13,31.5,6.975],"rotation":{"angle":-45,"axis":"z","origin":[8,26.5,6.9]},"faces":{"north":{"uv":[1.25,12.8125,0,14.0625],"texture":"#0"},"south":{"uv":[0,12.8125,1.25,14.0625],"texture":"#0"}}},{"from":[3,21.5,9.025],"to":[13,31.5,9.025],"rotation":{"angle":-45,"axis":"z","origin":[8,26.5,9.1]},"faces":{"north":{"uv":[1.25,12.8125,0,14.0625],"texture":"#0"},"south":{"uv":[0,12.8125,1.25,14.0625],"texture":"#0"}}},{"from":[9.1,22.8,7],"to":[13.1,24.8,9],"rotation":{"angle":-45,"axis":"z","origin":[10.5,25,8]},"faces":{"north":{"uv":[3,11,3.5,11.25],"texture":"#0"},"east":{"uv":[2.75,11,3,11.25],"texture":"#0"},"south":{"uv":[3.5,11,3,11.25],"texture":"#0"},"west":{"uv":[2.75,11,3,11.25],"texture":"#0"},"up":{"uv":[3,11.5,2.5,11.25],"rotation":180,"texture":"#0"},"down":{"uv":[3,11.25,2.5,11.5],"rotation":180,"texture":"#0"}}},{"from":[9.1,24.8,7],"to":[11.1,25.8,9],"rotation":{"angle":-45,"axis":"z","origin":[10.5,25,8]},"faces":{"north":{"uv":[1,11.125,1.25,11.25],"texture":"#0"},"east":{"uv":[1,11,1.25,11.125],"texture":"#0"},"south":{"uv":[1,11.125,1.25,11.25],"texture":"#0"},"west":{"uv":[1,11,1.25,11.125],"texture":"#0"},"up":{"uv":[1.25,11.5,1,11.25],"rotation":180,"texture":"#0"},"down":{"uv":[1.25,11.25,1,11.5],"rotation":180,"texture":"#0"}}},{"from":[3,26,7],"to":[7,28,9],"rotation":{"angle":-22.5,"axis":"z","origin":[5.5,27,8]},"faces":{"north":{"uv":[2.75,11,2.25,11.25],"texture":"#0"},"east":{"uv":[2.25,11,2,11.25],"texture":"#0"},"south":{"uv":[2.25,11,2.75,11.25],"texture":"#0"},"west":{"uv":[2.25,11,2,11.25],"texture":"#0"},"up":{"uv":[2,11.75,2.5,11.5],"rotation":180,"texture":"#0"},"down":{"uv":[2,11.25,2.5,11.5],"rotation":180,"texture":"#0"}}},{"from":[4.9,24.8,7],"to":[6.9,25.8,9],"rotation":{"angle":45,"axis":"z","origin":[5.5,25,8]},"faces":{"north":{"uv":[1.25,11.125,1,11.25],"texture":"#0"},"east":{"uv":[1.25,11,1,11.125],"texture":"#0"},"south":{"uv":[1.25,11.125,1,11.25],"texture":"#0"},"west":{"uv":[1.25,11,1,11.125],"texture":"#0"},"up":{"uv":[1,11.5,1.25,11.25],"rotation":180,"texture":"#0"},"down":{"uv":[1,11.25,1.25,11.5],"rotation":180,"texture":"#0"}}},{"from":[2.9,22.8,7],"to":[6.9,24.8,9],"rotation":{"angle":45,"axis":"z","origin":[5.5,25,8]},"faces":{"north":{"uv":[3.5,11,3,11.25],"texture":"#0"},"east":{"uv":[3,11,2.75,11.25],"texture":"#0"},"south":{"uv":[3,11,3.5,11.25],"texture":"#0"},"west":{"uv":[3,11,2.75,11.25],"texture":"#0"},"up":{"uv":[2.5,11.5,3,11.25],"rotation":180,"texture":"#0"},"down":{"uv":[2.5,11.25,3,11.5],"rotation":180,"texture":"#0"}}}],"display":{"thirdperson_righthand":{"rotation":[0,90,0],"translation":[0,3,1.5],"scale":[0.65,0.65,0.65]},"thirdperson_lefthand":{"rotation":[0,90,0],"translation":[0,3,1.5],"scale":[0.65,0.65,0.65]},"firstperson_righthand":{"rotation":[0,90,0],"translation":[0.75,4,1.5],"scale":[0.38,0.38,0.38]},"firstperson_lefthand":{"rotation":[0,90,0],"translation":[0.75,4,1.5],"scale":[0.38,0.38,0.38]},"ground":{"translation":[0,8.25,0],"scale":[0.5,0.5,0.5]},"gui":{"rotation":[0,-180,45],"translation":[0,0,-0.5],"scale":[0.58,0.58,0.58]},"fixed":{"rotation":[0,-180,45],"translation":[0,0,-0.5],"scale":[0.58,0.58,0.58]}},"groups":[0,{"name":"group","origin":[10.5,16,7.5],"color":0,"children":[1,2,3,{"name":"group","origin":[8,24.5,-1],"color":0,"children":[4,5,6,7,8]},{"name":"group","origin":[8,24.5,-1],"color":0,"children":[9,10,11,12,13]},14,15,16,17,18]},{"name":"group","origin":[0,0,0],"color":0,"children":[19,20,21,22,23,24]},{"name":"group","origin":[6.5,4,-1],"color":0,"children":[25,26,27,28,29,30,31]},{"name":"group","origin":[6.5,4,-1],"color":0,"children":[32,33,34,35,36,37,38,39,40]}]}