{"credit":"Made with Blockbench","texture_size":[128,128],"textures":{"0":"item/christmas/christmas_texture_1","particle":"item/christmas/christmas_texture_1"},"elements":[{"from":[6.5,13,6.5],"to":[9.5,18,9.5],"rotation":{"angle":45,"axis":"y","origin":[8,0.5,8]},"faces":{"north":{"uv":[14.625,1.25,15,1.875],"texture":"#0"},"east":{"uv":[13.5,1.25,13.875,1.875],"texture":"#0"},"south":{"uv":[13.875,1.25,14.25,1.875],"texture":"#0"},"west":{"uv":[14.25,1.25,14.625,1.875],"texture":"#0"},"up":{"uv":[13.375,0.875,13.75,1.25],"rotation":90,"texture":"#0"},"down":{"uv":[13,0.875,13.375,1.25],"rotation":270,"texture":"#0"}}},{"from":[7.65,15.5,3.5],"to":[9.65,17.5,6.5],"rotation":{"angle":0,"axis":"y","origin":[8,1.5,7.65]},"faces":{"north":{"uv":[13.125,2.25,13.375,2.5],"texture":"#0"},"east":{"uv":[12.75,2,13.125,2.25],"texture":"#0"},"south":{"uv":[13.125,2,13.375,2.25],"texture":"#0"},"west":{"uv":[12.75,2.25,13.125,2.5],"texture":"#0"},"up":{"uv":[12.5,2,12.75,2.375],"texture":"#0"},"down":{"uv":[12.25,2,12.5,2.375],"texture":"#0"}}},{"from":[7.65,15.5,9.5],"to":[9.65,17.5,12.5],"rotation":{"angle":0,"axis":"y","origin":[8,1.5,8.35]},"faces":{"north":{"uv":[13.375,2,13.125,2.25],"texture":"#0"},"east":{"uv":[13.125,2,12.75,2.25],"texture":"#0"},"south":{"uv":[13.375,2.25,13.125,2.5],"texture":"#0"},"west":{"uv":[13.125,2.25,12.75,2.5],"texture":"#0"},"up":{"uv":[12.5,2.375,12.75,2],"texture":"#0"},"down":{"uv":[12.25,2.375,12.5,2],"texture":"#0"}}},{"from":[8.65,14,6.5],"to":[11.65,18,9.5],"rotation":{"angle":0,"axis":"y","origin":[8,1.5,7.65]},"faces":{"north":{"uv":[13.5,3.5,13.875,4],"texture":"#0"},"east":{"uv":[13.875,3.5,14.25,4],"texture":"#0"},"south":{"uv":[14.25,3.5,14.625,4],"texture":"#0"},"west":{"uv":[14.625,3.5,15,4],"texture":"#0"},"up":{"uv":[14.625,3.125,15,3.5],"texture":"#0"},"down":{"uv":[14.25,3.125,14.625,3.5],"texture":"#0"}}},{"from":[8.65,9,8.5],"to":[12.65,14,8.5],"rotation":{"angle":-22.5,"axis":"y","origin":[8.9,11.5,8.5]},"faces":{"north":{"uv":[16,4.625,15.5,5.25],"texture":"#0"},"east":{"uv":[13.875,3.5,13.875,4.125],"texture":"#0"},"south":{"uv":[15.5,4.625,16,5.25],"texture":"#0"},"west":{"uv":[14.625,3.5,14.625,4.125],"texture":"#0"},"up":{"uv":[14.625,3.125,15.125,3.125],"texture":"#0"},"down":{"uv":[14.25,3.125,14.75,3.125],"texture":"#0"}}},{"from":[8.65,7,8],"to":[13.65,14,8],"rotation":{"angle":0,"axis":"y","origin":[8.9,11.5,8.5]},"faces":{"north":{"uv":[16,5.25,15.375,6.125],"texture":"#0"},"east":{"uv":[13.875,3.5,13.875,4.125],"texture":"#0"},"south":{"uv":[15.375,5.25,16,6.125],"texture":"#0"},"west":{"uv":[14.625,3.5,14.625,4.125],"texture":"#0"},"up":{"uv":[14.625,3.125,15.125,3.125],"texture":"#0"},"down":{"uv":[14.25,3.125,14.75,3.125],"texture":"#0"}}},{"from":[8.65,9,7.8],"to":[12.65,14,7.8],"rotation":{"angle":22.5,"axis":"y","origin":[8.9,11.5,7.8]},"faces":{"north":{"uv":[16,4.625,15.5,5.25],"texture":"#0"},"east":{"uv":[13.875,3.5,13.875,4.125],"texture":"#0"},"south":{"uv":[15.5,4.625,16,5.25],"texture":"#0"},"west":{"uv":[14.625,3.5,14.625,4.125],"texture":"#0"},"up":{"uv":[14.625,3.125,15.125,3.125],"texture":"#0"},"down":{"uv":[14.25,3.125,14.75,3.125],"texture":"#0"}}},{"from":[7.25,-4,6.9],"to":[9.25,13,8.9],"rotation":{"angle":-45,"axis":"y","origin":[8,1.5,7.65]},"faces":{"north":{"uv":[15,2.5,15.25,4.625],"texture":"#0"},"east":{"uv":[15.25,2.5,15.5,4.625],"texture":"#0"},"south":{"uv":[15.5,2.5,15.75,4.625],"texture":"#0"},"west":{"uv":[15.75,2.5,16,4.625],"texture":"#0"},"up":{"uv":[14.75,0.5,15,0.75],"texture":"#0"},"down":{"uv":[14.75,0.5,15,0.75],"texture":"#0"}}},{"from":[7,20,6.9],"to":[9,28,8.9],"rotation":{"angle":0,"axis":"y","origin":[8.5,26,7.9]},"faces":{"north":{"uv":[15,2.5,15.25,3.5],"texture":"#0"},"east":{"uv":[15.5,2.5,15.75,3.5],"texture":"#0"},"south":{"uv":[15.25,2.5,15.5,3.5],"texture":"#0"},"west":{"uv":[15.75,2.5,16,3.5],"texture":"#0"},"up":{"uv":[15.4375,3.75,15.6875,4],"rotation":90,"texture":"#0"},"down":{"uv":[15.4375,3.5,15.6875,3.75],"rotation":270,"texture":"#0"}}},{"from":[7.5,22,2.9],"to":[8.5,27,6.9],"rotation":{"angle":0,"axis":"y","origin":[8.5,26,7.9]},"faces":{"north":{"uv":[12.25,4.125,12.375,4.75],"texture":"#0"},"east":{"uv":[12.375,4.125,12.875,4.75],"texture":"#0"},"south":{"uv":[12.25,4.125,12.375,4.75],"texture":"#0"},"west":{"uv":[12.875,4.125,12.375,4.75],"texture":"#0"},"up":{"uv":[12.375,4.75,12.875,4.875],"rotation":90,"texture":"#0"},"down":{"uv":[12.375,4.75,12.875,4.875],"rotation":270,"texture":"#0"}}},{"from":[8,17,-3.35],"to":[8,32,2.65],"rotation":{"angle":0,"axis":"y","origin":[8.5,26,7.9]},"faces":{"north":{"uv":[15,2.5,15,4.375],"texture":"#0"},"east":{"uv":[16,6.25,15.25,8.125],"texture":"#0"},"south":{"uv":[15.25,2.5,15.25,4.375],"texture":"#0"},"west":{"uv":[15.25,6.25,16,8.125],"texture":"#0"},"up":{"uv":[15.4375,3.75,16.1875,3.75],"rotation":90,"texture":"#0"},"down":{"uv":[15.4375,3.5,16.1875,3.5],"rotation":270,"texture":"#0"}}},{"from":[7,24.5,0.9],"to":[9,29.5,2.9],"rotation":{"angle":22.5,"axis":"x","origin":[7.5,24.5,0.9]},"faces":{"north":{"uv":[12.25,2.75,12.5,3.375],"texture":"#0"},"east":{"uv":[12.5,2.75,12.75,3.375],"texture":"#0"},"south":{"uv":[12.25,2.75,12.5,3.375],"texture":"#0"},"west":{"uv":[12.75,2.75,12.5,3.375],"texture":"#0"},"up":{"uv":[12.5,2.5,12.75,2.75],"rotation":90,"texture":"#0"},"down":{"uv":[12.5,2.5,12.75,2.75],"rotation":270,"texture":"#0"}}},{"from":[7.025,19.5,0.9],"to":[8.975,24.5,2.9],"rotation":{"angle":-22.5,"axis":"x","origin":[7.5,24.5,0.9]},"faces":{"north":{"uv":[11.875,2.25,12.125,2.875],"texture":"#0"},"east":{"uv":[11.875,1.625,12.125,2.25],"texture":"#0"},"south":{"uv":[11.875,2.25,12.125,2.875],"texture":"#0"},"west":{"uv":[12.125,1.625,11.875,2.25],"texture":"#0"},"up":{"uv":[12.125,1.75,12.375,2],"rotation":90,"texture":"#0"},"down":{"uv":[12.125,1.75,12.375,2],"rotation":270,"texture":"#0"}}},{"from":[7.75,24.5,-1.1],"to":[8.25,31.5,0.9],"rotation":{"angle":22.5,"axis":"x","origin":[8,24.5,-1.1]},"faces":{"north":{"uv":[11.125,6.25,11.1875,7.125],"texture":"#0"},"east":{"uv":[11.25,6.25,11.5,7.125],"texture":"#0"},"south":{"uv":[11.1875,6.25,11.25,7.125],"texture":"#0"},"west":{"uv":[11.25,6.25,11.5,7.125],"texture":"#0"},"up":{"uv":[11.375,7.125,11.625,7.1875],"rotation":90,"texture":"#0"},"down":{"uv":[11.125,7.125,11.375,7.1875],"rotation":270,"texture":"#0"}}},{"from":[7.775,17.5,-1.1],"to":[8.2,24.5,0.9],"rotation":{"angle":-22.5,"axis":"x","origin":[8,24.5,-1.1]},"faces":{"north":{"uv":[11.125,7.1875,11.1875,8.0625],"texture":"#0"},"east":{"uv":[11.25,7.1875,11.5,8.0625],"texture":"#0"},"south":{"uv":[11.1875,7.1875,11.25,8.0625],"texture":"#0"},"west":{"uv":[11.25,7.1875,11.5,8.0625],"texture":"#0"},"up":{"uv":[11.375,8.0625,11.625,8.125],"rotation":90,"texture":"#0"},"down":{"uv":[11.125,8.0625,11.375,8.125],"rotation":270,"texture":"#0"}}},{"from":[7.5,22,8.9],"to":[8.5,27,12.9],"rotation":{"angle":0,"axis":"y","origin":[8.5,26,7.9]},"faces":{"north":{"uv":[12.375,4.125,12.25,4.75],"texture":"#0"},"east":{"uv":[12.875,4.125,12.375,4.75],"texture":"#0"},"south":{"uv":[12.375,4.125,12.25,4.75],"texture":"#0"},"west":{"uv":[12.375,4.125,12.875,4.75],"texture":"#0"},"up":{"uv":[12.875,4.75,12.375,4.875],"rotation":90,"texture":"#0"},"down":{"uv":[12.875,4.75,12.375,4.875],"rotation":270,"texture":"#0"}}},{"from":[8,17,13.15],"to":[8,32,19.15],"rotation":{"angle":0,"axis":"y","origin":[8.5,26,7.9]},"faces":{"north":{"uv":[15.25,2.5,15.25,4.375],"texture":"#0"},"east":{"uv":[15.25,6.25,16,8.125],"texture":"#0"},"south":{"uv":[15,2.5,15,4.375],"texture":"#0"},"west":{"uv":[16,6.25,15.25,8.125],"texture":"#0"},"up":{"uv":[16.1875,3.75,15.4375,3.75],"rotation":90,"texture":"#0"},"down":{"uv":[16.1875,3.5,15.4375,3.5],"rotation":270,"texture":"#0"}}},{"from":[7,24.5,12.9],"to":[9,29.5,14.9],"rotation":{"angle":-22.5,"axis":"x","origin":[7.5,24.5,14.9]},"faces":{"north":{"uv":[12.5,2.75,12.25,3.375],"texture":"#0"},"east":{"uv":[12.75,2.75,12.5,3.375],"texture":"#0"},"south":{"uv":[12.5,2.75,12.25,3.375],"texture":"#0"},"west":{"uv":[12.5,2.75,12.75,3.375],"texture":"#0"},"up":{"uv":[12.75,2.5,12.5,2.75],"rotation":90,"texture":"#0"},"down":{"uv":[12.75,2.5,12.5,2.75],"rotation":270,"texture":"#0"}}},{"from":[7.025,19.5,12.9],"to":[8.975,24.5,14.9],"rotation":{"angle":22.5,"axis":"x","origin":[7.5,24.5,14.9]},"faces":{"north":{"uv":[12.125,2.25,11.875,2.875],"texture":"#0"},"east":{"uv":[12.125,1.625,11.875,2.25],"texture":"#0"},"south":{"uv":[12.125,2.25,11.875,2.875],"texture":"#0"},"west":{"uv":[11.875,1.625,12.125,2.25],"texture":"#0"},"up":{"uv":[12.375,1.75,12.125,2],"rotation":90,"texture":"#0"},"down":{"uv":[12.375,1.75,12.125,2],"rotation":270,"texture":"#0"}}},{"from":[7.75,24.5,14.9],"to":[8.25,31.5,16.9],"rotation":{"angle":-22.5,"axis":"x","origin":[8,24.5,16.9]},"faces":{"north":{"uv":[11.25,6.25,11.1875,7.125],"texture":"#0"},"east":{"uv":[11.5,6.25,11.25,7.125],"texture":"#0"},"south":{"uv":[11.1875,6.25,11.125,7.125],"texture":"#0"},"west":{"uv":[11.5,6.25,11.25,7.125],"texture":"#0"},"up":{"uv":[11.625,7.125,11.375,7.1875],"rotation":90,"texture":"#0"},"down":{"uv":[11.375,7.125,11.125,7.1875],"rotation":270,"texture":"#0"}}},{"from":[7.775,17.5,14.9],"to":[8.2,24.5,16.9],"rotation":{"angle":22.5,"axis":"x","origin":[8,24.5,16.9]},"faces":{"north":{"uv":[11.25,7.1875,11.1875,8.0625],"texture":"#0"},"east":{"uv":[11.5,7.1875,11.25,8.0625],"texture":"#0"},"south":{"uv":[11.1875,7.1875,11.125,8.0625],"texture":"#0"},"west":{"uv":[11.5,7.1875,11.25,8.0625],"texture":"#0"},"up":{"uv":[11.625,8.0625,11.375,8.125],"rotation":90,"texture":"#0"},"down":{"uv":[11.375,8.0625,11.125,8.125],"rotation":270,"texture":"#0"}}},{"from":[6.25,20,5.9],"to":[10.25,21,9.9],"rotation":{"angle":-45,"axis":"y","origin":[8,1.5,7.65]},"faces":{"north":{"uv":[13.75,1,14.25,1.125],"texture":"#0"},"east":{"uv":[13.75,0.75,14.25,0.875],"texture":"#0"},"south":{"uv":[14.375,1,14.875,1.125],"texture":"#0"},"west":{"uv":[14.375,0.75,14.875,0.875],"texture":"#0"},"up":{"uv":[14.4375,2.5625,14.9375,3.0625],"texture":"#0"},"down":{"uv":[14.4375,2.5625,14.9375,3.0625],"texture":"#0"}}},{"from":[5.75,18,5.4],"to":[10.75,20,10.4],"rotation":{"angle":-45,"axis":"y","origin":[8,1.5,7.65]},"faces":{"north":{"uv":[13.75,1,14.375,1.25],"texture":"#0"},"east":{"uv":[13.75,0.75,14.375,1],"texture":"#0"},"south":{"uv":[14.375,1,15,1.25],"texture":"#0"},"west":{"uv":[14.375,0.75,15,1],"texture":"#0"},"up":{"uv":[14.375,1.875,15,2.5],"texture":"#0"},"down":{"uv":[14.375,2.5,15,3.125],"texture":"#0"}}},{"from":[6.5,-9,7.9],"to":[9.5,-3,9.9],"rotation":{"angle":0,"axis":"y","origin":[8,1.5,7.65]},"faces":{"north":{"uv":[14.25,0,14.625,0.75],"texture":"#0"},"east":{"uv":[13.375,0,13.625,0.75],"texture":"#0"},"south":{"uv":[13.875,0,14.25,0.75],"texture":"#0"},"west":{"uv":[13.625,0,13.875,0.75],"texture":"#0"},"up":{"uv":[14.625,0,15,0.25],"texture":"#0"},"down":{"uv":[14.625,0.25,15,0.5],"texture":"#0"}}},{"from":[6.25,-7,7.65],"to":[9.75,-5,10.15],"rotation":{"angle":0,"axis":"y","origin":[8,1.5,7.65]},"faces":{"north":{"uv":[12.9375,0.25,13.375,0.5],"texture":"#0"},"east":{"uv":[12.5,0.625,12.8125,0.875],"texture":"#0"},"south":{"uv":[12.9375,0,13.375,0.25],"texture":"#0"},"west":{"uv":[12.8125,0.625,13.125,0.875],"texture":"#0"},"up":{"uv":[12.5,0,12.9375,0.3125],"texture":"#0"},"down":{"uv":[12.5,0.3125,12.9375,0.625],"texture":"#0"}}},{"from":[6,-8,6.75],"to":[10,-4,8.75],"rotation":{"angle":0,"axis":"y","origin":[0,-19,8.25]},"faces":{"north":{"uv":[7.375,10.625,7.875,11.125],"texture":"#0"},"east":{"uv":[8.625,10.25,8.875,10.75],"texture":"#0"},"south":{"uv":[7.875,10.625,8.375,11.125],"texture":"#0"},"west":{"uv":[1,10.5,1.25,11],"texture":"#0"},"up":{"uv":[3.25,9,2.75,8.75],"texture":"#0"},"down":{"uv":[10.75,9.25,10.25,9.5],"texture":"#0"}}},{"from":[6,-8,5.75],"to":[10,-7,6.75],"rotation":{"angle":0,"axis":"y","origin":[0,-19,8.25]},"faces":{"north":{"uv":[6.25,5.75,6.75,5.875],"texture":"#0"},"east":{"uv":[7.875,9.625,8,9.75],"texture":"#0"},"south":{"uv":[6.75,5.75,7.25,5.875],"texture":"#0"},"west":{"uv":[9.75,5.625,9.875,5.75],"texture":"#0"},"up":{"uv":[7.75,5.875,7.25,5.75],"texture":"#0"},"down":{"uv":[8.25,5.75,7.75,5.875],"texture":"#0"}}},{"from":[6,-5,5.75],"to":[10,-4,6.75],"rotation":{"angle":0,"axis":"y","origin":[0,-19,8.25]},"faces":{"north":{"uv":[8.25,5.75,8.75,5.875],"texture":"#0"},"east":{"uv":[9.875,5.625,10,5.75],"texture":"#0"},"south":{"uv":[2.75,9,3.25,9.125],"texture":"#0"},"west":{"uv":[10,5.625,10.125,5.75],"texture":"#0"},"up":{"uv":[9.75,5.75,9.25,5.625],"texture":"#0"},"down":{"uv":[10,8.5,9.5,8.625],"texture":"#0"}}},{"from":[9,-7,5.75],"to":[10,-5,6.75],"rotation":{"angle":0,"axis":"y","origin":[0,-19,8.25]},"faces":{"north":{"uv":[8.875,10.25,9,10.5],"texture":"#0"},"east":{"uv":[7.375,10.375,7.5,10.625],"texture":"#0"},"south":{"uv":[8.75,10.75,8.875,11],"texture":"#0"},"west":{"uv":[10.875,7.5,11,7.75],"texture":"#0"},"up":{"uv":[10.125,8.625,10,8.5],"texture":"#0"},"down":{"uv":[1.375,10.125,1.25,10.25],"texture":"#0"}}},{"from":[6,-7,5.75],"to":[7,-5,6.75],"rotation":{"angle":0,"axis":"y","origin":[0,-19,8.25]},"faces":{"north":{"uv":[10.875,7.75,11,8],"texture":"#0"},"east":{"uv":[10.875,8,11,8.25],"texture":"#0"},"south":{"uv":[10.875,8.625,11,8.875],"texture":"#0"},"west":{"uv":[8.875,10.875,9,11.125],"texture":"#0"},"up":{"uv":[1.5,10.25,1.375,10.125],"texture":"#0"},"down":{"uv":[1.625,10.125,1.5,10.25],"texture":"#0"}}},{"from":[6.5,-6.25,5.25],"to":[9.5,-5.75,6.75],"rotation":{"angle":0,"axis":"y","origin":[0,-19,8.25]},"faces":{"north":{"uv":[2.375,9.5,2.75,9.5625],"texture":"#0"},"east":{"uv":[10.125,5.625,10.3125,5.6875],"texture":"#0"},"south":{"uv":[7.5,9.625,7.875,9.6875],"texture":"#0"},"west":{"uv":[10.25,7,10.4375,7.0625],"texture":"#0"},"up":{"uv":[11.125,10.6875,10.75,10.5],"texture":"#0"},"down":{"uv":[11.125,10.75,10.75,10.9375],"texture":"#0"}}},{"from":[7,-11,6.75],"to":[9,-9,8.75],"rotation":{"angle":45,"axis":"x","origin":[8,-10,7.75]},"faces":{"north":{"uv":[1.75,10.875,2,11.125],"texture":"#0"},"east":{"uv":[5.25,10.75,5.5,11],"texture":"#0"},"south":{"uv":[1.25,10.875,1.5,11.125],"texture":"#0"},"west":{"uv":[1.5,10.875,1.75,11.125],"texture":"#0"},"up":{"uv":[3.75,11.125,3.5,10.875],"rotation":90,"texture":"#0"},"down":{"uv":[4,10.875,3.75,11.125],"rotation":270,"texture":"#0"}}},{"from":[7,-12,7.75],"to":[9,-10,10.75],"rotation":{"angle":0,"axis":"y","origin":[8,-11,9.25]},"faces":{"north":{"uv":[4.25,10.875,4.5,11.125],"texture":"#0"},"east":{"uv":[2.375,9.25,2.75,9.5],"texture":"#0"},"south":{"uv":[4,10.875,4.25,11.125],"texture":"#0"},"west":{"uv":[10,4.125,10.375,4.375],"texture":"#0"},"up":{"uv":[2.375,10.5,2,10.25],"rotation":90,"texture":"#0"},"down":{"uv":[9.25,10.625,8.875,10.875],"rotation":270,"texture":"#0"}}},{"from":[7,-14.2,7.85],"to":[9,-12.2,10.85],"rotation":{"angle":45,"axis":"x","origin":[8,-12,9.25]},"faces":{"north":{"uv":[4.75,10.875,5,11.125],"texture":"#0"},"east":{"uv":[9.25,10.625,9.625,10.875],"texture":"#0"},"south":{"uv":[4.5,10.875,4.75,11.125],"texture":"#0"},"west":{"uv":[9.625,10.625,10,10.875],"texture":"#0"},"up":{"uv":[11.125,7.25,10.75,7],"rotation":90,"texture":"#0"},"down":{"uv":[11.125,7.25,10.75,7.5],"rotation":270,"texture":"#0"}}},{"from":[7,-12,4.75],"to":[9,-10,7.75],"rotation":{"angle":0,"axis":"y","origin":[8,-11,6.25]},"faces":{"north":{"uv":[10.875,6.25,11.125,6.5],"texture":"#0"},"east":{"uv":[8.375,10.75,8.75,11],"texture":"#0"},"south":{"uv":[5,10.875,5.25,11.125],"texture":"#0"},"west":{"uv":[10.75,9.25,11.125,9.5],"texture":"#0"},"up":{"uv":[11.125,9.75,10.75,9.5],"rotation":90,"texture":"#0"},"down":{"uv":[11.125,9.75,10.75,10],"rotation":270,"texture":"#0"}}},{"from":[9.025,-14.5,4.75],"to":[9.025,-8.5,10.75],"rotation":{"angle":-45,"axis":"x","origin":[9.1,-11.5,7.75]},"faces":{"east":{"uv":[0,12,0.75,12.75],"texture":"#0"},"west":{"uv":[0.75,12,0,12.75],"texture":"#0"}}},{"from":[6.975,-14.5,4.75],"to":[6.975,-8.5,10.75],"rotation":{"angle":-45,"axis":"x","origin":[6.9,-11.5,7.75]},"faces":{"east":{"uv":[0,12,0.75,12.75],"texture":"#0"},"west":{"uv":[0.75,12,0,12.75],"texture":"#0"}}},{"from":[7,-14.2,4.65],"to":[9,-12.2,7.65],"rotation":{"angle":-45,"axis":"x","origin":[8,-12,6.25]},"faces":{"north":{"uv":[4.75,10.875,4.5,11.125],"texture":"#0"},"east":{"uv":[9.625,10.625,9.25,10.875],"texture":"#0"},"south":{"uv":[5,10.875,4.75,11.125],"texture":"#0"},"west":{"uv":[10,10.625,9.625,10.875],"texture":"#0"},"up":{"uv":[10.75,7.25,11.125,7],"rotation":90,"texture":"#0"},"down":{"uv":[10.75,7.25,11.125,7.5],"rotation":270,"texture":"#0"}}},{"from":[7,29,6.75],"to":[9,31,8.75],"rotation":{"angle":45,"axis":"x","origin":[8,30,7.75]},"faces":{"north":{"uv":[1.75,10.875,2,11.125],"texture":"#0"},"east":{"uv":[5.25,10.75,5.5,11],"texture":"#0"},"south":{"uv":[1.25,10.875,1.5,11.125],"texture":"#0"},"west":{"uv":[1.5,10.875,1.75,11.125],"texture":"#0"},"up":{"uv":[3.75,11.125,3.5,10.875],"rotation":90,"texture":"#0"},"down":{"uv":[4,10.875,3.75,11.125],"rotation":270,"texture":"#0"}}},{"from":[7,28,7.75],"to":[9,30,10.75],"rotation":{"angle":0,"axis":"y","origin":[8,29,9.25]},"faces":{"north":{"uv":[4.25,10.875,4.5,11.125],"texture":"#0"},"east":{"uv":[2.375,9.25,2.75,9.5],"texture":"#0"},"south":{"uv":[4,10.875,4.25,11.125],"texture":"#0"},"west":{"uv":[10,4.125,10.375,4.375],"texture":"#0"},"up":{"uv":[2.375,10.5,2,10.25],"rotation":90,"texture":"#0"},"down":{"uv":[9.25,10.625,8.875,10.875],"rotation":270,"texture":"#0"}}},{"from":[7,25.8,7.85],"to":[9,27.8,10.85],"rotation":{"angle":45,"axis":"x","origin":[8,28,9.25]},"faces":{"north":{"uv":[4.75,10.875,5,11.125],"texture":"#0"},"east":{"uv":[9.25,10.625,9.625,10.875],"texture":"#0"},"south":{"uv":[4.5,10.875,4.75,11.125],"texture":"#0"},"west":{"uv":[9.625,10.625,10,10.875],"texture":"#0"},"up":{"uv":[11.125,7.25,10.75,7],"rotation":90,"texture":"#0"},"down":{"uv":[11.125,7.25,10.75,7.5],"rotation":270,"texture":"#0"}}},{"from":[7,28,4.75],"to":[9,30,7.75],"rotation":{"angle":0,"axis":"y","origin":[8,29,6.25]},"faces":{"north":{"uv":[10.875,6.25,11.125,6.5],"texture":"#0"},"east":{"uv":[8.375,10.75,8.75,11],"texture":"#0"},"south":{"uv":[5,10.875,5.25,11.125],"texture":"#0"},"west":{"uv":[10.75,9.25,11.125,9.5],"texture":"#0"},"up":{"uv":[11.125,9.75,10.75,9.5],"rotation":90,"texture":"#0"},"down":{"uv":[11.125,9.75,10.75,10],"rotation":270,"texture":"#0"}}},{"from":[9.025,25.5,4.75],"to":[9.025,31.5,10.75],"rotation":{"angle":-45,"axis":"x","origin":[9.1,28.5,7.75]},"faces":{"east":{"uv":[0,12,0.75,12.75],"texture":"#0"},"west":{"uv":[0.75,12,0,12.75],"texture":"#0"}}},{"from":[6.975,25.5,4.75],"to":[6.975,31.5,10.75],"rotation":{"angle":-45,"axis":"x","origin":[6.9,28.5,7.75]},"faces":{"east":{"uv":[0,12,0.75,12.75],"texture":"#0"},"west":{"uv":[0.75,12,0,12.75],"texture":"#0"}}},{"from":[7,25.8,4.65],"to":[9,27.8,7.65],"rotation":{"angle":-45,"axis":"x","origin":[8,28,6.25]},"faces":{"north":{"uv":[4.75,10.875,4.5,11.125],"texture":"#0"},"east":{"uv":[9.625,10.625,9.25,10.875],"texture":"#0"},"south":{"uv":[5,10.875,4.75,11.125],"texture":"#0"},"west":{"uv":[10,10.625,9.625,10.875],"texture":"#0"},"up":{"uv":[10.75,7.25,11.125,7],"rotation":90,"texture":"#0"},"down":{"uv":[10.75,7.25,11.125,7.5],"rotation":270,"texture":"#0"}}}],"display":{"thirdperson_righthand":{"translation":[0,3,1.5],"scale":[0.65,0.65,0.65]},"thirdperson_lefthand":{"rotation":[0,180,0],"translation":[0,3,1.5],"scale":[0.65,0.65,0.65]},"firstperson_righthand":{"rotation":[-10,10,0],"translation":[0.75,4,1.5],"scale":[0.38,0.38,0.38]},"firstperson_lefthand":{"rotation":[-10,180,0],"translation":[0.75,4,1.5],"scale":[0.38,0.38,0.38]},"ground":{"translation":[0,8.25,0],"scale":[0.5,0.5,0.5]},"gui":{"rotation":[90,-135,90],"translation":[0,0,-0.5],"scale":[0.58,0.58,0.58]},"fixed":{"rotation":[90,-45,90],"translation":[0,0,-0.5],"scale":[0.86,0.86,0.86]}},"groups":[0,{"name":"group","origin":[10.5,16,7.5],"color":0,"children":[1,2,3,4,5,6,7,8,{"name":"group","origin":[8,24.5,-1],"color":0,"children":[9,10,11,12,13,14]},{"name":"group","origin":[8,24.5,-1],"color":0,"children":[15,16,17,18,19,20]},21,22,23,24]},{"name":"group","origin":[0,0,0],"color":0,"children":[25,26,27,28,29,30]},{"name":"group","origin":[6.5,4,-1],"color":0,"children":[31,32,33,34,35,36,37]},{"name":"group","origin":[6.5,4,-1],"color":0,"children":[38,39,40,41,42,43,44]}]}