{"credit":"Made with Blockbench","texture_size":[128,128],"textures":{"0":"item/christmas/christmas_texture_1","particle":"item/christmas/christmas_texture_1"},"elements":[{"from":[7.75,11,7],"to":[9.75,21,9],"rotation":{"angle":-45,"axis":"y","origin":[8,13.5,7.25]},"faces":{"north":{"uv":[15,1.25,15.25,2.5],"texture":"#0"},"east":{"uv":[15.25,1.25,15.5,2.5],"texture":"#0"},"south":{"uv":[15.5,1.25,15.75,2.5],"texture":"#0"},"west":{"uv":[15.75,1.25,16,2.5],"texture":"#0"},"up":{"uv":[15.75,1,16,1.25],"texture":"#0"},"down":{"uv":[15.75,1,16,1.25],"texture":"#0"}}},{"from":[6.75,18,6],"to":[7.75,20,7],"rotation":{"angle":-45,"axis":"y","origin":[8,13.5,7.25]},"faces":{"north":{"uv":[15.625,1,15.75,1.25],"texture":"#0"},"east":{"uv":[15.625,0.25,15.75,0.5],"texture":"#0"},"south":{"uv":[15.625,0.5,15.75,0.75],"texture":"#0"},"west":{"uv":[15.625,0.75,15.75,1],"texture":"#0"},"up":{"uv":[15.75,0.875,15.875,1],"texture":"#0"},"down":{"uv":[15.875,0.875,16,1],"texture":"#0"}}},{"from":[6.75,16,6],"to":[7.75,17,7],"rotation":{"angle":-45,"axis":"y","origin":[8,13.5,7.25]},"faces":{"north":{"uv":[15.875,0.625,16,0.75],"texture":"#0"},"east":{"uv":[15.875,0.25,16,0.375],"texture":"#0"},"south":{"uv":[15.875,0.375,16,0.5],"texture":"#0"},"west":{"uv":[15.875,0.5,16,0.625],"texture":"#0"},"up":{"uv":[15.75,0.75,15.875,0.875],"texture":"#0"},"down":{"uv":[15.875,0.75,16,0.875],"texture":"#0"}}},{"from":[5.75,9,5],"to":[10.75,11,10],"rotation":{"angle":-45,"axis":"y","origin":[8,13.5,7.25]},"faces":{"north":{"uv":[13.75,1,14.375,1.25],"texture":"#0"},"east":{"uv":[13.75,0.75,14.375,1],"texture":"#0"},"south":{"uv":[14.375,1,15,1.25],"texture":"#0"},"west":{"uv":[14.375,0.75,15,1],"texture":"#0"},"up":{"uv":[15,0,15.625,0.625],"texture":"#0"},"down":{"uv":[15,0.625,15.625,1.25],"texture":"#0"}}},{"from":[6.5,3,7.5],"to":[9.5,9,9.5],"rotation":{"angle":0,"axis":"y","origin":[8,13.5,7.25]},"faces":{"north":{"uv":[14.25,0,14.625,0.75],"texture":"#0"},"east":{"uv":[13.375,0,13.625,0.75],"texture":"#0"},"south":{"uv":[13.875,0,14.25,0.75],"texture":"#0"},"west":{"uv":[13.625,0,13.875,0.75],"texture":"#0"},"up":{"uv":[14.625,0,15,0.25],"texture":"#0"},"down":{"uv":[14.625,0.25,15,0.5],"texture":"#0"}}},{"from":[6.25,5,7.25],"to":[9.75,7,9.75],"rotation":{"angle":0,"axis":"y","origin":[8,13.5,7.25]},"faces":{"north":{"uv":[12.9375,0.25,13.375,0.5],"texture":"#0"},"east":{"uv":[12.5,0.625,12.8125,0.875],"texture":"#0"},"south":{"uv":[12.9375,0,13.375,0.25],"texture":"#0"},"west":{"uv":[12.8125,0.625,13.125,0.875],"texture":"#0"},"up":{"uv":[12.5,0,12.9375,0.3125],"texture":"#0"},"down":{"uv":[12.5,0.3125,12.9375,0.625],"texture":"#0"}}},{"from":[6,4,6.5],"to":[10,8,8.5],"rotation":{"angle":0,"axis":"y","origin":[0,-7,8]},"faces":{"north":{"uv":[7.375,10.625,7.875,11.125],"texture":"#0"},"east":{"uv":[8.625,10.25,8.875,10.75],"texture":"#0"},"south":{"uv":[7.875,10.625,8.375,11.125],"texture":"#0"},"west":{"uv":[1,10.5,1.25,11],"texture":"#0"},"up":{"uv":[3.25,9,2.75,8.75],"texture":"#0"},"down":{"uv":[10.75,9.25,10.25,9.5],"texture":"#0"}}},{"from":[6,4,5.5],"to":[10,5,6.5],"rotation":{"angle":0,"axis":"y","origin":[0,-7,8]},"faces":{"north":{"uv":[6.25,5.75,6.75,5.875],"texture":"#0"},"east":{"uv":[7.875,9.625,8,9.75],"texture":"#0"},"south":{"uv":[6.75,5.75,7.25,5.875],"texture":"#0"},"west":{"uv":[9.75,5.625,9.875,5.75],"texture":"#0"},"up":{"uv":[7.75,5.875,7.25,5.75],"texture":"#0"},"down":{"uv":[8.25,5.75,7.75,5.875],"texture":"#0"}}},{"from":[6,7,5.5],"to":[10,8,6.5],"rotation":{"angle":0,"axis":"y","origin":[0,-7,8]},"faces":{"north":{"uv":[8.25,5.75,8.75,5.875],"texture":"#0"},"east":{"uv":[9.875,5.625,10,5.75],"texture":"#0"},"south":{"uv":[2.75,9,3.25,9.125],"texture":"#0"},"west":{"uv":[10,5.625,10.125,5.75],"texture":"#0"},"up":{"uv":[9.75,5.75,9.25,5.625],"texture":"#0"},"down":{"uv":[10,8.5,9.5,8.625],"texture":"#0"}}},{"from":[9,5,5.5],"to":[10,7,6.5],"rotation":{"angle":0,"axis":"y","origin":[0,-7,8]},"faces":{"north":{"uv":[8.875,10.25,9,10.5],"texture":"#0"},"east":{"uv":[7.375,10.375,7.5,10.625],"texture":"#0"},"south":{"uv":[8.75,10.75,8.875,11],"texture":"#0"},"west":{"uv":[10.875,7.5,11,7.75],"texture":"#0"},"up":{"uv":[10.125,8.625,10,8.5],"texture":"#0"},"down":{"uv":[1.375,10.125,1.25,10.25],"texture":"#0"}}},{"from":[6,5,5.5],"to":[7,7,6.5],"rotation":{"angle":0,"axis":"y","origin":[0,-7,8]},"faces":{"north":{"uv":[10.875,7.75,11,8],"texture":"#0"},"east":{"uv":[10.875,8,11,8.25],"texture":"#0"},"south":{"uv":[10.875,8.625,11,8.875],"texture":"#0"},"west":{"uv":[8.875,10.875,9,11.125],"texture":"#0"},"up":{"uv":[1.5,10.25,1.375,10.125],"texture":"#0"},"down":{"uv":[1.625,10.125,1.5,10.25],"texture":"#0"}}},{"from":[6.5,5.75,5],"to":[9.5,6.25,6.5],"rotation":{"angle":0,"axis":"y","origin":[0,-7,8]},"faces":{"north":{"uv":[2.375,9.5,2.75,9.5625],"texture":"#0"},"east":{"uv":[10.125,5.625,10.3125,5.6875],"texture":"#0"},"south":{"uv":[7.5,9.625,7.875,9.6875],"texture":"#0"},"west":{"uv":[10.25,7,10.4375,7.0625],"texture":"#0"},"up":{"uv":[11.125,10.6875,10.75,10.5],"texture":"#0"},"down":{"uv":[11.125,10.75,10.75,10.9375],"texture":"#0"}}},{"from":[7,1,7.5],"to":[9,3,9.5],"rotation":{"angle":45,"axis":"x","origin":[8,2,8.5]},"faces":{"north":{"uv":[1.75,10.875,2,11.125],"texture":"#0"},"east":{"uv":[5.25,10.75,5.5,11],"texture":"#0"},"south":{"uv":[1.25,10.875,1.5,11.125],"texture":"#0"},"west":{"uv":[1.5,10.875,1.75,11.125],"texture":"#0"},"up":{"uv":[3.75,11.125,3.5,10.875],"rotation":90,"texture":"#0"},"down":{"uv":[4,10.875,3.75,11.125],"rotation":270,"texture":"#0"}}},{"from":[7,0,8.5],"to":[9,2,11.5],"rotation":{"angle":0,"axis":"y","origin":[8,1,10]},"faces":{"north":{"uv":[4.25,10.875,4.5,11.125],"texture":"#0"},"east":{"uv":[2.375,9.25,2.75,9.5],"texture":"#0"},"south":{"uv":[4,10.875,4.25,11.125],"texture":"#0"},"west":{"uv":[10,4.125,10.375,4.375],"texture":"#0"},"up":{"uv":[2.375,10.5,2,10.25],"rotation":90,"texture":"#0"},"down":{"uv":[9.25,10.625,8.875,10.875],"rotation":270,"texture":"#0"}}},{"from":[7,-2.2,8.6],"to":[9,-0.2,11.6],"rotation":{"angle":45,"axis":"x","origin":[8,0,10]},"faces":{"north":{"uv":[4.75,10.875,5,11.125],"texture":"#0"},"east":{"uv":[9.25,10.625,9.625,10.875],"texture":"#0"},"south":{"uv":[4.5,10.875,4.75,11.125],"texture":"#0"},"west":{"uv":[9.625,10.625,10,10.875],"texture":"#0"},"up":{"uv":[11.125,7.25,10.75,7],"rotation":90,"texture":"#0"},"down":{"uv":[11.125,7.25,10.75,7.5],"rotation":270,"texture":"#0"}}},{"from":[7,0,5.5],"to":[9,2,8.5],"rotation":{"angle":0,"axis":"y","origin":[8,1,7]},"faces":{"north":{"uv":[10.875,6.25,11.125,6.5],"texture":"#0"},"east":{"uv":[8.375,10.75,8.75,11],"texture":"#0"},"south":{"uv":[5,10.875,5.25,11.125],"texture":"#0"},"west":{"uv":[10.75,9.25,11.125,9.5],"texture":"#0"},"up":{"uv":[11.125,9.75,10.75,9.5],"rotation":90,"texture":"#0"},"down":{"uv":[11.125,9.75,10.75,10],"rotation":270,"texture":"#0"}}},{"from":[9.025,-2.5,5.5],"to":[9.025,3.5,11.5],"rotation":{"angle":-45,"axis":"x","origin":[9.1,0.5,8.5]},"faces":{"east":{"uv":[0,12,0.75,12.75],"texture":"#0"},"west":{"uv":[0.75,12,0,12.75],"texture":"#0"}}},{"from":[6.975,-2.5,5.5],"to":[6.975,3.5,11.5],"rotation":{"angle":-45,"axis":"x","origin":[6.9,0.5,8.5]},"faces":{"east":{"uv":[0,12,0.75,12.75],"texture":"#0"},"west":{"uv":[0.75,12,0,12.75],"texture":"#0"}}},{"from":[7,-2.2,5.4],"to":[9,-0.2,8.4],"rotation":{"angle":-45,"axis":"x","origin":[8,0,7]},"faces":{"north":{"uv":[4.75,10.875,4.5,11.125],"texture":"#0"},"east":{"uv":[9.625,10.625,9.25,10.875],"texture":"#0"},"south":{"uv":[5,10.875,4.75,11.125],"texture":"#0"},"west":{"uv":[10,10.625,9.625,10.875],"texture":"#0"},"up":{"uv":[10.75,7.25,11.125,7],"rotation":90,"texture":"#0"},"down":{"uv":[10.75,7.25,11.125,7.5],"rotation":270,"texture":"#0"}}}],"display":{"thirdperson_righthand":{"rotation":[-49,0,0],"translation":[0,2,-2],"scale":[0.4,0.4,0.4]},"thirdperson_lefthand":{"rotation":[-49,0,0],"translation":[0,2,-2],"scale":[0.4,0.4,0.4]},"firstperson_righthand":{"rotation":[0,23,0],"translation":[0.75,4,0.5],"scale":[0.38,0.38,0.38]},"firstperson_lefthand":{"rotation":[0,23,0],"translation":[0.75,4,0.5],"scale":[0.38,0.38,0.38]},"ground":{"translation":[0,2.5,0],"scale":[0.5,0.5,0.5]},"gui":{"rotation":[-45,161,45],"translation":[-0.25,-0.25,0]}},"groups":[{"name":"group","origin":[10.5,16,7.5],"color":0,"children":[0,1,2,3,4,5]},{"name":"group","origin":[0,0,0],"color":0,"children":[6,7,8,9,10,11]},{"name":"group","origin":[6.5,4,-1],"color":0,"children":[12,13,14,15,16,17,18]}]}