{"credit":"Made with Blockbench","texture_size":[128,128],"textures":{"1":"item/christmas/christmas_texture_2"},"elements":[{"from":[0,0,0],"to":[16,2,16],"rotation":{"angle":0,"axis":"y","origin":[0,-7,0]},"faces":{"north":{"uv":[0,4,2,4.25],"texture":"#1"},"east":{"uv":[4,3.5,6,3.75],"texture":"#1"},"south":{"uv":[4,3.75,6,4],"texture":"#1"},"west":{"uv":[4,4,6,4.25],"texture":"#1"},"up":{"uv":[2,2,0,0],"texture":"#1"},"down":{"uv":[2,2,0,4],"texture":"#1"}}},{"from":[1,2,1],"to":[15,6,15],"rotation":{"angle":0,"axis":"y","origin":[0,-7,0]},"faces":{"north":{"uv":[3.75,1.5,5.5,2],"texture":"#1"},"east":{"uv":[3.75,2,5.5,2.5],"texture":"#1"},"south":{"uv":[3.75,2,5.5,2.5],"texture":"#1"},"west":{"uv":[3.75,3,5.5,3.5],"texture":"#1"},"up":{"uv":[3.75,1.75,2,0],"texture":"#1"},"down":{"uv":[3.75,1.75,2,3.5],"texture":"#1"}}},{"from":[-11,6,12],"to":[5,13,12],"rotation":{"angle":22.5,"axis":"z","origin":[5,6,12]},"faces":{"north":{"uv":[2,3.5,4,4.375],"texture":"#1"},"east":{"uv":[0,0,0,0.875],"texture":"#1"},"south":{"uv":[4,3.5,2,4.375],"texture":"#1"},"west":{"uv":[0,0,0,0.875],"texture":"#1"},"up":{"uv":[2,0,0,0],"texture":"#1"},"down":{"uv":[2,0,0,0],"texture":"#1"}}},{"from":[11,6,12],"to":[27,13,12],"rotation":{"angle":-22.5,"axis":"z","origin":[11,6,12]},"faces":{"north":{"uv":[4,3.5,2,4.375],"texture":"#1"},"east":{"uv":[0,0,0,0.875],"texture":"#1"},"south":{"uv":[2,3.5,4,4.375],"texture":"#1"},"west":{"uv":[0,0,0,0.875],"texture":"#1"},"up":{"uv":[0,0,2,0],"texture":"#1"},"down":{"uv":[0,0,2,0],"texture":"#1"}}},{"from":[-12.04368,14.23558,6.75],"to":[-10.54368,18.23558,8.25],"rotation":{"angle":0,"axis":"y","origin":[1,2,7.5]},"faces":{"north":{"uv":[0.75,5.25,1.25,5.4375],"rotation":270,"texture":"#1"},"east":{"uv":[4,5.4375,3.5,5.25],"rotation":90,"texture":"#1"},"south":{"uv":[3,5.25,3.5,5.4375],"rotation":90,"texture":"#1"},"west":{"uv":[4.5,5.25,4,5.4375],"rotation":90,"texture":"#1"},"up":{"uv":[0.75,5.5,0.9375,5.6875],"rotation":90,"texture":"#1"},"down":{"uv":[5.5,0.5,5.6875,0.6875],"rotation":90,"texture":"#1"}}},{"from":[-6.54521,13.47258,6.5],"to":[-4.54521,18.47258,8.5],"rotation":{"angle":22.5,"axis":"z","origin":[1,2,7.5]},"faces":{"north":{"uv":[3,4.75,3.625,5],"rotation":270,"texture":"#1"},"east":{"uv":[1.25,5.25,0.625,5],"rotation":90,"texture":"#1"},"south":{"uv":[0,5,0.625,5.25],"rotation":90,"texture":"#1"},"west":{"uv":[3.625,5,3,5.25],"rotation":90,"texture":"#1"},"up":{"uv":[5.375,5.375,5.625,5.625],"rotation":90,"texture":"#1"},"down":{"uv":[3.75,4.375,4,4.625],"rotation":90,"texture":"#1"}}},{"from":[-7,2,6],"to":[1,5,9],"rotation":{"angle":-22.5,"axis":"z","origin":[1,2,7.5]},"faces":{"north":{"uv":[0,4.25,1,4.625],"texture":"#1"},"east":{"uv":[5,4.25,5.375,4.625],"texture":"#1"},"south":{"uv":[1,4.25,2,4.625],"texture":"#1"},"west":{"uv":[1.5,5.125,1.875,5.5],"texture":"#1"},"up":{"uv":[5,4.625,4,4.25],"texture":"#1"},"down":{"uv":[3,4.375,2,4.75],"texture":"#1"}}},{"from":[-12.48671,-0.8305,6.25],"to":[-6.48671,1.6695,8.75],"rotation":{"angle":-45,"axis":"z","origin":[1,2,7.5]},"faces":{"north":{"uv":[3,4.375,3.75,4.6875],"texture":"#1"},"east":{"uv":[1.875,5.125,2.1875,5.4375],"texture":"#1"},"south":{"uv":[0,4.625,0.75,4.9375],"texture":"#1"},"west":{"uv":[5.125,5,5.4375,5.3125],"texture":"#1"},"up":{"uv":[1.5,4.9375,0.75,4.625],"texture":"#1"},"down":{"uv":[4.5,4.625,3.75,4.9375],"texture":"#1"}}},{"from":[-4.75,4.25,0],"to":[-2.25,6.75,6],"rotation":{"angle":22.5,"axis":"x","origin":[-3.5,4.25,6]},"faces":{"north":{"uv":[0,5.25,0.3125,5.5625],"texture":"#1"},"east":{"uv":[4.5,4.625,5.25,4.9375],"texture":"#1"},"south":{"uv":[0.375,5.25,0.6875,5.5625],"texture":"#1"},"west":{"uv":[1.5,4.75,2.25,5.0625],"texture":"#1"},"up":{"uv":[2.5625,5.5,2.25,4.75],"texture":"#1"},"down":{"uv":[2.9375,4.75,2.625,5.5],"texture":"#1"}}},{"from":[-4.5,9.88895,3.93487],"to":[-2.5,14.88895,5.93487],"rotation":{"angle":-45,"axis":"x","origin":[-3.5,4.25,6]},"faces":{"north":{"uv":[5.125,5,4.875,5.625],"rotation":180,"texture":"#1"},"east":{"uv":[3.625,5,4.25,5.25],"rotation":270,"texture":"#1"},"south":{"uv":[1.5,5.625,1.25,5],"texture":"#1"},"west":{"uv":[4.25,5,4.875,5.25],"rotation":90,"texture":"#1"},"up":{"uv":[5.5,0,5.75,0.25],"rotation":180,"texture":"#1"},"down":{"uv":[5.5,0.25,5.75,0.5],"texture":"#1"}}},{"from":[-4.25,13.38449,0.25169],"to":[-2.75,17.38449,1.75169],"rotation":{"angle":-22.5,"axis":"x","origin":[-3.5,4.25,6]},"faces":{"north":{"uv":[5.3125,5.375,5.125,5.875],"rotation":180,"texture":"#1"},"east":{"uv":[5.25,4.625,5.75,4.8125],"rotation":270,"texture":"#1"},"south":{"uv":[4.6875,5.75,4.5,5.25],"texture":"#1"},"west":{"uv":[5.375,4.25,5.875,4.4375],"rotation":90,"texture":"#1"},"up":{"uv":[5.5,0.75,5.6875,0.9375],"rotation":180,"texture":"#1"},"down":{"uv":[1,5.5,1.1875,5.6875],"texture":"#1"}}},{"from":[-9.25,8.18487,8.73895],"to":[-7.25,10.18487,13.73895],"rotation":{"angle":-22.5,"axis":"x","origin":[-8.25,8.25169,8.73449]},"faces":{"north":{"uv":[5.75,0.25,5.5,0.5],"texture":"#1"},"east":{"uv":[4.25,5,3.625,5.25],"texture":"#1"},"south":{"uv":[5.75,0,5.5,0.25],"texture":"#1"},"west":{"uv":[4.875,5,4.25,5.25],"texture":"#1"},"up":{"uv":[1.5,5,1.25,5.625],"texture":"#1"},"down":{"uv":[5.125,5.625,4.875,5],"texture":"#1"}}},{"from":[-9,6.56924,13.44955],"to":[-7.5,8.06924,17.44955],"rotation":{"angle":-45,"axis":"x","origin":[-8.25,8.25169,8.73449]},"faces":{"north":{"uv":[1.1875,5.5,1,5.6875],"texture":"#1"},"east":{"uv":[5.75,4.625,5.25,4.8125],"texture":"#1"},"south":{"uv":[5.6875,0.75,5.5,0.9375],"texture":"#1"},"west":{"uv":[5.875,4.25,5.375,4.4375],"texture":"#1"},"up":{"uv":[4.6875,5.25,4.5,5.75],"texture":"#1"},"down":{"uv":[5.3125,5.875,5.125,5.375],"texture":"#1"}}},{"from":[1,6,15],"to":[15,10,15],"rotation":{"angle":0,"axis":"y","origin":[0,-7,0]},"faces":{"north":{"uv":[5.5,0.5,3.75,1],"texture":"#1"},"east":{"uv":[5.5,1,3.75,1.5],"texture":"#1"},"south":{"uv":[3.75,0.5,5.5,1],"texture":"#1"},"west":{"uv":[3.75,1,5.5,1.5],"texture":"#1"}}},{"from":[1,6,1],"to":[15,10,1],"rotation":{"angle":0,"axis":"y","origin":[0,-7,0]},"faces":{"north":{"uv":[3.75,0,5.5,0.5],"texture":"#1"},"east":{"uv":[5.5,1,3.75,1.5],"texture":"#1"},"south":{"uv":[5.5,0,3.75,0.5],"texture":"#1"},"west":{"uv":[3.75,1,5.5,1.5],"texture":"#1"}}},{"from":[1,6,1],"to":[1,10,15],"rotation":{"angle":0,"axis":"y","origin":[0,-7,0]},"faces":{"north":{"uv":[3.75,0,5.5,0.5],"texture":"#1"},"east":{"uv":[5.5,1,3.75,1.5],"texture":"#1"},"south":{"uv":[3.75,0.5,5.5,1],"texture":"#1"},"west":{"uv":[3.75,1,5.5,1.5],"texture":"#1"}}},{"from":[15,6,1],"to":[15,10,15],"rotation":{"angle":0,"axis":"y","origin":[0,-7,0]},"faces":{"north":{"uv":[3.75,0,5.5,0.5],"texture":"#1"},"east":{"uv":[5.5,1,3.75,1.5],"texture":"#1"},"south":{"uv":[3.75,0.5,5.5,1],"texture":"#1"},"west":{"uv":[3.75,1,5.5,1.5],"texture":"#1"}}},{"from":[26.54368,14.23558,6.75],"to":[28.04368,18.23558,8.25],"rotation":{"angle":0,"axis":"y","origin":[15,2,7.5]},"faces":{"north":{"uv":[0.75,5.4375,1.25,5.25],"rotation":270,"texture":"#1"},"east":{"uv":[4.5,5.4375,4,5.25],"rotation":90,"texture":"#1"},"south":{"uv":[3,5.4375,3.5,5.25],"rotation":90,"texture":"#1"},"west":{"uv":[4,5.25,3.5,5.4375],"rotation":90,"texture":"#1"},"up":{"uv":[0.75,5.6875,0.9375,5.5],"rotation":90,"texture":"#1"},"down":{"uv":[5.5,0.6875,5.6875,0.5],"rotation":90,"texture":"#1"}}},{"from":[20.54521,13.47258,6.5],"to":[22.54521,18.47258,8.5],"rotation":{"angle":-22.5,"axis":"z","origin":[15,2,7.5]},"faces":{"north":{"uv":[3,5,3.625,4.75],"rotation":270,"texture":"#1"},"east":{"uv":[3.625,5.25,3,5],"rotation":90,"texture":"#1"},"south":{"uv":[0,5.25,0.625,5],"rotation":90,"texture":"#1"},"west":{"uv":[1.25,5,0.625,5.25],"rotation":90,"texture":"#1"},"up":{"uv":[5.375,5.625,5.625,5.375],"rotation":90,"texture":"#1"},"down":{"uv":[3.75,4.625,4,4.375],"rotation":90,"texture":"#1"}}},{"from":[15,2,6],"to":[23,5,9],"rotation":{"angle":22.5,"axis":"z","origin":[15,2,7.5]},"faces":{"north":{"uv":[1,4.25,0,4.625],"texture":"#1"},"east":{"uv":[1.875,5.125,1.5,5.5],"texture":"#1"},"south":{"uv":[2,4.25,1,4.625],"texture":"#1"},"west":{"uv":[5.375,4.25,5,4.625],"texture":"#1"},"up":{"uv":[4,4.625,5,4.25],"texture":"#1"},"down":{"uv":[2,4.375,3,4.75],"texture":"#1"}}},{"from":[22.48671,-0.8305,6.25],"to":[28.48671,1.6695,8.75],"rotation":{"angle":45,"axis":"z","origin":[15,2,7.5]},"faces":{"north":{"uv":[3.75,4.375,3,4.6875],"texture":"#1"},"east":{"uv":[5.4375,5,5.125,5.3125],"texture":"#1"},"south":{"uv":[0.75,4.625,0,4.9375],"texture":"#1"},"west":{"uv":[2.1875,5.125,1.875,5.4375],"texture":"#1"},"up":{"uv":[0.75,4.9375,1.5,4.625],"texture":"#1"},"down":{"uv":[3.75,4.625,4.5,4.9375],"texture":"#1"}}},{"from":[18.25,4.25,0],"to":[20.75,6.75,6],"rotation":{"angle":22.5,"axis":"x","origin":[19.5,4.25,6]},"faces":{"north":{"uv":[0.3125,5.25,0,5.5625],"texture":"#1"},"east":{"uv":[2.25,4.75,1.5,5.0625],"texture":"#1"},"south":{"uv":[0.6875,5.25,0.375,5.5625],"texture":"#1"},"west":{"uv":[5.25,4.625,4.5,4.9375],"texture":"#1"},"up":{"uv":[2.25,5.5,2.5625,4.75],"texture":"#1"},"down":{"uv":[2.625,4.75,2.9375,5.5],"texture":"#1"}}},{"from":[18.5,9.88895,3.93487],"to":[20.5,14.88895,5.93487],"rotation":{"angle":-45,"axis":"x","origin":[19.5,4.25,6]},"faces":{"north":{"uv":[4.875,5,5.125,5.625],"rotation":180,"texture":"#1"},"east":{"uv":[4.25,5.25,4.875,5],"rotation":90,"texture":"#1"},"south":{"uv":[1.25,5.625,1.5,5],"texture":"#1"},"west":{"uv":[3.625,5.25,4.25,5],"rotation":270,"texture":"#1"},"up":{"uv":[5.75,0,5.5,0.25],"rotation":180,"texture":"#1"},"down":{"uv":[5.75,0.25,5.5,0.5],"texture":"#1"}}},{"from":[18.75,13.38449,0.25169],"to":[20.25,17.38449,1.75169],"rotation":{"angle":-22.5,"axis":"x","origin":[19.5,4.25,6]},"faces":{"north":{"uv":[5.125,5.375,5.3125,5.875],"rotation":180,"texture":"#1"},"east":{"uv":[5.375,4.4375,5.875,4.25],"rotation":90,"texture":"#1"},"south":{"uv":[4.5,5.75,4.6875,5.25],"texture":"#1"},"west":{"uv":[5.25,4.8125,5.75,4.625],"rotation":270,"texture":"#1"},"up":{"uv":[5.6875,0.75,5.5,0.9375],"rotation":180,"texture":"#1"},"down":{"uv":[1.1875,5.5,1,5.6875],"texture":"#1"}}},{"from":[23.25,8.18487,8.73895],"to":[25.25,10.18487,13.73895],"rotation":{"angle":-22.5,"axis":"x","origin":[24.25,8.25169,8.73449]},"faces":{"north":{"uv":[5.5,0.25,5.75,0.5],"texture":"#1"},"east":{"uv":[4.25,5,4.875,5.25],"texture":"#1"},"south":{"uv":[5.5,0,5.75,0.25],"texture":"#1"},"west":{"uv":[3.625,5,4.25,5.25],"texture":"#1"},"up":{"uv":[1.25,5,1.5,5.625],"texture":"#1"},"down":{"uv":[4.875,5.625,5.125,5],"texture":"#1"}}},{"from":[23.5,6.56924,13.44955],"to":[25,8.06924,17.44955],"rotation":{"angle":-45,"axis":"x","origin":[24.25,8.25169,8.73449]},"faces":{"north":{"uv":[1,5.5,1.1875,5.6875],"texture":"#1"},"east":{"uv":[5.375,4.25,5.875,4.4375],"texture":"#1"},"south":{"uv":[5.5,0.75,5.6875,0.9375],"texture":"#1"},"west":{"uv":[5.25,4.625,5.75,4.8125],"texture":"#1"},"up":{"uv":[4.5,5.25,4.6875,5.75],"texture":"#1"},"down":{"uv":[5.125,5.875,5.3125,5.375],"texture":"#1"}}}],"display":{"thirdperson_righthand":{"translation":[0,2.5,0],"scale":[0.3,0.3,0.3]},"thirdperson_lefthand":{"translation":[0,2.5,0],"scale":[0.3,0.3,0.3]},"firstperson_righthand":{"translation":[0,2.5,0],"scale":[0.3,0.3,0.3]},"firstperson_lefthand":{"translation":[0,2.5,0],"scale":[0.3,0.3,0.3]},"ground":{"translation":[0,1,0],"scale":[0.5,0.5,0.5]},"gui":{"rotation":[45,-45,0],"translation":[0,2.75,-3],"scale":[0.75,0.75,0.75]},"head":{"translation":[0,13,0]},"fixed":{"translation":[0,0,-3]}},"groups":[0,1,2,3,{"name":"group","origin":[0,-7,0],"color":0,"children":[4,5,6,7,{"name":"group","origin":[3.5,7.5,14.5],"color":0,"children":[8,9,10,11,12]}]},{"name":"group","origin":[0,-7,0],"color":0,"children":[13,14,15,16]},{"name":"group","origin":[0,-7,0],"color":0,"children":[17,18,19,20,{"name":"group","origin":[3.5,7.5,14.5],"color":0,"children":[21,22,23,24,25]}]}]}