{"credit":"Made with Blockbench","texture_size":[128,128],"textures":{"0":"item/christmas/christmas_texture_2","particle":"item/christmas/christmas_texture_2"},"elements":[{"from":[6.5,8,6.5],"to":[9.5,12,9.5],"rotation":{"angle":0,"axis":"y","origin":[8,-10.5,5.75]},"faces":{"north":{"uv":[2.125,8.25,2.5,8.75],"texture":"#0"},"east":{"uv":[1,8.25,1.375,8.75],"texture":"#0"},"south":{"uv":[1.375,8.25,1.75,8.75],"texture":"#0"},"west":{"uv":[1.75,8.25,2.125,8.75],"texture":"#0"},"up":{"uv":[1.375,7.875,1.75,8.25],"rotation":90,"texture":"#0"},"down":{"uv":[1,7.875,1.375,8.25],"rotation":270,"texture":"#0"}}},{"from":[5.5,7,5.5],"to":[10.5,8,10.5],"rotation":{"angle":0,"axis":"y","origin":[8,-10.5,5.75]},"faces":{"north":{"uv":[0.625,10.125,1.25,10.25],"texture":"#0"},"east":{"uv":[0,10,0.625,10.125],"texture":"#0"},"south":{"uv":[0.625,10,1.25,10.125],"texture":"#0"},"west":{"uv":[0,10.125,0.625,10.25],"texture":"#0"},"up":{"uv":[0.625,9.375,1.25,10],"rotation":90,"texture":"#0"},"down":{"uv":[0,9.375,0.625,10],"rotation":270,"texture":"#0"}}},{"from":[6.5,14,6.5],"to":[9.5,17,9.5],"rotation":{"angle":0,"axis":"y","origin":[8,-3.5,8]},"faces":{"north":{"uv":[3.625,7.875,4,8.25],"texture":"#0"},"east":{"uv":[2.5,7.875,2.875,8.25],"texture":"#0"},"south":{"uv":[2.875,7.875,3.25,8.25],"texture":"#0"},"west":{"uv":[3.25,7.875,3.625,8.25],"texture":"#0"},"up":{"uv":[2.125,7.875,2.5,8.25],"rotation":90,"texture":"#0"},"down":{"uv":[1.75,7.875,2.125,8.25],"rotation":270,"texture":"#0"}}},{"from":[6.5,-10,6.5],"to":[9.5,-9,9.5],"rotation":{"angle":0,"axis":"y","origin":[8,-3.5,8]},"faces":{"north":{"uv":[3.625,8.125,4,8.25],"texture":"#0"},"east":{"uv":[2.5,8.125,2.875,8.25],"texture":"#0"},"south":{"uv":[2.875,8.125,3.25,8.25],"texture":"#0"},"west":{"uv":[3.25,8.125,3.625,8.25],"texture":"#0"},"up":{"uv":[2.125,7.875,2.5,8.25],"rotation":90,"texture":"#0"},"down":{"uv":[1.75,7.875,2.125,8.25],"rotation":270,"texture":"#0"}}},{"from":[7,-16,7],"to":[9,-14,9],"rotation":{"angle":0,"axis":"y","origin":[8,-3.5,8]},"faces":{"north":{"uv":[2.25,8.75,2.5,9],"texture":"#0"},"east":{"uv":[1.5,8.75,1.75,9],"texture":"#0"},"south":{"uv":[1.75,8.75,2,9],"texture":"#0"},"west":{"uv":[2,8.75,2.25,9],"texture":"#0"},"up":{"uv":[1.25,8.75,1.5,9],"rotation":90,"texture":"#0"},"down":{"uv":[1,8.75,1.25,9],"rotation":270,"texture":"#0"}}},{"from":[8,-14,7],"to":[8,-10,9],"rotation":{"angle":0,"axis":"y","origin":[8,-3.5,8]},"faces":{"north":{"uv":[3.625,8.125,3.625,8.625],"texture":"#0"},"east":{"uv":[0.25,11.4375,0,11.9375],"texture":"#0"},"south":{"uv":[2.875,8.125,2.875,8.625],"texture":"#0"},"west":{"uv":[0,11.4375,0.25,11.9375],"texture":"#0"},"up":{"uv":[2.125,7.875,2.375,7.875],"rotation":90,"texture":"#0"},"down":{"uv":[1.75,7.875,2,7.875],"rotation":270,"texture":"#0"}}},{"from":[8,0,7.25],"to":[8,13,12.25],"rotation":{"angle":-45,"axis":"x","origin":[8,13,8.25]},"faces":{"north":{"uv":[3.625,7.875,3.625,9.5],"texture":"#0"},"east":{"uv":[2.375,3.5,4,4.125],"rotation":90,"texture":"#0"},"south":{"uv":[2.875,7.875,2.875,9.5],"texture":"#0"},"west":{"uv":[2.375,4.125,4,3.5],"rotation":90,"texture":"#0"},"up":{"uv":[2.125,7.875,2.75,7.875],"rotation":90,"texture":"#0"},"down":{"uv":[1.75,7.875,2.375,7.875],"rotation":270,"texture":"#0"}}},{"from":[6.5,10,2.5],"to":[9.5,24,5.5],"rotation":{"angle":45,"axis":"x","origin":[8,16.5,4]},"faces":{"north":{"uv":[2.1875,6.125,2.5625,7.875],"texture":"#0"},"east":{"uv":[1.0625,6.125,1.4375,7.875],"texture":"#0"},"south":{"uv":[1.4375,6.125,1.8125,7.875],"texture":"#0"},"west":{"uv":[1.8125,6.125,2.1875,7.875],"texture":"#0"},"up":{"uv":[1.4375,5.75,1.8125,6.125],"rotation":90,"texture":"#0"},"down":{"uv":[1.0625,5.75,1.4375,6.125],"rotation":270,"texture":"#0"}}},{"from":[6.5,10,-0.5],"to":[6.5,24,2.5],"rotation":{"angle":45,"axis":"x","origin":[8,16.5,4]},"faces":{"north":{"uv":[2.1875,6.125,2.1875,7.875],"texture":"#0"},"east":{"uv":[0.375,11.9375,0,13.6875],"texture":"#0"},"south":{"uv":[1.4375,6.125,1.4375,7.875],"texture":"#0"},"west":{"uv":[0,11.9375,0.375,13.6875],"texture":"#0"},"up":{"uv":[1.4375,5.75,1.8125,5.75],"rotation":90,"texture":"#0"},"down":{"uv":[1.0625,5.75,1.4375,5.75],"rotation":270,"texture":"#0"}}},{"from":[9.5,10,-0.5],"to":[9.5,24,2.5],"rotation":{"angle":45,"axis":"x","origin":[8,16.5,4]},"faces":{"north":{"uv":[2.1875,6.125,2.1875,7.875],"texture":"#0"},"east":{"uv":[0.375,11.9375,0,13.6875],"texture":"#0"},"south":{"uv":[1.4375,6.125,1.4375,7.875],"texture":"#0"},"west":{"uv":[0,11.9375,0.375,13.6875],"texture":"#0"},"up":{"uv":[1.4375,5.75,1.8125,5.75],"rotation":90,"texture":"#0"},"down":{"uv":[1.0625,5.75,1.4375,5.75],"rotation":270,"texture":"#0"}}},{"from":[7,20,2.5],"to":[9,23,11.5],"rotation":{"angle":0,"axis":"y","origin":[8,23,11.5]},"faces":{"north":{"uv":[1.625,5.5,2,5.75],"rotation":90,"texture":"#0"},"east":{"uv":[2.5625,6.6875,2.9375,7.8125],"rotation":270,"texture":"#0"},"south":{"uv":[2,5.5,2.375,5.75],"rotation":90,"texture":"#0"},"west":{"uv":[3.1875,6.6875,3.5625,7.8125],"rotation":90,"texture":"#0"},"up":{"uv":[3.5625,6.6875,3.8125,7.8125],"rotation":180,"texture":"#0"},"down":{"uv":[2.9375,6.6875,3.1875,7.8125],"texture":"#0"}}},{"from":[8,7,-5.5],"to":[8,25,7.5],"rotation":{"angle":0,"axis":"y","origin":[8,16.5,4]},"faces":{"north":{"uv":[1.3125,0.375,3.0625,0.375],"rotation":90,"texture":"#0"},"east":{"uv":[1.625,13.75,0,16],"texture":"#0"},"south":{"uv":[1.6875,0.375,3.4375,0.375],"rotation":90,"texture":"#0"},"west":{"uv":[0,13.75,1.625,16],"texture":"#0"},"up":{"uv":[2.9375,0.75,2.9375,2.375],"rotation":180,"texture":"#0"},"down":{"uv":[2.1875,0.75,2.1875,2.375],"texture":"#0"}}},{"from":[7.25,-9,6.9],"to":[9.25,20,8.9],"rotation":{"angle":-45,"axis":"y","origin":[8,-2.5,7.65]},"faces":{"north":{"uv":[0,5.75,0.25,9.375],"texture":"#0"},"east":{"uv":[0.25,5.75,0.5,9.375],"texture":"#0"},"south":{"uv":[0.5,5.75,0.75,9.375],"texture":"#0"},"west":{"uv":[0.75,5.75,1,9.375],"texture":"#0"},"up":{"uv":[3.0625,0,3.3125,0.25],"texture":"#0"},"down":{"uv":[3.0625,0,3.3125,0.25],"texture":"#0"}}},{"from":[7.25,8.25,1.65],"to":[9.25,10.25,7.65],"rotation":{"angle":22.5,"axis":"x","origin":[8,8,7.65]},"faces":{"north":{"uv":[2.375,5.5625,2.625,5.8125],"rotation":180,"texture":"#0"},"east":{"uv":[2.875,5.5625,3.125,6.3125],"rotation":90,"texture":"#0"},"south":{"uv":[2.375,5.8125,2.625,6.0625],"texture":"#0"},"west":{"uv":[3.375,5.5625,3.625,6.3125],"rotation":270,"texture":"#0"},"up":{"uv":[3.125,5.5625,3.375,6.3125],"texture":"#0"},"down":{"uv":[2.625,5.5625,2.875,6.3125],"rotation":180,"texture":"#0"}}},{"from":[7.35,6.0539,-0.99328],"to":[9.15,7.8539,2.00672],"rotation":{"angle":45,"axis":"x","origin":[8,8,7.65]},"faces":{"north":{"uv":[2.125,5.8125,2.375,6.0625],"rotation":180,"texture":"#0"},"east":{"uv":[2.8125,6.3125,3.0625,6.6875],"rotation":90,"texture":"#0"},"south":{"uv":[1.875,5.8125,2.125,6.0625],"texture":"#0"},"west":{"uv":[3.3125,6.3125,3.5625,6.6875],"rotation":270,"texture":"#0"},"up":{"uv":[3.0625,6.3125,3.3125,6.6875],"texture":"#0"},"down":{"uv":[2.5625,6.3125,2.8125,6.6875],"rotation":180,"texture":"#0"}}},{"from":[6.75,20.5,11.5],"to":[9.25,23,17.5],"rotation":{"angle":22.5,"axis":"x","origin":[8,23,11.5]},"faces":{"north":{"uv":[0.6875,5.5625,0.375,5.25],"texture":"#0"},"east":{"uv":[5.25,4.9375,4.5,4.625],"texture":"#0"},"south":{"uv":[0.3125,5.5625,0,5.25],"texture":"#0"},"west":{"uv":[2.25,5.0625,1.5,4.75],"texture":"#0"},"up":{"uv":[2.9375,4.75,2.625,5.5],"texture":"#0"},"down":{"uv":[2.5625,5.5,2.25,4.75],"texture":"#0"}}},{"from":[7,12.36105,11.56513],"to":[9,17.36105,13.56513],"rotation":{"angle":-45,"axis":"x","origin":[8,23,11.5]},"faces":{"north":{"uv":[1.25,5,1.5,5.625],"texture":"#0"},"east":{"uv":[4.25,5.25,3.625,5],"rotation":270,"texture":"#0"},"south":{"uv":[4.875,5.625,5.125,5],"rotation":180,"texture":"#0"},"west":{"uv":[4.875,5.25,4.25,5],"rotation":90,"texture":"#0"},"up":{"uv":[5.5,0.25,5.75,0.5],"texture":"#0"},"down":{"uv":[5.5,0,5.75,0.25],"rotation":180,"texture":"#0"}}},{"from":[7.25,9.86551,15.74831],"to":[8.75,13.86551,17.24831],"rotation":{"angle":-22.5,"axis":"x","origin":[8,23,11.5]},"faces":{"north":{"uv":[4.5,5.25,4.6875,5.75],"texture":"#0"},"east":{"uv":[5.75,4.8125,5.25,4.625],"rotation":270,"texture":"#0"},"south":{"uv":[5.125,5.875,5.3125,5.375],"rotation":180,"texture":"#0"},"west":{"uv":[5.875,4.4375,5.375,4.25],"rotation":90,"texture":"#0"},"up":{"uv":[1,5.5,1.1875,5.6875],"texture":"#0"},"down":{"uv":[5.5,0.75,5.6875,0.9375],"rotation":180,"texture":"#0"}}}],"display":{"thirdperson_righthand":{"translation":[0,6,1.5],"scale":[0.65,0.65,0.65]},"thirdperson_lefthand":{"translation":[0,6,1.5],"scale":[0.65,0.65,0.65]},"firstperson_righthand":{"translation":[0.75,4,1.5],"scale":[0.38,0.38,0.38]},"firstperson_lefthand":{"translation":[0.75,4,1.5],"scale":[0.38,0.38,0.38]},"ground":{"translation":[0,8.25,0],"scale":[0.5,0.5,0.5]},"gui":{"rotation":[90,-135,90],"translation":[0,0,-0.5],"scale":[0.58,0.58,0.58]},"fixed":{"rotation":[90,-45,90],"translation":[0,0,-0.5],"scale":[0.86,0.86,0.86]}},"groups":[0,1,2,3,4,5,6,7,8,9,10,11,12,13,14,{"name":"group","origin":[3.5,7.5,14.5],"color":0,"children":[15,16,17]}]}