{"credit":"Made with Blockbench","texture_size":[64,64],"textures":{"0":"item/misc/holy_knight_texture","1":"item/misc/glitter","particle":"item/misc/holy_knight_texture"},"elements":[{"from":[8.6,4.4,8],"to":[15.6,16.4,8],"rotation":{"angle":0,"axis":"y","origin":[16,12,0]},"faces":{"north":{"uv":[11.375,13,13.125,16],"texture":"#0"},"east":{"uv":[11.375,13,11.375,16],"texture":"#0"},"south":{"uv":[13.125,13,11.375,16],"texture":"#0"},"west":{"uv":[11.375,13,11.375,16],"texture":"#0"},"up":{"uv":[1.75,0,0,0],"texture":"#0"},"down":{"uv":[1.75,0,0,0],"texture":"#0"}}},{"from":[0.4,4.4,8],"to":[7.4,16.4,8],"rotation":{"angle":0,"axis":"y","origin":[0,12,0]},"faces":{"north":{"uv":[13.125,13,11.375,16],"texture":"#0"},"east":{"uv":[11.375,13,11.375,16],"texture":"#0"},"south":{"uv":[11.375,13,13.125,16],"texture":"#0"},"west":{"uv":[11.375,13,11.375,16],"texture":"#0"},"up":{"uv":[0,0,1.75,0],"texture":"#0"},"down":{"uv":[0,0,1.75,0],"texture":"#0"}}},{"from":[-2,22,7.7],"to":[6,30,7.7],"faces":{"north":{"uv":[16,0,8,8],"texture":"#1"},"east":{"uv":[0,0,0,4],"texture":"#1"},"south":{"uv":[8,0,16,8],"texture":"#1"},"west":{"uv":[0,0,0,4],"texture":"#1"},"up":{"uv":[0,0,4,0],"texture":"#1"},"down":{"uv":[0,0,4,0],"texture":"#1"}}},{"from":[-2,11,7.7],"to":[6,19,7.7],"faces":{"north":{"uv":[16,8,8,16],"texture":"#1"},"east":{"uv":[0,0,0,4],"texture":"#1"},"south":{"uv":[8,8,16,16],"texture":"#1"},"west":{"uv":[0,0,0,4],"texture":"#1"},"up":{"uv":[0,0,4,0],"texture":"#1"},"down":{"uv":[0,0,4,0],"texture":"#1"}}},{"from":[10,11,7.7],"to":[18,19,7.7],"faces":{"north":{"uv":[0,8,8,16],"texture":"#1"},"east":{"uv":[0,0,0,4],"texture":"#1"},"south":{"uv":[8,8,0,16],"texture":"#1"},"west":{"uv":[0,0,0,4],"texture":"#1"},"up":{"uv":[0,0,4,0],"texture":"#1"},"down":{"uv":[0,0,4,0],"texture":"#1"}}},{"from":[10,22,7.7],"to":[18,30,7.7],"faces":{"north":{"uv":[0,0,8,8],"texture":"#1"},"east":{"uv":[0,0,0,4],"texture":"#1"},"south":{"uv":[8,0,0,8],"texture":"#1"},"west":{"uv":[0,0,0,4],"texture":"#1"},"up":{"uv":[0,0,4,0],"texture":"#1"},"down":{"uv":[0,0,4,0],"texture":"#1"}}},{"from":[19.95,1.4,7.2],"to":[21.95,3.4,8.8],"rotation":{"angle":-45,"axis":"z","origin":[0,12,0]},"faces":{"north":{"uv":[1.625,4.125,1.125,4.625],"texture":"#0"},"east":{"uv":[1.25,2.625,1.65,3.125],"texture":"#0"},"south":{"uv":[1.125,4.125,1.625,4.625],"texture":"#0"},"west":{"uv":[1.25,2.625,1.65,3.125],"rotation":180,"texture":"#0"},"up":{"uv":[1.25,2.625,1.65,3.125],"rotation":90,"texture":"#0"},"down":{"uv":[1.25,3.125,1.65,2.625],"rotation":90,"texture":"#0"}}},{"from":[7,-9.1,7],"to":[9,-0.1,9],"rotation":{"angle":0,"axis":"y","origin":[0,21,0]},"faces":{"north":{"uv":[0.5,3.125,0,0.875],"texture":"#0"},"east":{"uv":[1.1375,3.125,0.6375,0.875],"texture":"#0"},"south":{"uv":[0.5,3.125,0,0.875],"texture":"#0"},"west":{"uv":[0.6375,3.125,1.1375,0.875],"texture":"#0"},"up":{"uv":[0,0.5,0.5,0],"texture":"#0"},"down":{"uv":[0,0.5,0.5,0],"texture":"#0"}}},{"from":[7,-0.1,7],"to":[9,8.9,9],"rotation":{"angle":0,"axis":"y","origin":[0,2.8,0]},"faces":{"north":{"uv":[0.5,0.875,0,3.125],"texture":"#0"},"east":{"uv":[1.1375,0.875,0.6375,3.125],"texture":"#0"},"south":{"uv":[0.5,0.875,0,3.125],"texture":"#0"},"west":{"uv":[0.6375,0.875,1.1375,3.125],"texture":"#0"},"up":{"uv":[0,0,0.5,0.5],"texture":"#0"},"down":{"uv":[0,0,0.5,0.5],"texture":"#0"}}},{"from":[7,8.7,7],"to":[9,17.7,9],"rotation":{"angle":0,"axis":"y","origin":[0,18.8,0]},"faces":{"north":{"uv":[0.5,3.125,0,0.875],"texture":"#0"},"east":{"uv":[1.1375,3.125,0.6375,0.875],"texture":"#0"},"south":{"uv":[0.5,3.125,0,0.875],"texture":"#0"},"west":{"uv":[0.6375,3.125,1.1375,0.875],"texture":"#0"},"up":{"uv":[0,0.5,0.5,0],"texture":"#0"},"down":{"uv":[0,0.5,0.5,0],"texture":"#0"}}},{"from":[0,18.05,6.9],"to":[3,21.05,9.1],"rotation":{"angle":-45,"axis":"z","origin":[0,9.8,0]},"faces":{"north":{"uv":[0.75,3.25,0,4],"texture":"#0"},"east":{"uv":[0,4.125,0.75,4.625],"texture":"#0"},"south":{"uv":[0,3.25,0.75,4],"texture":"#0"},"west":{"uv":[1.125,3.25,1.625,4],"texture":"#0"},"up":{"uv":[1.125,4,1.625,3.25],"rotation":90,"texture":"#0"},"down":{"uv":[0,4.125,0.75,4.625],"texture":"#0"}}},{"from":[3,19,7],"to":[4,23,9],"faces":{"north":{"uv":[11.375,5.375,11.625,6.375],"texture":"#0"},"east":{"uv":[11.75,5.375,12.25,6.375],"texture":"#0"},"south":{"uv":[11.625,5.375,11.375,6.375],"texture":"#0"},"west":{"uv":[11.75,5.375,12.25,6.375],"texture":"#0"},"up":{"uv":[11.125,5.375,11.375,5.875],"texture":"#0"},"down":{"uv":[11.125,5.375,11.375,5.875],"texture":"#0"}}},{"from":[-1,20.5,7.1],"to":[4,21.5,8.9],"faces":{"north":{"uv":[0,5.375,1.25,5.625],"texture":"#0"},"east":{"uv":[0,5.625,0.5,5.875],"texture":"#0"},"south":{"uv":[0,5.375,1.25,5.625],"texture":"#0"},"west":{"uv":[0,5.625,0.5,5.875],"texture":"#0"},"up":{"uv":[0,5.875,1.25,6.375],"texture":"#0"},"down":{"uv":[0,5.875,1.25,6.375],"texture":"#0"}}},{"from":[0,19.5,7],"to":[1,22.5,9],"faces":{"north":{"uv":[1.375,5.625,1.625,6.375],"rotation":180,"texture":"#0"},"east":{"uv":[0.625,4.75,1.375,5.25],"rotation":90,"texture":"#0"},"south":{"uv":[1.375,5.625,1.625,6.375],"rotation":180,"texture":"#0"},"west":{"uv":[0.625,4.75,1.375,5.25],"rotation":90,"texture":"#0"},"up":{"uv":[1.5,5,1.75,5.5],"rotation":180,"texture":"#0"},"down":{"uv":[1.5,5,1.75,5.5],"rotation":180,"texture":"#0"}}},{"from":[15,19.5,7],"to":[16,22.5,9],"rotation":{"angle":0,"axis":"y","origin":[16,0,0]},"faces":{"north":{"uv":[0,5.625,0.75,5.375],"rotation":90,"texture":"#0"},"east":{"uv":[0,6.375,0.75,5.875],"rotation":90,"texture":"#0"},"south":{"uv":[0,5.625,0.75,5.375],"rotation":90,"texture":"#0"},"west":{"uv":[0,6.375,0.75,5.875],"rotation":90,"texture":"#0"},"up":{"uv":[0.75,5.625,1.25,5.375],"rotation":90,"texture":"#0"},"down":{"uv":[0.75,5.625,1.25,5.375],"rotation":90,"texture":"#0"}}},{"from":[12,20.5,7.1],"to":[17,21.5,8.9],"rotation":{"angle":0,"axis":"y","origin":[16,0,0]},"faces":{"north":{"uv":[1.25,5.375,0,5.625],"texture":"#0"},"east":{"uv":[0.5,5.625,0,5.875],"texture":"#0"},"south":{"uv":[1.25,5.375,0,5.625],"texture":"#0"},"west":{"uv":[0.5,5.625,0,5.875],"texture":"#0"},"up":{"uv":[1.25,5.875,0,6.375],"texture":"#0"},"down":{"uv":[1.25,5.875,0,6.375],"texture":"#0"}}},{"from":[4,17,6],"to":[12,25,10],"rotation":{"angle":0,"axis":"y","origin":[8,21,8]},"faces":{"north":{"uv":[5.875,5.5,7.875,7.5],"rotation":180,"texture":"#0"},"east":{"uv":[4.5,3.25,5.5,5.25],"texture":"#0"},"south":{"uv":[5.875,5.5,7.875,7.5],"rotation":180,"texture":"#0"},"west":{"uv":[5.5,3.25,4.5,5.25],"texture":"#0"},"up":{"uv":[4.5,5.25,5.5,3.25],"rotation":90,"texture":"#0"},"down":{"uv":[5.5,5.25,4.5,3.25],"rotation":90,"texture":"#0"}}},{"from":[12,12.2,8],"to":[21,30.2,8],"faces":{"north":{"uv":[13.5,7.125,11.25,12.625],"rotation":180,"texture":"#0"},"east":{"uv":[0,0,0,4],"texture":"#0"},"south":{"uv":[11.25,7.125,13.5,12.625],"rotation":180,"texture":"#0"},"west":{"uv":[0,0,0,4],"texture":"#0"},"up":{"uv":[0,0,1.25,0],"texture":"#0"},"down":{"uv":[0,0,1.25,0],"texture":"#0"}}},{"from":[-5,12.2,8],"to":[4,30.2,8],"rotation":{"angle":0,"axis":"y","origin":[16,0,0]},"faces":{"north":{"uv":[11.25,7.125,13.5,12.625],"rotation":180,"texture":"#0"},"east":{"uv":[0,0,0,4],"texture":"#0"},"south":{"uv":[13.5,7.125,11.25,12.625],"rotation":180,"texture":"#0"},"west":{"uv":[0,0,0,4],"texture":"#0"},"up":{"uv":[1.25,0,0,0],"texture":"#0"},"down":{"uv":[1.25,0,0,0],"texture":"#0"}}},{"from":[4,24.8,8],"to":[12,31.8,8],"rotation":{"angle":0,"axis":"y","origin":[8,28.3,8]},"faces":{"north":{"uv":[0,6.5,1.75,8.5],"rotation":90,"texture":"#0"},"east":{"uv":[0,0,0,1.25],"texture":"#0"},"south":{"uv":[0,6.5,1.75,8.5],"rotation":90,"texture":"#0"},"west":{"uv":[0,0,0,1.25],"texture":"#0"},"up":{"uv":[2.25,6.875,4.25,6.875],"texture":"#0"},"down":{"uv":[2.25,6.875,4.25,6.875],"texture":"#0"}}},{"from":[8,24.8,4],"to":[8,31.8,12],"rotation":{"angle":0,"axis":"y","origin":[8,28.3,8]},"faces":{"north":{"uv":[0,0,0,1.25],"texture":"#0"},"east":{"uv":[0,6.5,1.75,8.5],"rotation":90,"texture":"#0"},"south":{"uv":[0,0,0,1.25],"texture":"#0"},"west":{"uv":[0,6.5,1.75,8.5],"rotation":90,"texture":"#0"},"up":{"uv":[2.25,6.875,4.25,6.875],"rotation":90,"texture":"#0"},"down":{"uv":[2.25,6.875,4.25,6.875],"rotation":270,"texture":"#0"}}},{"from":[12,19,7],"to":[13,23,9],"rotation":{"angle":0,"axis":"y","origin":[16,0,0]},"faces":{"north":{"uv":[11.625,5.375,11.375,6.375],"texture":"#0"},"east":{"uv":[12.25,5.375,11.75,6.375],"texture":"#0"},"south":{"uv":[11.375,5.375,11.625,6.375],"texture":"#0"},"west":{"uv":[12.25,5.375,11.75,6.375],"texture":"#0"},"up":{"uv":[11.375,5.375,11.125,5.875],"texture":"#0"},"down":{"uv":[11.375,5.375,11.125,5.875],"texture":"#0"}}}],"gui_light":"front","display":{"thirdperson_righthand":{"rotation":[0,95,0],"translation":[0,3.5,1.5],"scale":[0.68,0.68,0.68]},"thirdperson_lefthand":{"rotation":[0,95,0],"translation":[0,3.5,1.5],"scale":[0.68,0.68,0.68]},"firstperson_righthand":{"rotation":[88,-77,90],"translation":[3.25,1.25,-2],"scale":[0.57031,0.57031,0.57031]},"firstperson_lefthand":{"rotation":[88,-77,90],"translation":[3.25,1.25,-2],"scale":[0.57031,0.57031,0.57031]},"ground":{"rotation":[79,0,0],"translation":[0,1.5,0],"scale":[0.5,0.5,0.5]},"gui":{"rotation":[0,0,45],"translation":[1.5,-1.75,-2],"scale":[0.38086,0.38086,0.38086]},"head":{"rotation":[0,0,135.5],"translation":[4.5,19.25,-0.75],"scale":[0.7,0.7,0.7]},"fixed":{"translation":[0.25,-1.5,-2.75],"scale":[1.26445,1.26445,1.26445]}},"groups":[{"name":"Particles","origin":[15,8,12],"color":0,"boneType":"","children":[0,1,2,3,4,5]},{"name":"Axe","origin":[8,8,8],"color":0,"boneType":"","children":[6,7,8,9,10,11,12,13,14,15,16,17,18,19,20,21]}]}