{"credit":"Made with Blockbench","texture_size":[40,40],"textures":{"0":"item/axes/axe_8","1":"item/axes/effect/eff8","particle":"item/axes/axe_8"},"elements":[{"from":[6.992,15.30891,3.03113],"to":[9.008,16.76491,4.48713],"rotation":{"angle":45,"axis":"x","origin":[8,6.96644,6.77577]},"faces":{"north":{"uv":[7.2,10.8,8,11.4],"texture":"#0"},"east":{"uv":[0.8,11.6,1.4,12.2],"texture":"#0"},"south":{"uv":[8,10.8,8.8,11.4],"texture":"#0"},"west":{"uv":[3.2,11.6,3.8,12.2],"texture":"#0"},"up":{"uv":[12,0.6,11.2,0],"texture":"#0"},"down":{"uv":[12,0.8,11.2,1.4],"texture":"#0"}}},{"from":[7.0928,10.34292,11.92017],"to":[8.9072,14.00532,15.58257],"rotation":{"angle":-45,"axis":"x","origin":[8,6.96644,6.77577]},"faces":{"north":{"uv":[8,5.6,8.8,7],"texture":"#0"},"east":{"uv":[0.8,7.6,2.2,9],"texture":"#0"},"south":{"uv":[8,7.2,8.8,8.6],"texture":"#0"},"west":{"uv":[2.4,7.6,3.8,9],"texture":"#0"},"up":{"uv":[9.6,1.4,8.8,0],"texture":"#0"},"down":{"uv":[9.6,1.6,8.8,3],"texture":"#0"}}},{"from":[7.3952,13.42296,3.34439],"to":[8.6048,14.74456,8.92199],"rotation":{"angle":-45,"axis":"x","origin":[8,15.51765,4.86288]},"faces":{"north":{"uv":[12,11.2,12.4,11.8],"texture":"#0"},"east":{"uv":[8,4,10.2,4.6],"texture":"#0"},"south":{"uv":[12,12,12.4,12.6],"texture":"#0"},"west":{"uv":[8,4.8,10.2,5.4],"texture":"#0"},"up":{"uv":[3.6,11.4,3.2,9.2],"texture":"#0"},"down":{"uv":[4,9.2,3.6,11.4],"texture":"#0"}}},{"from":[7.45414,12.96285,4.34082],"to":[8.55152,13.89223,5.2702],"rotation":{"angle":0,"axis":"x","origin":[8,15.51765,4.86288]},"faces":{"north":{"uv":[12.8,2,12.4,1.6],"rotation":180,"texture":"#0"},"east":{"uv":[8.8,10,9.2,10.4],"rotation":90,"texture":"#0"},"south":{"uv":[12.8,2,12.4,2.4],"texture":"#0"},"west":{"uv":[12.4,1.2,12.8,1.6],"rotation":270,"texture":"#0"},"up":{"uv":[1.6,10.4,2,10.8],"texture":"#0"},"down":{"uv":[5.2,9.6,5.6,10],"rotation":180,"texture":"#0"}}},{"from":[7.44848,17.01406,3.83148],"to":[8.54586,17.83144,4.64885],"rotation":{"angle":-45,"axis":"x","origin":[7.99859,16.83513,4.84049]},"faces":{"north":{"uv":[12.4,2.4,12.8,2.8],"texture":"#0"},"east":{"uv":[12.4,2.8,12.8,3.2],"texture":"#0"},"south":{"uv":[3.2,12.4,3.6,12.8],"texture":"#0"},"west":{"uv":[12.4,3.2,12.8,3.6],"texture":"#0"},"up":{"uv":[4,12.8,3.6,12.4],"texture":"#0"},"down":{"uv":[12.8,3.6,12.4,4],"texture":"#0"}}},{"from":[7.384,16.28412,4.0005],"to":[8.616,17.40412,7.3605],"rotation":{"angle":0,"axis":"x","origin":[7.99859,16.83513,4.84049]},"faces":{"north":{"uv":[4,12.4,4.4,12.8],"texture":"#0"},"east":{"uv":[10.4,5.2,11.8,5.6],"texture":"#0"},"south":{"uv":[12.4,4,12.8,4.4],"texture":"#0"},"west":{"uv":[10.4,8.8,11.8,9.2],"texture":"#0"},"up":{"uv":[5.2,11.8,4.8,10.4],"texture":"#0"},"down":{"uv":[11.2,2.4,10.8,3.8],"texture":"#0"}}},{"from":[7.3952,16.01579,4.2865],"to":[8.6048,17.11339,6.5041],"rotation":{"angle":22.5,"axis":"x","origin":[7.99859,16.83513,4.84049]},"faces":{"north":{"uv":[4.8,12.8,4.4,12.4],"rotation":180,"texture":"#0"},"east":{"uv":[12,0,12.4,0.8],"rotation":90,"texture":"#0"},"south":{"uv":[12.8,4.4,12.4,4.8],"texture":"#0"},"west":{"uv":[1.6,12,2,12.8],"rotation":270,"texture":"#0"},"up":{"uv":[12,0.8,12.4,1.6],"texture":"#0"},"down":{"uv":[2.8,10,3.2,10.8],"rotation":180,"texture":"#0"}}},{"from":[7.21376,14.23787,9.49895],"to":[8.78624,16.93035,10.45543],"rotation":{"angle":0,"axis":"x","origin":[8,6.96644,6.77577]},"faces":{"north":{"uv":[10.4,0,11,1],"texture":"#0"},"east":{"uv":[11.2,3.2,11.6,4.2],"texture":"#0"},"south":{"uv":[0.8,10.4,1.4,11.4],"texture":"#0"},"west":{"uv":[5.2,11.2,5.6,12.2],"texture":"#0"},"up":{"uv":[13,0.4,12.4,0],"texture":"#0"},"down":{"uv":[13,0.4,12.4,0.8],"texture":"#0"}}},{"from":[8,9.75787,0.04895],"to":[8,21.41035,9.96543],"rotation":{"angle":0,"axis":"x","origin":[8,6.96644,7.52577]},"faces":{"north":{"uv":[0,0,0,4.6],"texture":"#0"},"east":{"uv":[0,0,4,4.6],"texture":"#0"},"south":{"uv":[0,0,0,4.6],"texture":"#0"},"west":{"uv":[4,0,8,4.6],"texture":"#0"},"up":{"uv":[0,4,0,0],"texture":"#0"},"down":{"uv":[0,0,0,4],"texture":"#0"}}},{"from":[6.54217,12.80084,0.42688],"to":[9.45417,15.04084,2.66688],"rotation":{"angle":45,"axis":"x","origin":[8,6.96644,6.77577]},"faces":{"north":{"uv":[8.8,3.2,10,4],"texture":"#0"},"east":{"uv":[10,3.2,10.8,4],"texture":"#0"},"south":{"uv":[8.8,8,10,8.8],"texture":"#0"},"west":{"uv":[5.2,10,6,10.8],"texture":"#0"},"up":{"uv":[3.2,10,2,9.2],"texture":"#0"},"down":{"uv":[10.4,8.8,9.2,9.6],"texture":"#0"}}},{"from":[7.1152,9.47923,7.15011],"to":[8.8848,14.60883,8.91971],"rotation":{"angle":0,"axis":"y","origin":[8,6.96644,6.77577]},"faces":{"north":{"uv":[4,7.6,4.8,9.6],"texture":"#0"},"east":{"uv":[4.8,7.6,5.6,9.6],"texture":"#0"},"south":{"uv":[8,0,8.8,2],"texture":"#0"},"west":{"uv":[8,2,8.8,4],"texture":"#0"},"up":{"uv":[10.8,6.4,10,5.6],"texture":"#0"},"down":{"uv":[6.8,10,6,10.8],"texture":"#0"}}},{"from":[7.1264,-0.58957,7.16131],"to":[8.8736,1.15763,8.90851],"rotation":{"angle":0,"axis":"y","origin":[8,6.96644,6.77577]},"faces":{"north":{"uv":[11.6,3.2,12.2,3.8],"texture":"#0"},"east":{"uv":[4,11.6,4.6,12.2],"texture":"#0"},"south":{"uv":[11.6,5.6,12.2,6.2],"texture":"#0"},"west":{"uv":[11.6,6.4,12.2,7],"texture":"#0"},"up":{"uv":[7.8,12.2,7.2,11.6],"texture":"#0"},"down":{"uv":[12.2,7.2,11.6,7.8],"texture":"#0"}}},{"from":[7.328,-2.73997,7.36291],"to":[8.672,10.02803,8.70691],"rotation":{"angle":0,"axis":"y","origin":[8,6.96644,6.77577]},"faces":{"north":{"uv":[5.6,4.8,6.2,10],"texture":"#0"},"east":{"uv":[6.4,4.8,7,10],"texture":"#0"},"south":{"uv":[7.2,4.8,7.8,10],"texture":"#0"},"west":{"uv":[0,7.6,0.6,12.8],"texture":"#0"},"up":{"uv":[8.6,12.2,8,11.6],"texture":"#0"},"down":{"uv":[9.4,11.6,8.8,12.2],"texture":"#0"}}},{"from":[7.44,12.58431,13.10317],"to":[8.56,14.82431,15.62317],"rotation":{"angle":-22.5,"axis":"x","origin":[8,6.96644,6.77577]},"faces":{"north":{"uv":[2.8,12,3.2,12.8],"texture":"#0"},"east":{"uv":[9.6,2.4,10.6,3.2],"texture":"#0"},"south":{"uv":[4.8,12,5.2,12.8],"texture":"#0"},"west":{"uv":[4,9.6,5,10.4],"texture":"#0"},"up":{"uv":[6,12.2,5.6,11.2],"texture":"#0"},"down":{"uv":[11.6,5.6,11.2,6.6],"texture":"#0"}}},{"from":[7.4288,14.91627,6.53957],"to":[8.5712,17.17867,9.08197],"rotation":{"angle":22.5,"axis":"x","origin":[8,6.96644,6.77577]},"faces":{"north":{"uv":[6,11.2,6.4,12.2],"texture":"#0"},"east":{"uv":[8,9.8,9,8.8],"texture":"#0"},"south":{"uv":[6.4,11.2,6.8,12.2],"texture":"#0"},"west":{"uv":[0.8,10.2,1.8,9.2],"texture":"#0"},"up":{"uv":[11.6,7.8,11.2,6.8],"texture":"#0"},"down":{"uv":[11.6,9.6,11.2,10.6],"texture":"#0"}}},{"from":[7.39,-3.66774,7.16889],"to":[8.61,-1.14774,9.40889],"rotation":{"angle":-22.5,"axis":"x","origin":[8.05,-1.62243,8]},"faces":{"north":{"uv":[11.6,5.6,11.2,6.6],"rotation":180,"texture":"#0"},"east":{"uv":[9.6,2.4,10.6,3.2],"rotation":270,"texture":"#0"},"south":{"uv":[6,12.2,5.6,11.2],"texture":"#0"},"west":{"uv":[4,9.6,5,10.4],"rotation":90,"texture":"#0"},"up":{"uv":[2.8,12,3.2,12.8],"rotation":180,"texture":"#0"},"down":{"uv":[4.8,12,5.2,12.8],"texture":"#0"}}},{"from":[7.44,-3.66774,6.59111],"to":[8.56,-1.14774,8.83111],"rotation":{"angle":22.5,"axis":"x","origin":[8,-1.62243,8]},"faces":{"north":{"uv":[5.6,12.2,6,11.2],"texture":"#0"},"east":{"uv":[9.6,3.2,10.6,2.4],"rotation":270,"texture":"#0"},"south":{"uv":[11.2,5.6,11.6,6.6],"rotation":180,"texture":"#0"},"west":{"uv":[4,10.4,5,9.6],"rotation":90,"texture":"#0"},"up":{"uv":[2.8,12.8,3.2,12],"rotation":180,"texture":"#0"},"down":{"uv":[4.8,12.8,5.2,12],"texture":"#0"}}},{"from":[6.992,-2.68882,7.59024],"to":[9.008,-1.23282,9.04624],"rotation":{"angle":45,"axis":"x","origin":[8,-1.62243,8]},"faces":{"north":{"uv":[12,0.8,11.2,1.4],"rotation":180,"texture":"#0"},"east":{"uv":[0.8,11.6,1.4,12.2],"rotation":270,"texture":"#0"},"south":{"uv":[12,0.6,11.2,0],"texture":"#0"},"west":{"uv":[3.2,11.6,3.8,12.2],"rotation":90,"texture":"#0"},"up":{"uv":[7.2,10.8,8,11.4],"rotation":180,"texture":"#0"},"down":{"uv":[8,10.8,8.8,11.4],"texture":"#0"}}},{"from":[7.21376,-1.4857,6.7103],"to":[8.78624,-0.52922,9.40278],"rotation":{"angle":0,"axis":"x","origin":[8,-1.62243,8]},"faces":{"north":{"uv":[13,0.4,12.4,0.8],"rotation":180,"texture":"#0"},"east":{"uv":[11.2,3.2,11.6,4.2],"rotation":270,"texture":"#0"},"south":{"uv":[13,0.4,12.4,0],"texture":"#0"},"west":{"uv":[5.2,11.2,5.6,12.2],"rotation":90,"texture":"#0"},"up":{"uv":[10.4,0,11,1],"rotation":180,"texture":"#0"},"down":{"uv":[0.8,10.4,1.4,11.4],"texture":"#0"}}},{"from":[6.992,10.01403,6.91491],"to":[9.008,11.13403,9.15491],"rotation":{"angle":0,"axis":"y","origin":[8,6.96644,6.77577]},"faces":{"north":{"uv":[12,8.4,12.8,8.8],"texture":"#0"},"east":{"uv":[12,8.8,12.8,9.2],"texture":"#0"},"south":{"uv":[12,9.2,12.8,9.6],"texture":"#0"},"west":{"uv":[12,10.8,12.8,11.2],"texture":"#0"},"up":{"uv":[10.8,7.2,10,6.4],"texture":"#0"},"down":{"uv":[7.6,10,6.8,10.8],"texture":"#0"}}},{"from":[6.992,11.76403,6.91491],"to":[9.008,12.88403,9.15491],"rotation":{"angle":0,"axis":"y","origin":[8,6.96644,6.77577]},"faces":{"north":{"uv":[12,8.4,12.8,8.8],"texture":"#0"},"east":{"uv":[12,8.8,12.8,9.2],"texture":"#0"},"south":{"uv":[12,9.2,12.8,9.6],"texture":"#0"},"west":{"uv":[12,10.8,12.8,11.2],"texture":"#0"},"up":{"uv":[10.8,7.2,10,6.4],"texture":"#0"},"down":{"uv":[7.6,10,6.8,10.8],"texture":"#0"}}},{"from":[7.16,8.51603,7.19491],"to":[8.84,9.07603,8.87491],"rotation":{"angle":0,"axis":"y","origin":[8,6.96644,6.77577]},"faces":{"north":{"uv":[7.2,12.4,7.8,12.6],"texture":"#0"},"east":{"uv":[12.4,7.2,13,7.4],"texture":"#0"},"south":{"uv":[12.4,7.6,13,7.8],"texture":"#0"},"west":{"uv":[8,12.4,8.6,12.6],"texture":"#0"},"up":{"uv":[10.2,12.2,9.6,11.6],"texture":"#0"},"down":{"uv":[12.2,9.6,11.6,10.2],"texture":"#0"}}},{"from":[7.16,1.61603,7.19491],"to":[8.84,2.17603,8.87491],"rotation":{"angle":0,"axis":"y","origin":[8,6.96644,6.77577]},"faces":{"north":{"uv":[7.2,12.4,7.8,12.6],"texture":"#0"},"east":{"uv":[12.4,7.2,13,7.4],"texture":"#0"},"south":{"uv":[12.4,7.6,13,7.8],"texture":"#0"},"west":{"uv":[8,12.4,8.6,12.6],"texture":"#0"},"up":{"uv":[10.2,12.2,9.6,11.6],"texture":"#0"},"down":{"uv":[12.2,9.6,11.6,10.2],"texture":"#0"}}},{"from":[8,-6.00213,4.52],"to":[8,0.95787,11.48],"rotation":{"angle":-45,"axis":"x","origin":[8,-2.52213,8]},"faces":{"north":{"uv":[0,0,0,2.8],"rotation":180,"texture":"#0"},"east":{"uv":[0,4.8,2.8,7.6],"rotation":270,"texture":"#0"},"south":{"uv":[0,2.8,0,0],"texture":"#0"},"west":{"uv":[2.8,4.8,5.6,7.6],"rotation":90,"texture":"#0"},"up":{"uv":[0,0,0,2.8],"rotation":180,"texture":"#0"},"down":{"uv":[0,0,0,2.8],"texture":"#0"}}},{"from":[6.75,13.5,5],"to":[6.75,19.5,11],"rotation":{"angle":0,"axis":"x","origin":[6.75,16.5,8]},"faces":{"north":{"uv":[0,0,0,5.6],"texture":"#1"},"east":{"uv":[16,0,0,16],"texture":"#1"},"south":{"uv":[0,0,0,5.6],"texture":"#1"},"west":{"uv":[0,0,16,16],"texture":"#1"},"up":{"uv":[0,4.8,0,0],"texture":"#1"},"down":{"uv":[0,0,0,4.8],"texture":"#1"}}},{"from":[6.75,11.5,3],"to":[6.75,21.5,13],"rotation":{"angle":0,"axis":"x","origin":[6.75,16.5,8]},"faces":{"north":{"uv":[0,0,0,5.6],"texture":"#1"},"east":{"uv":[16,0,0,16],"texture":"#1"},"south":{"uv":[0,0,0,5.6],"texture":"#1"},"west":{"uv":[0,0,16,16],"texture":"#1"},"up":{"uv":[0,4.8,0,0],"texture":"#1"},"down":{"uv":[0,0,0,4.8],"texture":"#1"}}},{"from":[9.25,11.5,3],"to":[9.25,21.5,13],"rotation":{"angle":0,"axis":"x","origin":[9.25,16.5,8]},"faces":{"north":{"uv":[0,0,0,5.6],"texture":"#1"},"east":{"uv":[16,0,0,16],"texture":"#1"},"south":{"uv":[0,0,0,5.6],"texture":"#1"},"west":{"uv":[0,0,16,16],"texture":"#1"},"up":{"uv":[0,4.8,0,0],"texture":"#1"},"down":{"uv":[0,0,0,4.8],"texture":"#1"}}},{"from":[9.25,13.5,5],"to":[9.25,19.5,11],"rotation":{"angle":0,"axis":"x","origin":[9.25,16.5,8]},"faces":{"north":{"uv":[0,0,0,5.6],"texture":"#1"},"east":{"uv":[16,0,0,16],"texture":"#1"},"south":{"uv":[0,0,0,5.6],"texture":"#1"},"west":{"uv":[0,0,16,16],"texture":"#1"},"up":{"uv":[0,4.8,0,0],"texture":"#1"},"down":{"uv":[0,0,0,4.8],"texture":"#1"}}}],"gui_light":"front","display":{"thirdperson_righthand":{"translation":[0,2.25,2.5],"scale":[0.8,0.8,0.8]},"thirdperson_lefthand":{"translation":[0,2.25,2.5],"scale":[0.8,0.8,0.8]},"firstperson_righthand":{"rotation":[-25.75,5,2.87],"translation":[9.75,0,-7]},"firstperson_lefthand":{"rotation":[-25.75,5,2.87],"translation":[9.75,0,-7]},"ground":{"rotation":[0,0,-82],"scale":[0.67,0.67,0.67]},"gui":{"rotation":[-90,45,90],"translation":[1.25,-1,0],"scale":[0.54,0.54,0.54]},"head":{"scale":[0,0,0]},"fixed":{"rotation":[0,90,0],"translation":[0,0.5,-2]}},"groups":[{"name":"group","origin":[8.00097,0.88523,-2.99934],"color":0,"children":[0,1,2,3,4,5,6,7,8,9,10,11,12,13,14,15,16,17,18,19,20,21,22,23]},24,25,26,27]}