{"credit":"Made with Blockbench","texture_size":[32,32],"textures":{"1":"item/axes/effect/eff18","2":"item/axes/axe_18","particle":"item/axes/axe_18"},"elements":[{"from":[7.39,0.26963,7.39],"to":[8.61,12.46963,8.61],"rotation":{"angle":0,"axis":"y","origin":[8,7.48716,5.97461]},"faces":{"north":{"uv":[4,5.5,4.5,11.5],"texture":"#2"},"east":{"uv":[4.5,5.5,5,11.5],"texture":"#2"},"south":{"uv":[5,5.5,5.5,11.5],"texture":"#2"},"west":{"uv":[5.5,5.5,6,11.5],"texture":"#2"},"up":{"uv":[12,7.5,11.5,7],"texture":"#2"},"down":{"uv":[8,11.5,7.5,12],"texture":"#2"}}},{"from":[8,11.17963,-1.15],"to":[8,22.15963,17.15],"rotation":{"angle":0,"axis":"y","origin":[8,8.63716,8.41461]},"faces":{"north":{"uv":[0,0,0,5.5],"texture":"#2"},"east":{"uv":[0,0,9.25,5.5],"texture":"#2"},"south":{"uv":[0,0,0,5.5],"texture":"#2"},"west":{"uv":[0,0,9.25,5.5],"texture":"#2"},"up":{"uv":[0,9.25,0,0],"texture":"#2"},"down":{"uv":[0,0,0,9.25],"texture":"#2"}}},{"from":[7.5181,-4.93766,6.56175],"to":[8.4819,-2.49766,7.53775],"rotation":{"angle":-22.5,"axis":"x","origin":[8,-3.71766,7.04975]},"faces":{"north":{"uv":[1,11.5,1.5,12.75],"texture":"#2"},"east":{"uv":[11.5,1,12,2.25],"texture":"#2"},"south":{"uv":[1.5,11.5,2,12.75],"texture":"#2"},"west":{"uv":[2,11.5,2.5,12.75],"texture":"#2"},"up":{"uv":[12,9.5,11.5,9],"texture":"#2"},"down":{"uv":[11.5,11.5,11,12],"texture":"#2"}}},{"from":[7.2375,-0.5349,11.48099],"to":[8.7625,3.2471,13.00599],"rotation":{"angle":45,"axis":"x","origin":[8,6.48716,6.03893]},"faces":{"north":{"uv":[9,8.5,9.75,10.5],"texture":"#2"},"east":{"uv":[0,9.5,0.75,11.5],"texture":"#2"},"south":{"uv":[9.5,0,10.25,2],"texture":"#2"},"west":{"uv":[1,9.5,1.75,11.5],"texture":"#2"},"up":{"uv":[4.75,12.25,4,11.5],"texture":"#2"},"down":{"uv":[5.75,11.5,5,12.25],"texture":"#2"}}},{"from":[7.2375,-0.5349,2.99401],"to":[8.7625,3.2471,4.51901],"rotation":{"angle":-45,"axis":"x","origin":[8,6.48716,9.96107]},"faces":{"north":{"uv":[10.25,0,9.5,2],"texture":"#2"},"east":{"uv":[0.75,9.5,0,11.5],"texture":"#2"},"south":{"uv":[9.75,8.5,9,10.5],"texture":"#2"},"west":{"uv":[1.75,9.5,1,11.5],"texture":"#2"},"up":{"uv":[4.75,11.5,4,12.25],"texture":"#2"},"down":{"uv":[5.75,12.25,5,11.5],"texture":"#2"}}},{"from":[7.5181,-4.93766,8.46225],"to":[8.4819,-2.49766,9.43825],"rotation":{"angle":22.5,"axis":"x","origin":[8,-3.71766,8.95025]},"faces":{"north":{"uv":[2,11.5,1.5,12.75],"texture":"#2"},"east":{"uv":[12,1,11.5,2.25],"texture":"#2"},"south":{"uv":[1.5,11.5,1,12.75],"texture":"#2"},"west":{"uv":[2.5,11.5,2,12.75],"texture":"#2"},"up":{"uv":[12,9,11.5,9.5],"texture":"#2"},"down":{"uv":[11.5,12,11,11.5],"texture":"#2"}}},{"from":[7.2375,12.04115,-0.5854],"to":[8.7625,14.17615,1.5496],"rotation":{"angle":45,"axis":"x","origin":[8,8.63716,7.03893]},"faces":{"north":{"uv":[11,4,11.75,5],"texture":"#2"},"east":{"uv":[3,9.5,4,10.5],"texture":"#2"},"south":{"uv":[11,9.5,11.75,10.5],"texture":"#2"},"west":{"uv":[10,9.5,11,10.5],"texture":"#2"},"up":{"uv":[10.75,12,10,11],"texture":"#2"},"down":{"uv":[11.75,10.5,11,11.5],"texture":"#2"}}},{"from":[6.82,-0.52505,15.57451],"to":[9.18,1.47495,17.57451],"rotation":{"angle":45,"axis":"x","origin":[8,8.23716,6.03894]},"faces":{"north":{"uv":[9.5,4,10.75,5],"texture":"#2"},"east":{"uv":[10.5,0,11.5,1],"texture":"#2"},"south":{"uv":[6,9.5,7.25,10.5],"texture":"#2"},"west":{"uv":[10.5,1,11.5,2],"texture":"#2"},"up":{"uv":[8.75,10.5,7.5,9.5],"texture":"#2"},"down":{"uv":[11.25,8.5,10,9.5],"texture":"#2"}}},{"from":[7.07,-0.83133,7.07],"to":[8.93,0.40867,8.93],"rotation":{"angle":0,"axis":"x","origin":[8,-0.21133,8]},"faces":{"north":{"uv":[9.5,5,10.5,5.5],"texture":"#2"},"east":{"uv":[11.5,5,12.5,5.5],"texture":"#2"},"south":{"uv":[11.5,5.5,12.5,6],"texture":"#2"},"west":{"uv":[6,11.5,7,12],"texture":"#2"},"up":{"uv":[11.5,3,10.5,2],"texture":"#2"},"down":{"uv":[4,10.5,3,11.5],"texture":"#2"}}},{"from":[7.07,11.55867,7.07],"to":[8.93,12.17867,8.93],"rotation":{"angle":0,"axis":"y","origin":[8,8.23716,5.97784]},"faces":{"north":{"uv":[11.5,11.5,12.5,11.75],"texture":"#2"},"east":{"uv":[12,1,13,1.25],"texture":"#2"},"south":{"uv":[12,1.5,13,1.75],"texture":"#2"},"west":{"uv":[12,2,13,2.25],"texture":"#2"},"up":{"uv":[11.5,4,10.5,3],"texture":"#2"},"down":{"uv":[11.5,5,10.5,6],"texture":"#2"}}},{"from":[7.07,10.65867,7.07],"to":[8.93,11.27867,8.93],"rotation":{"angle":0,"axis":"y","origin":[8,8.23716,5.97784]},"faces":{"north":{"uv":[2.5,12,3.5,12.25],"texture":"#2"},"east":{"uv":[12,4,13,4.25],"texture":"#2"},"south":{"uv":[12,4.5,13,4.75],"texture":"#2"},"west":{"uv":[6,12,7,12.25],"texture":"#2"},"up":{"uv":[7,11.5,6,10.5],"texture":"#2"},"down":{"uv":[11.5,6,10.5,7],"texture":"#2"}}},{"from":[7.07,0.90867,7.07],"to":[8.93,1.52867,8.93],"rotation":{"angle":0,"axis":"y","origin":[8,7.48716,5.97784]},"faces":{"north":{"uv":[12,6,13,6.25],"texture":"#2"},"east":{"uv":[12,6.5,13,6.75],"texture":"#2"},"south":{"uv":[12,7,13,7.25],"texture":"#2"},"west":{"uv":[12,7.5,13,7.75],"texture":"#2"},"up":{"uv":[8,11.5,7,10.5],"texture":"#2"},"down":{"uv":[11.5,7,10.5,8],"texture":"#2"}}},{"from":[7.318,14.46935,0.09877],"to":[8.682,18.49935,1.95877],"rotation":{"angle":22.5,"axis":"x","origin":[8,8.63716,6.03893]},"faces":{"north":{"uv":[2,9.5,2.75,11.5],"texture":"#2"},"east":{"uv":[3,7.5,4,9.5],"texture":"#2"},"south":{"uv":[9.5,2,10.25,4],"texture":"#2"},"west":{"uv":[6,7.5,7,9.5],"texture":"#2"},"up":{"uv":[0.75,12.5,0,11.5],"texture":"#2"},"down":{"uv":[12.25,0,11.5,1],"texture":"#2"}}},{"from":[7.38,12.93147,5.96258],"to":[8.62,16.96147,7.82258],"rotation":{"angle":-22.5,"axis":"x","origin":[8,8.63716,6.03893]},"faces":{"north":{"uv":[8,10.5,8.5,12.5],"texture":"#2"},"east":{"uv":[7,7.5,8,9.5],"texture":"#2"},"south":{"uv":[8.5,10.5,9,12.5],"texture":"#2"},"west":{"uv":[8,7.5,9,9.5],"texture":"#2"},"up":{"uv":[12,7,11.5,6],"texture":"#2"},"down":{"uv":[7.5,11.5,7,12.5],"texture":"#2"}}},{"from":[7.318,14.46935,14.04123],"to":[8.682,18.49935,15.90123],"rotation":{"angle":-22.5,"axis":"x","origin":[8,8.63716,9.96107]},"faces":{"north":{"uv":[10.25,2,9.5,4],"texture":"#2"},"east":{"uv":[4,7.5,3,9.5],"texture":"#2"},"south":{"uv":[2.75,9.5,2,11.5],"texture":"#2"},"west":{"uv":[7,7.5,6,9.5],"texture":"#2"},"up":{"uv":[0.75,11.5,0,12.5],"texture":"#2"},"down":{"uv":[12.25,1,11.5,0],"texture":"#2"}}},{"from":[7.2375,12.04115,14.4504],"to":[8.7625,14.17615,16.5854],"rotation":{"angle":-45,"axis":"x","origin":[8,8.63716,8.96107]},"faces":{"north":{"uv":[11.75,9.5,11,10.5],"texture":"#2"},"east":{"uv":[4,9.5,3,10.5],"texture":"#2"},"south":{"uv":[11.75,4,11,5],"texture":"#2"},"west":{"uv":[11,9.5,10,10.5],"texture":"#2"},"up":{"uv":[10.75,11,10,12],"texture":"#2"},"down":{"uv":[11.75,11.5,11,10.5],"texture":"#2"}}},{"from":[7.38,12.93147,8.17742],"to":[8.62,16.96147,10.03742],"rotation":{"angle":22.5,"axis":"x","origin":[8,8.63716,9.96107]},"faces":{"north":{"uv":[9,10.5,8.5,12.5],"texture":"#2"},"east":{"uv":[8,7.5,7,9.5],"texture":"#2"},"south":{"uv":[8.5,10.5,8,12.5],"texture":"#2"},"west":{"uv":[9,7.5,8,9.5],"texture":"#2"},"up":{"uv":[12,6,11.5,7],"texture":"#2"},"down":{"uv":[7.5,12.5,7,11.5],"texture":"#2"}}},{"from":[6.512,13.84444,-0.30554],"to":[9.488,17.19244,3.04246],"rotation":{"angle":45,"axis":"x","origin":[8,7.98716,5.82785]},"faces":{"north":{"uv":[6,5.5,7.5,7.25],"texture":"#2"},"east":{"uv":[0,5.5,1.75,7.25],"texture":"#2"},"south":{"uv":[0,7.5,1.5,9.25],"texture":"#2"},"west":{"uv":[2,5.5,3.75,7.25],"texture":"#2"},"up":{"uv":[3,9.25,1.5,7.5],"texture":"#2"},"down":{"uv":[9,5.5,7.5,7.25],"texture":"#2"}}},{"from":[6.76,12.51867,6.76],"to":[9.24,13.75867,9.24],"rotation":{"angle":0,"axis":"x","origin":[8,13.13867,8]},"faces":{"north":{"uv":[2.5,11.5,3.75,12],"texture":"#2"},"east":{"uv":[11.5,2.5,12.75,3],"texture":"#2"},"south":{"uv":[11.5,3,12.75,3.5],"texture":"#2"},"west":{"uv":[11.5,3.5,12.75,4],"texture":"#2"},"up":{"uv":[10.25,6.75,9,5.5],"texture":"#2"},"down":{"uv":[10.25,7,9,8.25],"texture":"#2"}}},{"from":[8,12,2],"to":[8,24,14],"rotation":{"angle":0,"axis":"x","origin":[8,18,8]},"faces":{"north":{"uv":[0,0,0,7],"texture":"#1"},"east":{"uv":[16,0,0,16],"texture":"#1"},"south":{"uv":[0,0,0,7],"texture":"#1"},"west":{"uv":[0,0,16,16],"texture":"#1"},"up":{"uv":[0,6,0,0],"texture":"#1"},"down":{"uv":[0,0,0,6],"texture":"#1"}}}],"display":{"thirdperson_righthand":{"translation":[0,2.25,2.5],"scale":[0.8,0.8,0.8]},"thirdperson_lefthand":{"translation":[0,2.25,2.5],"scale":[0.8,0.8,0.8]},"firstperson_righthand":{"rotation":[-25.75,5,2.87],"translation":[9.75,0,-7]},"firstperson_lefthand":{"rotation":[-25.75,5,2.87],"translation":[9.75,0,-7]},"ground":{"rotation":[0,0,-82],"scale":[0.67,0.67,0.67]},"gui":{"rotation":[-90,45,90],"translation":[1.25,-1,0],"scale":[0.54,0.54,0.54]},"head":{"scale":[0,0,0]},"fixed":{"rotation":[0,90,0],"translation":[0,0.5,-2]}},"groups":[{"name":"axe","origin":[8,21.02839,10.28223],"color":0,"children":[0,1,2,3,4,5,6,7,8,9,10,11,12,13,14,15,16,17,18]},19]}