{"credit":"Made with Blockbench","texture_size":[32,32],"textures":{"1":"item/axes/effect/eff3","2":"item/axes/axe_3","particle":"item/axes/axe_3"},"elements":[{"from":[7.2,17.45821,3.69023],"to":[8.8,21.05821,5.29023],"rotation":{"angle":22.5,"axis":"x","origin":[8,19.25821,4.49023]},"faces":{"north":{"uv":[10.5,4.5,11.25,6.25],"texture":"#2"},"east":{"uv":[5.5,10.5,6.25,12.25],"texture":"#2"},"south":{"uv":[8,10.5,8.75,12.25],"texture":"#2"},"west":{"uv":[9,10.5,9.75,12.25],"texture":"#2"},"up":{"uv":[13.25,13.75,12.5,13],"texture":"#2"},"down":{"uv":[1.75,13.5,1,14.25],"texture":"#2"}}},{"from":[7.25,14.74454,3.69023],"to":[8.75,18.34454,5.29023],"rotation":{"angle":-22.5,"axis":"x","origin":[7.95,16.54454,4.49023]},"faces":{"north":{"uv":[10,10.5,10.75,12.25],"texture":"#2"},"east":{"uv":[11,0,11.75,1.75],"texture":"#2"},"south":{"uv":[11,2,11.75,3.75],"texture":"#2"},"west":{"uv":[11,9,11.75,10.75],"texture":"#2"},"up":{"uv":[2.75,14.25,2,13.5],"texture":"#2"},"down":{"uv":[3.75,13.5,3,14.25],"texture":"#2"}}},{"from":[7.2,-1.81464,7.2],"to":[8.8,12.58536,8.8],"rotation":{"angle":0,"axis":"y","origin":[8,7.78536,8]},"faces":{"north":{"uv":[7,0,7.75,7.25],"texture":"#2"},"east":{"uv":[7,7.5,7.75,14.75],"texture":"#2"},"south":{"uv":[0,8,0.75,15.25],"texture":"#2"},"west":{"uv":[8,0,8.75,7.25],"texture":"#2"},"up":{"uv":[14.25,3.75,13.5,3],"texture":"#2"},"down":{"uv":[4.75,13.5,4,14.25],"texture":"#2"}}},{"from":[7.3,-3.76464,6.45858],"to":[8.7,-0.96464,9.25858],"rotation":{"angle":45,"axis":"x","origin":[7.9,-2.56464,7.85858]},"faces":{"north":{"uv":[12,10,12.75,11.5],"texture":"#2"},"east":{"uv":[9,4.5,10.5,6],"texture":"#2"},"south":{"uv":[12,11.5,12.75,13],"texture":"#2"},"west":{"uv":[9,6,10.5,7.5],"texture":"#2"},"up":{"uv":[13.25,4.5,12.5,3],"texture":"#2"},"down":{"uv":[13.25,4.5,12.5,6],"texture":"#2"}}},{"from":[7.4,-5.26464,7.45858],"to":[8.6,-3.46464,9.25858],"rotation":{"angle":45,"axis":"x","origin":[7.9,-4.06464,7.85858]},"faces":{"north":{"uv":[12,3,12.5,4],"texture":"#2"},"east":{"uv":[10.5,6.5,11.5,7.5],"texture":"#2"},"south":{"uv":[13.5,4,14,5],"texture":"#2"},"west":{"uv":[12.5,7.5,13.5,8.5],"texture":"#2"},"up":{"uv":[14,6,13.5,5],"texture":"#2"},"down":{"uv":[14,6,13.5,7],"texture":"#2"}}},{"from":[7.3,12.42678,6.6],"to":[8.7,15.22678,9.4],"rotation":{"angle":-45,"axis":"x","origin":[8,13.82678,8]},"faces":{"north":{"uv":[5,12.5,5.75,14],"texture":"#2"},"east":{"uv":[8,9,9.5,10.5],"texture":"#2"},"south":{"uv":[6,12.5,6.75,14],"texture":"#2"},"west":{"uv":[9.5,9,11,10.5],"texture":"#2"},"up":{"uv":[13.25,7.5,12.5,6],"texture":"#2"},"down":{"uv":[8.75,12.5,8,14],"texture":"#2"}}},{"from":[6.3,16.52678,6.6],"to":[9.7,19.32678,9.4],"rotation":{"angle":-45,"axis":"x","origin":[8,17.92678,8]},"faces":{"north":{"uv":[8,7.5,9.75,9],"texture":"#2"},"east":{"uv":[10,7.5,11.5,9],"texture":"#2"},"south":{"uv":[9,0,10.75,1.5],"texture":"#2"},"west":{"uv":[4,10.5,5.5,12],"texture":"#2"},"up":{"uv":[10.75,3,9,1.5],"texture":"#2"},"down":{"uv":[10.75,3,9,4.5],"texture":"#2"}}},{"from":[6.995,9.03536,6.8],"to":[9.005,9.83536,9.2],"rotation":{"angle":0,"axis":"y","origin":[7.995,9.53536,8]},"faces":{"north":{"uv":[13.5,7,14.5,7.5],"texture":"#2"},"east":{"uv":[1,13,2.25,13.5],"texture":"#2"},"south":{"uv":[13.5,7.5,14.5,8],"texture":"#2"},"west":{"uv":[13,1.5,14.25,2],"texture":"#2"},"up":{"uv":[12,12.25,11,11],"texture":"#2"},"down":{"uv":[12.5,4,11.5,5.25],"texture":"#2"}}},{"from":[6.995,11.38536,6.8],"to":[9.005,12.18536,9.2],"rotation":{"angle":0,"axis":"y","origin":[7.995,11.78536,8]},"faces":{"north":{"uv":[13.5,8,14.5,8.5],"texture":"#2"},"east":{"uv":[13,2,14.25,2.5],"texture":"#2"},"south":{"uv":[13.5,10,14.5,10.5],"texture":"#2"},"west":{"uv":[2.5,13,3.75,13.5],"texture":"#2"},"up":{"uv":[12.5,6.75,11.5,5.5],"texture":"#2"},"down":{"uv":[12.5,7,11.5,8.25],"texture":"#2"}}},{"from":[6.995,-0.11464,6.8],"to":[9.005,0.68536,9.2],"rotation":{"angle":0,"axis":"y","origin":[7.995,0.28536,8]},"faces":{"north":{"uv":[13.5,10.5,14.5,11],"texture":"#2"},"east":{"uv":[13,2.5,14.25,3],"texture":"#2"},"south":{"uv":[13.5,11,14.5,11.5],"texture":"#2"},"west":{"uv":[13,8.5,14.25,9],"texture":"#2"},"up":{"uv":[13,1.25,12,0],"texture":"#2"},"down":{"uv":[13,1.5,12,2.75],"texture":"#2"}}},{"from":[7.5,-2.03656,8.41514],"to":[8.5,0.36344,9.67514],"rotation":{"angle":-22.5,"axis":"x","origin":[8,-0.83656,9.04514]},"faces":{"north":{"uv":[6.5,10.5,7,11.75],"texture":"#2"},"east":{"uv":[9,12.5,9.75,13.75],"texture":"#2"},"south":{"uv":[13,10,13.5,11.25],"texture":"#2"},"west":{"uv":[10,12.5,10.75,13.75],"texture":"#2"},"up":{"uv":[14,13.25,13.5,12.5],"texture":"#2"},"down":{"uv":[14,13.5,13.5,14.25],"texture":"#2"}}},{"from":[7.6,-2.03656,6.32486],"to":[8.4,0.36344,7.58486],"rotation":{"angle":22.5,"axis":"x","origin":[8,-0.83656,6.95486]},"faces":{"north":{"uv":[13,11.5,13.5,12.75],"texture":"#2"},"east":{"uv":[11,12.5,11.75,13.75],"texture":"#2"},"south":{"uv":[12,13,12.5,14.25],"texture":"#2"},"west":{"uv":[13,0,13.75,1.25],"texture":"#2"},"up":{"uv":[14.5,0.75,14,0],"texture":"#2"},"down":{"uv":[14.5,4,14,4.75],"texture":"#2"}}},{"from":[6.995,-1.61464,6.8],"to":[9.005,-0.81464,9.2],"rotation":{"angle":0,"axis":"y","origin":[7.995,-1.21464,8]},"faces":{"north":{"uv":[13.5,11.5,14.5,12],"texture":"#2"},"east":{"uv":[13,9,14.25,9.5],"texture":"#2"},"south":{"uv":[13.5,12,14.5,12.5],"texture":"#2"},"west":{"uv":[13,9.5,14.25,10],"texture":"#2"},"up":{"uv":[5,13.25,4,12],"texture":"#2"},"down":{"uv":[13,8.5,12,9.75],"texture":"#2"}}},{"from":[7,15.25,4.68934],"to":[9,19.75,9.18934],"rotation":{"angle":-45,"axis":"x","origin":[8,19,6.93934]},"faces":{"north":{"uv":[6,8,7,10.25],"texture":"#2"},"east":{"uv":[1,8,3.25,10.25],"texture":"#2"},"south":{"uv":[1,10.5,2,12.75],"texture":"#2"},"west":{"uv":[3.5,8,5.75,10.25],"texture":"#2"},"up":{"uv":[3,12.75,2,10.5],"texture":"#2"},"down":{"uv":[4,10.5,3,12.75],"texture":"#2"}}},{"from":[8,9.75,-2],"to":[8,25.75,12],"rotation":{"angle":0,"axis":"y","origin":[8,18.75,4]},"faces":{"north":{"uv":[0,0,0,8],"texture":"#2"},"east":{"uv":[7,0,0,8],"texture":"#2"},"south":{"uv":[0,0,0,8],"texture":"#2"},"west":{"uv":[0,0,7,8],"texture":"#2"},"up":{"uv":[0,7,0,0],"texture":"#2"},"down":{"uv":[0,0,0,7],"texture":"#2"}}},{"from":[7.9,15,7],"to":[7.9,21,13],"rotation":{"angle":0,"axis":"x","origin":[7.9,18,10]},"faces":{"north":{"uv":[0,0,0,7],"rotation":180,"texture":"#1"},"east":{"uv":[16,0,0,16],"rotation":180,"texture":"#1"},"south":{"uv":[0,0,0,7],"rotation":180,"texture":"#1"},"west":{"uv":[0,0,16,16],"rotation":180,"texture":"#1"},"up":{"uv":[0,0,0,6],"texture":"#1"},"down":{"uv":[0,6,0,0],"texture":"#1"}}}],"display":{"thirdperson_righthand":{"translation":[0,2.25,2.5],"scale":[0.8,0.8,0.8]},"thirdperson_lefthand":{"translation":[0,2.25,2.5],"scale":[0.8,0.8,0.8]},"firstperson_righthand":{"rotation":[-25.75,5,2.87],"translation":[9.75,0,-7]},"firstperson_lefthand":{"rotation":[-25.75,5,2.87],"translation":[9.75,0,-7]},"ground":{"rotation":[0,0,-82],"scale":[0.67,0.67,0.67]},"gui":{"rotation":[-90,45,90],"translation":[1.25,-1,0],"scale":[0.54,0.54,0.54]},"head":{"scale":[0,0,0]},"fixed":{"rotation":[0,90,0],"translation":[0,0.5,-2]}},"groups":[{"name":"pickaxe6","origin":[8,20.80866,19.78806],"color":0,"children":[{"name":"group","origin":[7,19.75,2],"color":0,"children":[0,1]},{"name":"group","origin":[7,19.75,2],"color":0,"children":[]},2,3,4,5,6,7,8,9,10,11,12,13]},14,15]}