{"credit":"Made with Blockbench","texture_size":[32,32],"textures":{"1":"item/axes/axe_11","2":"item/axes/effect/eff11","particle":"item/axes/effect/eff11"},"elements":[{"from":[7.48,13.91741,-3.62703],"to":[8.52,15.16541,-1.33903],"rotation":{"angle":45,"axis":"x","origin":[8,8,7]},"faces":{"north":{"uv":[3,11.5,3.5,12],"texture":"#1"},"east":{"uv":[10,6.5,11.25,7],"texture":"#1"},"south":{"uv":[12,11,12.5,11.5],"texture":"#1"},"west":{"uv":[10.5,2,11.75,2.5],"texture":"#1"},"up":{"uv":[3.5,11.25,3,10],"texture":"#1"},"down":{"uv":[4,10.5,3.5,11.75],"texture":"#1"}}},{"from":[7.636,19.37404,3.04793],"to":[8.364,20.31004,4.60793],"rotation":{"angle":0,"axis":"y","origin":[8,8,7]},"faces":{"north":{"uv":[4,13,4.25,13.5],"texture":"#1"},"east":{"uv":[7.5,12,8.25,12.5],"texture":"#1"},"south":{"uv":[13,4,13.25,4.5],"texture":"#1"},"west":{"uv":[8.5,12,9.25,12.5],"texture":"#1"},"up":{"uv":[13.25,2.75,13,2],"texture":"#1"},"down":{"uv":[2.75,13,2.5,13.75],"texture":"#1"}}},{"from":[7.48,13.91741,17.33903],"to":[8.52,15.16541,19.62703],"rotation":{"angle":-45,"axis":"x","origin":[8,8,9]},"faces":{"north":{"uv":[12.5,11,12,11.5],"texture":"#1"},"east":{"uv":[11.25,6.5,10,7],"texture":"#1"},"south":{"uv":[3.5,11.5,3,12],"texture":"#1"},"west":{"uv":[11.75,2,10.5,2.5],"texture":"#1"},"up":{"uv":[3.5,10,3,11.25],"texture":"#1"},"down":{"uv":[4,11.75,3.5,10.5],"texture":"#1"}}},{"from":[7.636,19.37404,11.39207],"to":[8.364,20.31004,12.95207],"rotation":{"angle":0,"axis":"y","origin":[8,8,9]},"faces":{"north":{"uv":[13.25,4,13,4.5],"texture":"#1"},"east":{"uv":[8.25,12,7.5,12.5],"texture":"#1"},"south":{"uv":[4.25,13,4,13.5],"texture":"#1"},"west":{"uv":[9.25,12,8.5,12.5],"texture":"#1"},"up":{"uv":[13.25,2,13,2.75],"texture":"#1"},"down":{"uv":[2.75,13.75,2.5,13],"texture":"#1"}}},{"from":[8,10.3056,-0.948],"to":[8,25.3856,16.948],"rotation":{"angle":0,"axis":"y","origin":[8,8,7.87822]},"faces":{"north":{"uv":[0,0,0,7.5],"texture":"#1"},"east":{"uv":[9,0,0,7.5],"texture":"#1"},"south":{"uv":[0,0,0,7.5],"texture":"#1"},"west":{"uv":[0,0,9,7.5],"texture":"#1"},"up":{"uv":[0,9,0,0],"texture":"#1"},"down":{"uv":[0,0,0,9],"texture":"#1"}}},{"from":[6.856,13.75382,13.71181],"to":[9.144,16.87382,16.83181],"rotation":{"angle":-45,"axis":"x","origin":[8,8,8]},"faces":{"north":{"uv":[5,7.5,6.25,9],"texture":"#1"},"east":{"uv":[2,7.5,3.5,9],"texture":"#1"},"south":{"uv":[6.5,7.5,7.75,9],"texture":"#1"},"west":{"uv":[3.5,7.5,5,9],"texture":"#1"},"up":{"uv":[9.25,9,8,7.5],"texture":"#1"},"down":{"uv":[10.25,0,9,1.5],"texture":"#1"}}},{"from":[7.168,15.7236,-1.8036],"to":[8.832,17.8036,0.2764],"rotation":{"angle":45,"axis":"x","origin":[8,8,8]},"faces":{"north":{"uv":[5.5,10,6.25,11],"texture":"#1"},"east":{"uv":[9,6,10,7],"texture":"#1"},"south":{"uv":[10,5.5,10.75,6.5],"texture":"#1"},"west":{"uv":[6.5,9,7.5,10],"texture":"#1"},"up":{"uv":[7.25,11,6.5,10],"texture":"#1"},"down":{"uv":[8.25,10,7.5,11],"texture":"#1"}}},{"from":[7.168,12.79816,12.79816],"to":[8.832,14.87816,14.87816],"rotation":{"angle":-45,"axis":"x","origin":[8,8,8]},"faces":{"north":{"uv":[5.5,11,6.25,10],"texture":"#1"},"east":{"uv":[9,7,10,6],"texture":"#1"},"south":{"uv":[10,6.5,10.75,5.5],"texture":"#1"},"west":{"uv":[6.5,10,7.5,9],"texture":"#1"},"up":{"uv":[8.25,11,7.5,10],"texture":"#1"},"down":{"uv":[7.25,10,6.5,11],"texture":"#1"}}},{"from":[7.168,12.79816,-1.8036],"to":[8.832,14.87816,0.2764],"rotation":{"angle":45,"axis":"x","origin":[8,8,8]},"faces":{"north":{"uv":[5.5,11,6.25,10],"texture":"#1"},"east":{"uv":[9,7,10,6],"texture":"#1"},"south":{"uv":[10,6.5,10.75,5.5],"texture":"#1"},"west":{"uv":[6.5,10,7.5,9],"texture":"#1"},"up":{"uv":[8.25,11,7.5,10],"texture":"#1"},"down":{"uv":[7.25,10,6.5,11],"texture":"#1"}}},{"from":[7.168,15.7236,1.12184],"to":[8.832,17.8036,3.20184],"rotation":{"angle":45,"axis":"x","origin":[8,8,8]},"faces":{"north":{"uv":[8.25,10,7.5,11],"rotation":180,"texture":"#1"},"east":{"uv":[9,6,10,7],"rotation":270,"texture":"#1"},"south":{"uv":[7.25,11,6.5,10],"texture":"#1"},"west":{"uv":[6.5,9,7.5,10],"rotation":90,"texture":"#1"},"up":{"uv":[5.5,10,6.25,11],"rotation":180,"texture":"#1"},"down":{"uv":[10,5.5,10.75,6.5],"texture":"#1"}}},{"from":[7.22,14.6736,7.1903],"to":[8.78,15.7136,8.7503],"rotation":{"angle":0,"axis":"y","origin":[8,8,8]},"faces":{"north":{"uv":[11.5,10.5,12.25,11],"texture":"#1"},"east":{"uv":[12,3,12.75,3.5],"texture":"#1"},"south":{"uv":[12,3.5,12.75,4],"texture":"#1"},"west":{"uv":[4,12,4.75,12.5],"texture":"#1"},"up":{"uv":[11.25,7.75,10.5,7],"texture":"#1"},"down":{"uv":[11.25,8,10.5,8.75],"texture":"#1"}}},{"from":[7.324,-2.50491,7.2943],"to":[8.676,-1.46491,8.6463],"rotation":{"angle":0,"axis":"y","origin":[8,8,8]},"faces":{"north":{"uv":[12,4,12.75,4.5],"texture":"#1"},"east":{"uv":[12,4.5,12.75,5],"texture":"#1"},"south":{"uv":[5,12,5.75,12.5],"texture":"#1"},"west":{"uv":[12,5,12.75,5.5],"texture":"#1"},"up":{"uv":[11.25,9.75,10.5,9],"texture":"#1"},"down":{"uv":[11.25,10,10.5,10.75],"texture":"#1"}}},{"from":[7.35936,-0.45697,-0.45446],"to":[8.64064,1.05727,1.05978],"rotation":{"angle":-45,"axis":"x","origin":[8,8,8]},"faces":{"north":{"uv":[2,11,2.75,11.75],"texture":"#1"},"east":{"uv":[11,2.5,11.75,3.25],"texture":"#1"},"south":{"uv":[11,3.5,11.75,4.25],"texture":"#1"},"west":{"uv":[4,11,4.75,11.75],"texture":"#1"},"up":{"uv":[11.75,5.25,11,4.5],"texture":"#1"},"down":{"uv":[5.75,11,5,11.75],"texture":"#1"}}},{"from":[7.35936,-1.49846,-1.54298],"to":[8.64064,0.01578,-0.02874],"rotation":{"angle":-45,"axis":"x","origin":[8,8,8]},"faces":{"north":{"uv":[11,5.5,11.75,6.25],"texture":"#1"},"east":{"uv":[6,11,6.75,11.75],"texture":"#1"},"south":{"uv":[7,11,7.75,11.75],"texture":"#1"},"west":{"uv":[8,11,8.75,11.75],"texture":"#1"},"up":{"uv":[9.75,11.75,9,11],"texture":"#1"},"down":{"uv":[10.75,11,10,11.75],"texture":"#1"}}},{"from":[7.22,12.3856,7.1903],"to":[8.78,12.9056,8.7503],"rotation":{"angle":0,"axis":"y","origin":[8,8,8]},"faces":{"north":{"uv":[11.5,12,12.25,12.25],"texture":"#1"},"east":{"uv":[12,11.5,12.75,11.75],"texture":"#1"},"south":{"uv":[12.5,0,13.25,0.25],"texture":"#1"},"west":{"uv":[12.5,0.5,13.25,0.75],"texture":"#1"},"up":{"uv":[11.75,11.75,11,11],"texture":"#1"},"down":{"uv":[12.25,0,11.5,0.75],"texture":"#1"}}},{"from":[7.22,10.3056,7.1903],"to":[8.78,10.8256,8.7503],"rotation":{"angle":0,"axis":"y","origin":[8,8,8]},"faces":{"north":{"uv":[12.5,1,13.25,1.25],"texture":"#1"},"east":{"uv":[12.5,1.5,13.25,1.75],"texture":"#1"},"south":{"uv":[4,12.5,4.75,12.75],"texture":"#1"},"west":{"uv":[5,12.5,5.75,12.75],"texture":"#1"},"up":{"uv":[12.25,1.75,11.5,1],"texture":"#1"},"down":{"uv":[12.25,6.5,11.5,7.25],"texture":"#1"}}},{"from":[7.22,-0.0944,7.1903],"to":[8.78,0.4256,8.7503],"rotation":{"angle":0,"axis":"y","origin":[8,8,8]},"faces":{"north":{"uv":[12.5,5.5,13.25,5.75],"texture":"#1"},"east":{"uv":[12.5,6,13.25,6.25],"texture":"#1"},"south":{"uv":[12.5,6.5,13.25,6.75],"texture":"#1"},"west":{"uv":[12.5,7,13.25,7.25],"texture":"#1"},"up":{"uv":[12.25,8.25,11.5,7.5],"texture":"#1"},"down":{"uv":[12.25,8.5,11.5,9.25],"texture":"#1"}}},{"from":[7.22,1.5056,7.1903],"to":[8.78,2.0256,8.7503],"rotation":{"angle":0,"axis":"y","origin":[8,8,8]},"faces":{"north":{"uv":[7.5,12.5,8.25,12.75],"texture":"#1"},"east":{"uv":[12.5,7.5,13.25,7.75],"texture":"#1"},"south":{"uv":[12.5,8,13.25,8.25],"texture":"#1"},"west":{"uv":[8.5,12.5,9.25,12.75],"texture":"#1"},"up":{"uv":[12.25,10.25,11.5,9.5],"texture":"#1"},"down":{"uv":[2.75,12,2,12.75],"texture":"#1"}}},{"from":[7.428,1.51739,13.40061],"to":[8.572,2.03739,14.96061],"rotation":{"angle":45,"axis":"x","origin":[8,8,8]},"faces":{"north":{"uv":[3,13,3.5,13.25],"texture":"#1"},"east":{"uv":[12.5,8.5,13.25,8.75],"texture":"#1"},"south":{"uv":[13,3,13.5,3.25],"texture":"#1"},"west":{"uv":[12.5,9,13.25,9.25],"texture":"#1"},"up":{"uv":[12.5,6.25,12,5.5],"texture":"#1"},"down":{"uv":[6.5,12,6,12.75],"texture":"#1"}}},{"from":[7.532,0.99739,13.92061],"to":[8.468,2.55739,14.44061],"rotation":{"angle":45,"axis":"x","origin":[8,8,8]},"faces":{"north":{"uv":[6.5,12,7,12.75],"texture":"#1"},"east":{"uv":[12.5,9.5,12.75,10.25],"texture":"#1"},"south":{"uv":[7,12,7.5,12.75],"texture":"#1"},"west":{"uv":[12.5,10.5,12.75,11.25],"texture":"#1"},"up":{"uv":[4,13.25,3.5,13],"texture":"#1"},"down":{"uv":[13.5,3.5,13,3.75],"texture":"#1"}}},{"from":[7.432,0.4856,7.4023],"to":[8.568,12.3856,8.5383],"rotation":{"angle":0,"axis":"y","origin":[8,8,8]},"faces":{"north":{"uv":[0,7.5,0.5,13.5],"texture":"#1"},"east":{"uv":[0.5,7.5,1,13.5],"texture":"#1"},"south":{"uv":[1,7.5,1.5,13.5],"texture":"#1"},"west":{"uv":[1.5,7.5,2,13.5],"texture":"#1"},"up":{"uv":[9.5,7.5,9,7],"texture":"#1"},"down":{"uv":[4.5,10.5,4,11],"texture":"#1"}}},{"from":[7.64,12.9056,7.6103],"to":[8.36,14.6736,8.3303],"rotation":{"angle":0,"axis":"y","origin":[8,8,8]},"faces":{"north":{"uv":[9.5,12,9.75,13],"texture":"#1"},"east":{"uv":[10,12,10.25,13],"texture":"#1"},"south":{"uv":[10.5,12,10.75,13],"texture":"#1"},"west":{"uv":[11,12,11.25,13],"texture":"#1"},"up":{"uv":[4.75,13.25,4.5,13],"texture":"#1"},"down":{"uv":[13.25,4.5,13,4.75],"texture":"#1"}}},{"from":[7.744,13.6376,7.1903],"to":[8.256,14.3576,8.7503],"rotation":{"angle":0,"axis":"y","origin":[8,8,8]},"faces":{"north":{"uv":[5,13,5.25,13.25],"texture":"#1"},"east":{"uv":[11.5,12.5,12.25,12.75],"texture":"#1"},"south":{"uv":[13,5,13.25,5.25],"texture":"#1"},"west":{"uv":[12.5,12,13.25,12.25],"texture":"#1"},"up":{"uv":[12.75,13.25,12.5,12.5],"texture":"#1"},"down":{"uv":[2.25,13,2,13.75],"texture":"#1"}}},{"from":[7.8,13.25,1.5],"to":[7.8,23.25,11.5],"rotation":{"angle":0,"axis":"x","origin":[7.8,18.25,6.5]},"faces":{"north":{"uv":[0,0,0,7],"texture":"#2"},"east":{"uv":[16,0,0,16],"texture":"#2"},"south":{"uv":[0,0,0,7],"texture":"#2"},"west":{"uv":[0,0,16,16],"texture":"#2"},"up":{"uv":[0,6,0,0],"texture":"#2"},"down":{"uv":[0,0,0,6],"texture":"#2"}}},{"from":[7.8,13.25,4.5],"to":[7.8,23.25,14.5],"rotation":{"angle":0,"axis":"x","origin":[7.8,18.25,9.5]},"faces":{"north":{"uv":[0,0,0,7],"texture":"#2"},"east":{"uv":[0,0,16,16],"texture":"#2"},"south":{"uv":[0,0,0,7],"texture":"#2"},"west":{"uv":[16,0,0,16],"texture":"#2"},"up":{"uv":[0,0,0,6],"texture":"#2"},"down":{"uv":[0,6,0,0],"texture":"#2"}}},{"from":[8.2,13.25,1.5],"to":[8.2,23.25,11.5],"rotation":{"angle":0,"axis":"x","origin":[8.2,18.25,6.5]},"faces":{"north":{"uv":[0,0,0,7],"texture":"#2"},"east":{"uv":[16,0,0,16],"texture":"#2"},"south":{"uv":[0,0,0,7],"texture":"#2"},"west":{"uv":[0,0,16,16],"texture":"#2"},"up":{"uv":[0,6,0,0],"texture":"#2"},"down":{"uv":[0,0,0,6],"texture":"#2"}}},{"from":[8.2,13.25,4.5],"to":[8.2,23.25,14.5],"rotation":{"angle":0,"axis":"x","origin":[8.2,18.25,9.5]},"faces":{"north":{"uv":[0,0,0,7],"texture":"#2"},"east":{"uv":[0,0,16,16],"texture":"#2"},"south":{"uv":[0,0,0,7],"texture":"#2"},"west":{"uv":[16,0,0,16],"texture":"#2"},"up":{"uv":[0,0,0,6],"texture":"#2"},"down":{"uv":[0,6,0,0],"texture":"#2"}}}],"display":{"thirdperson_righthand":{"translation":[0,2.25,2.5],"scale":[0.8,0.8,0.8]},"thirdperson_lefthand":{"translation":[0,2.25,2.5],"scale":[0.8,0.8,0.8]},"firstperson_righthand":{"rotation":[-25.75,5,2.87],"translation":[9.75,0,-7]},"firstperson_lefthand":{"rotation":[-25.75,5,2.87],"translation":[9.75,0,-7]},"ground":{"rotation":[0,0,-82],"scale":[0.67,0.67,0.67]},"gui":{"rotation":[-90,45,90],"translation":[1.25,-1,0],"scale":[0.54,0.54,0.54]},"head":{"scale":[0,0,0]},"fixed":{"rotation":[0,90,0],"translation":[0,0.5,-2]}},"groups":[{"name":"axe","origin":[7.298,7.79245,8.75778],"color":0,"children":[{"name":"group","origin":[8,8,8],"color":0,"children":[0,1,2,3,4]},5,6,7,8,9,10,11,12,13,14,15,16,17,18,19,20,21,22]},23,24,25,26]}