{"credit":"Made with Blockbench","texture_size":[40,40],"textures":{"0":"item/axes/axe_20","1":"item/axes/effect/eff20","particle":"item/axes/axe_20"},"elements":[{"from":[8,9.81914,-3],"to":[8,21.81914,19],"rotation":{"angle":0,"axis":"y","origin":[8,8,5.16429]},"faces":{"north":{"uv":[0,0,0,4.8],"texture":"#0"},"east":{"uv":[0,0,8.8,4.8],"texture":"#0"},"south":{"uv":[0,0,0,4.8],"texture":"#0"},"west":{"uv":[0,4.8,8.8,9.6],"texture":"#0"},"up":{"uv":[0,8.8,0,0],"texture":"#0"},"down":{"uv":[0,0,0,8.8],"texture":"#0"}}},{"from":[7,9.67026,10.84485],"to":[9,12.67026,13.84485],"rotation":{"angle":-45,"axis":"x","origin":[8,8,5.16429]},"faces":{"north":{"uv":[1.2,9.6,2,10.8],"texture":"#0"},"east":{"uv":[0,9.6,1.2,10.8],"texture":"#0"},"south":{"uv":[9.6,1.2,10.4,2.4],"texture":"#0"},"west":{"uv":[9.6,0,10.8,1.2],"texture":"#0"},"up":{"uv":[2.8,10.8,2,9.6],"texture":"#0"},"down":{"uv":[10.4,2.4,9.6,3.6],"texture":"#0"}}},{"from":[7,-3.47187,-2.29728],"to":[9,-1.47187,-0.29728],"rotation":{"angle":-45,"axis":"x","origin":[8,8,5.16429]},"faces":{"north":{"uv":[2.8,9.6,3.6,10.4],"texture":"#0"},"east":{"uv":[3.6,9.6,4.4,10.4],"texture":"#0"},"south":{"uv":[9.6,3.6,10.4,4.4],"texture":"#0"},"west":{"uv":[4.4,9.6,5.2,10.4],"texture":"#0"},"up":{"uv":[10.4,5.2,9.6,4.4],"texture":"#0"},"down":{"uv":[6,9.6,5.2,10.4],"texture":"#0"}}},{"from":[7.5,-3.18086,7.5],"to":[8.5,13.81914,8.5],"rotation":{"angle":0,"axis":"y","origin":[8,8,5.16429]},"faces":{"north":{"uv":[8.8,0,9.2,6.8],"texture":"#0"},"east":{"uv":[8.8,6.8,9.2,13.6],"texture":"#0"},"south":{"uv":[9.2,0,9.6,6.8],"texture":"#0"},"west":{"uv":[9.2,6.8,9.6,13.6],"texture":"#0"},"up":{"uv":[7.2,11.6,6.8,11.2],"texture":"#0"},"down":{"uv":[7.6,11.2,7.2,11.6],"texture":"#0"}}},{"from":[7.25,10.81914,7.25],"to":[8.75,12.81914,8.75],"rotation":{"angle":0,"axis":"y","origin":[8,8,5.16429]},"faces":{"north":{"uv":[9.6,5.2,10.2,6],"texture":"#0"},"east":{"uv":[6,9.6,6.6,10.4],"texture":"#0"},"south":{"uv":[9.6,6,10.2,6.8],"texture":"#0"},"west":{"uv":[6.8,9.6,7.4,10.4],"texture":"#0"},"up":{"uv":[10.6,10.6,10,10],"texture":"#0"},"down":{"uv":[11,1.2,10.4,1.8],"texture":"#0"}}},{"from":[7.25,13.06914,7.25],"to":[8.75,13.81914,8.75],"rotation":{"angle":0,"axis":"y","origin":[8,8,5.16429]},"faces":{"north":{"uv":[10.8,0.8,11.4,1.2],"texture":"#0"},"east":{"uv":[11.2,1.2,11.8,1.6],"texture":"#0"},"south":{"uv":[11.2,1.6,11.8,2],"texture":"#0"},"west":{"uv":[11.2,2,11.8,2.4],"texture":"#0"},"up":{"uv":[11,2.6,10.4,2],"texture":"#0"},"down":{"uv":[3.4,10.4,2.8,11],"texture":"#0"}}},{"from":[7.25,9.81914,7.25],"to":[8.75,10.56914,8.75],"rotation":{"angle":0,"axis":"y","origin":[8,8,5.16429]},"faces":{"north":{"uv":[11.2,2.4,11.8,2.8],"texture":"#0"},"east":{"uv":[2.8,11.2,3.4,11.6],"texture":"#0"},"south":{"uv":[11.2,2.8,11.8,3.2],"texture":"#0"},"west":{"uv":[11.2,3.2,11.8,3.6],"texture":"#0"},"up":{"uv":[11,3.4,10.4,2.8],"texture":"#0"},"down":{"uv":[4.2,10.4,3.6,11],"texture":"#0"}}},{"from":[7.25,-3.18086,7.25],"to":[8.75,-2.43086,8.75],"rotation":{"angle":0,"axis":"y","origin":[8,-5,5.16429]},"faces":{"north":{"uv":[11.2,2.4,11.8,2.8],"texture":"#0"},"east":{"uv":[2.8,11.2,3.4,11.6],"texture":"#0"},"south":{"uv":[11.2,2.8,11.8,3.2],"texture":"#0"},"west":{"uv":[11.2,3.2,11.8,3.6],"texture":"#0"},"up":{"uv":[11,3.4,10.4,2.8],"texture":"#0"},"down":{"uv":[4.2,10.4,3.6,11],"texture":"#0"}}},{"from":[7.25,-2.18086,7.25],"to":[8.75,-0.18086,8.75],"rotation":{"angle":0,"axis":"y","origin":[8,-5,5.16429]},"faces":{"north":{"uv":[9.6,5.2,10.2,6],"texture":"#0"},"east":{"uv":[6,9.6,6.6,10.4],"texture":"#0"},"south":{"uv":[9.6,6,10.2,6.8],"texture":"#0"},"west":{"uv":[6.8,9.6,7.4,10.4],"texture":"#0"},"up":{"uv":[10.6,10.6,10,10],"texture":"#0"},"down":{"uv":[11,1.2,10.4,1.8],"texture":"#0"}}},{"from":[7.25,0.06914,7.25],"to":[8.75,0.81914,8.75],"rotation":{"angle":0,"axis":"y","origin":[8,-5,5.16429]},"faces":{"north":{"uv":[10.8,0.8,11.4,1.2],"texture":"#0"},"east":{"uv":[11.2,1.2,11.8,1.6],"texture":"#0"},"south":{"uv":[11.2,1.6,11.8,2],"texture":"#0"},"west":{"uv":[11.2,2,11.8,2.4],"texture":"#0"},"up":{"uv":[11,2.6,10.4,2],"texture":"#0"},"down":{"uv":[3.4,10.4,2.8,11],"texture":"#0"}}},{"from":[7.2,15.6672,0.77661],"to":[8.8,17.2672,2.37661],"rotation":{"angle":22.5,"axis":"x","origin":[8,8,5]},"faces":{"north":{"uv":[10.4,6,11,6.6],"texture":"#0"},"east":{"uv":[6.8,10.4,7.4,11],"texture":"#0"},"south":{"uv":[10.4,6.8,11,7.4],"texture":"#0"},"west":{"uv":[7.6,10.4,8.2,11],"texture":"#0"},"up":{"uv":[11,8.2,10.4,7.6],"texture":"#0"},"down":{"uv":[11,8.4,10.4,9],"texture":"#0"}}},{"from":[7.4,16.80792,7.92651],"to":[8.6,18.40792,9.12651],"rotation":{"angle":-22.5,"axis":"x","origin":[8,8,5]},"faces":{"north":{"uv":[11.2,5.6,11.6,6.2],"texture":"#0"},"east":{"uv":[6,11.2,6.4,11.8],"texture":"#0"},"south":{"uv":[6.4,11.2,6.8,11.8],"texture":"#0"},"west":{"uv":[11.2,6.4,11.6,7],"texture":"#0"},"up":{"uv":[11.6,7.6,11.2,7.2],"texture":"#0"},"down":{"uv":[8,11.2,7.6,11.6],"texture":"#0"}}},{"from":[7.56,17.41313,-1.86589],"to":[8.44,18.29313,1.33411],"rotation":{"angle":22.5,"axis":"x","origin":[8,8,5]},"faces":{"north":{"uv":[11.2,7.6,11.6,8],"texture":"#0"},"east":{"uv":[9.6,9.2,10.8,9.6],"texture":"#0"},"south":{"uv":[8,11.2,8.4,11.6],"texture":"#0"},"west":{"uv":[9.6,9.6,10.8,10],"texture":"#0"},"up":{"uv":[8.8,10.8,8.4,9.6],"texture":"#0"},"down":{"uv":[10,10,9.6,11.2],"texture":"#0"}}},{"from":[7.64,14.14157,-6.07187],"to":[8.36,14.78157,-4.87187],"rotation":{"angle":45,"axis":"x","origin":[8,8,5]},"faces":{"north":{"uv":[11.6,0.4,11.8,0.6],"texture":"#0"},"east":{"uv":[11.2,11.2,11.6,11.4],"texture":"#0"},"south":{"uv":[0.8,11.6,1,11.8],"texture":"#0"},"west":{"uv":[0,11.6,0.4,11.8],"texture":"#0"},"up":{"uv":[11.8,0.4,11.6,0],"texture":"#0"},"down":{"uv":[0.6,11.6,0.4,12],"texture":"#0"}}},{"from":[7.2,11.12194,0.6673],"to":[8.8,12.72194,2.2673],"rotation":{"angle":45,"axis":"x","origin":[8,8,5]},"faces":{"north":{"uv":[0,10.8,0.6,11.4],"texture":"#0"},"east":{"uv":[10.8,0,11.4,0.6],"texture":"#0"},"south":{"uv":[0.8,10.8,1.4,11.4],"texture":"#0"},"west":{"uv":[1.6,10.8,2.2,11.4],"texture":"#0"},"up":{"uv":[11.4,9.8,10.8,9.2],"texture":"#0"},"down":{"uv":[10.6,10.8,10,11.4],"texture":"#0"}}},{"from":[7.2,-8.12806,2.1673],"to":[8.8,-6.52806,3.7673],"rotation":{"angle":45,"axis":"x","origin":[8,-11.25,6.5]},"faces":{"north":{"uv":[0,10.8,0.6,11.4],"texture":"#0"},"east":{"uv":[10.8,0,11.4,0.6],"texture":"#0"},"south":{"uv":[0.8,10.8,1.4,11.4],"texture":"#0"},"west":{"uv":[1.6,10.8,2.2,11.4],"texture":"#0"},"up":{"uv":[11.4,9.8,10.8,9.2],"texture":"#0"},"down":{"uv":[10.6,10.8,10,11.4],"texture":"#0"}}},{"from":[7.2,-9.87806,3.39207],"to":[8.8,-8.27806,4.99207],"rotation":{"angle":45,"axis":"x","origin":[8,-13,7.72476]},"faces":{"north":{"uv":[0,10.8,0.6,11.4],"texture":"#0"},"east":{"uv":[10.8,0,11.4,0.6],"texture":"#0"},"south":{"uv":[0.8,10.8,1.4,11.4],"texture":"#0"},"west":{"uv":[1.6,10.8,2.2,11.4],"texture":"#0"},"up":{"uv":[11.4,9.8,10.8,9.2],"texture":"#0"},"down":{"uv":[10.6,10.8,10,11.4],"texture":"#0"}}},{"from":[7.56,10.62133,2.98536],"to":[8.44,12.38133,3.86536],"rotation":{"angle":22.5,"axis":"x","origin":[8,8,5]},"faces":{"north":{"uv":[2.4,10.8,2.8,11.6],"texture":"#0"},"east":{"uv":[8.4,10.8,8.8,11.6],"texture":"#0"},"south":{"uv":[10.8,10,11.2,10.8],"texture":"#0"},"west":{"uv":[10.8,10.8,11.2,11.6],"texture":"#0"},"up":{"uv":[11.6,8.4,11.2,8],"texture":"#0"},"down":{"uv":[11.6,8.4,11.2,8.8],"texture":"#0"}}},{"from":[7.64,10.73405,4.00908],"to":[8.36,11.37405,6.00908],"rotation":{"angle":-22.5,"axis":"x","origin":[8,8,5]},"faces":{"north":{"uv":[11.6,0.8,11.8,1],"texture":"#0"},"east":{"uv":[11.2,8.8,12,9],"texture":"#0"},"south":{"uv":[1.2,11.6,1.4,11.8],"texture":"#0"},"west":{"uv":[11.2,10,12,10.2],"texture":"#0"},"up":{"uv":[9.8,12,9.6,11.2],"texture":"#0"},"down":{"uv":[11.4,10.4,11.2,11.2],"texture":"#0"}}},{"from":[7.2,-8.12806,12.2327],"to":[8.8,-6.52806,13.8327],"rotation":{"angle":-45,"axis":"x","origin":[8,-11.25,9.5]},"faces":{"north":{"uv":[1.4,10.8,0.8,11.4],"texture":"#0"},"east":{"uv":[11.4,0,10.8,0.6],"texture":"#0"},"south":{"uv":[0.6,10.8,0,11.4],"texture":"#0"},"west":{"uv":[2.2,10.8,1.6,11.4],"texture":"#0"},"up":{"uv":[11.4,9.2,10.8,9.8],"texture":"#0"},"down":{"uv":[10.6,11.4,10,10.8],"texture":"#0"}}},{"from":[7.2,15.6672,13.62339],"to":[8.8,17.2672,15.22339],"rotation":{"angle":-22.5,"axis":"x","origin":[8,8,11]},"faces":{"north":{"uv":[11,6.8,10.4,7.4],"texture":"#0"},"east":{"uv":[7.4,10.4,6.8,11],"texture":"#0"},"south":{"uv":[11,6,10.4,6.6],"texture":"#0"},"west":{"uv":[8.2,10.4,7.6,11],"texture":"#0"},"up":{"uv":[11,7.6,10.4,8.2],"texture":"#0"},"down":{"uv":[11,9,10.4,8.4],"texture":"#0"}}},{"from":[7.4,16.80792,6.87349],"to":[8.6,18.40792,8.07349],"rotation":{"angle":22.5,"axis":"x","origin":[8,8,11]},"faces":{"north":{"uv":[6.8,11.2,6.4,11.8],"texture":"#0"},"east":{"uv":[6.4,11.2,6,11.8],"texture":"#0"},"south":{"uv":[11.6,5.6,11.2,6.2],"texture":"#0"},"west":{"uv":[11.6,6.4,11.2,7],"texture":"#0"},"up":{"uv":[11.6,7.2,11.2,7.6],"texture":"#0"},"down":{"uv":[8,11.6,7.6,11.2],"texture":"#0"}}},{"from":[7.56,17.41313,14.66589],"to":[8.44,18.29313,17.86589],"rotation":{"angle":-22.5,"axis":"x","origin":[8,8,11]},"faces":{"north":{"uv":[8.4,11.2,8,11.6],"texture":"#0"},"east":{"uv":[10.8,9.2,9.6,9.6],"texture":"#0"},"south":{"uv":[11.6,7.6,11.2,8],"texture":"#0"},"west":{"uv":[10.8,9.6,9.6,10],"texture":"#0"},"up":{"uv":[8.8,9.6,8.4,10.8],"texture":"#0"},"down":{"uv":[10,11.2,9.6,10],"texture":"#0"}}},{"from":[7.64,14.14157,20.87187],"to":[8.36,14.78157,22.07187],"rotation":{"angle":-45,"axis":"x","origin":[8,8,11]},"faces":{"north":{"uv":[1,11.6,0.8,11.8],"texture":"#0"},"east":{"uv":[11.6,11.2,11.2,11.4],"texture":"#0"},"south":{"uv":[11.8,0.4,11.6,0.6],"texture":"#0"},"west":{"uv":[0.4,11.6,0,11.8],"texture":"#0"},"up":{"uv":[11.8,0,11.6,0.4],"texture":"#0"},"down":{"uv":[0.6,12,0.4,11.6],"texture":"#0"}}},{"from":[7.2,11.12194,13.7327],"to":[8.8,12.72194,15.3327],"rotation":{"angle":-45,"axis":"x","origin":[8,8,11]},"faces":{"north":{"uv":[1.4,10.8,0.8,11.4],"texture":"#0"},"east":{"uv":[11.4,0,10.8,0.6],"texture":"#0"},"south":{"uv":[0.6,10.8,0,11.4],"texture":"#0"},"west":{"uv":[2.2,10.8,1.6,11.4],"texture":"#0"},"up":{"uv":[11.4,9.2,10.8,9.8],"texture":"#0"},"down":{"uv":[10.6,11.4,10,10.8],"texture":"#0"}}},{"from":[7.56,10.62133,12.13464],"to":[8.44,12.38133,13.01464],"rotation":{"angle":-22.5,"axis":"x","origin":[8,8,11]},"faces":{"north":{"uv":[11.2,10,10.8,10.8],"texture":"#0"},"east":{"uv":[8.8,10.8,8.4,11.6],"texture":"#0"},"south":{"uv":[2.8,10.8,2.4,11.6],"texture":"#0"},"west":{"uv":[11.2,10.8,10.8,11.6],"texture":"#0"},"up":{"uv":[11.6,8,11.2,8.4],"texture":"#0"},"down":{"uv":[11.6,8.8,11.2,8.4],"texture":"#0"}}},{"from":[7.64,10.73405,9.99092],"to":[8.36,11.37405,11.99092],"rotation":{"angle":22.5,"axis":"x","origin":[8,8,11]},"faces":{"north":{"uv":[1.4,11.6,1.2,11.8],"texture":"#0"},"east":{"uv":[12,8.8,11.2,9],"texture":"#0"},"south":{"uv":[11.8,0.8,11.6,1],"texture":"#0"},"west":{"uv":[12,10,11.2,10.2],"texture":"#0"},"up":{"uv":[9.8,11.2,9.6,12],"texture":"#0"},"down":{"uv":[11.4,11.2,11.2,10.4],"texture":"#0"}}},{"from":[7.75,13,1],"to":[7.75,21,9],"rotation":{"angle":22.5,"axis":"x","origin":[7.75,17,5]},"faces":{"north":{"uv":[0,0,0,5.6],"texture":"#1"},"east":{"uv":[12.8,0,0,12.8],"texture":"#1"},"south":{"uv":[0,0,0,5.6],"texture":"#1"},"west":{"uv":[0,0,12.8,12.8],"texture":"#1"},"up":{"uv":[0,4.8,0,0],"texture":"#1"},"down":{"uv":[0,0,0,4.8],"texture":"#1"}}},{"from":[7.75,13,7],"to":[7.75,21,15],"rotation":{"angle":-22.5,"axis":"x","origin":[7.75,17,11]},"faces":{"north":{"uv":[0,0,0,5.6],"texture":"#1"},"east":{"uv":[0,0,12.8,12.8],"texture":"#1"},"south":{"uv":[0,0,0,5.6],"texture":"#1"},"west":{"uv":[12.8,0,0,12.8],"texture":"#1"},"up":{"uv":[0,0,0,4.8],"texture":"#1"},"down":{"uv":[0,4.8,0,0],"texture":"#1"}}},{"from":[8.25,13,1],"to":[8.25,21,9],"rotation":{"angle":22.5,"axis":"x","origin":[8.25,17,5]},"faces":{"north":{"uv":[0,0,0,5.6],"texture":"#1"},"east":{"uv":[12.8,0,0,12.8],"texture":"#1"},"south":{"uv":[0,0,0,5.6],"texture":"#1"},"west":{"uv":[0,0,12.8,12.8],"texture":"#1"},"up":{"uv":[0,4.8,0,0],"texture":"#1"},"down":{"uv":[0,0,0,4.8],"texture":"#1"}}},{"from":[8.25,13,7],"to":[8.25,21,15],"rotation":{"angle":-22.5,"axis":"x","origin":[8.25,17,11]},"faces":{"north":{"uv":[0,0,0,5.6],"texture":"#1"},"east":{"uv":[0,0,12.8,12.8],"texture":"#1"},"south":{"uv":[0,0,0,5.6],"texture":"#1"},"west":{"uv":[12.8,0,0,12.8],"texture":"#1"},"up":{"uv":[0,0,0,4.8],"texture":"#1"},"down":{"uv":[0,4.8,0,0],"texture":"#1"}}}],"display":{"thirdperson_righthand":{"translation":[0,3.5,2.5],"scale":[0.8,0.8,0.8]},"thirdperson_lefthand":{"translation":[0,3.5,2.5],"scale":[0.8,0.8,0.8]},"firstperson_righthand":{"rotation":[-25.75,5,2.87],"translation":[9.75,0,-11.25]},"firstperson_lefthand":{"rotation":[-25.75,5,2.87],"translation":[9.75,0,-11.25]},"ground":{"rotation":[0,0,-82],"scale":[0.67,0.67,0.67]},"gui":{"rotation":[-90,45,90],"translation":[0.5,-0.5,0],"scale":[0.54,0.54,0.54]},"head":{"scale":[0,0,0]},"fixed":{"rotation":[0,90,0],"translation":[0,0.5,-2]}},"groups":[{"name":"axe","origin":[5.16429,13.31914,8],"color":0,"children":[0,1,2,3,4,5,6,7,8,9,{"name":"group","origin":[12.47729,18.65756,8],"color":0,"children":[10,11,12,13,14,15,16,17,18,19,20,21,22,23,24,25,26]}]},27,28,29,30]}