{"credit":"Made with Blockbench","texture_size":[40,40],"textures":{"1":"item/axes/axe_5","2":"item/axes/effect/eff5","particle":"item/axes/effect/eff5"},"elements":[{"from":[7.38,-2.16133,7.34109],"to":[8.62,15.51867,8.58109],"rotation":{"angle":0,"axis":"y","origin":[8,8,8.25]},"faces":{"north":{"uv":[0,6.4,0.4,13.4],"texture":"#1"},"east":{"uv":[0.4,6.4,0.8,13.4],"texture":"#1"},"south":{"uv":[0.8,6.4,1.2,13.4],"texture":"#1"},"west":{"uv":[1.2,6.4,1.6,13.4],"texture":"#1"},"up":{"uv":[3.6,10.8,3.2,10.4],"texture":"#1"},"down":{"uv":[8,12,7.6,12.4],"texture":"#1"}}},{"from":[6.76,15.51867,6.72109],"to":[9.24,16.75867,9.20109],"rotation":{"angle":0,"axis":"y","origin":[8,8,8.25]},"faces":{"north":{"uv":[4,11.6,5,12],"texture":"#1"},"east":{"uv":[11.6,4,12.6,4.4],"texture":"#1"},"south":{"uv":[11.6,4.4,12.6,4.8],"texture":"#1"},"west":{"uv":[11.6,4.8,12.6,5.2],"texture":"#1"},"up":{"uv":[4.6,9.8,3.6,8.8],"texture":"#1"},"down":{"uv":[5.8,8.8,4.8,9.8],"texture":"#1"}}},{"from":[6.512,14.22928,-1.73587],"to":[9.488,17.57728,1.61213],"rotation":{"angle":45,"axis":"x","origin":[8,8,8.25]},"faces":{"north":{"uv":[4.8,6.4,6,7.8],"texture":"#1"},"east":{"uv":[1.6,6.4,3,7.8],"texture":"#1"},"south":{"uv":[6,6.4,7.2,7.8],"texture":"#1"},"west":{"uv":[3.2,6.4,4.6,7.8],"texture":"#1"},"up":{"uv":[8.4,7.8,7.2,6.4],"texture":"#1"},"down":{"uv":[2.8,8,1.6,9.4],"texture":"#1"}}},{"from":[7.07,16.20288,4.87814],"to":[8.93,18.06288,8.90814],"rotation":{"angle":0,"axis":"y","origin":[8,8,8.25]},"faces":{"north":{"uv":[7.6,10.4,8.4,11.2],"texture":"#1"},"east":{"uv":[2.8,8,4.4,8.8],"texture":"#1"},"south":{"uv":[8.4,10.4,9.2,11.2],"texture":"#1"},"west":{"uv":[4.4,8,6,8.8],"texture":"#1"},"up":{"uv":[6.8,9.6,6,8],"texture":"#1"},"down":{"uv":[7.6,8,6.8,9.6],"texture":"#1"}}},{"from":[7.38,14.74538,6.79567],"to":[8.62,18.77538,8.65567],"rotation":{"angle":-22.5,"axis":"x","origin":[8,8,8.25]},"faces":{"north":{"uv":[5.6,10.8,6,12.4],"texture":"#1"},"east":{"uv":[7.6,8,8.4,9.6],"texture":"#1"},"south":{"uv":[11.2,4,11.6,5.6],"texture":"#1"},"west":{"uv":[8.4,6.4,9.2,8],"texture":"#1"},"up":{"uv":[2.8,10.4,2.4,9.6],"texture":"#1"},"down":{"uv":[5.6,11.6,5.2,12.4],"texture":"#1"}}},{"from":[7.318,14.59098,-0.3977],"to":[8.682,18.62098,1.4623],"rotation":{"angle":22.5,"axis":"x","origin":[8,8,8.25]},"faces":{"north":{"uv":[9.2,6.4,9.8,8],"texture":"#1"},"east":{"uv":[8.4,8,9.2,9.6],"texture":"#1"},"south":{"uv":[9.2,8,9.8,9.6],"texture":"#1"},"west":{"uv":[2.8,8.8,3.6,10.4],"texture":"#1"},"up":{"uv":[3,12.4,2.4,11.6],"texture":"#1"},"down":{"uv":[3.8,11.6,3.2,12.4],"texture":"#1"}}},{"from":[7.07,16.20288,9.49404],"to":[8.93,18.06288,11.04404],"rotation":{"angle":0,"axis":"y","origin":[8,8,8.25]},"faces":{"north":{"uv":[9.2,10.4,10,11.2],"texture":"#1"},"east":{"uv":[11.2,5.6,11.8,6.4],"texture":"#1"},"south":{"uv":[10.4,9.6,11.2,10.4],"texture":"#1"},"west":{"uv":[6,11.2,6.6,12],"texture":"#1"},"up":{"uv":[12,7,11.2,6.4],"texture":"#1"},"down":{"uv":[8.4,11.2,7.6,11.8],"texture":"#1"}}},{"from":[7.38,15.26001,3.32937],"to":[8.62,16.62401,6.11937],"rotation":{"angle":45,"axis":"x","origin":[8,8,8.25]},"faces":{"north":{"uv":[1.6,12,2,12.6],"texture":"#1"},"east":{"uv":[4.8,10,6,10.6],"texture":"#1"},"south":{"uv":[12,1.6,12.4,2.2],"texture":"#1"},"west":{"uv":[10,6.4,11.2,7],"texture":"#1"},"up":{"uv":[8.8,12.4,8.4,11.2],"texture":"#1"},"down":{"uv":[9.2,11.2,8.8,12.4],"texture":"#1"}}},{"from":[7.07,14.23005,11.15686],"to":[8.93,15.78005,13.01686],"rotation":{"angle":0,"axis":"y","origin":[8,8,8.25]},"faces":{"north":{"uv":[9.2,11.2,10,11.8],"texture":"#1"},"east":{"uv":[11.2,9.6,12,10.2],"texture":"#1"},"south":{"uv":[10,11.2,10.8,11.8],"texture":"#1"},"west":{"uv":[10.8,11.2,11.6,11.8],"texture":"#1"},"up":{"uv":[10.8,11.2,10,10.4],"texture":"#1"},"down":{"uv":[4,10.8,3.2,11.6],"texture":"#1"}}},{"from":[7.69,-3.28651,10.80499],"to":[8.31,-2.04651,11.42499],"rotation":{"angle":22.5,"axis":"x","origin":[8,8,8.25]},"faces":{"north":{"uv":[8.4,12.4,8.6,12.8],"texture":"#1"},"east":{"uv":[8.8,12.4,9,12.8],"texture":"#1"},"south":{"uv":[9.2,12.4,9.4,12.8],"texture":"#1"},"west":{"uv":[9.6,12.4,9.8,12.8],"texture":"#1"},"up":{"uv":[3.4,13,3.2,12.8],"texture":"#1"},"down":{"uv":[13,3.2,12.8,3.4],"texture":"#1"}}},{"from":[7.38,-4.10463,6.0665],"to":[8.62,-3.17463,7.3065],"rotation":{"angle":0,"axis":"x","origin":[8,8,8.25]},"faces":{"north":{"uv":[8,12,8.4,12.4],"texture":"#1"},"east":{"uv":[9.2,12,9.6,12.4],"texture":"#1"},"south":{"uv":[9.6,12,10,12.4],"texture":"#1"},"west":{"uv":[12,9.6,12.4,10],"texture":"#1"},"up":{"uv":[10.4,12.4,10,12],"texture":"#1"},"down":{"uv":[12.4,10,12,10.4],"texture":"#1"}}},{"from":[7.69,-3.56645,1.91826],"to":[8.31,-2.39645,2.53826],"rotation":{"angle":-22.5,"axis":"x","origin":[8,8,8.25]},"faces":{"north":{"uv":[12.4,9.6,12.6,10],"texture":"#1"},"east":{"uv":[10,12.4,10.2,12.8],"texture":"#1"},"south":{"uv":[12.4,10,12.6,10.4],"texture":"#1"},"west":{"uv":[10.4,12.4,10.6,12.8],"texture":"#1"},"up":{"uv":[3.8,13,3.6,12.8],"texture":"#1"},"down":{"uv":[13,4,12.8,4.2],"texture":"#1"}}},{"from":[7.69,-3.28651,4.57501],"to":[8.31,-2.04651,5.19501],"rotation":{"angle":-22.5,"axis":"x","origin":[8,8,7.75]},"faces":{"north":{"uv":[9.4,12.4,9.2,12.8],"texture":"#1"},"east":{"uv":[9,12.4,8.8,12.8],"texture":"#1"},"south":{"uv":[8.6,12.4,8.4,12.8],"texture":"#1"},"west":{"uv":[9.8,12.4,9.6,12.8],"texture":"#1"},"up":{"uv":[3.4,12.8,3.2,13],"texture":"#1"},"down":{"uv":[13,3.4,12.8,3.2],"texture":"#1"}}},{"from":[7.38,-4.10463,8.6935],"to":[8.62,-3.17463,9.9335],"rotation":{"angle":0,"axis":"x","origin":[8,8,7.75]},"faces":{"north":{"uv":[10,12,9.6,12.4],"texture":"#1"},"east":{"uv":[9.6,12,9.2,12.4],"texture":"#1"},"south":{"uv":[8.4,12,8,12.4],"texture":"#1"},"west":{"uv":[12.4,9.6,12,10],"texture":"#1"},"up":{"uv":[10.4,12,10,12.4],"texture":"#1"},"down":{"uv":[12.4,10.4,12,10],"texture":"#1"}}},{"from":[7.69,-3.56645,13.46174],"to":[8.31,-2.39645,14.08174],"rotation":{"angle":22.5,"axis":"x","origin":[8,8,7.75]},"faces":{"north":{"uv":[12.6,10,12.4,10.4],"texture":"#1"},"east":{"uv":[10.2,12.4,10,12.8],"texture":"#1"},"south":{"uv":[12.6,9.6,12.4,10],"texture":"#1"},"west":{"uv":[10.6,12.4,10.4,12.8],"texture":"#1"},"up":{"uv":[3.8,12.8,3.6,13],"texture":"#1"},"down":{"uv":[13,4.2,12.8,4],"texture":"#1"}}},{"from":[7.628,19.90456,11.74397],"to":[8.372,22.75656,12.48797],"rotation":{"angle":-22.5,"axis":"x","origin":[8,8,8.25]},"faces":{"north":{"uv":[2,12,2.2,13.2],"texture":"#1"},"east":{"uv":[12,2.4,12.2,3.6],"texture":"#1"},"south":{"uv":[4,12,4.2,13.2],"texture":"#1"},"west":{"uv":[4.4,12,4.6,13.2],"texture":"#1"},"up":{"uv":[13,4.6,12.8,4.4],"texture":"#1"},"down":{"uv":[13,4.8,12.8,5],"texture":"#1"}}},{"from":[7.256,21.26856,10.99997],"to":[8.744,22.01256,13.75277],"rotation":{"angle":-22.5,"axis":"x","origin":[8,8,8.25]},"faces":{"north":{"uv":[12.4,6,13,6.2],"texture":"#1"},"east":{"uv":[12,3.6,13.2,3.8],"texture":"#1"},"south":{"uv":[12.4,6.4,13,6.6],"texture":"#1"},"west":{"uv":[12,5.6,13.2,5.8],"texture":"#1"},"up":{"uv":[10.6,8.4,10,7.2],"texture":"#1"},"down":{"uv":[10.6,8.4,10,9.6],"texture":"#1"}}},{"from":[7.628,17.40843,13.62009],"to":[8.372,18.15243,17.09209],"rotation":{"angle":-22.5,"axis":"x","origin":[8,8,8.25]},"faces":{"north":{"uv":[5.2,12.8,5.4,13],"texture":"#1"},"east":{"uv":[11.6,8,13,8.2],"texture":"#1"},"south":{"uv":[12.8,5.2,13,5.4],"texture":"#1"},"west":{"uv":[11.6,8.4,13,8.6],"texture":"#1"},"up":{"uv":[11.8,11.8,11.6,10.4],"texture":"#1"},"down":{"uv":[12.2,0,12,1.4],"texture":"#1"}}},{"from":[7.256,16.66443,15.60409],"to":[8.744,19.41723,16.34809],"rotation":{"angle":-22.5,"axis":"x","origin":[8,8,8.25]},"faces":{"north":{"uv":[2.4,10.4,3,11.6],"texture":"#1"},"east":{"uv":[4.8,12,5,13.2],"texture":"#1"},"south":{"uv":[6.8,10.4,7.4,11.6],"texture":"#1"},"west":{"uv":[6,12,6.2,13.2],"texture":"#1"},"up":{"uv":[13,7,12.4,6.8],"texture":"#1"},"down":{"uv":[13,7.2,12.4,7.4],"texture":"#1"}}},{"from":[7.628,19.69413,3.79016],"to":[8.372,22.85613,4.53416],"rotation":{"angle":22.5,"axis":"x","origin":[8,8,8.25]},"faces":{"north":{"uv":[12,6,12.2,7.2],"texture":"#1"},"east":{"uv":[6.4,12,6.6,13.2],"texture":"#1"},"south":{"uv":[6.8,12,7,13.2],"texture":"#1"},"west":{"uv":[7.2,12,7.4,13.2],"texture":"#1"},"up":{"uv":[5.8,13,5.6,12.8],"texture":"#1"},"down":{"uv":[7.8,12.8,7.6,13],"texture":"#1"}}},{"from":[7.306,21.07053,2.22776],"to":[8.694,21.81453,5.94776],"rotation":{"angle":22.5,"axis":"x","origin":[8.05,8,8.25]},"faces":{"north":{"uv":[7.6,12.4,8.2,12.6],"texture":"#1"},"east":{"uv":[11.6,8.8,13,9],"texture":"#1"},"south":{"uv":[12.4,7.6,13,7.8],"texture":"#1"},"west":{"uv":[11.6,9.2,13,9.4],"texture":"#1"},"up":{"uv":[2.2,11,1.6,9.6],"texture":"#1"},"down":{"uv":[6.6,9.6,6,11],"texture":"#1"}}},{"from":[7.07,13.65867,7.03109],"to":[8.93,14.27867,8.89109],"rotation":{"angle":0,"axis":"y","origin":[8,8,8.25]},"faces":{"north":{"uv":[12,11.2,12.8,11.4],"texture":"#1"},"east":{"uv":[12,11.6,12.8,11.8],"texture":"#1"},"south":{"uv":[12,12,12.8,12.2],"texture":"#1"},"west":{"uv":[12.4,0,13.2,0.2],"texture":"#1"},"up":{"uv":[11.6,8,10.8,7.2],"texture":"#1"},"down":{"uv":[11.6,8,10.8,8.8],"texture":"#1"}}},{"from":[7.07,14.55867,7.03109],"to":[8.93,15.17867,8.89109],"rotation":{"angle":0,"axis":"y","origin":[8,8.9,8.25]},"faces":{"north":{"uv":[12,11.2,12.8,11.4],"texture":"#1"},"east":{"uv":[12,11.6,12.8,11.8],"texture":"#1"},"south":{"uv":[12,12,12.8,12.2],"texture":"#1"},"west":{"uv":[12.4,0,13.2,0.2],"texture":"#1"},"up":{"uv":[11.6,8,10.8,7.2],"texture":"#1"},"down":{"uv":[11.6,8,10.8,8.8],"texture":"#1"}}},{"from":[7.07,-0.64133,7.03109],"to":[8.93,-0.02133,8.89109],"rotation":{"angle":0,"axis":"y","origin":[8,-6.3,8.25]},"faces":{"north":{"uv":[12,11.2,12.8,11.4],"texture":"#1"},"east":{"uv":[12,11.6,12.8,11.8],"texture":"#1"},"south":{"uv":[12,12,12.8,12.2],"texture":"#1"},"west":{"uv":[12.4,0,13.2,0.2],"texture":"#1"},"up":{"uv":[11.6,8,10.8,7.2],"texture":"#1"},"down":{"uv":[11.6,8,10.8,8.8],"texture":"#1"}}},{"from":[7.07,-1.54133,7.03109],"to":[8.93,-0.92133,8.89109],"rotation":{"angle":0,"axis":"y","origin":[8,-7.2,8.25]},"faces":{"north":{"uv":[12,11.2,12.8,11.4],"texture":"#1"},"east":{"uv":[12,11.6,12.8,11.8],"texture":"#1"},"south":{"uv":[12,12,12.8,12.2],"texture":"#1"},"west":{"uv":[12.4,0,13.2,0.2],"texture":"#1"},"up":{"uv":[11.6,8,10.8,7.2],"texture":"#1"},"down":{"uv":[11.6,8,10.8,8.8],"texture":"#1"}}},{"from":[7.07,-3.08133,7.03109],"to":[8.93,-1.84133,8.89109],"rotation":{"angle":0,"axis":"y","origin":[8,8,8.25]},"faces":{"north":{"uv":[11.6,5.2,12.4,5.6],"texture":"#1"},"east":{"uv":[6.8,11.6,7.6,12],"texture":"#1"},"south":{"uv":[11.6,7.2,12.4,7.6],"texture":"#1"},"west":{"uv":[11.6,7.6,12.4,8],"texture":"#1"},"up":{"uv":[2.4,12,1.6,11.2],"texture":"#1"},"down":{"uv":[12,1.6,11.2,2.4],"texture":"#1"}}},{"from":[6.82,-6.05133,7],"to":[9.18,-4.05133,9],"rotation":{"angle":45,"axis":"x","origin":[8,-5.05133,8]},"faces":{"north":{"uv":[6.8,9.6,7.8,10.4],"texture":"#1"},"east":{"uv":[11.2,2.4,12,3.2],"texture":"#1"},"south":{"uv":[8,9.6,9,10.4],"texture":"#1"},"west":{"uv":[11.2,3.2,12,4],"texture":"#1"},"up":{"uv":[10.2,10.4,9.2,9.6],"texture":"#1"},"down":{"uv":[4.6,10,3.6,10.8],"texture":"#1"}}},{"from":[8,9.75,-2],"to":[8,25.75,12],"rotation":{"angle":0,"axis":"y","origin":[8,18.75,4]},"faces":{"north":{"uv":[0,0,0,6.4],"texture":"#1"},"east":{"uv":[0,0,5.6,6.4],"texture":"#1"},"south":{"uv":[0,0,0,6.4],"texture":"#1"},"west":{"uv":[5.6,0,11.2,6.4],"texture":"#1"},"up":{"uv":[0,5.6,0,0],"texture":"#1"},"down":{"uv":[0,0,0,5.6],"texture":"#1"}}},{"from":[8,16,3.25],"to":[8,30,17.25],"rotation":{"angle":22.5,"axis":"x","origin":[8,23,10.25]},"faces":{"north":{"uv":[0,4.8,0,0],"rotation":180,"texture":"#2"},"east":{"uv":[16,0,0,16],"rotation":90,"texture":"#2"},"south":{"uv":[0,0,0,4.8],"texture":"#2"},"west":{"uv":[0,0,16,16],"rotation":270,"texture":"#2"},"up":{"uv":[0,0,0,5.6],"texture":"#2"},"down":{"uv":[0,0,0,5.6],"rotation":180,"texture":"#2"}}},{"from":[8,15,-0.2],"to":[8,29,13.8],"rotation":{"angle":-22.5,"axis":"x","origin":[8,22,6.8]},"faces":{"north":{"uv":[0,4.8,0,0],"rotation":180,"texture":"#2"},"east":{"uv":[16,0,0,16],"rotation":90,"texture":"#2"},"south":{"uv":[0,0,0,4.8],"texture":"#2"},"west":{"uv":[0,0,16,16],"rotation":270,"texture":"#2"},"up":{"uv":[0,0,0,5.6],"texture":"#2"},"down":{"uv":[0,0,0,5.6],"rotation":180,"texture":"#2"}}},{"from":[8,13.5,6.25],"to":[8,27.5,20.25],"rotation":{"angle":-22.5,"axis":"x","origin":[8,20.5,13.25]},"faces":{"north":{"uv":[0,0,0,5.6],"texture":"#2"},"east":{"uv":[16,0,0,16],"texture":"#2"},"south":{"uv":[0,0,0,5.6],"texture":"#2"},"west":{"uv":[0,0,16,16],"texture":"#2"},"up":{"uv":[0,4.8,0,0],"texture":"#2"},"down":{"uv":[0,0,0,4.8],"texture":"#2"}}}],"display":{"thirdperson_righthand":{"translation":[0,2.25,2.5],"scale":[0.8,0.8,0.8]},"thirdperson_lefthand":{"translation":[0,2.25,2.5],"scale":[0.8,0.8,0.8]},"firstperson_righthand":{"rotation":[-25.75,5,2.87],"translation":[9.75,0,-7]},"firstperson_lefthand":{"rotation":[-25.75,5,2.87],"translation":[9.75,0,-7]},"ground":{"rotation":[0,0,-82],"scale":[0.67,0.67,0.67]},"gui":{"rotation":[-90,45,90],"translation":[1.25,-1,0],"scale":[0.54,0.54,0.54]},"head":{"scale":[0,0,0]},"fixed":{"rotation":[0,90,0],"translation":[0,0.5,-2]}},"groups":[{"name":"axe","origin":[8,-5.43655,7.80576],"color":0,"children":[{"name":"group","origin":[8,18.15729,7.76701],"color":0,"children":[]},0,1,2,3,4,5,6,7,8,9,10,11,12,13,14,15,16,17,18,19,20,21,22,23,24,25,26]},27,28,29,30]}