{"credit":"Made with Blockbench","texture_size":[64,64],"textures":{"1":"item/axes/axe_13","2":"item/axes/effect/eff13","particle":"item/axes/effect/eff13"},"elements":[{"from":[7.384,15.90825,4.65071],"to":[8.616,17.02825,8.01071],"rotation":{"angle":22.5,"axis":"x","origin":[8,6.96644,11.77577]},"faces":{"north":{"uv":[1.5,13.5,2,14],"texture":"#1"},"east":{"uv":[11,10.5,12.75,11],"texture":"#1"},"south":{"uv":[13.5,1.5,14,2],"texture":"#1"},"west":{"uv":[11,11,12.75,11.5],"texture":"#1"},"up":{"uv":[1.5,13.25,1,11.5],"texture":"#1"},"down":{"uv":[2,11.5,1.5,13.25],"texture":"#1"}}},{"from":[7.44848,18.30202,13.03499],"to":[8.54586,19.1194,13.85236],"rotation":{"angle":-22.5,"axis":"x","origin":[8,6.96644,11.77577]},"faces":{"north":{"uv":[13,12.5,13.5,13],"texture":"#1"},"east":{"uv":[13,13,13.5,13.5],"texture":"#1"},"south":{"uv":[13.5,0,14,0.5],"texture":"#1"},"west":{"uv":[13.5,0.5,14,1],"texture":"#1"},"up":{"uv":[1.5,14,1,13.5],"texture":"#1"},"down":{"uv":[14,1,13.5,1.5],"texture":"#1"}}},{"from":[7.3952,14.74222,17.32147],"to":[8.6048,16.95982,18.41907],"rotation":{"angle":-45,"axis":"x","origin":[8,6.96644,11.77577]},"faces":{"north":{"uv":[5.5,12,6,13],"texture":"#1"},"east":{"uv":[4,12.5,4.5,13.5],"texture":"#1"},"south":{"uv":[12,12.5,12.5,13.5],"texture":"#1"},"west":{"uv":[12.5,12.5,13,13.5],"texture":"#1"},"up":{"uv":[14,2.5,13.5,2],"texture":"#1"},"down":{"uv":[14,2.5,13.5,3],"texture":"#1"}}},{"from":[8,9.75787,-1.95105],"to":[8,21.41035,7.96543],"rotation":{"angle":0,"axis":"y","origin":[8,15.58411,3.00719]},"faces":{"north":{"uv":[0,0,0,5.75],"texture":"#1"},"east":{"uv":[10,0,5,5.75],"texture":"#1"},"south":{"uv":[0,0,0,5.75],"texture":"#1"},"west":{"uv":[5,0,10,5.75],"texture":"#1"},"up":{"uv":[0,5,0,0],"texture":"#1"},"down":{"uv":[0,0,0,5],"texture":"#1"}}},{"from":[8,9.75787,8.03457],"to":[8,21.41035,17.95105],"rotation":{"angle":0,"axis":"y","origin":[8,15.58411,12.99281]},"faces":{"north":{"uv":[0,0,0,5.75],"texture":"#1"},"east":{"uv":[5,0,10,5.75],"texture":"#1"},"south":{"uv":[0,0,0,5.75],"texture":"#1"},"west":{"uv":[10,0,5,5.75],"texture":"#1"},"up":{"uv":[0,0,0,5],"texture":"#1"},"down":{"uv":[0,5,0,0],"texture":"#1"}}},{"from":[7.384,14.22175,4.65071],"to":[8.616,15.34175,8.01071],"rotation":{"angle":-22.5,"axis":"x","origin":[8,24.28356,11.77577]},"faces":{"north":{"uv":[3,13.5,3.5,14],"texture":"#1"},"east":{"uv":[2,11.5,3.75,12],"texture":"#1"},"south":{"uv":[13.5,3,14,3.5],"texture":"#1"},"west":{"uv":[4,11.5,5.75,12],"texture":"#1"},"up":{"uv":[12,5.75,11.5,4],"texture":"#1"},"down":{"uv":[6.5,11.5,6,13.25],"texture":"#1"}}},{"from":[7.3952,14.29018,17.32147],"to":[8.6048,16.50778,18.41907],"rotation":{"angle":45,"axis":"x","origin":[8,24.28356,11.77577]},"faces":{"north":{"uv":[13,0,13.5,1],"texture":"#1"},"east":{"uv":[13,1,13.5,2],"texture":"#1"},"south":{"uv":[2,13,2.5,14],"texture":"#1"},"west":{"uv":[13,2,13.5,3],"texture":"#1"},"up":{"uv":[14,6,13.5,5.5],"texture":"#1"},"down":{"uv":[6.5,13.5,6,14],"texture":"#1"}}},{"from":[7.44848,12.1306,13.03499],"to":[8.54586,12.94798,13.85236],"rotation":{"angle":22.5,"axis":"x","origin":[8,24.28356,11.77577]},"faces":{"north":{"uv":[3.5,13.5,4,14],"texture":"#1"},"east":{"uv":[13.5,3.5,14,4],"texture":"#1"},"south":{"uv":[4,13.5,4.5,14],"texture":"#1"},"west":{"uv":[13.5,4,14,4.5],"texture":"#1"},"up":{"uv":[14,5,13.5,4.5],"texture":"#1"},"down":{"uv":[14,5,13.5,5.5],"texture":"#1"}}},{"from":[7.3952,-2.63176,5.93647],"to":[8.6048,-0.41416,7.03407],"rotation":{"angle":22.5,"axis":"x","origin":[8,-1.52296,6.48527]},"faces":{"north":{"uv":[5,14,4.5,13],"texture":"#1"},"east":{"uv":[13.5,4.5,13,3.5],"texture":"#1"},"south":{"uv":[3,14,2.5,13],"texture":"#1"},"west":{"uv":[13.5,5.5,13,4.5],"texture":"#1"},"up":{"uv":[7.5,13.5,7,14],"texture":"#1"},"down":{"uv":[14,7,13.5,6.5],"texture":"#1"}}},{"from":[7.3952,-2.63176,8.96593],"to":[8.6048,-0.41416,10.06353],"rotation":{"angle":-22.5,"axis":"x","origin":[8,-1.52296,9.51473]},"faces":{"north":{"uv":[2.5,14,3,13],"texture":"#1"},"east":{"uv":[13,4.5,13.5,3.5],"texture":"#1"},"south":{"uv":[4.5,14,5,13],"texture":"#1"},"west":{"uv":[13,5.5,13.5,4.5],"texture":"#1"},"up":{"uv":[7.5,14,7,13.5],"texture":"#1"},"down":{"uv":[14,6.5,13.5,7],"texture":"#1"}}},{"from":[7.384,15.90825,7.98929],"to":[8.616,17.02825,11.34929],"rotation":{"angle":-22.5,"axis":"x","origin":[8,6.96644,4.22423]},"faces":{"north":{"uv":[14,1.5,13.5,2],"texture":"#1"},"east":{"uv":[12.75,10.5,11,11],"texture":"#1"},"south":{"uv":[2,13.5,1.5,14],"texture":"#1"},"west":{"uv":[12.75,11,11,11.5],"texture":"#1"},"up":{"uv":[1.5,11.5,1,13.25],"texture":"#1"},"down":{"uv":[2,13.25,1.5,11.5],"texture":"#1"}}},{"from":[7.44848,18.30202,2.14764],"to":[8.54586,19.1194,2.96501],"rotation":{"angle":22.5,"axis":"x","origin":[8,6.96644,4.22423]},"faces":{"north":{"uv":[14,0,13.5,0.5],"texture":"#1"},"east":{"uv":[13.5,13,13,13.5],"texture":"#1"},"south":{"uv":[13.5,12.5,13,13],"texture":"#1"},"west":{"uv":[14,0.5,13.5,1],"texture":"#1"},"up":{"uv":[1.5,13.5,1,14],"texture":"#1"},"down":{"uv":[14,1.5,13.5,1],"texture":"#1"}}},{"from":[7.3952,14.74222,-2.41907],"to":[8.6048,16.95982,-1.32147],"rotation":{"angle":45,"axis":"x","origin":[8,6.96644,4.22423]},"faces":{"north":{"uv":[12.5,12.5,12,13.5],"texture":"#1"},"east":{"uv":[4.5,12.5,4,13.5],"texture":"#1"},"south":{"uv":[6,12,5.5,13],"texture":"#1"},"west":{"uv":[13,12.5,12.5,13.5],"texture":"#1"},"up":{"uv":[14,2,13.5,2.5],"texture":"#1"},"down":{"uv":[14,3,13.5,2.5],"texture":"#1"}}},{"from":[7.384,14.22175,7.98929],"to":[8.616,15.34175,11.34929],"rotation":{"angle":22.5,"axis":"x","origin":[8,24.28356,4.22423]},"faces":{"north":{"uv":[14,3,13.5,3.5],"texture":"#1"},"east":{"uv":[3.75,11.5,2,12],"texture":"#1"},"south":{"uv":[3.5,13.5,3,14],"texture":"#1"},"west":{"uv":[5.75,11.5,4,12],"texture":"#1"},"up":{"uv":[12,4,11.5,5.75],"texture":"#1"},"down":{"uv":[6.5,13.25,6,11.5],"texture":"#1"}}},{"from":[7.3952,14.29018,-2.41907],"to":[8.6048,16.50778,-1.32147],"rotation":{"angle":-45,"axis":"x","origin":[8,24.28356,4.22423]},"faces":{"north":{"uv":[2.5,13,2,14],"texture":"#1"},"east":{"uv":[13.5,1,13,2],"texture":"#1"},"south":{"uv":[13.5,0,13,1],"texture":"#1"},"west":{"uv":[13.5,2,13,3],"texture":"#1"},"up":{"uv":[14,5.5,13.5,6],"texture":"#1"},"down":{"uv":[6.5,14,6,13.5],"texture":"#1"}}},{"from":[7.44848,12.1306,2.14764],"to":[8.54586,12.94798,2.96501],"rotation":{"angle":-22.5,"axis":"x","origin":[8,24.28356,4.22423]},"faces":{"north":{"uv":[4.5,13.5,4,14],"texture":"#1"},"east":{"uv":[14,3.5,13.5,4],"texture":"#1"},"south":{"uv":[4,13.5,3.5,14],"texture":"#1"},"west":{"uv":[14,4,13.5,4.5],"texture":"#1"},"up":{"uv":[14,4.5,13.5,5],"texture":"#1"},"down":{"uv":[14,5.5,13.5,5],"texture":"#1"}}},{"from":[7.0928,10.34292,11.92017],"to":[8.9072,14.00532,15.58257],"rotation":{"angle":-45,"axis":"x","origin":[8,6.96644,6.77577]},"faces":{"north":{"uv":[5,9.5,6,11.25],"texture":"#1"},"east":{"uv":[1,9.5,2.75,11.25],"texture":"#1"},"south":{"uv":[6,9.5,7,11.25],"texture":"#1"},"west":{"uv":[3,9.5,4.75,11.25],"texture":"#1"},"up":{"uv":[11,1.75,10,0],"texture":"#1"},"down":{"uv":[11,2,10,3.75],"texture":"#1"}}},{"from":[6.54217,12.80084,0.42688],"to":[9.45417,15.04084,2.66688],"rotation":{"angle":45,"axis":"x","origin":[8,6.96644,6.77577]},"faces":{"north":{"uv":[10,4,11.5,5],"texture":"#1"},"east":{"uv":[10,8,11,9],"texture":"#1"},"south":{"uv":[10,5,11.5,6],"texture":"#1"},"west":{"uv":[10,9,11,10],"texture":"#1"},"up":{"uv":[11.5,7,10,6],"texture":"#1"},"down":{"uv":[11.5,7,10,8],"texture":"#1"}}},{"from":[7.54217,14.46133,9.87589],"to":[8.45417,16.70133,12.11589],"rotation":{"angle":45,"axis":"x","origin":[7.99817,15.58133,10.99589]},"faces":{"north":{"uv":[5.5,13,6,14],"rotation":180,"texture":"#1"},"east":{"uv":[10,10,11,11],"rotation":180,"texture":"#1"},"south":{"uv":[5,13,5.5,14],"rotation":180,"texture":"#1"},"west":{"uv":[11,0,12,1],"rotation":180,"texture":"#1"},"up":{"uv":[13.5,6.5,13,7.5],"texture":"#1"},"down":{"uv":[13.5,6.5,13,5.5],"texture":"#1"}}},{"from":[7.54217,14.46133,3.88411],"to":[8.45417,16.70133,6.12411],"rotation":{"angle":-45,"axis":"x","origin":[7.99817,15.58133,5.00411]},"faces":{"north":{"uv":[5.5,13,5,14],"rotation":180,"texture":"#1"},"east":{"uv":[11,10,10,11],"rotation":180,"texture":"#1"},"south":{"uv":[6,13,5.5,14],"rotation":180,"texture":"#1"},"west":{"uv":[12,0,11,1],"rotation":180,"texture":"#1"},"up":{"uv":[13.5,7.5,13,6.5],"texture":"#1"},"down":{"uv":[13.5,5.5,13,6.5],"texture":"#1"}}},{"from":[7.1264,-0.58957,7.16131],"to":[8.8736,1.15763,8.90851],"rotation":{"angle":0,"axis":"y","origin":[8,6.96644,6.77577]},"faces":{"north":{"uv":[12,3.5,12.75,4.25],"texture":"#1"},"east":{"uv":[4.5,12,5.25,12.75],"texture":"#1"},"south":{"uv":[12,4.5,12.75,5.25],"texture":"#1"},"west":{"uv":[12,5.5,12.75,6.25],"texture":"#1"},"up":{"uv":[12.75,7.25,12,6.5],"texture":"#1"},"down":{"uv":[12.75,7.5,12,8.25],"texture":"#1"}}},{"from":[7.328,1.16003,7.36291],"to":[8.672,13.92803,8.70691],"rotation":{"angle":0,"axis":"y","origin":[8,10.86644,6.77577]},"faces":{"north":{"uv":[7,6,7.75,12.5],"texture":"#1"},"east":{"uv":[8,6,8.75,12.5],"texture":"#1"},"south":{"uv":[9,6,9.75,12.5],"texture":"#1"},"west":{"uv":[0,9.5,0.75,16],"texture":"#1"},"up":{"uv":[12.75,9.25,12,8.5],"texture":"#1"},"down":{"uv":[12.75,9.5,12,10.25],"texture":"#1"}}},{"from":[6.992,-2.68882,7.59024],"to":[9.008,-1.23282,9.04624],"rotation":{"angle":45,"axis":"x","origin":[8,-1.62243,8]},"faces":{"north":{"uv":[12,0,13,0.75],"texture":"#1"},"east":{"uv":[12,11.5,12.75,12.25],"texture":"#1"},"south":{"uv":[12,1,13,1.75],"texture":"#1"},"west":{"uv":[3,12.5,3.75,13.25],"texture":"#1"},"up":{"uv":[3,12.75,2,12],"texture":"#1"},"down":{"uv":[13,2,12,2.75],"texture":"#1"}}},{"from":[7.21376,-1.4857,6.7103],"to":[8.78624,-0.52922,9.40278],"rotation":{"angle":0,"axis":"y","origin":[8,-1.62243,8]},"faces":{"north":{"uv":[13,11.5,13.75,12],"texture":"#1"},"east":{"uv":[3,12,4.25,12.5],"texture":"#1"},"south":{"uv":[13,12,13.75,12.5],"texture":"#1"},"west":{"uv":[12,3,13.25,3.5],"texture":"#1"},"up":{"uv":[11.75,10.25,11,9],"texture":"#1"},"down":{"uv":[10.75,11,10,12.25],"texture":"#1"}}},{"from":[6.992,6.91403,6.91491],"to":[9.008,8.03403,9.15491],"rotation":{"angle":0,"axis":"y","origin":[8,3.96644,6.77577]},"faces":{"north":{"uv":[13,7.5,14,8],"texture":"#1"},"east":{"uv":[13,8,14,8.5],"texture":"#1"},"south":{"uv":[13,8.5,14,9],"texture":"#1"},"west":{"uv":[13,9,14,9.5],"texture":"#1"},"up":{"uv":[12,2,11,1],"texture":"#1"},"down":{"uv":[12,2,11,3],"texture":"#1"}}},{"from":[6.992,12.91403,6.91491],"to":[9.008,14.03403,9.15491],"rotation":{"angle":0,"axis":"y","origin":[8,8.21644,6.77577]},"faces":{"north":{"uv":[13,9.5,14,10],"texture":"#1"},"east":{"uv":[13,10,14,10.5],"texture":"#1"},"south":{"uv":[13,10.5,14,11],"texture":"#1"},"west":{"uv":[13,11,14,11.5],"texture":"#1"},"up":{"uv":[12,4,11,3],"texture":"#1"},"down":{"uv":[12,8,11,9],"texture":"#1"}}},{"from":[7.16,5.51603,7.19491],"to":[8.84,6.07603,8.87491],"rotation":{"angle":0,"axis":"y","origin":[8,3.96644,6.77577]},"faces":{"north":{"uv":[10,13.5,10.75,13.75],"texture":"#1"},"east":{"uv":[11,13.5,11.75,13.75],"texture":"#1"},"south":{"uv":[12,13.5,12.75,13.75],"texture":"#1"},"west":{"uv":[13.5,12.5,14.25,12.75],"texture":"#1"},"up":{"uv":[7.75,13.25,7,12.5],"texture":"#1"},"down":{"uv":[8.75,12.5,8,13.25],"texture":"#1"}}},{"from":[7.16,1.61603,7.19491],"to":[8.84,2.17603,8.87491],"rotation":{"angle":0,"axis":"y","origin":[8,6.96644,6.77577]},"faces":{"north":{"uv":[13,13.5,13.75,13.75],"texture":"#1"},"east":{"uv":[13.5,13,14.25,13.25],"texture":"#1"},"south":{"uv":[14,0,14.75,0.25],"texture":"#1"},"west":{"uv":[14,0.5,14.75,0.75],"texture":"#1"},"up":{"uv":[9.75,13.25,9,12.5],"texture":"#1"},"down":{"uv":[10.75,12.5,10,13.25],"texture":"#1"}}},{"from":[8,-5.00213,4.52],"to":[8,1.95787,11.48],"rotation":{"angle":-45,"axis":"x","origin":[8,-1.52213,8]},"faces":{"north":{"uv":[0,0,0,3.5],"texture":"#1"},"east":{"uv":[0,6,3.5,9.5],"texture":"#1"},"south":{"uv":[0,0,0,3.5],"texture":"#1"},"west":{"uv":[3.5,6,7,9.5],"texture":"#1"},"up":{"uv":[0,3.5,0,0],"texture":"#1"},"down":{"uv":[0,0,0,3.5],"texture":"#1"}}},{"from":[8,11,3],"to":[8,21,13],"rotation":{"angle":0,"axis":"x","origin":[8,16,8]},"faces":{"north":{"uv":[0,0,0,3.5],"texture":"#2"},"east":{"uv":[0,0,16,16],"texture":"#2"},"south":{"uv":[0,0,0,3.5],"texture":"#2"},"west":{"uv":[0,0,16,16],"texture":"#2"},"up":{"uv":[0,3,0,0],"texture":"#2"},"down":{"uv":[0,0,0,3],"texture":"#2"}}}],"display":{"thirdperson_righthand":{"translation":[0,2.25,2.5],"scale":[0.8,0.8,0.8]},"thirdperson_lefthand":{"translation":[0,2.25,2.5],"scale":[0.8,0.8,0.8]},"firstperson_righthand":{"rotation":[-25.75,5,2.87],"translation":[9.75,0,-7]},"firstperson_lefthand":{"rotation":[-25.75,5,2.87],"translation":[9.75,0,-7]},"ground":{"rotation":[0,0,-82],"scale":[0.67,0.67,0.67]},"gui":{"rotation":[-90,45,90],"translation":[0.75,-0.75,0],"scale":[0.54,0.54,0.54]},"head":{"scale":[0,0,0]},"fixed":{"rotation":[0,90,0],"translation":[0,0.5,-2]}},"groups":[{"name":"group","origin":[8.00097,0.88523,-2.99934],"color":0,"children":[{"name":"group","origin":[7.99859,-3.94512,6.95358],"color":0,"children":[0,1,2,3,4,5,6,7,8,9]},{"name":"group","origin":[7.99859,-3.94512,6.95358],"color":0,"children":[10,11,12,13,14,15]},16,17,18,19,20,21,22,23,24,25,26,27,28]},29]}