{"credit":"Made with Blockbench","texture_size":[32,32],"textures":{"1":"item/axes/axe_2","2":"item/axes/effect/eff2","particle":"item/axes/effect/eff2"},"elements":[{"from":[7.2,17.45821,3.69023],"to":[8.8,21.05821,5.29023],"rotation":{"angle":22.5,"axis":"x","origin":[8,19.25821,4.49023]},"faces":{"north":{"uv":[11,7,11.75,8.75],"texture":"#1"},"east":{"uv":[6.5,11.5,7.25,13.25],"texture":"#1"},"south":{"uv":[7.5,11.5,8.25,13.25],"texture":"#1"},"west":{"uv":[8.5,11.5,9.25,13.25],"texture":"#1"},"up":{"uv":[14.75,5.75,14,5],"texture":"#1"},"down":{"uv":[14.75,6,14,6.75],"texture":"#1"}}},{"from":[7.25,14.74454,3.69023],"to":[8.75,18.34454,5.29023],"rotation":{"angle":-22.5,"axis":"x","origin":[7.95,16.54454,4.49023]},"faces":{"north":{"uv":[11.5,9,12.25,10.75],"texture":"#1"},"east":{"uv":[9.5,11.5,10.25,13.25],"texture":"#1"},"south":{"uv":[10.5,11.5,11.25,13.25],"texture":"#1"},"west":{"uv":[11.5,11,12.25,12.75],"texture":"#1"},"up":{"uv":[14.75,7.75,14,7],"texture":"#1"},"down":{"uv":[12.25,14,11.5,14.75],"texture":"#1"}}},{"from":[7.45,-1.81464,7.45],"to":[8.55,12.58536,8.55],"rotation":{"angle":0,"axis":"y","origin":[8,7.78536,8]},"faces":{"north":{"uv":[0,7,0.5,14.25],"texture":"#1"},"east":{"uv":[0.5,7,1,14.25],"texture":"#1"},"south":{"uv":[1,7,1.5,14.25],"texture":"#1"},"west":{"uv":[1.5,7,2,14.25],"texture":"#1"},"up":{"uv":[13.5,9,13,8.5],"texture":"#1"},"down":{"uv":[5,14.5,4.5,15],"texture":"#1"}}},{"from":[6.85,-3.98536,6.6],"to":[9.15,-1.58536,9.4],"rotation":{"angle":0,"axis":"y","origin":[8,-2.78536,8]},"faces":{"north":{"uv":[3.5,10.5,4.75,11.75],"texture":"#1"},"east":{"uv":[7,10,8.5,11.25],"texture":"#1"},"south":{"uv":[5,10.5,6.25,11.75],"texture":"#1"},"west":{"uv":[8.5,10,10,11.25],"texture":"#1"},"up":{"uv":[11.25,11.5,10,10],"texture":"#1"},"down":{"uv":[3.25,10.5,2,12],"texture":"#1"}}},{"from":[7.3,-5.76464,6.45858],"to":[8.7,-2.96464,9.25858],"rotation":{"angle":45,"axis":"x","origin":[7.9,-4.56464,7.85858]},"faces":{"north":{"uv":[12.5,9,13.25,10.5],"texture":"#1"},"east":{"uv":[8,7,9.5,8.5],"texture":"#1"},"south":{"uv":[12.5,10.5,13.25,12],"texture":"#1"},"west":{"uv":[8,8.5,9.5,10],"texture":"#1"},"up":{"uv":[13.25,13.5,12.5,12],"texture":"#1"},"down":{"uv":[13.75,0,13,1.5],"texture":"#1"}}},{"from":[7.3,-7.26464,8.95858],"to":[8.7,-5.46464,10.75858],"rotation":{"angle":45,"axis":"x","origin":[7.9,-6.06464,9.35858]},"faces":{"north":{"uv":[9,13.5,9.75,14.5],"texture":"#1"},"east":{"uv":[6,13.5,7,14.5],"texture":"#1"},"south":{"uv":[10,13.5,10.75,14.5],"texture":"#1"},"west":{"uv":[7,13.5,8,14.5],"texture":"#1"},"up":{"uv":[14.25,11,13.5,10],"texture":"#1"},"down":{"uv":[14.25,11,13.5,12],"texture":"#1"}}},{"from":[7.3,16.42678,6.6],"to":[8.7,19.22678,9.4],"rotation":{"angle":-45,"axis":"x","origin":[8,17.82678,8]},"faces":{"north":{"uv":[13,1.5,13.75,3],"texture":"#1"},"east":{"uv":[9.5,7,11,8.5],"texture":"#1"},"south":{"uv":[13,3,13.75,4.5],"texture":"#1"},"west":{"uv":[9.5,8.5,11,10],"texture":"#1"},"up":{"uv":[13.75,6,13,4.5],"texture":"#1"},"down":{"uv":[13.75,6,13,7.5],"texture":"#1"}}},{"from":[6.995,9.03536,6.8],"to":[9.005,9.83536,9.2],"rotation":{"angle":0,"axis":"y","origin":[7.995,9.53536,8]},"faces":{"north":{"uv":[7,9.5,8,10],"texture":"#1"},"east":{"uv":[13.5,12,14.75,12.5],"texture":"#1"},"south":{"uv":[14,8,15,8.5],"texture":"#1"},"west":{"uv":[12.5,13.5,13.75,14],"texture":"#1"},"up":{"uv":[13,1.25,12,0],"texture":"#1"},"down":{"uv":[13,1.5,12,2.75],"texture":"#1"}}},{"from":[6.995,11.38536,6.8],"to":[9.005,12.18536,9.2],"rotation":{"angle":0,"axis":"y","origin":[7.995,11.78536,8]},"faces":{"north":{"uv":[12.5,14,13.5,14.5],"texture":"#1"},"east":{"uv":[13.5,12.5,14.75,13],"texture":"#1"},"south":{"uv":[13.5,14,14.5,14.5],"texture":"#1"},"west":{"uv":[13.5,13,14.75,13.5],"texture":"#1"},"up":{"uv":[3,13.25,2,12],"texture":"#1"},"down":{"uv":[4,12,3,13.25],"texture":"#1"}}},{"from":[6.995,-0.11464,6.8],"to":[9.005,0.68536,9.2],"rotation":{"angle":0,"axis":"y","origin":[7.995,0.28536,8]},"faces":{"north":{"uv":[14,13.5,15,14],"texture":"#1"},"east":{"uv":[14,0,15.25,0.5],"texture":"#1"},"south":{"uv":[0,14.5,1,15],"texture":"#1"},"west":{"uv":[14,0.5,15.25,1],"texture":"#1"},"up":{"uv":[13,4.25,12,3],"texture":"#1"},"down":{"uv":[5,12,4,13.25],"texture":"#1"}}},{"from":[7.55,-6.81464,6.245],"to":[8.45,-4.41464,8.005],"rotation":{"angle":0,"axis":"y","origin":[7.95,-5.61464,7]},"faces":{"north":{"uv":[6,12,6.5,13.25],"texture":"#1"},"east":{"uv":[12,6,13,7.25],"texture":"#1"},"south":{"uv":[11,13.5,11.5,14.75],"texture":"#1"},"west":{"uv":[12,7.5,13,8.75],"texture":"#1"},"up":{"uv":[15,4,14.5,3],"texture":"#1"},"down":{"uv":[4,14.5,3.5,15.5],"texture":"#1"}}},{"from":[7.6,-8.50608,6.94562],"to":[8.4,-6.10608,8.20562],"rotation":{"angle":-45,"axis":"x","origin":[8,-7.30608,7.45062]},"faces":{"north":{"uv":[14,2,14.5,3.25],"texture":"#1"},"east":{"uv":[8,13.5,8.75,14.75],"texture":"#1"},"south":{"uv":[14,3.5,14.5,4.75],"texture":"#1"},"west":{"uv":[13.5,8.5,14.25,9.75],"texture":"#1"},"up":{"uv":[4.5,15.25,4,14.5],"texture":"#1"},"down":{"uv":[15,4,14.5,4.75],"texture":"#1"}}},{"from":[6.995,-1.61464,6.8],"to":[9.005,-0.81464,9.2],"rotation":{"angle":0,"axis":"y","origin":[7.995,-1.21464,8]},"faces":{"north":{"uv":[1,14.5,2,15],"texture":"#1"},"east":{"uv":[14,1,15.25,1.5],"texture":"#1"},"south":{"uv":[2,14.5,3,15],"texture":"#1"},"west":{"uv":[14,1.5,15.25,2],"texture":"#1"},"up":{"uv":[13,5.75,12,4.5],"texture":"#1"},"down":{"uv":[6,12,5,13.25],"texture":"#1"}}},{"from":[7.45,16.72855,4.675],"to":[8.55,18.87855,6.825],"rotation":{"angle":-45,"axis":"x","origin":[8,17.80355,5.75]},"faces":{"north":{"uv":[6.5,10.5,7,11.5],"texture":"#1"},"east":{"uv":[13,7.5,14,8.5],"texture":"#1"},"south":{"uv":[11,9,11.5,10],"texture":"#1"},"west":{"uv":[11.5,13,12.5,14],"texture":"#1"},"up":{"uv":[15,3,14.5,2],"texture":"#1"},"down":{"uv":[3.5,14.5,3,15.5],"texture":"#1"}}},{"from":[7,13.5,5.5],"to":[9,15.5,10.5],"rotation":{"angle":-45,"axis":"x","origin":[8,14.5,8]},"faces":{"north":{"uv":[2,13.5,3,14.5],"texture":"#1"},"east":{"uv":[2,7,4.5,8],"texture":"#1"},"south":{"uv":[3,13.5,4,14.5],"texture":"#1"},"west":{"uv":[4.5,7,7,8],"texture":"#1"},"up":{"uv":[8,9.5,7,7],"texture":"#1"},"down":{"uv":[3,8,2,10.5],"texture":"#1"}}},{"from":[7.05,12,7],"to":[8.95,17,9],"rotation":{"angle":-45,"axis":"x","origin":[8.05,14.5,8]},"faces":{"north":{"uv":[3,8,4,10.5],"texture":"#1"},"east":{"uv":[4,8,5,10.5],"texture":"#1"},"south":{"uv":[5,8,6,10.5],"texture":"#1"},"west":{"uv":[6,8,7,10.5],"texture":"#1"},"up":{"uv":[5,14.5,4,13.5],"texture":"#1"},"down":{"uv":[6,13.5,5,14.5],"texture":"#1"}}},{"from":[8,10.75,-1],"to":[8,24.75,11],"rotation":{"angle":0,"axis":"y","origin":[8,18.75,4]},"faces":{"north":{"uv":[0,0,0,7],"texture":"#1"},"east":{"uv":[0,0,6,7],"texture":"#1"},"south":{"uv":[0,0,0,7],"texture":"#1"},"west":{"uv":[6,0,12,7],"texture":"#1"},"up":{"uv":[0,6,0,0],"texture":"#1"},"down":{"uv":[0,0,0,6],"texture":"#1"}}},{"from":[7.875,13,3],"to":[7.875,27,17],"rotation":{"angle":22.5,"axis":"x","origin":[7.875,20,10]},"faces":{"north":{"uv":[0,0,0,7],"texture":"#2"},"east":{"uv":[16,0,0,16],"texture":"#2"},"south":{"uv":[0,0,0,7],"texture":"#2"},"west":{"uv":[0,0,16,16],"texture":"#2"},"up":{"uv":[0,6,0,0],"texture":"#2"},"down":{"uv":[0,0,0,6],"texture":"#2"}}},{"from":[8.125,13,3],"to":[8.125,27,17],"rotation":{"angle":22.5,"axis":"x","origin":[8.125,20,10]},"faces":{"north":{"uv":[0,0,0,7],"texture":"#2"},"east":{"uv":[16,0,0,16],"texture":"#2"},"south":{"uv":[0,0,0,7],"texture":"#2"},"west":{"uv":[0,0,16,16],"texture":"#2"},"up":{"uv":[0,6,0,0],"texture":"#2"},"down":{"uv":[0,0,0,6],"texture":"#2"}}}],"display":{"thirdperson_righthand":{"translation":[0,2.25,2.5],"scale":[0.8,0.8,0.8]},"thirdperson_lefthand":{"translation":[0,2.25,2.5],"scale":[0.8,0.8,0.8]},"firstperson_righthand":{"rotation":[-25.75,5,2.87],"translation":[9.75,0,-7]},"firstperson_lefthand":{"rotation":[-25.75,5,2.87],"translation":[9.75,0,-7]},"ground":{"rotation":[0,0,-82],"scale":[0.67,0.67,0.67]},"gui":{"rotation":[-90,45,90],"translation":[1.25,-1,0],"scale":[0.54,0.54,0.54]},"head":{"scale":[0,0,0]},"fixed":{"rotation":[0,90,0],"translation":[0,0.5,-2]}},"groups":[{"name":"pickaxe6","origin":[8,20.80866,19.78806],"color":0,"children":[{"name":"group","origin":[7,19.75,2],"color":0,"children":[0,1]},{"name":"group","origin":[7,19.75,2],"color":0,"children":[]},2,3,4,5,6,7,8,9,10,11,12,13,14,15]},16,17,18]}