{"credit":"Made with Blockbench","textures":{"1":"item/axes/axe_10","2":"item/axes/effect/eff10","particle":"item/axes/effect/eff10"},"elements":[{"from":[8.00003,9.30526,-1.88007],"to":[8.00003,21.19079,8.23474],"rotation":{"angle":-22.5,"axis":"x","origin":[8.00003,15.24802,3.17733]},"faces":{"north":{"uv":[0,0,0,5.75],"texture":"#1"},"east":{"uv":[10,0,5,5.75],"texture":"#1"},"south":{"uv":[0,0,0,5.75],"texture":"#1"},"west":{"uv":[5,0,10,5.75],"texture":"#1"},"up":{"uv":[0,5,0,0],"texture":"#1"},"down":{"uv":[0,0,0,5],"texture":"#1"}}},{"from":[7.37312,16.68549,2.81529],"to":[8.62976,17.82789,6.24249],"rotation":{"angle":-22.5,"axis":"x","origin":[8,15.72524,4]},"faces":{"north":{"uv":[7,13.5,6.5,14],"rotation":180,"texture":"#1"},"east":{"uv":[6.5,11.5,7,13.25],"rotation":270,"texture":"#1"},"south":{"uv":[14,6.5,13.5,6],"texture":"#1"},"west":{"uv":[11.5,11.5,12,13.25],"rotation":90,"texture":"#1"},"up":{"uv":[11.5,6,12,7.75],"rotation":180,"texture":"#1"},"down":{"uv":[11,11.5,11.5,13.25],"texture":"#1"}}},{"from":[7.38455,17.44136,2.95992],"to":[8.61834,18.56091,5.22187],"rotation":{"angle":45,"axis":"x","origin":[8,15.72524,4]},"faces":{"north":{"uv":[14,7,13.5,6.5],"rotation":180,"texture":"#1"},"east":{"uv":[13.5,4.5,13,3.5],"rotation":270,"texture":"#1"},"south":{"uv":[7.5,13.5,7,14],"texture":"#1"},"west":{"uv":[13.5,5.5,13,4.5],"rotation":90,"texture":"#1"},"up":{"uv":[5,14,4.5,13],"rotation":180,"texture":"#1"},"down":{"uv":[3,14,2.5,13],"texture":"#1"}}},{"from":[7.38455,14.68516,5.71611],"to":[8.61834,16.94711,6.83567],"rotation":{"angle":45,"axis":"x","origin":[8,15.72524,4]},"faces":{"north":{"uv":[2.5,14,3,13],"texture":"#1"},"east":{"uv":[13,4.5,13.5,3.5],"texture":"#1"},"south":{"uv":[4.5,14,5,13],"texture":"#1"},"west":{"uv":[13,5.5,13.5,4.5],"texture":"#1"},"up":{"uv":[7.5,14,7,13.5],"texture":"#1"},"down":{"uv":[14,6.5,13.5,7],"texture":"#1"}}},{"from":[7.43889,15.54061,1.67549],"to":[8.55822,16.37433,2.50922],"rotation":{"angle":22.5,"axis":"x","origin":[8,15.72524,4]},"faces":{"north":{"uv":[10,13.5,9.5,14],"rotation":180,"texture":"#1"},"east":{"uv":[7.5,13.5,8,14],"rotation":270,"texture":"#1"},"south":{"uv":[9.5,14,9,13.5],"texture":"#1"},"west":{"uv":[8.5,13.5,9,14],"rotation":90,"texture":"#1"},"up":{"uv":[13.5,7,14,7.5],"rotation":180,"texture":"#1"},"down":{"uv":[8,13.5,8.5,14],"texture":"#1"}}},{"from":[7.38455,-4.12817,6.07008],"to":[8.61834,-1.86622,7.18963],"rotation":{"angle":22.5,"axis":"x","origin":[8,-3.99384,8]},"faces":{"north":{"uv":[5,14,4.5,13],"texture":"#1"},"east":{"uv":[13.5,4.5,13,3.5],"texture":"#1"},"south":{"uv":[3,14,2.5,13],"texture":"#1"},"west":{"uv":[13.5,5.5,13,4.5],"texture":"#1"},"up":{"uv":[7.5,13.5,7,14],"texture":"#1"},"down":{"uv":[14,7,13.5,6.5],"texture":"#1"}}},{"from":[7.37312,-4.91307,6.24769],"to":[8.62976,-3.77067,9.67489],"rotation":{"angle":45,"axis":"x","origin":[8,-3.99384,8]},"faces":{"north":{"uv":[14,6.5,13.5,6],"rotation":180,"texture":"#1"},"east":{"uv":[6.5,11.5,7,13.25],"rotation":90,"texture":"#1"},"south":{"uv":[7,13.5,6.5,14],"texture":"#1"},"west":{"uv":[11.5,11.5,12,13.25],"rotation":270,"texture":"#1"},"up":{"uv":[11,11.5,11.5,13.25],"texture":"#1"},"down":{"uv":[11.5,6,12,7.75],"rotation":180,"texture":"#1"}}},{"from":[7.43889,-5.82816,8.53433],"to":[8.55822,-4.99443,9.36805],"rotation":{"angle":0,"axis":"x","origin":[8,-3.99384,8]},"faces":{"north":{"uv":[13.5,7,14,7.5],"texture":"#1"},"east":{"uv":[7.5,13.5,8,14],"texture":"#1"},"south":{"uv":[8,13.5,8.5,14],"texture":"#1"},"west":{"uv":[8.5,13.5,9,14],"texture":"#1"},"up":{"uv":[9.5,14,9,13.5],"texture":"#1"},"down":{"uv":[10,13.5,9.5,14],"texture":"#1"}}},{"from":[7.37312,13.6226,2.81529],"to":[8.62976,14.765,6.24249],"rotation":{"angle":22.5,"axis":"x","origin":[8,15.72524,4]},"faces":{"north":{"uv":[7,14,6.5,13.5],"rotation":180,"texture":"#1"},"east":{"uv":[7,11.5,6.5,13.25],"rotation":270,"texture":"#1"},"south":{"uv":[14,6,13.5,6.5],"texture":"#1"},"west":{"uv":[12,11.5,11.5,13.25],"rotation":90,"texture":"#1"},"up":{"uv":[11.5,11.5,11,13.25],"rotation":180,"texture":"#1"},"down":{"uv":[12,6,11.5,7.75],"texture":"#1"}}},{"from":[7.43889,15.07616,1.67549],"to":[8.55822,15.90988,2.50922],"rotation":{"angle":-22.5,"axis":"x","origin":[8,15.72524,4]},"faces":{"north":{"uv":[10,14,9.5,13.5],"rotation":180,"texture":"#1"},"east":{"uv":[8,13.5,7.5,14],"rotation":270,"texture":"#1"},"south":{"uv":[9.5,13.5,9,14],"texture":"#1"},"west":{"uv":[9,13.5,8.5,14],"rotation":90,"texture":"#1"},"up":{"uv":[8.5,13.5,8,14],"rotation":180,"texture":"#1"},"down":{"uv":[14,7,13.5,7.5],"texture":"#1"}}},{"from":[7.07468,11.41105,12.05995],"to":[8.92537,15.1467,15.7956],"rotation":{"angle":-45,"axis":"x","origin":[7.99859,7.38843,8]},"faces":{"north":{"uv":[5,9.5,6,11.25],"texture":"#1"},"east":{"uv":[1,9.5,2.75,11.25],"texture":"#1"},"south":{"uv":[6,9.5,7,11.25],"texture":"#1"},"west":{"uv":[3,9.5,4.75,11.25],"texture":"#1"},"up":{"uv":[11,1.75,10,0],"texture":"#1"},"down":{"uv":[11,2,10,3.75],"texture":"#1"}}},{"from":[6.51304,12.15218,0.94552],"to":[9.48328,14.43698,3.23032],"rotation":{"angle":45,"axis":"x","origin":[7.99859,7.38843,8]},"faces":{"north":{"uv":[10,4,11.5,5],"texture":"#1"},"east":{"uv":[10,8,11,9],"texture":"#1"},"south":{"uv":[10,5,11.5,6],"texture":"#1"},"west":{"uv":[10,9,11,10],"texture":"#1"},"up":{"uv":[11.5,7,10,6],"texture":"#1"},"down":{"uv":[11.5,7,10,8],"texture":"#1"}}},{"from":[7.53304,14.03718,-1.93948],"to":[8.46328,16.32198,0.34532],"rotation":{"angle":45,"axis":"x","origin":[7.99859,6.38843,8]},"faces":{"north":{"uv":[5,13,5.5,14],"texture":"#1"},"east":{"uv":[10,10,11,11],"texture":"#1"},"south":{"uv":[5.5,13,6,14],"texture":"#1"},"west":{"uv":[11,0,12,1],"texture":"#1"},"up":{"uv":[13.5,6.5,13,5.5],"texture":"#1"},"down":{"uv":[13.5,6.5,13,7.5],"texture":"#1"}}},{"from":[7.10896,-0.74913,7.14454],"to":[8.8911,1.03301,8.92668],"rotation":{"angle":0,"axis":"y","origin":[7.99859,7.38843,8]},"faces":{"north":{"uv":[12,3.5,12.75,4.25],"texture":"#1"},"east":{"uv":[4.5,12,5.25,12.75],"texture":"#1"},"south":{"uv":[12,4.5,12.75,5.25],"texture":"#1"},"west":{"uv":[12,5.5,12.75,6.25],"texture":"#1"},"up":{"uv":[12.75,7.25,12,6.5],"texture":"#1"},"down":{"uv":[12.75,7.5,12,8.25],"texture":"#1"}}},{"from":[7.31459,1.03546,7.35017],"to":[8.68547,14.05882,8.72105],"rotation":{"angle":0,"axis":"y","origin":[7.99859,7.38843,8]},"faces":{"north":{"uv":[7,6,7.75,12.5],"texture":"#1"},"east":{"uv":[8,6,8.75,12.5],"texture":"#1"},"south":{"uv":[9,6,9.75,12.5],"texture":"#1"},"west":{"uv":[0,9.5,0.75,16],"texture":"#1"},"up":{"uv":[12.75,9.25,12,8.5],"texture":"#1"},"down":{"uv":[12.75,9.5,12,10.25],"texture":"#1"}}},{"from":[6.97328,15.76973,4.02393],"to":[9.0296,17.25485,5.50905],"rotation":{"angle":45,"axis":"x","origin":[8,15.72524,4]},"faces":{"north":{"uv":[13,2,12,2.75],"rotation":180,"texture":"#1"},"east":{"uv":[12,11.5,12.75,12.25],"rotation":270,"texture":"#1"},"south":{"uv":[3,12.75,2,12],"texture":"#1"},"west":{"uv":[3,12.5,3.75,13.25],"rotation":90,"texture":"#1"},"up":{"uv":[12,0,13,0.75],"rotation":180,"texture":"#1"},"down":{"uv":[12,1,13,1.75],"texture":"#1"}}},{"from":[7.19806,-1.66318,6.68451],"to":[8.80199,-0.68757,9.43084],"rotation":{"angle":0,"axis":"y","origin":[7.99859,7.38843,8]},"faces":{"north":{"uv":[13,11.5,13.75,12],"texture":"#1"},"east":{"uv":[3,12,4.25,12.5],"texture":"#1"},"south":{"uv":[13,12,13.75,12.5],"texture":"#1"},"west":{"uv":[12,3,13.25,3.5],"texture":"#1"},"up":{"uv":[11.75,10.25,11,9],"texture":"#1"},"down":{"uv":[10.75,11,10,12.25],"texture":"#1"}}},{"from":[6.97187,6.90454,6.89321],"to":[9.02819,8.04694,9.17801],"rotation":{"angle":0,"axis":"y","origin":[7.99859,7.38843,8]},"faces":{"north":{"uv":[13,7.5,14,8],"texture":"#1"},"east":{"uv":[13,8,14,8.5],"texture":"#1"},"south":{"uv":[13,8.5,14,9],"texture":"#1"},"west":{"uv":[13,9,14,9.5],"texture":"#1"},"up":{"uv":[12,2,11,1],"texture":"#1"},"down":{"uv":[12,2,11,3],"texture":"#1"}}},{"from":[6.97187,13.02454,6.89321],"to":[9.02819,14.16694,9.17801],"rotation":{"angle":0,"axis":"y","origin":[7.99859,7.38843,8]},"faces":{"north":{"uv":[13,9.5,14,10],"texture":"#1"},"east":{"uv":[13,10,14,10.5],"texture":"#1"},"south":{"uv":[13,10.5,14,11],"texture":"#1"},"west":{"uv":[13,11,14,11.5],"texture":"#1"},"up":{"uv":[12,4,11,3],"texture":"#1"},"down":{"uv":[12,8,11,9],"texture":"#1"}}},{"from":[7.14323,5.47858,7.17881],"to":[8.85683,6.04978,8.89241],"rotation":{"angle":0,"axis":"y","origin":[7.99859,7.38843,8]},"faces":{"north":{"uv":[10,13.5,10.75,13.75],"texture":"#1"},"east":{"uv":[11,13.5,11.75,13.75],"texture":"#1"},"south":{"uv":[12,13.5,12.75,13.75],"texture":"#1"},"west":{"uv":[13.5,12.5,14.25,12.75],"texture":"#1"},"up":{"uv":[7.75,13.25,7,12.5],"texture":"#1"},"down":{"uv":[8.75,12.5,8,13.25],"texture":"#1"}}},{"from":[7.14323,1.50058,7.17881],"to":[8.85683,2.07178,8.89241],"rotation":{"angle":0,"axis":"y","origin":[7.99859,7.38843,8]},"faces":{"north":{"uv":[13,13.5,13.75,13.75],"texture":"#1"},"east":{"uv":[13.5,13,14.25,13.25],"texture":"#1"},"south":{"uv":[14,0,14.75,0.25],"texture":"#1"},"west":{"uv":[14,0.5,14.75,0.75],"texture":"#1"},"up":{"uv":[9.75,13.25,9,12.5],"texture":"#1"},"down":{"uv":[10.75,12.5,10,13.25],"texture":"#1"}}},{"from":[8.00003,-5.26994,3.9504],"to":[8.00003,1.82926,11.0496],"rotation":{"angle":0,"axis":"x","origin":[8.00003,-1.72034,7.5]},"faces":{"north":{"uv":[0,3.5,0,0],"rotation":180,"texture":"#1"},"east":{"uv":[0,6,3.5,9.5],"rotation":90,"texture":"#1"},"south":{"uv":[0,0,0,3.5],"texture":"#1"},"west":{"uv":[3.5,6,7,9.5],"rotation":270,"texture":"#1"},"up":{"uv":[0,0,0,3.5],"texture":"#1"},"down":{"uv":[0,0,0,3.5],"rotation":180,"texture":"#1"}}},{"from":[8,10.75,4.5],"to":[8,20.75,14.5],"rotation":{"angle":0,"axis":"x","origin":[8,15.75,9.5]},"faces":{"north":{"uv":[0,0,0,14],"rotation":180,"texture":"#2"},"east":{"uv":[16,0,0,16],"rotation":180,"texture":"#2"},"south":{"uv":[0,0,0,14],"rotation":180,"texture":"#2"},"west":{"uv":[0,0,16,16],"rotation":180,"texture":"#2"},"up":{"uv":[0,0,0,12],"texture":"#2"},"down":{"uv":[0,12,0,0],"texture":"#2"}}}],"display":{"thirdperson_righthand":{"translation":[0,2.25,2.5],"scale":[0.8,0.8,0.8]},"thirdperson_lefthand":{"translation":[0,2.25,2.5],"scale":[0.8,0.8,0.8]},"firstperson_righthand":{"rotation":[-25.75,5,2.87],"translation":[9.75,0,-7]},"firstperson_lefthand":{"rotation":[-25.75,5,2.87],"translation":[9.75,0,-7]},"ground":{"rotation":[0,0,-82],"scale":[0.67,0.67,0.67]},"gui":{"rotation":[-90,45,90],"translation":[1.25,-1,0],"scale":[0.54,0.54,0.54]},"head":{"scale":[0,0,0]},"fixed":{"rotation":[0,90,0],"translation":[0,0.5,-2]}},"groups":[{"name":"group","origin":[8.00097,0.88523,-2.99934],"color":0,"children":[{"name":"group","origin":[7.99859,-3.94512,6.95358],"color":0,"children":[0,1,2,3,4,5,6,7]},{"name":"group","origin":[7.99859,-3.94512,6.95358],"color":0,"children":[8,9]},10,11,12,13,14,15,16,17,18,19,20,21]},22]}