{"credit":"Made with Blockbench","texture_size":[32,32],"textures":{"1":"item/axes/effect/eff12","2":"item/axes/axe_12","particle":"item/axes/axe_12"},"elements":[{"from":[7.378,-2.63101,7.12211],"to":[8.622,18.24899,8.36611],"rotation":{"angle":0,"axis":"y","origin":[8,10,8]},"faces":{"north":{"uv":[9,0,8.5,10.5],"texture":"#2"},"east":{"uv":[8.5,0,8,10.5],"texture":"#2"},"south":{"uv":[10,0,9.5,10.5],"texture":"#2"},"west":{"uv":[9.5,0,9,10.5],"texture":"#2"},"up":{"uv":[13,1.5,13.5,1],"rotation":90,"texture":"#2"},"down":{"uv":[1.5,13,2,13.5],"rotation":270,"texture":"#2"}}},{"from":[7.056,1.45899,6.87411],"to":[8.944,2.32899,8.61411],"rotation":{"angle":0,"axis":"y","origin":[8,8,8]},"faces":{"north":{"uv":[7,12,6,12.5],"texture":"#2"},"east":{"uv":[13.25,11,12.5,11.5],"texture":"#2"},"south":{"uv":[8,12,7,12.5],"texture":"#2"},"west":{"uv":[13.25,11.5,12.5,12],"texture":"#2"},"up":{"uv":[1,13,1.75,12],"rotation":90,"texture":"#2"},"down":{"uv":[2,12,2.75,13],"rotation":270,"texture":"#2"}}},{"from":[7.056,13.25899,6.87411],"to":[8.944,14.37899,8.61411],"rotation":{"angle":0,"axis":"y","origin":[8,7.8,8]},"faces":{"north":{"uv":[13,9,12,9.5],"texture":"#2"},"east":{"uv":[13.25,12,12.5,12.5],"texture":"#2"},"south":{"uv":[13,9.5,12,10],"texture":"#2"},"west":{"uv":[13.25,12.5,12.5,13],"texture":"#2"},"up":{"uv":[3,13,3.75,12],"rotation":90,"texture":"#2"},"down":{"uv":[4,12,4.75,13],"rotation":270,"texture":"#2"}}},{"from":[6.695,13.55518,13.1933],"to":[9.305,16.68718,16.3253],"rotation":{"angle":-45,"axis":"x","origin":[8,8,8]},"faces":{"north":{"uv":[11.25,3,10,4.5],"texture":"#2"},"east":{"uv":[11.5,0,10,1.5],"texture":"#2"},"south":{"uv":[11.25,4.5,10,6],"texture":"#2"},"west":{"uv":[11.5,1.5,10,3],"texture":"#2"},"up":{"uv":[10,7.25,11.5,6],"rotation":90,"texture":"#2"},"down":{"uv":[10,7.5,11.5,8.75],"rotation":270,"texture":"#2"}}},{"from":[7.043,-1.23801,6.78711],"to":[8.957,0.67599,8.70111],"rotation":{"angle":0,"axis":"y","origin":[8,8,8]},"faces":{"north":{"uv":[11,10,10,11],"texture":"#2"},"east":{"uv":[11,9,10,10],"texture":"#2"},"south":{"uv":[10,10.5,9,11.5],"texture":"#2"},"west":{"uv":[9,10.5,8,11.5],"texture":"#2"},"up":{"uv":[11,10,12,9],"rotation":90,"texture":"#2"},"down":{"uv":[10,11,11,12],"rotation":270,"texture":"#2"}}},{"from":[7.043,15.26199,6.78711],"to":[8.957,17.17599,8.70111],"rotation":{"angle":0,"axis":"z","origin":[8,8,8]},"faces":{"north":{"uv":[12,11,11,12],"texture":"#2"},"east":{"uv":[12,10,11,11],"texture":"#2"},"south":{"uv":[12.5,1,11.5,2],"texture":"#2"},"west":{"uv":[12.5,0,11.5,1],"texture":"#2"},"up":{"uv":[11.5,3,12.5,2],"rotation":90,"texture":"#2"},"down":{"uv":[11.5,3,12.5,4],"rotation":270,"texture":"#2"}}},{"from":[7.043,-0.78476,-1.14664],"to":[8.957,1.12924,0.76736],"rotation":{"angle":-45,"axis":"x","origin":[8,8,8]},"faces":{"north":{"uv":[12.5,5,11.5,6],"texture":"#2"},"east":{"uv":[12.5,4,11.5,5],"texture":"#2"},"south":{"uv":[12.5,7,11.5,8],"texture":"#2"},"west":{"uv":[12.5,6,11.5,7],"texture":"#2"},"up":{"uv":[8,12.5,9,11.5],"rotation":90,"texture":"#2"},"down":{"uv":[11.5,8,12.5,9],"rotation":270,"texture":"#2"}}},{"from":[7.217,16.05972,13.84497],"to":[8.783,18.66972,14.71497],"rotation":{"angle":-45,"axis":"x","origin":[8,8,8]},"faces":{"north":{"uv":[9.75,11.5,9,12.75],"texture":"#2"},"east":{"uv":[5.5,12,5,13.25],"texture":"#2"},"south":{"uv":[0.75,12,0,13.25],"texture":"#2"},"west":{"uv":[6,12,5.5,13.25],"texture":"#2"},"up":{"uv":[13,0.75,13.5,0],"rotation":90,"texture":"#2"},"down":{"uv":[1,13,1.5,13.75],"rotation":270,"texture":"#2"}}},{"from":[7.391,11.24401,-0.60201],"to":[8.609,13.41901,0.26799],"rotation":{"angle":45,"axis":"x","origin":[8,8,8]},"faces":{"north":{"uv":[12.5,10,12,11],"texture":"#2"},"east":{"uv":[10.5,12,10,13],"texture":"#2"},"south":{"uv":[11.5,12,11,13],"texture":"#2"},"west":{"uv":[11,12,10.5,13],"texture":"#2"},"up":{"uv":[13,2,13.5,1.5],"rotation":90,"texture":"#2"},"down":{"uv":[2,13,2.5,13.5],"rotation":270,"texture":"#2"}}},{"from":[7.565,15.00568,7.65351],"to":[8.435,17.18068,8.52351],"rotation":{"angle":-22.5,"axis":"x","origin":[8,8,8]},"faces":{"north":{"uv":[12,12,11.5,13],"texture":"#2"},"east":{"uv":[12.5,11,12,12],"texture":"#2"},"south":{"uv":[13,0,12.5,1],"texture":"#2"},"west":{"uv":[12.5,12,12,13],"texture":"#2"},"up":{"uv":[13,2.5,13.5,2],"rotation":90,"texture":"#2"},"down":{"uv":[2.5,13,3,13.5],"rotation":270,"texture":"#2"}}},{"from":[7.565,-2.06945,4.81151],"to":[8.435,0.10555,5.75751],"rotation":{"angle":-22.5,"axis":"x","origin":[8,8,8]},"faces":{"north":{"uv":[13,2,12.5,3],"texture":"#2"},"east":{"uv":[13,1,12.5,2],"texture":"#2"},"south":{"uv":[13,4,12.5,5],"texture":"#2"},"west":{"uv":[13,3,12.5,4],"texture":"#2"},"up":{"uv":[13,3,13.5,2.5],"rotation":90,"texture":"#2"},"down":{"uv":[3,13,3.5,13.5],"rotation":270,"texture":"#2"}}},{"from":[7.565,-2.2653,9.76968],"to":[8.435,-0.0903,10.71568],"rotation":{"angle":22.5,"axis":"x","origin":[8,8,8]},"faces":{"north":{"uv":[6.5,12.5,6,13.5],"texture":"#2"},"east":{"uv":[13,5,12.5,6],"texture":"#2"},"south":{"uv":[7,12.5,6.5,13.5],"texture":"#2"},"west":{"uv":[13,6,12.5,7],"texture":"#2"},"up":{"uv":[13,3.5,13.5,3],"rotation":90,"texture":"#2"},"down":{"uv":[3.5,13,4,13.5],"rotation":270,"texture":"#2"}}},{"from":[7.391,14.16528,15.90076],"to":[8.609,15.03528,18.07576],"rotation":{"angle":-45,"axis":"x","origin":[8,8,8]},"faces":{"north":{"uv":[13.5,3.5,13,4],"texture":"#2"},"east":{"uv":[8,12.5,7,13],"texture":"#2"},"south":{"uv":[4.5,13,4,13.5],"texture":"#2"},"west":{"uv":[13.5,7,12.5,7.5],"texture":"#2"},"up":{"uv":[12.5,8,13.5,7.5],"rotation":90,"texture":"#2"},"down":{"uv":[8,12.5,9,13],"rotation":270,"texture":"#2"}}},{"from":[8,11.09293,-1.42677],"to":[8,23.09293,14.57323],"rotation":{"angle":0,"axis":"y","origin":[8,8,8]},"faces":{"north":{"uv":[0,0,0,6],"texture":"#2"},"east":{"uv":[8,0,0,6],"texture":"#2"},"south":{"uv":[0,0,0,6],"texture":"#2"},"west":{"uv":[8,6,0,12],"texture":"#2"},"up":{"uv":[0,0,8,0],"rotation":90,"texture":"#2"},"down":{"uv":[0,0,8,0],"rotation":270,"texture":"#2"}}},{"from":[7.565,19.1828,5.36404],"to":[8.435,20.0528,7.53904],"rotation":{"angle":22.5,"axis":"x","origin":[8,8,8]},"faces":{"north":{"uv":[13.5,4,13,4.5],"texture":"#2"},"east":{"uv":[13.5,8,12.5,8.5],"texture":"#2"},"south":{"uv":[5,13,4.5,13.5],"texture":"#2"},"west":{"uv":[13.5,8.5,12.5,9],"texture":"#2"},"up":{"uv":[12.5,10.5,13.5,10],"rotation":90,"texture":"#2"},"down":{"uv":[12.5,10.5,13.5,11],"rotation":270,"texture":"#2"}}},{"from":[8,17,5.75],"to":[8,23,11.75],"rotation":{"angle":45,"axis":"x","origin":[8,20,8.75]},"faces":{"north":{"uv":[0,0,0,7],"texture":"#1"},"east":{"uv":[16,0,0,16],"texture":"#1"},"south":{"uv":[0,0,0,7],"texture":"#1"},"west":{"uv":[0,0,16,16],"texture":"#1"},"up":{"uv":[0,6,0,0],"texture":"#1"},"down":{"uv":[0,0,0,6],"texture":"#1"}}},{"from":[8,15,7.25],"to":[8,19,11.25],"rotation":{"angle":0,"axis":"x","origin":[8,17,9.25]},"faces":{"north":{"uv":[0,0,0,6],"rotation":180,"texture":"#1"},"east":{"uv":[16,0,0,16],"rotation":270,"texture":"#1"},"south":{"uv":[0,6,0,0],"texture":"#1"},"west":{"uv":[0,0,16,16],"rotation":90,"texture":"#1"},"up":{"uv":[0,0,0,7],"rotation":180,"texture":"#1"},"down":{"uv":[0,0,0,7],"texture":"#1"}}}],"gui_light":"front","display":{"thirdperson_righthand":{"translation":[0,2.25,2.5],"scale":[0.8,0.8,0.8]},"thirdperson_lefthand":{"translation":[0,2.25,2.5],"scale":[0.8,0.8,0.8]},"firstperson_righthand":{"rotation":[-25.75,5,2.87],"translation":[9.75,0,-7]},"firstperson_lefthand":{"rotation":[-25.75,5,2.87],"translation":[9.75,0,-7]},"ground":{"rotation":[0,0,-82],"scale":[0.67,0.67,0.67]},"gui":{"rotation":[-90,45,90],"translation":[1.25,-1,0],"scale":[0.54,0.54,0.54]},"head":{"scale":[0,0,0]},"fixed":{"rotation":[0,90,0],"translation":[0,0.5,-2]}},"groups":[{"name":"axe","origin":[6.28072,12.87749,8],"color":0,"children":[0,1,2,3,4,5,6,7,8,9,10,11,12,13,14]},15,16]}