{"credit":"Made with Blockbench","texture_size":[32,32],"textures":{"1":"item/axes/effect/eff7","2":"item/axes/axe_7","particle":"item/axes/axe_7"},"elements":[{"from":[7.2912,-2.71793,7.2912],"to":[8.7088,13.69807,8.7088],"rotation":{"angle":0,"axis":"y","origin":[8.05,7.23912,7.18745]},"faces":{"north":{"uv":[0,6,0.75,14.25],"texture":"#2"},"east":{"uv":[1,6,1.75,14.25],"texture":"#2"},"south":{"uv":[2,6,2.75,14.25],"texture":"#2"},"west":{"uv":[3,6,3.75,14.25],"texture":"#2"},"up":{"uv":[5.75,14.75,5,14],"texture":"#2"},"down":{"uv":[6.75,14,6,14.75],"texture":"#2"}}},{"from":[8,11.06287,-1.31639],"to":[8,22.92127,12.44761],"rotation":{"angle":0,"axis":"y","origin":[8,7.23912,9.35826]},"faces":{"north":{"uv":[0,0,0,6],"texture":"#2"},"east":{"uv":[7,0,0,6],"texture":"#2"},"south":{"uv":[0,0,0,6],"texture":"#2"},"west":{"uv":[0,0,7,6],"texture":"#2"},"up":{"uv":[0,7,0,0],"texture":"#2"},"down":{"uv":[0,0,0,7],"texture":"#2"}}},{"from":[7.34779,10.80124,11.61287],"to":[8.65221,15.08344,12.93047],"rotation":{"angle":-45,"axis":"x","origin":[8,7.23912,7.35826]},"faces":{"north":{"uv":[8.5,0,9.25,2.25],"texture":"#2"},"east":{"uv":[8.5,2.5,9.25,4.75],"texture":"#2"},"south":{"uv":[5.5,9,6.25,11.25],"texture":"#2"},"west":{"uv":[6.5,9,7.25,11.25],"texture":"#2"},"up":{"uv":[14.75,6.75,14,6],"texture":"#2"},"down":{"uv":[7.75,14,7,14.75],"texture":"#2"}}},{"from":[7.3412,15.79436,4.81996],"to":[8.6588,17.44136,6.13756],"rotation":{"angle":0,"axis":"y","origin":[8,7.23912,7.35826]},"faces":{"north":{"uv":[14,7,14.75,7.75],"texture":"#2"},"east":{"uv":[8,14,8.75,14.75],"texture":"#2"},"south":{"uv":[9,14,9.75,14.75],"texture":"#2"},"west":{"uv":[10,14,10.75,14.75],"texture":"#2"},"up":{"uv":[11.75,14.75,11,14],"texture":"#2"},"down":{"uv":[14.75,11,14,11.75],"texture":"#2"}}},{"from":[7.40708,-4.05559,-1.65639],"to":[8.59292,-2.86975,0.97881],"rotation":{"angle":-45,"axis":"x","origin":[8,7.23912,7.35826]},"faces":{"north":{"uv":[11,10,11.5,10.5],"texture":"#2"},"east":{"uv":[12.5,12,13.75,12.5],"texture":"#2"},"south":{"uv":[11.5,10,12,10.5],"texture":"#2"},"west":{"uv":[13.5,10,14.75,10.5],"texture":"#2"},"up":{"uv":[5,14.75,4.5,13.5],"texture":"#2"},"down":{"uv":[12.5,13.5,12,14.75],"texture":"#2"}}},{"from":[7.47955,-6.28325,8.132],"to":[8.52045,-3.64805,9.18608],"rotation":{"angle":0,"axis":"x","origin":[8,7.23912,7.35826]},"faces":{"north":{"uv":[12.5,13.5,13,14.75],"texture":"#2"},"east":{"uv":[13.5,12.5,14,13.75],"texture":"#2"},"south":{"uv":[13,13.5,13.5,14.75],"texture":"#2"},"west":{"uv":[14,1,14.5,2.25],"texture":"#2"},"up":{"uv":[12.5,11.5,12,11],"texture":"#2"},"down":{"uv":[13,9.5,12.5,10],"texture":"#2"}}},{"from":[7.40708,-0.28239,3.20127],"to":[8.59292,0.90345,5.83647],"rotation":{"angle":-22.5,"axis":"x","origin":[8,7.23912,7.35826]},"faces":{"north":{"uv":[0,14.5,0.5,15],"texture":"#2"},"east":{"uv":[13.5,10.5,14.75,11],"texture":"#2"},"south":{"uv":[14.5,0,15,0.5],"texture":"#2"},"west":{"uv":[14,2.5,15.25,3],"texture":"#2"},"up":{"uv":[14.5,4.25,14,3],"texture":"#2"},"down":{"uv":[14.5,4.5,14,5.75],"texture":"#2"}}},{"from":[7.27532,-0.45831,11.65231],"to":[8.72468,0.99105,15.60511],"rotation":{"angle":45,"axis":"x","origin":[8,7.23912,7.35826]},"faces":{"north":{"uv":[14,12,14.75,12.75],"texture":"#2"},"east":{"uv":[8.5,5,10.5,5.75],"texture":"#2"},"south":{"uv":[14,13,14.75,13.75],"texture":"#2"},"west":{"uv":[10.5,6,12.5,6.75],"texture":"#2"},"up":{"uv":[11.25,9,10.5,7],"texture":"#2"},"down":{"uv":[10.25,10.5,9.5,12.5],"texture":"#2"}}},{"from":[7.1765,15.94706,-2.33263],"to":[8.8235,18.25286,-0.02683],"rotation":{"angle":45,"axis":"x","origin":[8,7.23912,7.35826]},"faces":{"north":{"uv":[5,12.5,5.75,13.75],"texture":"#2"},"east":{"uv":[9.5,9,10.75,10.25],"texture":"#2"},"south":{"uv":[6,12.5,6.75,13.75],"texture":"#2"},"west":{"uv":[4,10,5.25,11.25],"texture":"#2"},"up":{"uv":[7.75,13.75,7,12.5],"texture":"#2"},"down":{"uv":[8.75,12.5,8,13.75],"texture":"#2"}}},{"from":[7.1765,10.42466,-2.96353],"to":[8.8235,12.73046,-0.65773],"rotation":{"angle":45,"axis":"x","origin":[8,7.23912,7.35826]},"faces":{"north":{"uv":[12.5,8,13.25,9.25],"texture":"#2"},"east":{"uv":[10.5,0,11.75,1.25],"texture":"#2"},"south":{"uv":[9,12.5,9.75,13.75],"texture":"#2"},"west":{"uv":[10.5,1.5,11.75,2.75],"texture":"#2"},"up":{"uv":[10.75,13.75,10,12.5],"texture":"#2"},"down":{"uv":[11.75,12.5,11,13.75],"texture":"#2"}}},{"from":[6.7256,-0.94207,14.35961],"to":[9.2744,1.21793,16.51961],"rotation":{"angle":45,"axis":"x","origin":[8,7.23912,7.35826]},"faces":{"north":{"uv":[10.5,10.5,11.75,11.5],"texture":"#2"},"east":{"uv":[11.5,8,12.5,9],"texture":"#2"},"south":{"uv":[11,9,12.25,10],"texture":"#2"},"west":{"uv":[8.5,11.5,9.5,12.5],"texture":"#2"},"up":{"uv":[5.25,12.5,4,11.5],"texture":"#2"},"down":{"uv":[6.75,11.5,5.5,12.5],"texture":"#2"}}},{"from":[6.9956,11.90423,7.01292],"to":[9.0044,12.57383,9.02172],"rotation":{"angle":0,"axis":"y","origin":[8,7.23912,7.25826]},"faces":{"north":{"uv":[0.5,14.5,1.5,14.75],"texture":"#2"},"east":{"uv":[14.5,0.5,15.5,0.75],"texture":"#2"},"south":{"uv":[14.5,1,15.5,1.25],"texture":"#2"},"west":{"uv":[1.5,14.5,2.5,14.75],"texture":"#2"},"up":{"uv":[11.5,12.5,10.5,11.5],"texture":"#2"},"down":{"uv":[12.5,11.5,11.5,12.5],"texture":"#2"}}},{"from":[6.9956,5.93223,7.01292],"to":[9.0044,6.60183,9.02172],"rotation":{"angle":0,"axis":"y","origin":[8,2.23912,7.25826]},"faces":{"north":{"uv":[14.5,1.5,15.5,1.75],"texture":"#2"},"east":{"uv":[14.5,2,15.5,2.25],"texture":"#2"},"south":{"uv":[2.5,14.5,3.5,14.75],"texture":"#2"},"west":{"uv":[14.5,3,15.5,3.25],"texture":"#2"},"up":{"uv":[13,1,12,0],"texture":"#2"},"down":{"uv":[13,1,12,2],"texture":"#2"}}},{"from":[6.9956,-0.56577,6.91292],"to":[9.0044,0.10383,8.92172],"rotation":{"angle":0,"axis":"y","origin":[8,4.48912,7.15826]},"faces":{"north":{"uv":[14.5,3.5,15.5,3.75],"texture":"#2"},"east":{"uv":[14.5,4,15.5,4.25],"texture":"#2"},"south":{"uv":[14.5,4.5,15.5,4.75],"texture":"#2"},"west":{"uv":[14.5,5,15.5,5.25],"texture":"#2"},"up":{"uv":[13,3,12,2],"texture":"#2"},"down":{"uv":[13,3,12,4],"texture":"#2"}}},{"from":[6.9956,-2.28777,6.91292],"to":[9.0044,-1.61817,8.92172],"rotation":{"angle":22.5,"axis":"x","origin":[8,-1.95297,7.91732]},"faces":{"north":{"uv":[14.5,5.5,15.5,5.75],"texture":"#2"},"east":{"uv":[14.5,8,15.5,8.25],"texture":"#2"},"south":{"uv":[14.5,8.5,15.5,8.75],"texture":"#2"},"west":{"uv":[14.5,9,15.5,9.25],"texture":"#2"},"up":{"uv":[13,5,12,4],"texture":"#2"},"down":{"uv":[13,5,12,6],"texture":"#2"}}},{"from":[6.9956,15.76858,6.1712],"to":[9.0044,17.44258,8.18],"rotation":{"angle":22.5,"axis":"x","origin":[8,7.23912,7.35826]},"faces":{"north":{"uv":[13,1,14,1.75],"texture":"#2"},"east":{"uv":[13,2,14,2.75],"texture":"#2"},"south":{"uv":[13,3,14,3.75],"texture":"#2"},"west":{"uv":[13,4,14,4.75],"texture":"#2"},"up":{"uv":[13,11,12,10],"texture":"#2"},"down":{"uv":[5,12.5,4,13.5],"texture":"#2"}}},{"from":[7.3844,12.95713,10.95738],"to":[8.6156,14.43025,13.97058],"rotation":{"angle":-22.5,"axis":"x","origin":[8,7.23912,7.35826]},"faces":{"north":{"uv":[13.5,14,14,14.75],"texture":"#2"},"east":{"uv":[7,11.5,8.5,12.25],"texture":"#2"},"south":{"uv":[14,14,14.5,14.75],"texture":"#2"},"west":{"uv":[11.5,7,13,7.75],"texture":"#2"},"up":{"uv":[13.5,11,13,9.5],"texture":"#2"},"down":{"uv":[4.5,13.5,4,15],"texture":"#2"}}},{"from":[7.26344,16.86785,8.48162],"to":[8.73656,18.87665,12.83402],"rotation":{"angle":-22.5,"axis":"x","origin":[8,7.23912,7.35826]},"faces":{"north":{"uv":[13,5,13.75,6],"texture":"#2"},"east":{"uv":[5.5,8,7.75,9],"texture":"#2"},"south":{"uv":[13,7,13.75,8],"texture":"#2"},"west":{"uv":[8,6,10.25,7],"texture":"#2"},"up":{"uv":[8.25,11.25,7.5,9],"texture":"#2"},"down":{"uv":[9.25,9,8.5,11.25],"texture":"#2"}}},{"from":[7.3304,13.28139,1.15839],"to":[8.6696,15.29019,5.51079],"rotation":{"angle":22.5,"axis":"x","origin":[8,7.23912,7.35826]},"faces":{"north":{"uv":[13.5,8,14.25,9],"texture":"#2"},"east":{"uv":[8,7,10.25,8],"texture":"#2"},"south":{"uv":[13.5,9,14.25,10],"texture":"#2"},"west":{"uv":[8,8,10.25,9],"texture":"#2"},"up":{"uv":[10.25,2.25,9.5,0],"texture":"#2"},"down":{"uv":[10.25,2.5,9.5,4.75],"texture":"#2"}}},{"from":[6.39296,13.31962,-1.03552],"to":[9.60704,16.93546,2.58032],"rotation":{"angle":45,"axis":"x","origin":[8,7.23912,7.35826]},"faces":{"north":{"uv":[7,0,8.5,1.75],"texture":"#2"},"east":{"uv":[4,6,5.75,7.75],"texture":"#2"},"south":{"uv":[7,2,8.5,3.75],"texture":"#2"},"west":{"uv":[6,6,7.75,7.75],"texture":"#2"},"up":{"uv":[8.5,5.75,7,4],"texture":"#2"},"down":{"uv":[5.5,8,4,9.75],"texture":"#2"}}},{"from":[6.6608,12.26888,8.90916],"to":[9.3392,13.60808,11.58756],"rotation":{"angle":-22.5,"axis":"x","origin":[8,7.23912,7.35826]},"faces":{"north":{"uv":[12.5,6,13.75,6.75],"texture":"#2"},"east":{"uv":[12.5,11,13.75,11.75],"texture":"#2"},"south":{"uv":[12,12.5,13.25,13.25],"texture":"#2"},"west":{"uv":[13,0,14.25,0.75],"texture":"#2"},"up":{"uv":[11.75,4.25,10.5,3],"texture":"#2"},"down":{"uv":[11.75,4.5,10.5,5.75],"texture":"#2"}}},{"from":[7.5,12,2.75],"to":[7.5,22,12.75],"rotation":{"angle":45,"axis":"x","origin":[7.5,17,7.75]},"faces":{"north":{"uv":[0,0,0,7],"texture":"#1"},"east":{"uv":[16,0,0,16],"texture":"#1"},"south":{"uv":[0,0,0,7],"texture":"#1"},"west":{"uv":[0,0,16,16],"texture":"#1"},"up":{"uv":[0,6,0,0],"texture":"#1"},"down":{"uv":[0,0,0,6],"texture":"#1"}}},{"from":[8.5,12,2.75],"to":[8.5,22,12.75],"rotation":{"angle":45,"axis":"x","origin":[8.5,17,7.75]},"faces":{"north":{"uv":[0,0,0,7],"texture":"#1"},"east":{"uv":[16,0,0,16],"texture":"#1"},"south":{"uv":[0,0,0,7],"texture":"#1"},"west":{"uv":[0,0,16,16],"texture":"#1"},"up":{"uv":[0,6,0,0],"texture":"#1"},"down":{"uv":[0,0,0,6],"texture":"#1"}}}],"display":{"thirdperson_righthand":{"translation":[0,2.25,2.5],"scale":[0.8,0.8,0.8]},"thirdperson_lefthand":{"translation":[0,2.25,2.5],"scale":[0.8,0.8,0.8]},"firstperson_righthand":{"rotation":[-25.75,5,2.87],"translation":[9.75,0,-7]},"firstperson_lefthand":{"rotation":[-25.75,5,2.87],"translation":[9.75,0,-7]},"ground":{"rotation":[0,0,-82],"scale":[0.67,0.67,0.67]},"gui":{"rotation":[-90,45,90],"translation":[1.25,-1,0],"scale":[0.54,0.54,0.54]},"head":{"scale":[0,0,0]},"fixed":{"rotation":[0,90,0],"translation":[0,0.5,-2]}},"groups":[{"name":"axe","origin":[8,21.02839,10.28223],"color":0,"children":[0,1,2,3,4,5,6,7,8,9,10,11,12,13,14,15,16,17,18,19,20]},21,22]}