{"credit":"Made with Blockbench","texture_size":[32,32],"textures":{"0":"item/axes/axe_1","1":"item/axes/effect/eff1","particle":"item/axes/axe_1"},"elements":[{"from":[7,15.82133,2.83769],"to":[9,19.42133,4.83769],"rotation":{"angle":-22.5,"axis":"x","origin":[8,18.48247,4.43908]},"faces":{"north":{"uv":[7,9.5,8,11.25],"texture":"#0"},"east":{"uv":[8.5,11.5,9.5,13.25],"texture":"#0"},"south":{"uv":[11.5,8.5,12.5,10.25],"texture":"#0"},"west":{"uv":[11.5,10.5,12.5,12.25],"texture":"#0"},"up":{"uv":[15,4,14,3],"texture":"#0"},"down":{"uv":[15,4,14,5],"texture":"#0"}}},{"from":[7.2,18.37161,3.40055],"to":[8.8,19.97161,7.00055],"rotation":{"angle":-45,"axis":"x","origin":[8,18.48247,4.43908]},"faces":{"north":{"uv":[3,14.5,3.75,15.25],"texture":"#0"},"east":{"uv":[12,3,13.75,3.75],"texture":"#0"},"south":{"uv":[4,14.5,4.75,15.25],"texture":"#0"},"west":{"uv":[12,4,13.75,4.75],"texture":"#0"},"up":{"uv":[12.75,6.75,12,5],"texture":"#0"},"down":{"uv":[10.25,12,9.5,13.75],"texture":"#0"}}},{"from":[7.45,-1.81464,7.45],"to":[8.55,12.58536,8.55],"rotation":{"angle":0,"axis":"y","origin":[8,7.78536,8]},"faces":{"north":{"uv":[0,7,0.75,14.25],"texture":"#0"},"east":{"uv":[1,7,1.75,14.25],"texture":"#0"},"south":{"uv":[2,7,2.75,14.25],"texture":"#0"},"west":{"uv":[3,7,3.75,14.25],"texture":"#0"},"up":{"uv":[5.75,15.25,5,14.5],"texture":"#0"},"down":{"uv":[6.75,14.5,6,15.25],"texture":"#0"}}},{"from":[6.85,-3.98536,6.6],"to":[9.15,-1.58536,9.4],"rotation":{"angle":0,"axis":"y","origin":[8,-2.78536,8]},"faces":{"north":{"uv":[12,0,13.25,1.25],"texture":"#0"},"east":{"uv":[10,10.5,11.5,11.75],"texture":"#0"},"south":{"uv":[12,1.5,13.25,2.75],"texture":"#0"},"west":{"uv":[4,11,5.5,12.25],"texture":"#0"},"up":{"uv":[6.75,12.5,5.5,11],"texture":"#0"},"down":{"uv":[8.25,11.5,7,13],"texture":"#0"}}},{"from":[7.3,-5.76464,6.45858],"to":[8.7,-2.96464,9.25858],"rotation":{"angle":45,"axis":"x","origin":[7.9,-4.56464,7.85858]},"faces":{"north":{"uv":[12.5,13,13.25,14.5],"texture":"#0"},"east":{"uv":[4,9.5,5.5,11],"texture":"#0"},"south":{"uv":[13.5,0,14.25,1.5],"texture":"#0"},"west":{"uv":[5.5,9.5,7,11],"texture":"#0"},"up":{"uv":[14.25,3,13.5,1.5],"texture":"#0"},"down":{"uv":[8.75,13.5,8,15],"texture":"#0"}}},{"from":[7.3,16.42678,6.6],"to":[8.7,19.22678,9.4],"rotation":{"angle":-45,"axis":"x","origin":[8,17.82678,8]},"faces":{"north":{"uv":[13.5,8,14.25,9.5],"texture":"#0"},"east":{"uv":[10,9,11.5,10.5],"texture":"#0"},"south":{"uv":[13.5,9.5,14.25,11],"texture":"#0"},"west":{"uv":[10.5,7,12,8.5],"texture":"#0"},"up":{"uv":[14.25,12.5,13.5,11],"texture":"#0"},"down":{"uv":[14.25,12.5,13.5,14],"texture":"#0"}}},{"from":[6.995,9.03536,6.8],"to":[9.005,9.83536,9.2],"rotation":{"angle":0,"axis":"y","origin":[7.995,9.53536,8]},"faces":{"north":{"uv":[10.5,8.5,11.5,9],"texture":"#0"},"east":{"uv":[13.5,14,14.75,14.5],"texture":"#0"},"south":{"uv":[14.5,2.5,15.5,3],"texture":"#0"},"west":{"uv":[0,14.5,1.25,15],"texture":"#0"},"up":{"uv":[13,8.25,12,7],"texture":"#0"},"down":{"uv":[13.5,8.5,12.5,9.75],"texture":"#0"}}},{"from":[6.995,11.38536,6.8],"to":[9.005,12.18536,9.2],"rotation":{"angle":0,"axis":"y","origin":[7.995,11.78536,8]},"faces":{"north":{"uv":[14.5,9,15.5,9.5],"texture":"#0"},"east":{"uv":[14.5,0,15.75,0.5],"texture":"#0"},"south":{"uv":[14.5,9.5,15.5,10],"texture":"#0"},"west":{"uv":[14.5,0.5,15.75,1],"texture":"#0"},"up":{"uv":[13.5,11.25,12.5,10],"texture":"#0"},"down":{"uv":[12.5,12.5,11.5,13.75],"texture":"#0"}}},{"from":[6.995,-0.11464,6.8],"to":[9.005,0.68536,9.2],"rotation":{"angle":0,"axis":"y","origin":[7.995,0.28536,8]},"faces":{"north":{"uv":[14.5,10,15.5,10.5],"texture":"#0"},"east":{"uv":[14.5,1,15.75,1.5],"texture":"#0"},"south":{"uv":[14.5,10.5,15.5,11],"texture":"#0"},"west":{"uv":[1.5,14.5,2.75,15],"texture":"#0"},"up":{"uv":[13.5,12.75,12.5,11.5],"texture":"#0"},"down":{"uv":[14,5,13,6.25],"texture":"#0"}}},{"from":[6.995,-1.61464,6.8],"to":[9.005,-0.81464,9.2],"rotation":{"angle":0,"axis":"y","origin":[7.995,-1.21464,8]},"faces":{"north":{"uv":[14.5,11,15.5,11.5],"texture":"#0"},"east":{"uv":[14.5,1.5,15.75,2],"texture":"#0"},"south":{"uv":[14.5,11.5,15.5,12],"texture":"#0"},"west":{"uv":[14.5,2,15.75,2.5],"texture":"#0"},"up":{"uv":[14,7.75,13,6.5],"texture":"#0"},"down":{"uv":[8,13,7,14.25],"texture":"#0"}}},{"from":[7.45,20.57855,6.925],"to":[8.55,22.72855,9.075],"rotation":{"angle":-45,"axis":"x","origin":[8,21.65355,8]},"faces":{"north":{"uv":[12,14,12.5,15],"texture":"#0"},"east":{"uv":[14,5,15,6],"texture":"#0"},"south":{"uv":[14.5,12,15,13],"texture":"#0"},"west":{"uv":[14,6,15,7],"texture":"#0"},"up":{"uv":[13,15.5,12.5,14.5],"texture":"#0"},"down":{"uv":[13.5,14.5,13,15.5],"texture":"#0"}}},{"from":[7.3,16.8997,3.7938],"to":[8.7,20.4997,5.3938],"rotation":{"angle":22.5,"axis":"x","origin":[8,18.48247,4.43908]},"faces":{"north":{"uv":[10.5,12,11.25,13.75],"texture":"#0"},"east":{"uv":[4,12.5,4.75,14.25],"texture":"#0"},"south":{"uv":[5,12.5,5.75,14.25],"texture":"#0"},"west":{"uv":[6,12.5,6.75,14.25],"texture":"#0"},"up":{"uv":[7.75,15.25,7,14.5],"texture":"#0"},"down":{"uv":[15.25,8,14.5,8.75],"texture":"#0"}}},{"from":[7,12,7],"to":[9,17,9],"rotation":{"angle":0,"axis":"y","origin":[8,16,8]},"faces":{"north":{"uv":[4,7,5,9.5],"texture":"#0"},"east":{"uv":[5,7,6,9.5],"texture":"#0"},"south":{"uv":[6,7,7,9.5],"texture":"#0"},"west":{"uv":[7,7,8,9.5],"texture":"#0"},"up":{"uv":[15,8,14,7],"texture":"#0"},"down":{"uv":[10,14,9,15],"texture":"#0"}}},{"from":[7.005,13.5,5.5],"to":[8.995,15.5,10.5],"rotation":{"angle":0,"axis":"y","origin":[8.005,14.5,8]},"faces":{"north":{"uv":[10,14,11,15],"texture":"#0"},"east":{"uv":[8,7,10.5,8],"texture":"#0"},"south":{"uv":[11,14,12,15],"texture":"#0"},"west":{"uv":[8,8,10.5,9],"texture":"#0"},"up":{"uv":[9,11.5,8,9],"texture":"#0"},"down":{"uv":[10,9,9,11.5],"texture":"#0"}}},{"from":[8,11,-1],"to":[8,25,11],"rotation":{"angle":0,"axis":"x","origin":[8,19,4]},"faces":{"north":{"uv":[0,0,0,7],"texture":"#0"},"east":{"uv":[0,0,6,7],"texture":"#0"},"south":{"uv":[0,0,0,7],"texture":"#0"},"west":{"uv":[6,0,12,7],"texture":"#0"},"up":{"uv":[0,6,0,0],"texture":"#0"},"down":{"uv":[0,0,0,6],"texture":"#0"}}},{"from":[8,15,1],"to":[8,29,15],"rotation":{"angle":22.5,"axis":"x","origin":[8,22,8]},"faces":{"north":{"uv":[0,0,0,7],"texture":"#1"},"east":{"uv":[16,0,0,16],"texture":"#1"},"south":{"uv":[0,0,0,7],"texture":"#1"},"west":{"uv":[0,0,16,16],"texture":"#1"},"up":{"uv":[0,6,0,0],"texture":"#1"},"down":{"uv":[0,0,0,6],"texture":"#1"}}}],"gui_light":"front","display":{"thirdperson_righthand":{"translation":[0,2.25,2.5],"scale":[0.8,0.8,0.8]},"thirdperson_lefthand":{"translation":[0,2.25,2.5],"scale":[0.8,0.8,0.8]},"firstperson_righthand":{"rotation":[-25.75,5,2.87],"translation":[9.75,0,-7]},"firstperson_lefthand":{"rotation":[-25.75,5,2.87],"translation":[9.75,0,-7]},"ground":{"rotation":[0,0,-82],"scale":[0.67,0.67,0.67]},"gui":{"rotation":[-90,45,90],"translation":[1.25,-1,0],"scale":[0.54,0.54,0.54]},"head":{"scale":[0,0,0]},"fixed":{"rotation":[0,90,0],"translation":[0,0.5,-2]}},"groups":[{"name":"pickaxe6","origin":[8,20.80866,19.78806],"color":0,"children":[{"name":"group","origin":[7,19.75,2],"color":0,"children":[0,1]},{"name":"group","origin":[7,19.75,2],"color":0,"children":[]},2,3,4,5,6,7,8,9,10,11,12,13]},14,15]}