{"credit":"Made with Blockbench","texture_size":[32,32],"textures":{"0":"item/axes/axe_16","1":"item/axes/effect/eff16","particle":"item/axes/axe_16"},"elements":[{"from":[8,10.6624,-1.8332],"to":[8,24.49232,17.8332],"rotation":{"angle":0,"axis":"y","origin":[8,7.70121,8]},"faces":{"north":{"uv":[0,0,0,7],"texture":"#0"},"east":{"uv":[0,0,9.75,7],"texture":"#0"},"south":{"uv":[0,0,0,7],"texture":"#0"},"west":{"uv":[0,0,9.75,7],"texture":"#0"},"up":{"uv":[0,9.75,0,0],"texture":"#0"},"down":{"uv":[0,0,0,9.75],"texture":"#0"}}},{"from":[7.11184,13.96128,7.11184],"to":[8.88816,15.23008,8.88816],"rotation":{"angle":0,"axis":"y","origin":[8,7.70121,8.00558]},"faces":{"north":{"uv":[2,9,3,9.75],"texture":"#0"},"east":{"uv":[3,9,4,9.75],"texture":"#0"},"south":{"uv":[4,9,5,9.75],"texture":"#0"},"west":{"uv":[5,9,6,9.75],"texture":"#0"},"up":{"uv":[3,8,2,7],"texture":"#0"},"down":{"uv":[4,7,3,8],"texture":"#0"}}},{"from":[7.23872,13.00968,7.23314],"to":[8.76128,13.64408,8.7557],"rotation":{"angle":0,"axis":"y","origin":[8,7.70121,8]},"faces":{"north":{"uv":[11,6.5,11.75,6.75],"texture":"#0"},"east":{"uv":[7,11,7.75,11.25],"texture":"#0"},"south":{"uv":[11,7,11.75,7.25],"texture":"#0"},"west":{"uv":[11,7.5,11.75,7.75],"texture":"#0"},"up":{"uv":[9.75,8.75,9,8],"texture":"#0"},"down":{"uv":[9.75,9,9,9.75],"texture":"#0"}}},{"from":[7.11184,12.05808,7.10626],"to":[8.88816,12.69248,8.88258],"rotation":{"angle":0,"axis":"y","origin":[8,7.70121,8]},"faces":{"north":{"uv":[5.5,10,6.5,10.25],"texture":"#0"},"east":{"uv":[10,6,11,6.25],"texture":"#0"},"south":{"uv":[6.5,10,7.5,10.25],"texture":"#0"},"west":{"uv":[10,6.5,11,6.75],"texture":"#0"},"up":{"uv":[5,8,4,7],"texture":"#0"},"down":{"uv":[6,7,5,8],"texture":"#0"}}},{"from":[7.11184,-1.52152,7.11184],"to":[8.88816,-0.88712,8.88816],"rotation":{"angle":0,"axis":"x","origin":[8,-2.31452,7.99721]},"faces":{"north":{"uv":[6.5,10,7.5,10.25],"rotation":180,"texture":"#0"},"east":{"uv":[10,6,11,6.25],"rotation":180,"texture":"#0"},"south":{"uv":[5.5,10,6.5,10.25],"rotation":180,"texture":"#0"},"west":{"uv":[10,6.5,11,6.75],"rotation":180,"texture":"#0"},"up":{"uv":[6,7,5,8],"texture":"#0"},"down":{"uv":[5,8,4,7],"texture":"#0"}}},{"from":[7.23872,-2.47312,7.23872],"to":[8.76128,-1.83872,8.76128],"rotation":{"angle":0,"axis":"x","origin":[8,-2.31452,7.99721]},"faces":{"north":{"uv":[11,7,11.75,7.25],"rotation":180,"texture":"#0"},"east":{"uv":[7,11,7.75,11.25],"rotation":180,"texture":"#0"},"south":{"uv":[11,6.5,11.75,6.75],"rotation":180,"texture":"#0"},"west":{"uv":[11,7.5,11.75,7.75],"rotation":180,"texture":"#0"},"up":{"uv":[9.75,9,9,9.75],"texture":"#0"},"down":{"uv":[9.75,8.75,9,8],"texture":"#0"}}},{"from":[7.11184,-4.05912,7.10626],"to":[8.88816,-2.79032,8.88258],"rotation":{"angle":0,"axis":"x","origin":[8,-2.31452,7.99721]},"faces":{"north":{"uv":[4,9,5,9.75],"rotation":180,"texture":"#0"},"east":{"uv":[3,9,4,9.75],"rotation":180,"texture":"#0"},"south":{"uv":[2,9,3,9.75],"rotation":180,"texture":"#0"},"west":{"uv":[5,9,6,9.75],"rotation":180,"texture":"#0"},"up":{"uv":[4,7,3,8],"texture":"#0"},"down":{"uv":[3,8,2,7],"texture":"#0"}}},{"from":[7.11184,6.05808,7.10626],"to":[8.88816,6.69248,8.88258],"rotation":{"angle":0,"axis":"y","origin":[8,1.70121,8]},"faces":{"north":{"uv":[5.5,10,6.5,10.25],"texture":"#0"},"east":{"uv":[10,6,11,6.25],"texture":"#0"},"south":{"uv":[6.5,10,7.5,10.25],"texture":"#0"},"west":{"uv":[10,6.5,11,6.75],"texture":"#0"},"up":{"uv":[5,8,4,7],"texture":"#0"},"down":{"uv":[6,7,5,8],"texture":"#0"}}},{"from":[7.23872,7.00968,7.23314],"to":[8.76128,7.64408,8.7557],"rotation":{"angle":0,"axis":"y","origin":[8,1.70121,8]},"faces":{"north":{"uv":[11,6.5,11.75,6.75],"texture":"#0"},"east":{"uv":[7,11,7.75,11.25],"texture":"#0"},"south":{"uv":[11,7,11.75,7.25],"texture":"#0"},"west":{"uv":[11,7.5,11.75,7.75],"texture":"#0"},"up":{"uv":[9.75,8.75,9,8],"texture":"#0"},"down":{"uv":[9.75,9,9,9.75],"texture":"#0"}}},{"from":[7.42904,-2.85032,7.42346],"to":[8.57096,14.91288,8.56538],"rotation":{"angle":0,"axis":"y","origin":[8,7.70121,8]},"faces":{"north":{"uv":[0,7,0.5,16],"texture":"#0"},"east":{"uv":[0.5,7,1,16],"texture":"#0"},"south":{"uv":[1,7,1.5,16],"texture":"#0"},"west":{"uv":[1.5,7,2,16],"texture":"#0"},"up":{"uv":[10.5,10,10,9.5],"texture":"#0"},"down":{"uv":[11,3,10.5,3.5],"texture":"#0"}}},{"from":[7.49248,18.13506,10.3575],"to":[8.50752,19.1501,11.37254],"rotation":{"angle":-22.5,"axis":"x","origin":[8,7.70121,8]},"faces":{"north":{"uv":[11,0,11.5,0.5],"texture":"#0"},"east":{"uv":[11,0.5,11.5,1],"texture":"#0"},"south":{"uv":[11,1,11.5,1.5],"texture":"#0"},"west":{"uv":[11,1.5,11.5,2],"texture":"#0"},"up":{"uv":[2.5,11.5,2,11],"texture":"#0"},"down":{"uv":[11.5,2,11,2.5],"texture":"#0"}}},{"from":[7.64474,12.50515,-1.46887],"to":[8.35526,14.28147,-0.75835],"rotation":{"angle":45,"axis":"x","origin":[8,7.70121,8]},"faces":{"north":{"uv":[2.5,11,2.75,12],"texture":"#0"},"east":{"uv":[11,2.5,11.25,3.5],"texture":"#0"},"south":{"uv":[3,11,3.25,12],"texture":"#0"},"west":{"uv":[3.5,11,3.75,12],"texture":"#0"},"up":{"uv":[11.25,10.75,11,10.5],"texture":"#0"},"down":{"uv":[11.25,11,11,11.25],"texture":"#0"}}},{"from":[7.49248,16.51321,3.92489],"to":[8.50752,18.54329,5.95497],"rotation":{"angle":-45,"axis":"x","origin":[8,17.52825,4.93993]},"faces":{"north":{"uv":[3,10,3.5,11],"texture":"#0"},"east":{"uv":[6,8,7,9],"texture":"#0"},"south":{"uv":[10,3,10.5,4],"texture":"#0"},"west":{"uv":[7,8,8,9],"texture":"#0"},"up":{"uv":[4,11,3.5,10],"texture":"#0"},"down":{"uv":[4.5,10,4,11],"texture":"#0"}}},{"from":[7.64474,15.04307,12.45325],"to":[8.35526,16.81939,13.16377],"rotation":{"angle":-45,"axis":"x","origin":[8,7.70121,8]},"faces":{"north":{"uv":[11,3.5,11.25,4.5],"texture":"#0"},"east":{"uv":[4,11,4.25,12],"texture":"#0"},"south":{"uv":[4.5,11,4.75,12],"texture":"#0"},"west":{"uv":[11,4.5,11.25,5.5],"texture":"#0"},"up":{"uv":[11.75,0.25,11.5,0],"texture":"#0"},"down":{"uv":[11.75,0.5,11.5,0.75],"texture":"#0"}}},{"from":[7.49248,14.44245,2.82291],"to":[8.50752,15.45749,3.83795],"rotation":{"angle":22.5,"axis":"x","origin":[8,7.70121,8]},"faces":{"north":{"uv":[5,11,5.5,11.5],"texture":"#0"},"east":{"uv":[5.5,11,6,11.5],"texture":"#0"},"south":{"uv":[11,5.5,11.5,6],"texture":"#0"},"west":{"uv":[6,11,6.5,11.5],"texture":"#0"},"up":{"uv":[11.5,6.5,11,6],"texture":"#0"},"down":{"uv":[7,11,6.5,11.5],"texture":"#0"}}},{"from":[7.49248,18.13506,4.62746],"to":[8.50752,19.1501,5.6425],"rotation":{"angle":22.5,"axis":"x","origin":[8,7.70121,8]},"faces":{"north":{"uv":[11.5,1,11,1.5],"texture":"#0"},"east":{"uv":[11.5,0.5,11,1],"texture":"#0"},"south":{"uv":[11.5,0,11,0.5],"texture":"#0"},"west":{"uv":[11.5,1.5,11,2],"texture":"#0"},"up":{"uv":[2.5,11,2,11.5],"texture":"#0"},"down":{"uv":[11.5,2.5,11,2],"texture":"#0"}}},{"from":[7.64474,12.50515,16.75835],"to":[8.35526,14.28147,17.46887],"rotation":{"angle":-45,"axis":"x","origin":[8,7.70121,8]},"faces":{"north":{"uv":[3.25,11,3,12],"texture":"#0"},"east":{"uv":[11.25,2.5,11,3.5],"texture":"#0"},"south":{"uv":[2.75,11,2.5,12],"texture":"#0"},"west":{"uv":[3.75,11,3.5,12],"texture":"#0"},"up":{"uv":[11.25,10.5,11,10.75],"texture":"#0"},"down":{"uv":[11.25,11.25,11,11],"texture":"#0"}}},{"from":[7.49248,16.51321,10.04503],"to":[8.50752,18.54329,12.07511],"rotation":{"angle":45,"axis":"x","origin":[8,17.52825,11.06007]},"faces":{"north":{"uv":[10.5,3,10,4],"texture":"#0"},"east":{"uv":[7,8,6,9],"texture":"#0"},"south":{"uv":[3.5,10,3,11],"texture":"#0"},"west":{"uv":[8,8,7,9],"texture":"#0"},"up":{"uv":[4,10,3.5,11],"texture":"#0"},"down":{"uv":[4.5,11,4,10],"texture":"#0"}}},{"from":[7.64474,15.04307,2.83623],"to":[8.35526,16.81939,3.54675],"rotation":{"angle":45,"axis":"x","origin":[8,7.70121,8]},"faces":{"north":{"uv":[4.75,11,4.5,12],"texture":"#0"},"east":{"uv":[4.25,11,4,12],"texture":"#0"},"south":{"uv":[11.25,3.5,11,4.5],"texture":"#0"},"west":{"uv":[11.25,4.5,11,5.5],"texture":"#0"},"up":{"uv":[11.75,0,11.5,0.25],"texture":"#0"},"down":{"uv":[11.75,0.75,11.5,0.5],"texture":"#0"}}},{"from":[7.49248,14.44245,12.16205],"to":[8.50752,15.45749,13.17709],"rotation":{"angle":-22.5,"axis":"x","origin":[8,7.70121,8]},"faces":{"north":{"uv":[11.5,5.5,11,6],"texture":"#0"},"east":{"uv":[6,11,5.5,11.5],"texture":"#0"},"south":{"uv":[5.5,11,5,11.5],"texture":"#0"},"west":{"uv":[6.5,11,6,11.5],"texture":"#0"},"up":{"uv":[11.5,6,11,6.5],"texture":"#0"},"down":{"uv":[7,11.5,6.5,11],"texture":"#0"}}},{"from":[7.49248,-7.01908,7.52743],"to":[8.50752,-4.989,9.55751],"rotation":{"angle":45,"axis":"x","origin":[8,-5.45436,8.01739]},"faces":{"north":{"uv":[4.5,11,4,10],"rotation":180,"texture":"#0"},"east":{"uv":[7,8,6,9],"rotation":270,"texture":"#0"},"south":{"uv":[4,10,3.5,11],"texture":"#0"},"west":{"uv":[8,8,7,9],"rotation":90,"texture":"#0"},"up":{"uv":[10.5,3,10,4],"rotation":180,"texture":"#0"},"down":{"uv":[3.5,10,3,11],"texture":"#0"}}},{"from":[7.49248,-4.73914,8.45857],"to":[8.50752,-3.7241,9.47361],"rotation":{"angle":22.5,"axis":"x","origin":[8,-5.45436,8]},"faces":{"north":{"uv":[11.5,2.5,11,2],"rotation":180,"texture":"#0"},"east":{"uv":[11.5,0.5,11,1],"rotation":270,"texture":"#0"},"south":{"uv":[2.5,11,2,11.5],"texture":"#0"},"west":{"uv":[11.5,1.5,11,2],"rotation":90,"texture":"#0"},"up":{"uv":[11.5,1,11,1.5],"rotation":180,"texture":"#0"},"down":{"uv":[11.5,0,11,0.5],"texture":"#0"}}},{"from":[7.49248,-4.73913,6.52639],"to":[8.50752,-3.72409,7.54143],"rotation":{"angle":-22.5,"axis":"x","origin":[8,-5.45436,8]},"faces":{"north":{"uv":[7,11.5,6.5,11],"rotation":180,"texture":"#0"},"east":{"uv":[6,11,5.5,11.5],"rotation":270,"texture":"#0"},"south":{"uv":[11.5,6,11,6.5],"texture":"#0"},"west":{"uv":[6.5,11,6,11.5],"rotation":90,"texture":"#0"},"up":{"uv":[11.5,5.5,11,6],"rotation":180,"texture":"#0"},"down":{"uv":[5.5,11,5,11.5],"texture":"#0"}}},{"from":[7.64474,-5.98506,8.17087],"to":[8.35526,-4.20874,8.8814],"rotation":{"angle":45,"axis":"x","origin":[8,-5.45436,8]},"faces":{"north":{"uv":[3.25,11,3,12],"texture":"#0"},"east":{"uv":[11.25,2.5,11,3.5],"texture":"#0"},"south":{"uv":[2.75,11,2.5,12],"texture":"#0"},"west":{"uv":[3.75,11,3.5,12],"texture":"#0"},"up":{"uv":[11.25,10.5,11,10.75],"texture":"#0"},"down":{"uv":[11.25,11.25,11,11],"texture":"#0"}}},{"from":[7.64474,-6.33576,6.75438],"to":[8.35526,-5.62523,8.5307],"rotation":{"angle":45,"axis":"x","origin":[8,-5.45436,8]},"faces":{"north":{"uv":[11.75,0.75,11.5,0.5],"rotation":180,"texture":"#0"},"east":{"uv":[4.25,11,4,12],"rotation":270,"texture":"#0"},"south":{"uv":[11.75,0,11.5,0.25],"texture":"#0"},"west":{"uv":[11.25,4.5,11,5.5],"rotation":90,"texture":"#0"},"up":{"uv":[4.75,11,4.5,12],"rotation":180,"texture":"#0"},"down":{"uv":[11.25,3.5,11,4.5],"texture":"#0"}}},{"from":[7.49248,13.63493,13.93372],"to":[8.50752,15.66501,15.9638],"rotation":{"angle":-45,"axis":"x","origin":[8,7.70121,8]},"faces":{"north":{"uv":[10,4,10.5,5],"texture":"#0"},"east":{"uv":[8,7,9,8],"texture":"#0"},"south":{"uv":[4.5,10,5,11],"texture":"#0"},"west":{"uv":[8,8,9,9],"texture":"#0"},"up":{"uv":[5.5,11,5,10],"texture":"#0"},"down":{"uv":[10.5,5,10,6],"texture":"#0"}}},{"from":[8,10.5,1],"to":[8,24.5,15],"rotation":{"angle":0,"axis":"x","origin":[8,17.5,8]},"faces":{"north":{"uv":[0,0,0,7],"texture":"#1"},"east":{"uv":[16,0,0,16],"texture":"#1"},"south":{"uv":[0,0,0,7],"texture":"#1"},"west":{"uv":[0,0,16,16],"texture":"#1"},"up":{"uv":[0,6,0,0],"texture":"#1"},"down":{"uv":[0,0,0,6],"texture":"#1"}}},{"from":[7.4,9.5,1],"to":[7.4,15.5,7],"rotation":{"angle":0,"axis":"x","origin":[7.4,12.5,4]},"faces":{"north":{"uv":[0,0,0,7],"texture":"#1"},"east":{"uv":[16,0,0,16],"texture":"#1"},"south":{"uv":[0,0,0,7],"texture":"#1"},"west":{"uv":[0,0,16,16],"texture":"#1"},"up":{"uv":[0,6,0,0],"texture":"#1"},"down":{"uv":[0,0,0,6],"texture":"#1"}}},{"from":[7.4,18.5,9],"to":[7.4,24.5,15],"rotation":{"angle":0,"axis":"x","origin":[7.4,21.5,12]},"faces":{"north":{"uv":[0,0,0,7],"texture":"#1"},"east":{"uv":[0,0,16,16],"texture":"#1"},"south":{"uv":[0,0,0,7],"texture":"#1"},"west":{"uv":[16,0,0,16],"texture":"#1"},"up":{"uv":[0,0,0,6],"texture":"#1"},"down":{"uv":[0,6,0,0],"texture":"#1"}}},{"from":[8.6,18.5,9],"to":[8.6,24.5,15],"rotation":{"angle":0,"axis":"x","origin":[8.6,21.5,12]},"faces":{"north":{"uv":[0,0,0,7],"texture":"#1"},"east":{"uv":[0,0,16,16],"texture":"#1"},"south":{"uv":[0,0,0,7],"texture":"#1"},"west":{"uv":[16,0,0,16],"texture":"#1"},"up":{"uv":[0,0,0,6],"texture":"#1"},"down":{"uv":[0,6,0,0],"texture":"#1"}}},{"from":[8.6,9.5,1],"to":[8.6,15.5,7],"rotation":{"angle":0,"axis":"x","origin":[8.6,12.5,4]},"faces":{"north":{"uv":[0,0,0,7],"texture":"#1"},"east":{"uv":[16,0,0,16],"texture":"#1"},"south":{"uv":[0,0,0,7],"texture":"#1"},"west":{"uv":[0,0,16,16],"texture":"#1"},"up":{"uv":[0,6,0,0],"texture":"#1"},"down":{"uv":[0,0,0,6],"texture":"#1"}}}],"display":{"thirdperson_righthand":{"translation":[0,3.5,2.5],"scale":[0.8,0.8,0.8]},"thirdperson_lefthand":{"translation":[0,3.5,2.5],"scale":[0.8,0.8,0.8]},"firstperson_righthand":{"rotation":[-25.75,5,2.87],"translation":[9.75,0,-7]},"firstperson_lefthand":{"rotation":[-25.75,5,2.87],"translation":[9.75,0,-7]},"ground":{"rotation":[0,0,-82],"scale":[0.67,0.67,0.67]},"gui":{"rotation":[-90,45,90],"translation":[0.25,-0.5,0],"scale":[0.54,0.54,0.54]},"head":{"scale":[0,0,0]},"fixed":{"rotation":[0,90,0],"translation":[0,0.5,-2]}},"groups":[{"name":"axe","origin":[6.37588,15.46971,8],"color":0,"children":[0,1,2,3,4,5,6,7,8,9,{"name":"group","origin":[16.07954,14.07042,8.5],"color":0,"children":[]},{"name":"group","origin":[4.20538,5.78319,8],"color":0,"children":[{"name":"group","origin":[7.52588,14.96855,8],"color":0,"children":[]},{"name":"group","origin":[7.52588,14.96855,8],"color":0,"children":[]},{"name":"group","origin":[7.52588,14.96855,8],"color":0,"children":[]},{"name":"group","origin":[7.52588,14.96855,8],"color":0,"children":[10,11,12,13,14,15,16,17,18,19,20,21,22,23,24,25]}]}]},26,27,28,29,30]}