{"credit":"Made with Blockbench","texture_size":[64,64],"textures":{"0":"item/misc/bear_texture","particle":"item/misc/bear_texture"},"elements":[{"from":[7.25,-10.5,7.25],"to":[8.75,-8,8.75],"rotation":{"angle":0,"axis":"y","origin":[8,-2.5,8]},"faces":{"north":{"uv":[0.75,14.75,1.125,15.375],"texture":"#0"},"east":{"uv":[1.25,14.75,1.625,15.375],"texture":"#0"},"south":{"uv":[0.75,14.75,1.125,15.375],"texture":"#0"},"west":{"uv":[1.25,14.75,1.625,15.375],"texture":"#0"},"up":{"uv":[0.375,14.125,0,13.75],"texture":"#0"},"down":{"uv":[1.125,15.75,0.75,15.375],"texture":"#0"}}},{"from":[6,-6.75,7],"to":[6,-4.75,9],"rotation":{"angle":-22.5,"axis":"z","origin":[6,-7.25,8]},"faces":{"north":{"uv":[11.75,2.625,11.75,3.125],"texture":"#0"},"east":{"uv":[12.25,2.875,11.75,3.375],"texture":"#0"},"south":{"uv":[11.75,2.625,11.75,3.125],"texture":"#0"},"west":{"uv":[11.75,2.875,12.25,3.375],"texture":"#0"},"up":{"uv":[0,0,1,0],"rotation":90,"texture":"#0"},"down":{"uv":[0,0,1,0],"rotation":270,"texture":"#0"}}},{"from":[7,-6.75,6],"to":[9,-4.75,6],"rotation":{"angle":22.5,"axis":"x","origin":[8,-7.25,6]},"faces":{"north":{"uv":[8.75,0.875,9.25,1.375],"texture":"#0"},"east":{"uv":[11.75,2.625,11.75,3.125],"texture":"#0"},"south":{"uv":[9.25,0.875,8.75,1.375],"texture":"#0"},"west":{"uv":[11.75,2.625,11.75,3.125],"texture":"#0"},"up":{"uv":[0,0,1,0],"rotation":180,"texture":"#0"},"down":{"uv":[0,0,1,0],"rotation":180,"texture":"#0"}}},{"from":[7,-6.75,10],"to":[9,-4.75,10],"rotation":{"angle":-22.5,"axis":"x","origin":[8,-7.25,10]},"faces":{"north":{"uv":[8.75,0.875,9.25,1.375],"texture":"#0"},"east":{"uv":[11.75,2.625,11.75,3.125],"texture":"#0"},"south":{"uv":[9.25,0.875,8.75,1.375],"texture":"#0"},"west":{"uv":[11.75,2.625,11.75,3.125],"texture":"#0"},"up":{"uv":[0,0,1,0],"rotation":180,"texture":"#0"},"down":{"uv":[0,0,1,0],"rotation":180,"texture":"#0"}}},{"from":[10,-6.75,7],"to":[10,-4.75,9],"rotation":{"angle":22.5,"axis":"z","origin":[10,-7.25,8]},"faces":{"north":{"uv":[11.75,2.625,11.75,3.125],"texture":"#0"},"east":{"uv":[12.25,2.875,11.75,3.375],"texture":"#0"},"south":{"uv":[11.75,2.625,11.75,3.125],"texture":"#0"},"west":{"uv":[11.75,2.875,12.25,3.375],"texture":"#0"},"up":{"uv":[0,0,1,0],"rotation":90,"texture":"#0"},"down":{"uv":[0,0,1,0],"rotation":270,"texture":"#0"}}},{"from":[10,-0.75,7],"to":[10,1.25,9],"rotation":{"angle":22.5,"axis":"z","origin":[10,-1.25,8]},"faces":{"north":{"uv":[11.75,2.625,11.75,3.125],"texture":"#0"},"east":{"uv":[12.25,2.875,11.75,3.375],"texture":"#0"},"south":{"uv":[11.75,2.625,11.75,3.125],"texture":"#0"},"west":{"uv":[11.75,2.875,12.25,3.375],"texture":"#0"},"up":{"uv":[0,0,1,0],"rotation":90,"texture":"#0"},"down":{"uv":[0,0,1,0],"rotation":270,"texture":"#0"}}},{"from":[7,-0.75,10],"to":[9,1.25,10],"rotation":{"angle":-22.5,"axis":"x","origin":[8,-1.25,10]},"faces":{"north":{"uv":[8.75,0.875,9.25,1.375],"texture":"#0"},"east":{"uv":[11.75,2.625,11.75,3.125],"texture":"#0"},"south":{"uv":[9.25,0.875,8.75,1.375],"texture":"#0"},"west":{"uv":[11.75,2.625,11.75,3.125],"texture":"#0"},"up":{"uv":[0,0,1,0],"rotation":180,"texture":"#0"},"down":{"uv":[0,0,1,0],"rotation":180,"texture":"#0"}}},{"from":[7,-0.75,6],"to":[9,1.25,6],"rotation":{"angle":22.5,"axis":"x","origin":[8,-1.25,6]},"faces":{"north":{"uv":[8.75,0.875,9.25,1.375],"texture":"#0"},"east":{"uv":[11.75,2.625,11.75,3.125],"texture":"#0"},"south":{"uv":[9.25,0.875,8.75,1.375],"texture":"#0"},"west":{"uv":[11.75,2.625,11.75,3.125],"texture":"#0"},"up":{"uv":[0,0,1,0],"rotation":180,"texture":"#0"},"down":{"uv":[0,0,1,0],"rotation":180,"texture":"#0"}}},{"from":[6,-0.75,7],"to":[6,1.25,9],"rotation":{"angle":-22.5,"axis":"z","origin":[6,-1.25,8]},"faces":{"north":{"uv":[11.75,2.625,11.75,3.125],"texture":"#0"},"east":{"uv":[12.25,2.875,11.75,3.375],"texture":"#0"},"south":{"uv":[11.75,2.625,11.75,3.125],"texture":"#0"},"west":{"uv":[11.75,2.875,12.25,3.375],"texture":"#0"},"up":{"uv":[0,0,1,0],"rotation":90,"texture":"#0"},"down":{"uv":[0,0,1,0],"rotation":270,"texture":"#0"}}},{"from":[6,11.25,7],"to":[6,13.25,9],"rotation":{"angle":-22.5,"axis":"z","origin":[6,10.75,8]},"faces":{"north":{"uv":[11.75,2.625,11.75,3.125],"texture":"#0"},"east":{"uv":[12.25,2.875,11.75,3.375],"texture":"#0"},"south":{"uv":[11.75,2.625,11.75,3.125],"texture":"#0"},"west":{"uv":[11.75,2.875,12.25,3.375],"texture":"#0"},"up":{"uv":[0,0,1,0],"rotation":90,"texture":"#0"},"down":{"uv":[0,0,1,0],"rotation":270,"texture":"#0"}}},{"from":[7,11.25,6],"to":[9,13.25,6],"rotation":{"angle":22.5,"axis":"x","origin":[8,10.75,6]},"faces":{"north":{"uv":[8.75,0.875,9.25,1.375],"texture":"#0"},"east":{"uv":[11.75,2.625,11.75,3.125],"texture":"#0"},"south":{"uv":[9.25,0.875,8.75,1.375],"texture":"#0"},"west":{"uv":[11.75,2.625,11.75,3.125],"texture":"#0"},"up":{"uv":[0,0,1,0],"rotation":180,"texture":"#0"},"down":{"uv":[0,0,1,0],"rotation":180,"texture":"#0"}}},{"from":[7,11.25,10],"to":[9,13.25,10],"rotation":{"angle":-22.5,"axis":"x","origin":[8,10.75,10]},"faces":{"north":{"uv":[8.75,0.875,9.25,1.375],"texture":"#0"},"east":{"uv":[11.75,2.625,11.75,3.125],"texture":"#0"},"south":{"uv":[9.25,0.875,8.75,1.375],"texture":"#0"},"west":{"uv":[11.75,2.625,11.75,3.125],"texture":"#0"},"up":{"uv":[0,0,1,0],"rotation":180,"texture":"#0"},"down":{"uv":[0,0,1,0],"rotation":180,"texture":"#0"}}},{"from":[10,11.25,7],"to":[10,13.25,9],"rotation":{"angle":22.5,"axis":"z","origin":[10,10.75,8]},"faces":{"north":{"uv":[11.75,2.625,11.75,3.125],"texture":"#0"},"east":{"uv":[12.25,2.875,11.75,3.375],"texture":"#0"},"south":{"uv":[11.75,2.625,11.75,3.125],"texture":"#0"},"west":{"uv":[11.75,2.875,12.25,3.375],"texture":"#0"},"up":{"uv":[0,0,1,0],"rotation":90,"texture":"#0"},"down":{"uv":[0,0,1,0],"rotation":270,"texture":"#0"}}},{"from":[3,6,8],"to":[10,22,8],"rotation":{"angle":-22.5,"axis":"z","origin":[6.5,14,8]},"faces":{"north":{"uv":[11.375,7,13.125,11],"texture":"#0"},"east":{"uv":[0,0,0,4],"texture":"#0"},"south":{"uv":[13.125,7,11.375,11],"texture":"#0"},"west":{"uv":[0,0,0,4],"texture":"#0"},"up":{"uv":[0,0,1.75,0],"texture":"#0"},"down":{"uv":[0,0,1.75,0],"texture":"#0"}}},{"from":[7.5,-8,7.5],"to":[8.5,-1,8.5],"rotation":{"angle":0,"axis":"y","origin":[8,-2.5,8]},"faces":{"north":{"uv":[0.5,14.25,0.25,16],"texture":"#0"},"east":{"uv":[0.25,14.25,0,16],"texture":"#0"},"south":{"uv":[0.5,14.25,0.25,16],"texture":"#0"},"west":{"uv":[0.25,14.25,0,16],"texture":"#0"},"up":{"uv":[0.5,16,0.75,15.75],"texture":"#0"},"down":{"uv":[0.5,16,0.75,15.75],"texture":"#0"}}},{"from":[6.5,-12,8],"to":[9.5,-9,8],"rotation":{"angle":0,"axis":"y","origin":[11,-7.5,8]},"faces":{"north":{"uv":[1.5,14,0.75,14.75],"texture":"#0"},"east":{"uv":[0,14.25,0,15],"texture":"#0"},"south":{"uv":[1.5,14,0.75,14.75],"texture":"#0"},"west":{"uv":[0,14.25,0,15],"texture":"#0"},"up":{"uv":[0.5,15.75,1.25,15.75],"texture":"#0"},"down":{"uv":[0.5,15.75,1.25,15.75],"texture":"#0"}}},{"from":[7,-7,7],"to":[9,-5,9],"rotation":{"angle":0,"axis":"y","origin":[3,-25,0]},"faces":{"north":{"uv":[12.75,4.25,13.25,4.75],"texture":"#0"},"east":{"uv":[13.5,4,14,4.5],"texture":"#0"},"south":{"uv":[13.25,4.25,12.75,4.75],"texture":"#0"},"west":{"uv":[13.5,4,14,4.5],"texture":"#0"},"up":{"uv":[14.125,3.625,14.625,4.125],"texture":"#0"},"down":{"uv":[11.375,6.25,11.875,6.75],"texture":"#0"}}},{"from":[7,-1,7],"to":[9,1,9],"rotation":{"angle":0,"axis":"y","origin":[3,-19,0]},"faces":{"north":{"uv":[12.75,4.25,13.25,4.75],"texture":"#0"},"east":{"uv":[13.5,4,14,4.5],"texture":"#0"},"south":{"uv":[13.25,4.25,12.75,4.75],"texture":"#0"},"west":{"uv":[13.5,4,14,4.5],"texture":"#0"},"up":{"uv":[14.125,3.625,14.625,4.125],"texture":"#0"},"down":{"uv":[11.375,6.25,11.875,6.75],"texture":"#0"}}},{"from":[7,11,7],"to":[9,13,9],"rotation":{"angle":0,"axis":"y","origin":[3,-7,0]},"faces":{"north":{"uv":[12.75,4.25,13.25,4.75],"texture":"#0"},"east":{"uv":[13.5,4,14,4.5],"texture":"#0"},"south":{"uv":[13.25,4.25,12.75,4.75],"texture":"#0"},"west":{"uv":[13.5,4,14,4.5],"texture":"#0"},"up":{"uv":[14.125,3.625,14.625,4.125],"texture":"#0"},"down":{"uv":[11.375,6.25,11.875,6.75],"texture":"#0"}}},{"from":[7,1,7],"to":[9,11,9],"rotation":{"angle":0,"axis":"y","origin":[3,-17,0]},"faces":{"north":{"uv":[13.25,13.5,13.75,16],"texture":"#0"},"east":{"uv":[13.75,13.5,14.25,16],"texture":"#0"},"south":{"uv":[13.75,13.5,13.25,16],"texture":"#0"},"west":{"uv":[12.75,12.5,13.25,15],"texture":"#0"},"up":{"uv":[12.75,15,13.25,15.5],"texture":"#0"},"down":{"uv":[12.75,15.5,13.25,16],"texture":"#0"}}},{"from":[9,7,8],"to":[21,30,8],"rotation":{"angle":0,"axis":"y","origin":[16,30,8]},"faces":{"north":{"uv":[3.75,10.25,6.75,16],"texture":"#0"},"east":{"uv":[0,0,0,4.75],"texture":"#0"},"south":{"uv":[6.75,10.25,3.75,16],"texture":"#0"},"west":{"uv":[0,0,0,4.75],"texture":"#0"},"up":{"uv":[4.25,0,0,0],"texture":"#0"},"down":{"uv":[4.25,0,0,0],"texture":"#0"}}},{"from":[9,18,7.75],"to":[16,26,8.25],"rotation":{"angle":0,"axis":"y","origin":[16,30,8]},"faces":{"north":{"uv":[5,11.25,6.75,13.25],"texture":"#0"},"east":{"uv":[5.125,11.25,5,13.25],"texture":"#0"},"south":{"uv":[6.75,11.25,5,13.25],"texture":"#0"},"west":{"uv":[5.125,11.25,5,13.25],"texture":"#0"},"up":{"uv":[6.75,11.25,5,11.375],"texture":"#0"},"down":{"uv":[6.75,11.25,5,11.375],"texture":"#0"}}},{"from":[11,11,7.75],"to":[16,18,8.25],"rotation":{"angle":0,"axis":"y","origin":[16,22,8]},"faces":{"north":{"uv":[5,13.25,6.25,15],"texture":"#0"},"east":{"uv":[5.125,13.25,5,15],"texture":"#0"},"south":{"uv":[6.25,13.25,5,15],"texture":"#0"},"west":{"uv":[5.125,13.25,5,15],"texture":"#0"},"up":{"uv":[6.25,13.25,5,13.375],"texture":"#0"},"down":{"uv":[6.25,13.25,5,13.375],"texture":"#0"}}},{"from":[-3.07253,26.72571,8],"to":[1.92747,28.72571,8],"rotation":{"angle":-22.5,"axis":"z","origin":[1.33128,26.88851,8]},"faces":{"north":{"uv":[13.75,12.375,14.25,11.125],"rotation":270,"texture":"#0"},"east":{"uv":[14.75,8.5,15.25,8.5],"rotation":90,"texture":"#0"},"south":{"uv":[14.25,12.375,13.75,11.125],"rotation":90,"texture":"#0"},"west":{"uv":[14.75,8.5,15.25,8.5],"rotation":90,"texture":"#0"},"up":{"uv":[15.125,9.75,15.125,8.5],"rotation":90,"texture":"#0"},"down":{"uv":[15.375,9.75,15.375,8.5],"rotation":90,"texture":"#0"}}},{"from":[-0.80242,25.35682,8],"to":[2.69758,26.35682,8],"rotation":{"angle":-22.5,"axis":"z","origin":[1.33128,26.88851,8]},"faces":{"north":{"uv":[14,11,14.25,10.125],"rotation":270,"texture":"#0"},"east":{"uv":[14.375,10.875,14.625,10.875],"rotation":90,"texture":"#0"},"south":{"uv":[14.25,11,14,10.125],"rotation":90,"texture":"#0"},"west":{"uv":[14.375,10.875,14.625,10.875],"rotation":90,"texture":"#0"},"up":{"uv":[14.75,11.125,14.75,10.25],"rotation":90,"texture":"#0"},"down":{"uv":[14.625,11.125,14.625,10.25],"rotation":90,"texture":"#0"}}},{"from":[2.01979,24.55723,7.5],"to":[3.51979,26.05723,8.5],"rotation":{"angle":0,"axis":"y","origin":[1.33128,26.88851,8]},"faces":{"north":{"uv":[14.375,8.875,14,9.25],"rotation":270,"texture":"#0"},"east":{"uv":[14.375,9,14.75,8.75],"rotation":90,"texture":"#0"},"south":{"uv":[14,8.875,14.375,9.25],"rotation":90,"texture":"#0"},"west":{"uv":[14.375,9.25,14.75,9],"rotation":90,"texture":"#0"},"up":{"uv":[14,8.875,14.25,8.5],"rotation":90,"texture":"#0"},"down":{"uv":[14,8.875,14.25,8.5],"rotation":90,"texture":"#0"}}},{"from":[0.19758,25.85682,7.75],"to":[2.69758,26.35682,8.25],"rotation":{"angle":-22.5,"axis":"z","origin":[1.33128,26.88851,8]},"faces":{"north":{"uv":[14.25,10.875,14.375,10.25],"rotation":270,"texture":"#0"},"east":{"uv":[14.25,11,14.375,10.875],"rotation":90,"texture":"#0"},"south":{"uv":[14.25,10.875,14.375,10.25],"rotation":90,"texture":"#0"},"west":{"uv":[14.25,11,14.375,10.875],"rotation":90,"texture":"#0"},"up":{"uv":[14.625,10.875,14.75,10.25],"rotation":90,"texture":"#0"},"down":{"uv":[14.5,10.875,14.625,10.25],"rotation":90,"texture":"#0"}}},{"from":[-1.07253,27.72571,7.75],"to":[1.92747,28.72571,8.25],"rotation":{"angle":-22.5,"axis":"z","origin":[1.33128,26.88851,8]},"faces":{"north":{"uv":[15.625,9.25,15.875,8.5],"rotation":270,"texture":"#0"},"east":{"uv":[14.75,8.625,15,8.5],"rotation":90,"texture":"#0"},"south":{"uv":[15.625,9.25,15.875,8.5],"rotation":90,"texture":"#0"},"west":{"uv":[14.75,8.625,15,8.5],"rotation":90,"texture":"#0"},"up":{"uv":[15.125,9.25,15.25,8.5],"rotation":90,"texture":"#0"},"down":{"uv":[15.375,9.25,15.5,8.5],"rotation":90,"texture":"#0"}}},{"from":[2.01979,26.50723,7.5],"to":[3.51979,28.50723,8.5],"rotation":{"angle":0,"axis":"y","origin":[1.33128,26.88851,8]},"faces":{"north":{"uv":[15.25,10.625,15.75,11],"rotation":270,"texture":"#0"},"east":{"uv":[15.25,10.625,15.75,10.375],"rotation":90,"texture":"#0"},"south":{"uv":[15.25,10.625,15.75,11],"rotation":90,"texture":"#0"},"west":{"uv":[15.25,10.375,15.75,10.125],"rotation":90,"texture":"#0"},"up":{"uv":[15.75,11,16,10.625],"rotation":90,"texture":"#0"},"down":{"uv":[15.75,11,16,10.625],"rotation":90,"texture":"#0"}}},{"from":[4.8,19.5,3.3],"to":[6.3,25.5,4.8],"rotation":{"angle":-22.5,"axis":"z","origin":[5.2608,21.01605,7.8]},"faces":{"north":{"uv":[1.75,9,1.375,10.5],"texture":"#0"},"east":{"uv":[0.375,9,0.75,10.5],"texture":"#0"},"south":{"uv":[0,9,0.375,10.5],"texture":"#0"},"west":{"uv":[0.875,9,1.25,10.5],"texture":"#0"},"up":{"uv":[0,8.5,0.375,8.875],"texture":"#0"},"down":{"uv":[1.75,9,2.125,9.375],"texture":"#0"}}},{"from":[4.8,19.5,11.2],"to":[6.3,25.5,12.7],"rotation":{"angle":-22.5,"axis":"z","origin":[5.2608,21.01605,8.2]},"faces":{"north":{"uv":[0.375,9,0,10.5],"texture":"#0"},"east":{"uv":[0.75,9,0.375,10.5],"texture":"#0"},"south":{"uv":[1.375,9,1.75,10.5],"texture":"#0"},"west":{"uv":[1.25,9,0.875,10.5],"texture":"#0"},"up":{"uv":[0,8.875,0.375,8.5],"texture":"#0"},"down":{"uv":[1.75,9.375,2.125,9],"texture":"#0"}}},{"from":[4.78,16.02,4.75],"to":[7.28,22.52,11.25],"rotation":{"angle":-22.5,"axis":"z","origin":[5.2608,21.01605,8]},"faces":{"north":{"uv":[2.5,4.5,4.125,5.125],"rotation":90,"texture":"#0"},"east":{"uv":[2.5,5.5,4.125,7.125],"rotation":270,"texture":"#0"},"south":{"uv":[4.125,4.5,2.5,5.125],"rotation":270,"texture":"#0"},"west":{"uv":[4.5,5.625,6.125,7.25],"rotation":270,"texture":"#0"},"up":{"uv":[4.5,7.625,6.125,8.25],"rotation":270,"texture":"#0"},"down":{"uv":[2.5,7.5,4.125,8.125],"rotation":270,"texture":"#0"}}},{"from":[7.28,16.02,4.75],"to":[8.78,22.52,4.75],"rotation":{"angle":-22.5,"axis":"z","origin":[5.2608,21.01605,8]},"faces":{"north":{"uv":[5.25,3.5,6.875,3.875],"rotation":90,"texture":"#0"},"east":{"uv":[2.5,5.5,4.125,5.5],"rotation":270,"texture":"#0"},"south":{"uv":[6.875,3.5,5.25,3.875],"rotation":270,"texture":"#0"},"west":{"uv":[4.5,5.625,6.125,5.625],"rotation":270,"texture":"#0"},"up":{"uv":[4.5,7.625,4.5,8.25],"rotation":270,"texture":"#0"},"down":{"uv":[2.5,7.5,2.5,8.125],"rotation":270,"texture":"#0"}}},{"from":[7.28,16.02,11.25],"to":[8.78,22.52,11.25],"rotation":{"angle":-22.5,"axis":"z","origin":[5.2608,21.01605,8]},"faces":{"north":{"uv":[6.875,3.875,5.25,3.5],"rotation":270,"texture":"#0"},"east":{"uv":[2.5,5.5,4.125,5.5],"rotation":270,"texture":"#0"},"south":{"uv":[5.25,3.875,6.875,3.5],"rotation":90,"texture":"#0"},"west":{"uv":[4.5,5.625,6.125,5.625],"rotation":270,"texture":"#0"},"up":{"uv":[4.5,7.625,4.5,8.25],"rotation":270,"texture":"#0"},"down":{"uv":[2.5,7.5,2.5,8.125],"rotation":270,"texture":"#0"}}},{"from":[9.3,29,7],"to":[12.3,29,9],"rotation":{"angle":22.5,"axis":"z","origin":[11.8,29,8]},"faces":{"north":{"uv":[11.75,3.375,11.75,2.625],"rotation":270,"texture":"#0"},"east":{"uv":[1,0,0,0],"rotation":180,"texture":"#0"},"south":{"uv":[11.75,3.375,11.75,2.625],"rotation":90,"texture":"#0"},"west":{"uv":[1,0,0,0],"texture":"#0"},"up":{"uv":[11.75,2.625,12.25,3.375],"rotation":270,"texture":"#0"},"down":{"uv":[12.25,2.625,11.75,3.375],"rotation":270,"texture":"#0"}}},{"from":[3.55,22.5,4.25],"to":[9.55,28.5,11.75],"rotation":{"angle":0,"axis":"y","origin":[7.0108,21.01605,8]},"faces":{"north":{"uv":[5.5,3.5,7,2],"rotation":90,"texture":"#0"},"east":{"uv":[4,0,5.5,1.875],"rotation":270,"texture":"#0"},"south":{"uv":[5.5,2,7,3.5],"rotation":90,"texture":"#0"},"west":{"uv":[5.5,0,7,1.875],"rotation":270,"texture":"#0"},"up":{"uv":[2,0,3.875,1.5],"rotation":270,"texture":"#0"},"down":{"uv":[2,1.5,3.875,3],"rotation":270,"texture":"#0"}}},{"from":[2.78,19.48,5.75],"to":[4.78,22.48,10.25],"rotation":{"angle":-22.5,"axis":"z","origin":[5.2608,21.01605,8]},"faces":{"north":{"uv":[0.75,7,1.5,7.5],"rotation":90,"texture":"#0"},"east":{"uv":[0,6.75,0.75,7.875],"rotation":270,"texture":"#0"},"south":{"uv":[1.5,7,0.75,7.5],"rotation":270,"texture":"#0"},"west":{"uv":[0,6.75,0.75,7.875],"rotation":270,"texture":"#0"},"up":{"uv":[0.75,6.5,1.875,7],"rotation":270,"texture":"#0"},"down":{"uv":[0.75,6.5,1.875,7],"rotation":270,"texture":"#0"}}},{"from":[3.1,14.1,5.2625],"to":[5.6,17.1,5.2625],"rotation":{"angle":0,"axis":"y","origin":[5.6608,21.91605,7.65]},"faces":{"north":{"uv":[2,8.5,2.75,9.125],"rotation":90,"texture":"#0"},"east":{"uv":[1.75,7.375,2.75,7.375],"rotation":270,"texture":"#0"},"south":{"uv":[2.75,8.5,2,9.125],"rotation":270,"texture":"#0"},"west":{"uv":[1.75,7.125,2.75,7.125],"rotation":270,"texture":"#0"},"up":{"uv":[1.5,7.125,1.5,7.75],"rotation":270,"texture":"#0"},"down":{"uv":[1.5,7.125,1.5,7.75],"rotation":270,"texture":"#0"}}},{"from":[3.1,14.1,10.7375],"to":[5.6,17.1,10.7375],"rotation":{"angle":0,"axis":"y","origin":[5.6608,21.91605,8.35]},"faces":{"north":{"uv":[2.75,9.125,2,8.5],"rotation":270,"texture":"#0"},"east":{"uv":[1.75,7.375,2.75,7.375],"rotation":270,"texture":"#0"},"south":{"uv":[2,9.125,2.75,8.5],"rotation":90,"texture":"#0"},"west":{"uv":[1.75,7.125,2.75,7.125],"rotation":270,"texture":"#0"},"up":{"uv":[1.5,7.125,1.5,7.75],"rotation":270,"texture":"#0"},"down":{"uv":[1.5,7.125,1.5,7.75],"rotation":270,"texture":"#0"}}},{"from":[6.25,15,10],"to":[9.25,22.5,10],"rotation":{"angle":-22.5,"axis":"y","origin":[8.75,16,10]},"faces":{"north":{"uv":[7.5,1.375,9.375,0.625],"rotation":270,"texture":"#0"},"east":{"uv":[0,0,1,0],"rotation":90,"texture":"#0"},"south":{"uv":[9.375,1.375,7.5,0.625],"rotation":90,"texture":"#0"},"west":{"uv":[0,0,1,0],"rotation":90,"texture":"#0"},"up":{"uv":[11.25,2,11.25,3.5],"rotation":270,"texture":"#0"},"down":{"uv":[11.25,2,11.25,3.5],"rotation":270,"texture":"#0"}}},{"from":[6.5,13,7],"to":[9.5,20.5,9],"rotation":{"angle":0,"axis":"y","origin":[11.5,17,8]},"faces":{"north":{"uv":[14.125,1.25,12.25,0.5],"rotation":270,"texture":"#0"},"east":{"uv":[12.5,2.75,14.375,3.25],"rotation":270,"texture":"#0"},"south":{"uv":[14.125,1.25,12.25,0.5],"rotation":90,"texture":"#0"},"west":{"uv":[12.5,1.75,14.375,2.25],"rotation":270,"texture":"#0"},"up":{"uv":[14.75,0.5,15.25,1.25],"rotation":270,"texture":"#0"},"down":{"uv":[15.5,0.5,16,1.25],"rotation":270,"texture":"#0"}}},{"from":[6.25,15,6],"to":[9.25,22.5,6],"rotation":{"angle":22.5,"axis":"y","origin":[8.75,16,6]},"faces":{"north":{"uv":[7.5,1.375,9.375,0.625],"rotation":270,"texture":"#0"},"east":{"uv":[0,0,1,0],"rotation":90,"texture":"#0"},"south":{"uv":[9.375,1.375,7.5,0.625],"rotation":90,"texture":"#0"},"west":{"uv":[0,0,1,0],"rotation":90,"texture":"#0"},"up":{"uv":[11.25,2,11.25,3.5],"rotation":270,"texture":"#0"},"down":{"uv":[11.25,2,11.25,3.5],"rotation":270,"texture":"#0"}}},{"from":[9.25,20.5,10],"to":[12.25,28,10],"rotation":{"angle":-22.5,"axis":"y","origin":[11.75,21.5,10]},"faces":{"north":{"uv":[7.5,1.375,9.375,0.625],"rotation":270,"texture":"#0"},"east":{"uv":[0,0,1,0],"rotation":90,"texture":"#0"},"south":{"uv":[9.375,1.375,7.5,0.625],"rotation":90,"texture":"#0"},"west":{"uv":[0,0,1,0],"rotation":90,"texture":"#0"},"up":{"uv":[11.25,2,11.25,3.5],"rotation":270,"texture":"#0"},"down":{"uv":[11.25,2,11.25,3.5],"rotation":270,"texture":"#0"}}},{"from":[9.25,13,10],"to":[12.25,20.5,10],"rotation":{"angle":-22.5,"axis":"y","origin":[11.75,14,10]},"faces":{"north":{"uv":[7.5,1.375,9.375,0.625],"rotation":270,"texture":"#0"},"east":{"uv":[0,0,1,0],"rotation":90,"texture":"#0"},"south":{"uv":[9.375,1.375,7.5,0.625],"rotation":90,"texture":"#0"},"west":{"uv":[0,0,1,0],"rotation":90,"texture":"#0"},"up":{"uv":[11.25,2,11.25,3.5],"rotation":270,"texture":"#0"},"down":{"uv":[11.25,2,11.25,3.5],"rotation":270,"texture":"#0"}}},{"from":[9.25,20.5,6],"to":[12.25,28,6],"rotation":{"angle":22.5,"axis":"y","origin":[11.75,21.5,6]},"faces":{"north":{"uv":[9.375,0.625,7.5,1.375],"rotation":90,"texture":"#0"},"east":{"uv":[0,0,1,0],"rotation":90,"texture":"#0"},"south":{"uv":[7.5,0.625,9.375,1.375],"rotation":270,"texture":"#0"},"west":{"uv":[0,0,1,0],"rotation":90,"texture":"#0"},"up":{"uv":[11.25,2,11.25,3.5],"rotation":270,"texture":"#0"},"down":{"uv":[11.25,2,11.25,3.5],"rotation":270,"texture":"#0"}}},{"from":[9.25,13,6],"to":[12.25,20.5,6],"rotation":{"angle":22.5,"axis":"y","origin":[11.75,14,6]},"faces":{"north":{"uv":[9.375,0.625,7.5,1.375],"rotation":90,"texture":"#0"},"east":{"uv":[0,0,1,0],"rotation":90,"texture":"#0"},"south":{"uv":[7.5,0.625,9.375,1.375],"rotation":270,"texture":"#0"},"west":{"uv":[0,0,1,0],"rotation":90,"texture":"#0"},"up":{"uv":[11.25,2,11.25,3.5],"rotation":270,"texture":"#0"},"down":{"uv":[11.25,2,11.25,3.5],"rotation":270,"texture":"#0"}}},{"from":[6.5,20.5,7],"to":[9.5,28,9],"rotation":{"angle":0,"axis":"y","origin":[11.5,24.5,8]},"faces":{"north":{"uv":[14.125,1.25,12.25,0.5],"rotation":270,"texture":"#0"},"east":{"uv":[12.5,2.75,14.375,3.25],"rotation":270,"texture":"#0"},"south":{"uv":[14.125,1.25,12.25,0.5],"rotation":90,"texture":"#0"},"west":{"uv":[12.5,1.75,14.375,2.25],"rotation":270,"texture":"#0"},"up":{"uv":[14.75,0.5,15.25,1.25],"rotation":270,"texture":"#0"},"down":{"uv":[15.5,0.5,16,1.25],"rotation":270,"texture":"#0"}}}],"gui_light":"front","display":{"thirdperson_righthand":{"rotation":[0,110,0],"translation":[0,4.25,1.75],"scale":[0.83086,0.7,0.7]},"thirdperson_lefthand":{"rotation":[180,-110,180],"translation":[0,6,1.75],"scale":[0.7,0.7,0.7]},"firstperson_righthand":{"rotation":[-175.56,80,170],"translation":[0.5,5,0.5],"scale":[0.5,0.5,0.5]},"firstperson_lefthand":{"rotation":[-175.56,-88,-170],"translation":[0.5,5,0.5],"scale":[0.5,0.5,0.5]},"ground":{"translation":[0,9.75,0],"scale":[0.5,0.5,0.5]},"gui":{"rotation":[0,180,47],"translation":[-0.25,-0.25,-2],"scale":[0.44,0.44,0.44]},"head":{"rotation":[-135.5,0,0],"translation":[0,20.5,4.75],"scale":[0.7,0.7,0.7]},"fixed":{"rotation":[0,0,45],"translation":[-0.75,-0.5,0.25],"scale":[0.5,0.5,0.5]}},"groups":[{"name":"group","origin":[0,-2,14.4],"color":0,"children":[0,1,2,3,4,5,6,7,8,9,10,11,12,13]},{"name":"group","origin":[16,-2,14.4],"color":0,"children":[14,15,16,17,18,19]},20,21,22,23,24,25,26,27,28,29,30,31,32,33,34,35,36,37,38,39,40,41,42,43,44,45,46]}