{"credit":"Made with Blockbench","texture_size":[32,32],"textures":{"0":"item/axes/conquestaxe_texture","particle":"item/axes/conquestaxe_texture"},"elements":[{"from":[7.2,0,7.2],"to":[8.8,24,8.8],"rotation":{"angle":0,"axis":"y","origin":[8,0,8]},"faces":{"north":{"uv":[0,0,1,12],"texture":"#0"},"east":{"uv":[1,0,2,12],"texture":"#0"},"south":{"uv":[2,0,3,12],"texture":"#0"},"west":{"uv":[3,0,4,12],"texture":"#0"},"up":{"uv":[8.5,4.5,7.5,3.5],"texture":"#0"},"down":{"uv":[8.5,4.5,7.5,5.5],"texture":"#0"}}},{"from":[7,1,7],"to":[9,3.8,9],"rotation":{"angle":0,"axis":"y","origin":[8,0,8]},"faces":{"north":{"uv":[6,3,7,4.5],"texture":"#0"},"east":{"uv":[4,6,5,7.5],"texture":"#0"},"south":{"uv":[6,4.5,7,6],"texture":"#0"},"west":{"uv":[5,6,6,7.5],"texture":"#0"},"up":{"uv":[8.5,8.5,7.5,7.5],"texture":"#0"},"down":{"uv":[9,0,8,1],"texture":"#0"}}},{"from":[7,17,7],"to":[9,23.4,9],"rotation":{"angle":0,"axis":"y","origin":[8,0,8]},"faces":{"north":{"uv":[4,0,5,3],"texture":"#0"},"east":{"uv":[4,3,5,6],"texture":"#0"},"south":{"uv":[5,0,6,3],"texture":"#0"},"west":{"uv":[5,3,6,6],"texture":"#0"},"up":{"uv":[9,2,8,1],"texture":"#0"},"down":{"uv":[9,2,8,3],"texture":"#0"}}},{"from":[7.5,20.1,2.6],"to":[8.5,23.1,7],"rotation":{"angle":0,"axis":"y","origin":[8,20.7,4.5]},"faces":{"north":{"uv":[8.5,7.5,9,9],"texture":"#0"},"east":{"uv":[8,1.5,6,3],"texture":"#0"},"south":{"uv":[8,8.5,8.5,10],"texture":"#0"},"west":{"uv":[6,1.5,8,3],"texture":"#0"},"up":{"uv":[9,5.5,8.5,3.5],"texture":"#0"},"down":{"uv":[8,8.5,7.5,10.5],"texture":"#0"}}},{"from":[7.80433,23.06767,1.22284],"to":[8.35433,23.36767,7],"rotation":{"angle":-22.5,"axis":"z","origin":[7.75433,22.86767,4.5]},"faces":{"north":{"uv":[7.5,5.5,8,6],"texture":"#0"},"east":{"uv":[6,6,9,6.5],"texture":"#0"},"south":{"uv":[8,5.5,8.5,6],"texture":"#0"},"west":{"uv":[6,6.5,9,7],"texture":"#0"},"up":{"uv":[7.5,6,7,3],"texture":"#0"},"down":{"uv":[6.5,7,6,10],"texture":"#0"}}},{"from":[7.64567,23.06767,1.22284],"to":[8.19567,23.36767,7],"rotation":{"angle":22.5,"axis":"z","origin":[8.24567,22.86767,4.5]},"faces":{"north":{"uv":[8.5,5.5,9,6],"texture":"#0"},"east":{"uv":[6.5,7,9.5,7.5],"texture":"#0"},"south":{"uv":[9,6.5,9.5,7],"texture":"#0"},"west":{"uv":[7.5,3,10.5,3.5],"texture":"#0"},"up":{"uv":[4.5,10.5,4,7.5],"texture":"#0"},"down":{"uv":[5,7.5,4.5,10.5],"texture":"#0"}}},{"from":[7.80433,23.06767,9],"to":[8.35433,23.36767,9.4],"rotation":{"angle":-22.5,"axis":"z","origin":[7.75433,22.86767,12.27716]},"faces":{"north":{"uv":[9.5,2.5,10,3],"texture":"#0"},"east":{"uv":[10,0,10.5,0.5],"texture":"#0"},"south":{"uv":[10,0.5,10.5,1],"texture":"#0"},"west":{"uv":[10,1,10.5,1.5],"texture":"#0"},"up":{"uv":[10.5,2,10,1.5],"texture":"#0"},"down":{"uv":[10.5,2,10,2.5],"texture":"#0"}}},{"from":[7.64567,23.06767,9],"to":[8.19567,23.36767,9.4],"rotation":{"angle":22.5,"axis":"z","origin":[8.24567,22.86767,12.27716]},"faces":{"north":{"uv":[10,2.5,10.5,3],"texture":"#0"},"east":{"uv":[10,3.5,10.5,4],"texture":"#0"},"south":{"uv":[10,4,10.5,4.5],"texture":"#0"},"west":{"uv":[10,4.5,10.5,5],"texture":"#0"},"up":{"uv":[10.5,5.5,10,5],"texture":"#0"},"down":{"uv":[10.5,5.5,10,6],"texture":"#0"}}},{"from":[7.5,20.1,9],"to":[8.5,23.1,9.4],"rotation":{"angle":0,"axis":"y","origin":[8,20.7,10.9]},"faces":{"north":{"uv":[9,0,9.5,1.5],"texture":"#0"},"east":{"uv":[9,1.5,9.5,3],"texture":"#0"},"south":{"uv":[9,3.5,9.5,5],"texture":"#0"},"west":{"uv":[9,5,9.5,6.5],"texture":"#0"},"up":{"uv":[6.5,10.5,6,10],"texture":"#0"},"down":{"uv":[10.5,6,10,6.5],"texture":"#0"}}},{"from":[7.5125,20.45,2.275],"to":[8.4875,23.1,2.6],"rotation":{"angle":0,"axis":"y","origin":[7.9875,20.7,4.5]},"faces":{"north":{"uv":[9,7.5,9.5,9],"texture":"#0"},"east":{"uv":[8.5,9,9,10.5],"texture":"#0"},"south":{"uv":[9,9,9.5,10.5],"texture":"#0"},"west":{"uv":[9.5,0,10,1.5],"texture":"#0"},"up":{"uv":[10.5,7,10,6.5],"texture":"#0"},"down":{"uv":[10.5,7,10,7.5],"texture":"#0"}}},{"from":[7.5125,21.225,1.975],"to":[8.4875,23.1,2.275],"rotation":{"angle":0,"axis":"y","origin":[7.9875,20.7,4.5]},"faces":{"north":{"uv":[9.5,1.5,10,2.5],"texture":"#0"},"east":{"uv":[9.5,3.5,10,4.5],"texture":"#0"},"south":{"uv":[9.5,4.5,10,5.5],"texture":"#0"},"west":{"uv":[9.5,5.5,10,6.5],"texture":"#0"},"up":{"uv":[10.5,8,10,7.5],"texture":"#0"},"down":{"uv":[8.5,10,8,10.5],"texture":"#0"}}},{"from":[7.5125,21.95,1.675],"to":[8.4875,23.1,1.975],"rotation":{"angle":0,"axis":"y","origin":[7.9875,20.7,4.5]},"faces":{"north":{"uv":[10,8,10.5,8.5],"texture":"#0"},"east":{"uv":[10,8.5,10.5,9],"texture":"#0"},"south":{"uv":[10,9,10.5,9.5],"texture":"#0"},"west":{"uv":[10,9.5,10.5,10],"texture":"#0"},"up":{"uv":[10.5,10.5,10,10],"texture":"#0"},"down":{"uv":[11,0,10.5,0.5],"texture":"#0"}}},{"from":[7.5125,22.675,1.475],"to":[8.4875,23.1,1.675],"rotation":{"angle":0,"axis":"y","origin":[7.9875,20.7,4.5]},"faces":{"north":{"uv":[10.5,0.5,11,1],"texture":"#0"},"east":{"uv":[10.5,1,11,1.5],"texture":"#0"},"south":{"uv":[10.5,1.5,11,2],"texture":"#0"},"west":{"uv":[10.5,2,11,2.5],"texture":"#0"},"up":{"uv":[11,3,10.5,2.5],"texture":"#0"},"down":{"uv":[11,3,10.5,3.5],"texture":"#0"}}},{"from":[7.5,22.9852,1.22284],"to":[8.5,23.1,1.475],"rotation":{"angle":0,"axis":"y","origin":[8,20.7,4.5]},"faces":{"north":{"uv":[10.5,3.5,11,4],"texture":"#0"},"east":{"uv":[4,10.5,4.5,11],"texture":"#0"},"south":{"uv":[10.5,4,11,4.5],"texture":"#0"},"west":{"uv":[4.5,10.5,5,11],"texture":"#0"},"up":{"uv":[11,5,10.5,4.5],"texture":"#0"},"down":{"uv":[5.5,10.5,5,11],"texture":"#0"}}},{"from":[7.5,16.98519,1.22284],"to":[8.5,22.98519,1.52284],"rotation":{"angle":-22.5,"axis":"x","origin":[7.5,22.9852,1.22284]},"faces":{"north":{"uv":[5,7.5,5.5,10.5],"texture":"#0"},"east":{"uv":[7.5,7.5,7,10.5],"texture":"#0"},"south":{"uv":[6.5,7.5,7,10.5],"texture":"#0"},"west":{"uv":[7,7.5,7.5,10.5],"texture":"#0"},"up":{"uv":[11,5.5,10.5,5],"texture":"#0"},"down":{"uv":[6,10.5,5.5,11],"texture":"#0"}}},{"from":[7.5,17.44192,3.51894],"to":[8.5,19.16692,3.81894],"rotation":{"angle":0,"axis":"y","origin":[7.5,19.44192,3.51894]},"faces":{"north":{"uv":[9.5,6.5,10,7.5],"texture":"#0"},"east":{"uv":[9.5,7.5,10,8.5],"texture":"#0"},"south":{"uv":[9.5,8.5,10,9.5],"texture":"#0"},"west":{"uv":[9.5,9.5,10,10.5],"texture":"#0"},"up":{"uv":[11,6,10.5,5.5],"texture":"#0"},"down":{"uv":[6.5,10.5,6,11],"texture":"#0"}}},{"from":[7.5125,18.21692,3.21894],"to":[8.4875,18.94192,3.51894],"rotation":{"angle":0,"axis":"y","origin":[7.4875,19.44192,3.51894]},"faces":{"north":{"uv":[10.5,6,11,6.5],"texture":"#0"},"east":{"uv":[6.5,10.5,7,11],"texture":"#0"},"south":{"uv":[10.5,6.5,11,7],"texture":"#0"},"west":{"uv":[7,10.5,7.5,11],"texture":"#0"},"up":{"uv":[11,7.5,10.5,7],"texture":"#0"},"down":{"uv":[8,10.5,7.5,11],"texture":"#0"}}},{"from":[7.5125,18.94192,2.91894],"to":[8.4875,19.66692,3.81894],"rotation":{"angle":0,"axis":"y","origin":[7.4875,19.44192,3.51894]},"faces":{"north":{"uv":[10.5,7.5,11,8],"texture":"#0"},"east":{"uv":[8,10.5,8.5,11],"texture":"#0"},"south":{"uv":[10.5,8,11,8.5],"texture":"#0"},"west":{"uv":[8.5,10.5,9,11],"texture":"#0"},"up":{"uv":[11,9,10.5,8.5],"texture":"#0"},"down":{"uv":[9.5,10.5,9,11],"texture":"#0"}}},{"from":[7.5125,19.66692,2.74394],"to":[8.4875,20.1,3.81894],"rotation":{"angle":0,"axis":"y","origin":[7.4875,19.44192,3.51894]},"faces":{"north":{"uv":[10.5,9,11,9.5],"texture":"#0"},"east":{"uv":[9.5,10.5,10,11],"texture":"#0"},"south":{"uv":[10.5,9.5,11,10],"texture":"#0"},"west":{"uv":[10,10.5,10.5,11],"texture":"#0"},"up":{"uv":[11,10.5,10.5,10],"texture":"#0"},"down":{"uv":[11,10.5,10.5,11],"texture":"#0"}}},{"from":[7.5125,19.79192,3.81894],"to":[8.4875,20.1,4.14394],"rotation":{"angle":0,"axis":"y","origin":[7.4875,19.44192,3.51894]},"faces":{"north":{"uv":[11,0,11.5,0.5],"texture":"#0"},"east":{"uv":[11,0.5,11.5,1],"texture":"#0"},"south":{"uv":[11,1,11.5,1.5],"texture":"#0"},"west":{"uv":[11,1.5,11.5,2],"texture":"#0"},"up":{"uv":[11.5,2.5,11,2],"texture":"#0"},"down":{"uv":[11.5,2.5,11,3],"texture":"#0"}}},{"from":[7.5,18.89288,3.67201],"to":[8.5,19.49288,3.97201],"rotation":{"angle":22.5,"axis":"x","origin":[7.5,19.41468,4.2843]},"faces":{"north":{"uv":[11,3,11.5,3.5],"texture":"#0"},"east":{"uv":[11,3.5,11.5,4],"texture":"#0"},"south":{"uv":[4,11,4.5,11.5],"texture":"#0"},"west":{"uv":[11,4,11.5,4.5],"texture":"#0"},"up":{"uv":[5,11.5,4.5,11],"texture":"#0"},"down":{"uv":[11.5,4.5,11,5],"texture":"#0"}}},{"from":[7.5,19.96955,4.02867],"to":[8.5,20.26955,4.62867],"rotation":{"angle":-45,"axis":"x","origin":[7.5,19.65725,4.55047]},"faces":{"north":{"uv":[5,11,5.5,11.5],"texture":"#0"},"east":{"uv":[11,5,11.5,5.5],"texture":"#0"},"south":{"uv":[5.5,11,6,11.5],"texture":"#0"},"west":{"uv":[11,5.5,11.5,6],"texture":"#0"},"up":{"uv":[6.5,11.5,6,11],"texture":"#0"},"down":{"uv":[11.5,6,11,6.5],"texture":"#0"}}},{"from":[7.5,20.0918,4.36741],"to":[8.5,20.3918,4.96741],"rotation":{"angle":-22.5,"axis":"x","origin":[7.5,19.77951,4.8892]},"faces":{"north":{"uv":[6.5,11,7,11.5],"texture":"#0"},"east":{"uv":[11,6.5,11.5,7],"texture":"#0"},"south":{"uv":[7,11,7.5,11.5],"texture":"#0"},"west":{"uv":[11,7,11.5,7.5],"texture":"#0"},"up":{"uv":[8,11.5,7.5,11],"texture":"#0"},"down":{"uv":[11.5,7.5,11,8],"texture":"#0"}}},{"from":[6.8,2.1,7.7],"to":[7,2.7,8.3],"rotation":{"angle":0,"axis":"y","origin":[8,0,8]},"faces":{"north":{"uv":[8,11,8.5,11.5],"texture":"#0"},"east":{"uv":[11,8,11.5,8.5],"texture":"#0"},"south":{"uv":[8.5,11,9,11.5],"texture":"#0"},"west":{"uv":[11,8.5,11.5,9],"texture":"#0"},"up":{"uv":[9.5,11.5,9,11],"texture":"#0"},"down":{"uv":[11.5,9,11,9.5],"texture":"#0"}}},{"from":[9,2.1,7.7],"to":[9.2,2.7,8.3],"rotation":{"angle":0,"axis":"y","origin":[8,0,8]},"faces":{"north":{"uv":[9.5,11,10,11.5],"texture":"#0"},"east":{"uv":[11,9.5,11.5,10],"texture":"#0"},"south":{"uv":[10,11,10.5,11.5],"texture":"#0"},"west":{"uv":[11,10,11.5,10.5],"texture":"#0"},"up":{"uv":[11,11.5,10.5,11],"texture":"#0"},"down":{"uv":[11.5,10.5,11,11],"texture":"#0"}}},{"from":[7.7,2.1,9],"to":[8.3,2.7,9.2],"rotation":{"angle":0,"axis":"y","origin":[8,0,8]},"faces":{"north":{"uv":[11,11,11.5,11.5],"texture":"#0"},"east":{"uv":[11.5,0,12,0.5],"texture":"#0"},"south":{"uv":[11.5,0.5,12,1],"texture":"#0"},"west":{"uv":[11.5,1,12,1.5],"texture":"#0"},"up":{"uv":[12,2,11.5,1.5],"texture":"#0"},"down":{"uv":[12,2,11.5,2.5],"texture":"#0"}}},{"from":[7.7,2.1,6.8],"to":[8.3,2.7,7],"rotation":{"angle":0,"axis":"y","origin":[8,0,8]},"faces":{"north":{"uv":[11.5,2.5,12,3],"texture":"#0"},"east":{"uv":[11.5,3,12,3.5],"texture":"#0"},"south":{"uv":[11.5,3.5,12,4],"texture":"#0"},"west":{"uv":[4,11.5,4.5,12],"texture":"#0"},"up":{"uv":[12,4.5,11.5,4],"texture":"#0"},"down":{"uv":[5,11.5,4.5,12],"texture":"#0"}}},{"from":[7.7,17.9,9],"to":[8.3,18.5,9.2],"rotation":{"angle":0,"axis":"y","origin":[8,0,8]},"faces":{"north":{"uv":[11.5,4.5,12,5],"texture":"#0"},"east":{"uv":[5,11.5,5.5,12],"texture":"#0"},"south":{"uv":[11.5,5,12,5.5],"texture":"#0"},"west":{"uv":[5.5,11.5,6,12],"texture":"#0"},"up":{"uv":[12,6,11.5,5.5],"texture":"#0"},"down":{"uv":[6.5,11.5,6,12],"texture":"#0"}}},{"from":[6.8,17.9,7.7],"to":[7,18.5,8.3],"rotation":{"angle":0,"axis":"y","origin":[8,0,8]},"faces":{"north":{"uv":[11.5,6,12,6.5],"texture":"#0"},"east":{"uv":[6.5,11.5,7,12],"texture":"#0"},"south":{"uv":[11.5,6.5,12,7],"texture":"#0"},"west":{"uv":[7,11.5,7.5,12],"texture":"#0"},"up":{"uv":[12,7.5,11.5,7],"texture":"#0"},"down":{"uv":[8,11.5,7.5,12],"texture":"#0"}}},{"from":[7.7,17.9,6.8],"to":[8.3,18.5,7],"rotation":{"angle":0,"axis":"y","origin":[8,0,8]},"faces":{"north":{"uv":[11.5,7.5,12,8],"texture":"#0"},"east":{"uv":[8,11.5,8.5,12],"texture":"#0"},"south":{"uv":[11.5,8,12,8.5],"texture":"#0"},"west":{"uv":[8.5,11.5,9,12],"texture":"#0"},"up":{"uv":[12,9,11.5,8.5],"texture":"#0"},"down":{"uv":[9.5,11.5,9,12],"texture":"#0"}}},{"from":[9,17.9,7.7],"to":[9.2,18.5,8.3],"rotation":{"angle":0,"axis":"y","origin":[8,0,8]},"faces":{"north":{"uv":[11.5,9,12,9.5],"texture":"#0"},"east":{"uv":[9.5,11.5,10,12],"texture":"#0"},"south":{"uv":[11.5,9.5,12,10],"texture":"#0"},"west":{"uv":[10,11.5,10.5,12],"texture":"#0"},"up":{"uv":[12,10.5,11.5,10],"texture":"#0"},"down":{"uv":[11,11.5,10.5,12],"texture":"#0"}}},{"from":[6.8,21.9,7.7],"to":[7,22.5,8.3],"rotation":{"angle":0,"axis":"y","origin":[8,0,8]},"faces":{"north":{"uv":[11.5,10.5,12,11],"texture":"#0"},"east":{"uv":[11,11.5,11.5,12],"texture":"#0"},"south":{"uv":[11.5,11,12,11.5],"texture":"#0"},"west":{"uv":[11.5,11.5,12,12],"texture":"#0"},"up":{"uv":[0.5,12.5,0,12],"texture":"#0"},"down":{"uv":[12.5,0,12,0.5],"texture":"#0"}}},{"from":[9,21.9,7.7],"to":[9.2,22.5,8.3],"rotation":{"angle":0,"axis":"y","origin":[8,0,8]},"faces":{"north":{"uv":[0.5,12,1,12.5],"texture":"#0"},"east":{"uv":[12,0.5,12.5,1],"texture":"#0"},"south":{"uv":[1,12,1.5,12.5],"texture":"#0"},"west":{"uv":[12,1,12.5,1.5],"texture":"#0"},"up":{"uv":[2,12.5,1.5,12],"texture":"#0"},"down":{"uv":[12.5,1.5,12,2],"texture":"#0"}}}],"display":{"thirdperson_righthand":{"translation":[0,-1.5,1.5]},"thirdperson_lefthand":{"translation":[0,-1.5,1.5]},"ground":{"translation":[0,5,0]},"gui":{"rotation":[-90,67.5,90],"translation":[2.75,-2.25,0],"scale":[0.65,0.65,0.65]},"fixed":{"rotation":[0,90,0],"translation":[0,-3,0],"scale":[0.75,0.75,0.75]}},"groups":[{"name":"axe","origin":[8,8,8],"color":0,"children":[0,1,2,3,4,5,6,7,8,9,10,11,12,13,14,15,16,17,18,19,20,21,22,23,24,25,26,27,28,29,30,31,32]}]}