{"credit":"Made with Blockbench","texture_size":[64,64],"textures":{"0":"item/axes/darknessaxe_texture","particle":"item/axes/darknessaxe_texture"},"elements":[{"from":[7.2,0,7.2],"to":[8.8,13,8.8],"rotation":{"angle":0,"axis":"y","origin":[7.2,0,7.2]},"faces":{"north":{"uv":[0,0,0.5,3.25],"texture":"#0"},"east":{"uv":[0.5,0,1,3.25],"texture":"#0"},"south":{"uv":[1,0,1.5,3.25],"texture":"#0"},"west":{"uv":[1.5,0,2,3.25],"texture":"#0"},"up":{"uv":[4.25,5,3.75,4.5],"texture":"#0"},"down":{"uv":[5.25,0,4.75,0.5],"texture":"#0"}}},{"from":[7,11,8.00355],"to":[9,13.4,10.40355],"rotation":{"angle":-45,"axis":"x","origin":[8,11,8]},"faces":{"north":{"uv":[4.75,0.5,5.25,1],"texture":"#0"},"east":{"uv":[4.75,1,5.25,1.5],"texture":"#0"},"south":{"uv":[4.75,3.5,5.25,4],"texture":"#0"},"west":{"uv":[4.75,4,5.25,4.5],"texture":"#0"},"up":{"uv":[5.25,5,4.75,4.5],"texture":"#0"},"down":{"uv":[5.5,1.5,5,2],"texture":"#0"}}},{"from":[6.625,12.2,8.20355],"to":[9.375,13.9,9.90355],"rotation":{"angle":-45,"axis":"x","origin":[8,12,8]},"faces":{"north":{"uv":[3,3,3.75,3.5],"texture":"#0"},"east":{"uv":[5,2,5.5,2.5],"texture":"#0"},"south":{"uv":[0,3.25,0.75,3.75],"texture":"#0"},"west":{"uv":[5,2.5,5.5,3],"texture":"#0"},"up":{"uv":[1.5,3.75,0.75,3.25],"texture":"#0"},"down":{"uv":[2.25,3.5,1.5,4],"texture":"#0"}}},{"from":[6.6,13.48744,6.80043],"to":[9.4,14.90459,9.20459],"rotation":{"angle":0,"axis":"y","origin":[8,12,8]},"faces":{"north":{"uv":[5.75,4,6.5,4.25],"texture":"#0"},"east":{"uv":[1.5,3.25,2,3.5],"texture":"#0"},"south":{"uv":[5.75,4.25,6.5,4.5],"texture":"#0"},"west":{"uv":[4.25,6.75,4.75,7],"texture":"#0"},"up":{"uv":[3,4,2.25,3.5],"texture":"#0"},"down":{"uv":[3.75,3.5,3,4],"texture":"#0"}}},{"from":[7,14,8.00355],"to":[9,16.4,10.40355],"rotation":{"angle":-45,"axis":"x","origin":[8,14,8]},"faces":{"north":{"uv":[5,3,5.5,3.5],"texture":"#0"},"east":{"uv":[3.75,5,4.25,5.5],"texture":"#0"},"south":{"uv":[4.25,5,4.75,5.5],"texture":"#0"},"west":{"uv":[4.75,5,5.25,5.5],"texture":"#0"},"up":{"uv":[0.5,5.75,0,5.25],"texture":"#0"},"down":{"uv":[5.75,0,5.25,0.5],"texture":"#0"}}},{"from":[7.6,13.24147,12.10373],"to":[8.4,18.86647,13.60373],"rotation":{"angle":0,"axis":"y","origin":[8,18.75552,10.26509]},"faces":{"north":{"uv":[0,3.75,0.25,5.25],"texture":"#0"},"east":{"uv":[2.5,1.5,3,3],"texture":"#0"},"south":{"uv":[3.75,0,4,1.5],"texture":"#0"},"west":{"uv":[3,1.5,2.5,3],"texture":"#0"},"up":{"uv":[6.25,1,6,0.5],"texture":"#0"},"down":{"uv":[7,4.5,6.75,5],"texture":"#0"}}},{"from":[7.625,16.36647,8.10373],"to":[8.375,17.86647,12.10373],"rotation":{"angle":-22.5,"axis":"x","origin":[7.6,17.86647,12.10373]},"faces":{"north":{"uv":[4.75,6.75,5,7.25],"texture":"#0"},"east":{"uv":[3,2.5,4,3],"texture":"#0"},"south":{"uv":[5,6.75,5.25,7.25],"texture":"#0"},"west":{"uv":[4,2.5,3,3],"texture":"#0"},"up":{"uv":[0.75,6.25,0.5,5.25],"texture":"#0"},"down":{"uv":[5.5,0.5,5.25,1.5],"texture":"#0"}}},{"from":[7.65,14.83574,11.25178],"to":[8.35,16.33574,13.25178],"rotation":{"angle":22.5,"axis":"x","origin":[7.6,16.33574,13.25178]},"faces":{"north":{"uv":[6.75,5,7,5.5],"texture":"#0"},"east":{"uv":[0.75,5.25,1.25,5.75],"texture":"#0"},"south":{"uv":[5.25,6.75,5.5,7.25],"texture":"#0"},"west":{"uv":[5.25,3.5,5.75,4],"texture":"#0"},"up":{"uv":[5.75,7.25,5.5,6.75],"texture":"#0"},"down":{"uv":[7,5.5,6.75,6],"texture":"#0"}}},{"from":[7.575,11.11773,11.97999],"to":[8.425,13.29273,13.47999],"rotation":{"angle":45,"axis":"x","origin":[7.5,13.11773,13.47999]},"faces":{"north":{"uv":[5.75,6.75,6,7.25],"texture":"#0"},"east":{"uv":[5.5,0.5,6,1],"texture":"#0"},"south":{"uv":[6,6.75,6.25,7.25],"texture":"#0"},"west":{"uv":[6,0.5,5.5,1],"texture":"#0"},"up":{"uv":[7,6.5,6.75,6],"texture":"#0"},"down":{"uv":[6.5,6.75,6.25,7.25],"texture":"#0"}}},{"from":[7.8,11.11773,13.47999],"to":[8.2,13.36773,13.67999],"rotation":{"angle":45,"axis":"x","origin":[7.5,13.11773,13.47999]},"faces":{"north":{"uv":[6.5,6.75,6.75,7.25],"texture":"#0"},"east":{"uv":[6.75,6.5,7,7],"texture":"#0"},"south":{"uv":[0,7,0.25,7.5],"texture":"#0"},"west":{"uv":[7,0,7.25,0.5],"texture":"#0"},"up":{"uv":[6,5.5,5.75,5.25],"texture":"#0"},"down":{"uv":[6.5,3.75,6.25,4],"texture":"#0"}}},{"from":[8,11.11773,13.67999],"to":[8,13.41773,13.77999],"rotation":{"angle":45,"axis":"x","origin":[7.5,13.11773,13.47999]},"faces":{"north":{"uv":[0,0,0,0.5],"texture":"#0"},"east":{"uv":[0.25,7,0.5,7.5],"texture":"#0"},"south":{"uv":[0,0,0,0.5],"texture":"#0"},"west":{"uv":[0.5,7,0.75,7.5],"texture":"#0"},"up":{"uv":[0,0.25,0,0],"texture":"#0"},"down":{"uv":[0,0,0,0.25],"texture":"#0"}}},{"from":[7.6,10.26418,11.00511],"to":[8.4,12.76418,12.50511],"rotation":{"angle":0,"axis":"y","origin":[8,12.65323,9.16648]},"faces":{"north":{"uv":[5.75,4.5,6,5.25],"texture":"#0"},"east":{"uv":[4.25,0.75,4.75,1.5],"texture":"#0"},"south":{"uv":[1.5,6,1.75,6.75],"texture":"#0"},"west":{"uv":[4.75,0.75,4.25,1.5],"texture":"#0"},"up":{"uv":[7.25,1,7,0.5],"texture":"#0"},"down":{"uv":[1,7,0.75,7.5],"texture":"#0"}}},{"from":[7.8,10.21418,12.50511],"to":[8.2,12.76418,12.70511],"rotation":{"angle":0,"axis":"y","origin":[8,12.65323,9.16648]},"faces":{"north":{"uv":[1.75,6,2,6.75],"texture":"#0"},"east":{"uv":[2,6,2.25,6.75],"texture":"#0"},"south":{"uv":[6,2,6.25,2.75],"texture":"#0"},"west":{"uv":[2.25,6,2.5,6.75],"texture":"#0"},"up":{"uv":[4.75,7.75,4.5,7.5],"texture":"#0"},"down":{"uv":[6,8.25,5.75,8.5],"texture":"#0"}}},{"from":[8,10.18918,12.70511],"to":[8,12.76418,12.80511],"rotation":{"angle":0,"axis":"y","origin":[8,12.65323,9.16648]},"faces":{"north":{"uv":[0,0,0,0.75],"texture":"#0"},"east":{"uv":[2.5,6,2.75,6.75],"texture":"#0"},"south":{"uv":[0,0,0,0.75],"texture":"#0"},"west":{"uv":[2.75,6,3,6.75],"texture":"#0"},"up":{"uv":[0,0.25,0,0],"texture":"#0"},"down":{"uv":[0,0,0,0.25],"texture":"#0"}}},{"from":[7.6,7.7928,11.00511],"to":[8.4,10.26418,11.48144],"rotation":{"angle":0,"axis":"y","origin":[8,12.65323,9.16648]},"faces":{"north":{"uv":[1,7,1.25,7.5],"texture":"#0"},"east":{"uv":[7,1.5,7.25,2],"texture":"#0"},"south":{"uv":[1.25,7,1.5,7.5],"texture":"#0"},"west":{"uv":[7,1.5,7.25,2],"texture":"#0"},"up":{"uv":[8.5,6,8.25,5.75],"texture":"#0"},"down":{"uv":[6.25,8.25,6,8.5],"texture":"#0"}}},{"from":[7.65,9.0928,11.48144],"to":[8.35,10.26418,11.98144],"rotation":{"angle":0,"axis":"y","origin":[8,12.65323,9.16648]},"faces":{"north":{"uv":[8.25,6,8.5,6.25],"texture":"#0"},"east":{"uv":[6.25,8.25,6.5,8.5],"texture":"#0"},"south":{"uv":[8.25,6.25,8.5,6.5],"texture":"#0"},"west":{"uv":[6.5,8.25,6.75,8.5],"texture":"#0"},"up":{"uv":[8.5,6.75,8.25,6.5],"texture":"#0"},"down":{"uv":[7,8.25,6.75,8.5],"texture":"#0"}}},{"from":[7.625,8.87526,12.21679],"to":[8.375,11.55026,12.71679],"rotation":{"angle":22.5,"axis":"x","origin":[8,11.43931,9.37816]},"faces":{"north":{"uv":[6,2.75,6.25,3.5],"texture":"#0"},"east":{"uv":[3.5,6,3.75,6.75],"texture":"#0"},"south":{"uv":[3.25,6,3.5,6.75],"texture":"#0"},"west":{"uv":[3.5,6,3.75,6.75],"texture":"#0"},"up":{"uv":[8.5,7,8.25,6.75],"texture":"#0"},"down":{"uv":[7.25,8.25,7,8.5],"texture":"#0"}}},{"from":[7.8,8.87526,12.71679],"to":[8.2,11.58061,12.9207],"rotation":{"angle":22.5,"axis":"x","origin":[8,11.43931,9.37816]},"faces":{"north":{"uv":[3.75,6,4,6.75],"texture":"#0"},"east":{"uv":[4,6,4.25,6.75],"texture":"#0"},"south":{"uv":[4.25,6,4.5,6.75],"texture":"#0"},"west":{"uv":[4.5,6,4.75,6.75],"texture":"#0"},"up":{"uv":[8.5,7.25,8.25,7],"texture":"#0"},"down":{"uv":[7.5,8.25,7.25,8.5],"texture":"#0"}}},{"from":[8,8.87526,12.91679],"to":[8,11.60026,13.01679],"rotation":{"angle":22.5,"axis":"x","origin":[8,11.43931,9.37816]},"faces":{"north":{"uv":[0,0,0,0.75],"texture":"#0"},"east":{"uv":[6,4.5,6.25,5.25],"texture":"#0"},"south":{"uv":[0,0,0,0.75],"texture":"#0"},"west":{"uv":[4.75,6,5,6.75],"texture":"#0"},"up":{"uv":[0,0.25,0,0],"texture":"#0"},"down":{"uv":[0,0,0,0.25],"texture":"#0"}}},{"from":[7.6,18.86647,12.10373],"to":[8.4,21.63811,12.45568],"rotation":{"angle":0,"axis":"y","origin":[8,18.75552,10.26509]},"faces":{"north":{"uv":[5,6,5.25,6.75],"texture":"#0"},"east":{"uv":[6.5,0.75,6.75,1.5],"texture":"#0"},"south":{"uv":[6,5.25,6.25,6],"texture":"#0"},"west":{"uv":[6.5,0.75,6.75,1.5],"texture":"#0"},"up":{"uv":[8.5,7.5,8.25,7.25],"texture":"#0"},"down":{"uv":[7.75,8.25,7.5,8.5],"texture":"#0"}}},{"from":[7.7,21.63811,12.10373],"to":[8.3,21.71981,12.65291],"rotation":{"angle":0,"axis":"y","origin":[8,18.75552,10.26509]},"faces":{"north":{"uv":[8.25,7.5,8.5,7.75],"texture":"#0"},"east":{"uv":[7.75,8.25,8,8.5],"texture":"#0"},"south":{"uv":[8,8.25,8.25,8.5],"texture":"#0"},"west":{"uv":[8.25,8.25,8.5,8.5],"texture":"#0"},"up":{"uv":[0.25,8.75,0,8.5],"texture":"#0"},"down":{"uv":[8.75,0,8.5,0.25],"texture":"#0"}}},{"from":[7.9,21.70807,12.10373],"to":[8.1,21.75807,12.7453],"rotation":{"angle":0,"axis":"y","origin":[8,18.55552,10.26509]},"faces":{"north":{"uv":[0.25,8.5,0.5,8.75],"texture":"#0"},"east":{"uv":[8.5,0.25,8.75,0.5],"texture":"#0"},"south":{"uv":[0.5,8.5,0.75,8.75],"texture":"#0"},"west":{"uv":[8.5,0.5,8.75,0.75],"texture":"#0"},"up":{"uv":[1,8.75,0.75,8.5],"texture":"#0"},"down":{"uv":[8.75,0.75,8.5,1],"texture":"#0"}}},{"from":[7.625,18.86647,12.45568],"to":[8.375,19.81311,13.20568],"rotation":{"angle":0,"axis":"y","origin":[8,18.75552,10.26509]},"faces":{"north":{"uv":[1,8.5,1.25,8.75],"texture":"#0"},"east":{"uv":[8.5,1,8.75,1.25],"texture":"#0"},"south":{"uv":[1.25,8.5,1.5,8.75],"texture":"#0"},"west":{"uv":[8.5,1.25,8.75,1.5],"texture":"#0"},"up":{"uv":[1.75,8.75,1.5,8.5],"texture":"#0"},"down":{"uv":[8.75,1.5,8.5,1.75],"texture":"#0"}}},{"from":[7.625,19.81311,12.45568],"to":[8.375,20.66311,12.80568],"rotation":{"angle":0,"axis":"y","origin":[8,18.75552,10.26509]},"faces":{"north":{"uv":[1.75,8.5,2,8.75],"texture":"#0"},"east":{"uv":[8.5,1.75,8.75,2],"texture":"#0"},"south":{"uv":[2,8.5,2.25,8.75],"texture":"#0"},"west":{"uv":[8.5,2,8.75,2.25],"texture":"#0"},"up":{"uv":[2.5,8.75,2.25,8.5],"texture":"#0"},"down":{"uv":[8.75,2.25,8.5,2.5],"texture":"#0"}}},{"from":[7.6,17.21668,11.61191],"to":[8.4,20.21668,11.98691],"rotation":{"angle":-22.5,"axis":"x","origin":[8,22.10572,8.64828]},"faces":{"north":{"uv":[6.25,4.5,6.5,5.25],"texture":"#0"},"east":{"uv":[6.25,4.5,6.5,5.25],"texture":"#0"},"south":{"uv":[0,6.25,0.25,7],"texture":"#0"},"west":{"uv":[6.25,4.5,6.5,5.25],"texture":"#0"},"up":{"uv":[2.75,8.75,2.5,8.5],"texture":"#0"},"down":{"uv":[8.75,2.5,8.5,2.75],"texture":"#0"}}},{"from":[7.8,17.20943,11.98691],"to":[8.2,20.21668,12.20039],"rotation":{"angle":-22.5,"axis":"x","origin":[8,22.10572,8.64828]},"faces":{"north":{"uv":[0.25,6.25,0.5,7],"texture":"#0"},"east":{"uv":[0.5,6.25,0.75,7],"texture":"#0"},"south":{"uv":[0.75,6.25,1,7],"texture":"#0"},"west":{"uv":[6.25,0.75,6.5,1.5],"texture":"#0"},"up":{"uv":[3,8.75,2.75,8.5],"texture":"#0"},"down":{"uv":[8.75,2.75,8.5,3],"texture":"#0"}}},{"from":[8,17.18443,12.20039],"to":[8,20.21668,12.30039],"rotation":{"angle":-22.5,"axis":"x","origin":[8,22.10572,8.64828]},"faces":{"north":{"uv":[0,0,0,0.75],"texture":"#0"},"east":{"uv":[1,6.25,1.25,7],"texture":"#0"},"south":{"uv":[0,0,0,0.75],"texture":"#0"},"west":{"uv":[1.25,6.25,1.5,7],"texture":"#0"},"up":{"uv":[0,0.25,0,0],"texture":"#0"},"down":{"uv":[0,0,0,0.25],"texture":"#0"}}},{"from":[7.8,13.14147,13.60373],"to":[8.2,18.94147,13.80373],"rotation":{"angle":0,"axis":"y","origin":[8,18.75552,10.26509]},"faces":{"north":{"uv":[1.25,3.75,1.5,5.25],"texture":"#0"},"east":{"uv":[3.75,3,4,4.5],"texture":"#0"},"south":{"uv":[4,0,4.25,1.5],"texture":"#0"},"west":{"uv":[1.5,4,1.75,5.5],"texture":"#0"},"up":{"uv":[3.25,8.75,3,8.5],"texture":"#0"},"down":{"uv":[8.75,3,8.5,3.25],"texture":"#0"}}},{"from":[8,13.11647,13.80373],"to":[8,18.99147,13.90373],"rotation":{"angle":0,"axis":"y","origin":[8,18.75552,10.26509]},"faces":{"north":{"uv":[0,0,0,1.5],"texture":"#0"},"east":{"uv":[4,1.5,4.25,3],"texture":"#0"},"south":{"uv":[0,0,0,1.5],"texture":"#0"},"west":{"uv":[1.75,4,2,5.5],"texture":"#0"},"up":{"uv":[0,0.25,0,0],"texture":"#0"},"down":{"uv":[0,0,0,0.25],"texture":"#0"}}},{"from":[7.6,13.24147,2.39627],"to":[8.4,18.86647,3.89627],"rotation":{"angle":0,"axis":"y","origin":[8,18.75552,5.73491]},"faces":{"north":{"uv":[2,4,2.25,5.5],"texture":"#0"},"east":{"uv":[3,1.5,2.5,3],"texture":"#0"},"south":{"uv":[2.25,4,2.5,5.5],"texture":"#0"},"west":{"uv":[2.5,1.5,3,3],"texture":"#0"},"up":{"uv":[7.25,2.5,7,2],"texture":"#0"},"down":{"uv":[7.25,2.5,7,3],"texture":"#0"}}},{"from":[7.8,13.14147,2.19627],"to":[8.2,18.94147,2.39627],"rotation":{"angle":0,"axis":"y","origin":[8,18.75552,5.73491]},"faces":{"north":{"uv":[2.5,4,2.75,5.5],"texture":"#0"},"east":{"uv":[2.75,4,3,5.5],"texture":"#0"},"south":{"uv":[3,4,3.25,5.5],"texture":"#0"},"west":{"uv":[4,3,4.25,4.5],"texture":"#0"},"up":{"uv":[3.5,8.75,3.25,8.5],"texture":"#0"},"down":{"uv":[8.75,3.25,8.5,3.5],"texture":"#0"}}},{"from":[7.6,17.21668,4.01309],"to":[8.4,20.21668,4.38809],"rotation":{"angle":22.5,"axis":"x","origin":[8,22.10572,7.35172]},"faces":{"north":{"uv":[6.25,1.5,6.5,2.25],"texture":"#0"},"east":{"uv":[6.25,4.5,6.5,5.25],"texture":"#0"},"south":{"uv":[6.25,3,6.5,3.75],"texture":"#0"},"west":{"uv":[6.25,4.5,6.5,5.25],"texture":"#0"},"up":{"uv":[3.75,8.75,3.5,8.5],"texture":"#0"},"down":{"uv":[8.75,3.5,8.5,3.75],"texture":"#0"}}},{"from":[7.6,18.86647,3.54432],"to":[8.4,21.63811,3.89627],"rotation":{"angle":0,"axis":"y","origin":[8,18.75552,5.73491]},"faces":{"north":{"uv":[6.25,5.25,6.5,6],"texture":"#0"},"east":{"uv":[6.5,0.75,6.75,1.5],"texture":"#0"},"south":{"uv":[6.5,0,6.75,0.75],"texture":"#0"},"west":{"uv":[6.5,0.75,6.75,1.5],"texture":"#0"},"up":{"uv":[4,8.75,3.75,8.5],"texture":"#0"},"down":{"uv":[8.75,3.75,8.5,4],"texture":"#0"}}},{"from":[7.8,17.20943,3.79961],"to":[8.2,20.21668,4.01309],"rotation":{"angle":22.5,"axis":"x","origin":[8,22.10572,7.35172]},"faces":{"north":{"uv":[6.5,1.5,6.75,2.25],"texture":"#0"},"east":{"uv":[6.5,2.25,6.75,3],"texture":"#0"},"south":{"uv":[6.5,3,6.75,3.75],"texture":"#0"},"west":{"uv":[6.5,3.75,6.75,4.5],"texture":"#0"},"up":{"uv":[4.25,8.75,4,8.5],"texture":"#0"},"down":{"uv":[8.75,4,8.5,4.25],"texture":"#0"}}},{"from":[7.625,18.86647,2.79432],"to":[8.375,19.81311,3.54432],"rotation":{"angle":0,"axis":"y","origin":[8,18.75552,5.73491]},"faces":{"north":{"uv":[4.25,8.5,4.5,8.75],"texture":"#0"},"east":{"uv":[8.5,4.25,8.75,4.5],"texture":"#0"},"south":{"uv":[4.5,8.5,4.75,8.75],"texture":"#0"},"west":{"uv":[8.5,4.5,8.75,4.75],"texture":"#0"},"up":{"uv":[5,8.75,4.75,8.5],"texture":"#0"},"down":{"uv":[8.75,4.75,8.5,5],"texture":"#0"}}},{"from":[7.625,19.81311,3.19432],"to":[8.375,20.66311,3.54432],"rotation":{"angle":0,"axis":"y","origin":[8,18.75552,5.73491]},"faces":{"north":{"uv":[8.5,5,8.75,5.25],"texture":"#0"},"east":{"uv":[5.25,8.5,5.5,8.75],"texture":"#0"},"south":{"uv":[8.5,5.25,8.75,5.5],"texture":"#0"},"west":{"uv":[5.5,8.5,5.75,8.75],"texture":"#0"},"up":{"uv":[6,8.75,5.75,8.5],"texture":"#0"},"down":{"uv":[8.75,5.75,8.5,6],"texture":"#0"}}},{"from":[8,13.11647,2.09627],"to":[8,18.99147,2.19627],"rotation":{"angle":0,"axis":"y","origin":[8,18.75552,5.73491]},"faces":{"north":{"uv":[0,0,0,1.5],"texture":"#0"},"east":{"uv":[3.25,4,3.5,5.5],"texture":"#0"},"south":{"uv":[0,0,0,1.5],"texture":"#0"},"west":{"uv":[3.5,4,3.75,5.5],"texture":"#0"},"up":{"uv":[0,0.25,0,0],"texture":"#0"},"down":{"uv":[0,0,0,0.25],"texture":"#0"}}},{"from":[8,17.18443,3.69961],"to":[8,20.21668,3.79961],"rotation":{"angle":22.5,"axis":"x","origin":[8,22.10572,7.35172]},"faces":{"north":{"uv":[0,0,0,0.75],"texture":"#0"},"east":{"uv":[6.5,4.5,6.75,5.25],"texture":"#0"},"south":{"uv":[0,0,0,0.75],"texture":"#0"},"west":{"uv":[6.5,5.25,6.75,6],"texture":"#0"},"up":{"uv":[0,0.25,0,0],"texture":"#0"},"down":{"uv":[0,0,0,0.25],"texture":"#0"}}},{"from":[7.575,11.11773,2.52001],"to":[8.425,13.29273,4.02001],"rotation":{"angle":-45,"axis":"x","origin":[7.5,13.11773,2.52001]},"faces":{"north":{"uv":[7,3,7.25,3.5],"texture":"#0"},"east":{"uv":[6,0.5,5.5,1],"texture":"#0"},"south":{"uv":[7,3.5,7.25,4],"texture":"#0"},"west":{"uv":[5.5,0.5,6,1],"texture":"#0"},"up":{"uv":[7.25,4.5,7,4],"texture":"#0"},"down":{"uv":[4.5,7,4.25,7.5],"texture":"#0"}}},{"from":[7.6,10.26418,3.49489],"to":[8.4,12.76418,4.99489],"rotation":{"angle":0,"axis":"y","origin":[8,12.65323,6.83352]},"faces":{"north":{"uv":[6.5,6,6.75,6.75],"texture":"#0"},"east":{"uv":[4.75,0.75,4.25,1.5],"texture":"#0"},"south":{"uv":[6.75,0,7,0.75],"texture":"#0"},"west":{"uv":[4.25,0.75,4.75,1.5],"texture":"#0"},"up":{"uv":[4.75,7.5,4.5,7],"texture":"#0"},"down":{"uv":[7.25,4.5,7,5],"texture":"#0"}}},{"from":[7.625,8.87526,3.28321],"to":[8.375,11.55026,3.78321],"rotation":{"angle":-22.5,"axis":"x","origin":[8,11.43931,6.62184]},"faces":{"north":{"uv":[6.75,0.75,7,1.5],"texture":"#0"},"east":{"uv":[1.75,6.75,2,7.5],"texture":"#0"},"south":{"uv":[6.75,1.5,7,2.25],"texture":"#0"},"west":{"uv":[1.75,6.75,2,7.5],"texture":"#0"},"up":{"uv":[6.25,8.75,6,8.5],"texture":"#0"},"down":{"uv":[8.75,6,8.5,6.25],"texture":"#0"}}},{"from":[7.6,7.7928,4.51856],"to":[8.4,10.26418,4.99489],"rotation":{"angle":0,"axis":"y","origin":[8,12.65323,6.83352]},"faces":{"north":{"uv":[7,5,7.25,5.5],"texture":"#0"},"east":{"uv":[7,6.5,7.25,7],"texture":"#0"},"south":{"uv":[7,6,7.25,6.5],"texture":"#0"},"west":{"uv":[7,6.5,7.25,7],"texture":"#0"},"up":{"uv":[6.5,8.75,6.25,8.5],"texture":"#0"},"down":{"uv":[8.75,6.25,8.5,6.5],"texture":"#0"}}},{"from":[7.65,9.0928,4.01856],"to":[8.35,10.26418,4.51856],"rotation":{"angle":0,"axis":"y","origin":[8,12.65323,6.83352]},"faces":{"north":{"uv":[6.5,8.5,6.75,8.75],"texture":"#0"},"east":{"uv":[8.5,6.5,8.75,6.75],"texture":"#0"},"south":{"uv":[6.75,8.5,7,8.75],"texture":"#0"},"west":{"uv":[8.5,6.75,8.75,7],"texture":"#0"},"up":{"uv":[7.25,8.75,7,8.5],"texture":"#0"},"down":{"uv":[8.75,7,8.5,7.25],"texture":"#0"}}},{"from":[7.8,8.87526,3.0793],"to":[8.2,11.58061,3.28321],"rotation":{"angle":-22.5,"axis":"x","origin":[8,11.43931,6.62184]},"faces":{"north":{"uv":[2,6.75,2.25,7.5],"texture":"#0"},"east":{"uv":[2.25,6.75,2.5,7.5],"texture":"#0"},"south":{"uv":[6.75,2.25,7,3],"texture":"#0"},"west":{"uv":[2.5,6.75,2.75,7.5],"texture":"#0"},"up":{"uv":[7.5,8.75,7.25,8.5],"texture":"#0"},"down":{"uv":[8.75,7.25,8.5,7.5],"texture":"#0"}}},{"from":[8,8.87526,2.98321],"to":[8,11.60026,3.08321],"rotation":{"angle":-22.5,"axis":"x","origin":[8,11.43931,6.62184]},"faces":{"north":{"uv":[0,0,0,0.75],"texture":"#0"},"east":{"uv":[2.75,6.75,3,7.5],"texture":"#0"},"south":{"uv":[0,0,0,0.75],"texture":"#0"},"west":{"uv":[3,6.75,3.25,7.5],"texture":"#0"},"up":{"uv":[0,0.25,0,0],"texture":"#0"},"down":{"uv":[0,0,0,0.25],"texture":"#0"}}},{"from":[7.8,10.21418,3.29489],"to":[8.2,12.76418,3.49489],"rotation":{"angle":0,"axis":"y","origin":[8,12.65323,6.83352]},"faces":{"north":{"uv":[6.75,3,7,3.75],"texture":"#0"},"east":{"uv":[3.25,6.75,3.5,7.5],"texture":"#0"},"south":{"uv":[3.5,6.75,3.75,7.5],"texture":"#0"},"west":{"uv":[3.75,6.75,4,7.5],"texture":"#0"},"up":{"uv":[7.75,8.75,7.5,8.5],"texture":"#0"},"down":{"uv":[8.75,7.5,8.5,7.75],"texture":"#0"}}},{"from":[8,10.18918,3.19489],"to":[8,12.76418,3.29489],"rotation":{"angle":0,"axis":"y","origin":[8,12.65323,6.83352]},"faces":{"north":{"uv":[0,0,0,0.75],"texture":"#0"},"east":{"uv":[6.75,3.75,7,4.5],"texture":"#0"},"south":{"uv":[0,0,0,0.75],"texture":"#0"},"west":{"uv":[4,6.75,4.25,7.5],"texture":"#0"},"up":{"uv":[0,0.25,0,0],"texture":"#0"},"down":{"uv":[0,0,0,0.25],"texture":"#0"}}},{"from":[7.8,11.11773,2.32001],"to":[8.2,13.36773,2.52001],"rotation":{"angle":-45,"axis":"x","origin":[7.5,13.11773,2.52001]},"faces":{"north":{"uv":[6.75,7,7,7.5],"texture":"#0"},"east":{"uv":[7,7,7.25,7.5],"texture":"#0"},"south":{"uv":[7.25,0,7.5,0.5],"texture":"#0"},"west":{"uv":[7.25,0.5,7.5,1],"texture":"#0"},"up":{"uv":[8,8.75,7.75,8.5],"texture":"#0"},"down":{"uv":[8.75,7.75,8.5,8],"texture":"#0"}}},{"from":[8,11.11773,2.22001],"to":[8,13.41773,2.32001],"rotation":{"angle":-45,"axis":"x","origin":[7.5,13.11773,2.52001]},"faces":{"north":{"uv":[0,0,0,0.5],"texture":"#0"},"east":{"uv":[7.25,1,7.5,1.5],"texture":"#0"},"south":{"uv":[0,0,0,0.5],"texture":"#0"},"west":{"uv":[7.25,1.5,7.5,2],"texture":"#0"},"up":{"uv":[0,0.25,0,0],"texture":"#0"},"down":{"uv":[0,0,0,0.25],"texture":"#0"}}},{"from":[7.625,16.36647,3.89627],"to":[8.375,17.86647,7.89627],"rotation":{"angle":22.5,"axis":"x","origin":[7.6,17.86647,3.89627]},"faces":{"north":{"uv":[7.25,2,7.5,2.5],"texture":"#0"},"east":{"uv":[4,2.5,3,3],"texture":"#0"},"south":{"uv":[7.25,2.5,7.5,3],"texture":"#0"},"west":{"uv":[3,2.5,4,3],"texture":"#0"},"up":{"uv":[1.5,6.25,1.25,5.25],"texture":"#0"},"down":{"uv":[5.75,1,5.5,2],"texture":"#0"}}},{"from":[7.65,14.83574,2.74822],"to":[8.35,16.33574,4.74822],"rotation":{"angle":-22.5,"axis":"x","origin":[7.6,16.33574,2.74822]},"faces":{"north":{"uv":[7.25,3,7.5,3.5],"texture":"#0"},"east":{"uv":[1.5,5.5,2,6],"texture":"#0"},"south":{"uv":[7.25,3.5,7.5,4],"texture":"#0"},"west":{"uv":[2,5.5,2.5,6],"texture":"#0"},"up":{"uv":[7.5,4.5,7.25,4],"texture":"#0"},"down":{"uv":[7.5,4.5,7.25,5],"texture":"#0"}}},{"from":[6.575,13.7,8.00355],"to":[9.425,15.4,9.70355],"rotation":{"angle":-45,"axis":"x","origin":[8,13.7,8]},"faces":{"north":{"uv":[4.25,1.5,5,2],"texture":"#0"},"east":{"uv":[3,5.5,2.5,6],"texture":"#0"},"south":{"uv":[4.25,2,5,2.5],"texture":"#0"},"west":{"uv":[2.5,5.5,3,6],"texture":"#0"},"up":{"uv":[5,3,4.25,2.5],"texture":"#0"},"down":{"uv":[5,3,4.25,3.5],"texture":"#0"}}},{"from":[7,12.69957,6.30546],"to":[9,15.69957,9.69957],"rotation":{"angle":0,"axis":"y","origin":[8,13.41673,6.58475]},"faces":{"north":{"uv":[4.25,3.5,4.75,4.25],"texture":"#0"},"east":{"uv":[3,0,3.75,0.75],"texture":"#0"},"south":{"uv":[4.25,4.25,4.75,5],"texture":"#0"},"west":{"uv":[3,0.75,3.75,1.5],"texture":"#0"},"up":{"uv":[0.75,5.25,0.25,4.5],"texture":"#0"},"down":{"uv":[1.25,4.5,0.75,5.25],"texture":"#0"}}},{"from":[7.1,-0.77817,7.24264],"to":[8.9,0.82183,8.84264],"rotation":{"angle":-45,"axis":"x","origin":[8,0,8]},"faces":{"north":{"uv":[5.5,2.5,6,3],"texture":"#0"},"east":{"uv":[3,5.5,3.5,6],"texture":"#0"},"south":{"uv":[5.5,3,6,3.5],"texture":"#0"},"west":{"uv":[3.5,5.5,4,6],"texture":"#0"},"up":{"uv":[4.5,6,4,5.5],"texture":"#0"},"down":{"uv":[5,5.5,4.5,6],"texture":"#0"}}},{"from":[7.125,-1.90203,7.1402],"to":[8.875,0.39797,7.7402],"rotation":{"angle":-22.5,"axis":"x","origin":[8,-0.42385,7.89756]},"faces":{"north":{"uv":[5,5.5,5.5,6],"texture":"#0"},"east":{"uv":[4.75,7.25,5,7.75],"texture":"#0"},"south":{"uv":[5.5,5.5,6,6],"texture":"#0"},"west":{"uv":[5,7.25,5.25,7.75],"texture":"#0"},"up":{"uv":[7.75,5.25,7.25,5],"texture":"#0"},"down":{"uv":[5.75,7.25,5.25,7.5],"texture":"#0"}}},{"from":[7.2,-1.90203,6.6402],"to":[8.8,-0.60203,7.1402],"rotation":{"angle":-22.5,"axis":"x","origin":[8,-0.42385,7.89756]},"faces":{"north":{"uv":[7.25,5.25,7.75,5.5],"texture":"#0"},"east":{"uv":[8,8.5,8.25,8.75],"texture":"#0"},"south":{"uv":[7.25,5.5,7.75,5.75],"texture":"#0"},"west":{"uv":[8.5,8,8.75,8.25],"texture":"#0"},"up":{"uv":[6.25,7.5,5.75,7.25],"texture":"#0"},"down":{"uv":[7.75,5.75,7.25,6],"texture":"#0"}}},{"from":[7.225,-2.47934,7.26352],"to":[8.775,-2.07934,8.73648],"rotation":{"angle":0,"axis":"y","origin":[8,-1.90116,8.52088]},"faces":{"north":{"uv":[7.25,6,7.75,6.25],"texture":"#0"},"east":{"uv":[8.25,8.5,8.5,8.75],"texture":"#0"},"south":{"uv":[6.25,7.25,6.75,7.5],"texture":"#0"},"west":{"uv":[8.5,8.25,8.75,8.5],"texture":"#0"},"up":{"uv":[7.75,6.5,7.25,6.25],"texture":"#0"},"down":{"uv":[7.75,6.5,7.25,6.75],"texture":"#0"}}},{"from":[7.2,-3.38273,7.27405],"to":[8.8,-2.68273,9.17405],"rotation":{"angle":22.5,"axis":"x","origin":[8,-2.50456,8.53141]},"faces":{"north":{"uv":[7.25,6.75,7.75,7],"texture":"#0"},"east":{"uv":[7.25,7,7.75,7.25],"texture":"#0"},"south":{"uv":[7.25,7.25,7.75,7.5],"texture":"#0"},"west":{"uv":[0,7.5,0.5,7.75],"texture":"#0"},"up":{"uv":[0.5,6.25,0,5.75],"texture":"#0"},"down":{"uv":[6.25,0,5.75,0.5],"texture":"#0"}}},{"from":[7.2,-2.40108,7.69379],"to":[8.8,-1.90108,8.09379],"rotation":{"angle":-45,"axis":"x","origin":[8,-3.15844,8.27197]},"faces":{"north":{"uv":[7.5,0,8,0.25],"texture":"#0"},"east":{"uv":[8.5,8.5,8.75,8.75],"texture":"#0"},"south":{"uv":[7.5,0.25,8,0.5],"texture":"#0"},"west":{"uv":[0,8.75,0.25,9],"texture":"#0"},"up":{"uv":[1,7.75,0.5,7.5],"texture":"#0"},"down":{"uv":[8,0.5,7.5,0.75],"texture":"#0"}}},{"from":[7.2,-2.9059,7.20387],"to":[8.8,-2.3059,7.72887],"rotation":{"angle":-22.5,"axis":"x","origin":[8,-3.66326,7.78204]},"faces":{"north":{"uv":[7.5,0.75,8,1],"texture":"#0"},"east":{"uv":[8.75,0,9,0.25],"texture":"#0"},"south":{"uv":[1,7.5,1.5,7.75],"texture":"#0"},"west":{"uv":[0.25,8.75,0.5,9],"texture":"#0"},"up":{"uv":[8,1.25,7.5,1],"texture":"#0"},"down":{"uv":[8,1.25,7.5,1.5],"texture":"#0"}}},{"from":[7.225,-3.86023,7.03348],"to":[8.775,-2.86023,7.35848],"rotation":{"angle":-22.5,"axis":"x","origin":[8,-4.21758,7.61165]},"faces":{"north":{"uv":[1.5,7.5,2,7.75],"texture":"#0"},"east":{"uv":[8.75,0.25,9,0.5],"texture":"#0"},"south":{"uv":[7.5,1.5,8,1.75],"texture":"#0"},"west":{"uv":[0.5,8.75,0.75,9],"texture":"#0"},"up":{"uv":[8,2,7.5,1.75],"texture":"#0"},"down":{"uv":[2.5,7.5,2,7.75],"texture":"#0"}}},{"from":[7.225,-3.98431,6.891],"to":[8.775,-2.98431,7.241],"rotation":{"angle":0,"axis":"y","origin":[8,-4.34167,7.49417]},"faces":{"north":{"uv":[7.5,2,8,2.25],"texture":"#0"},"east":{"uv":[8.75,0.5,9,0.75],"texture":"#0"},"south":{"uv":[7.5,2.25,8,2.5],"texture":"#0"},"west":{"uv":[0.75,8.75,1,9],"texture":"#0"},"up":{"uv":[3,7.75,2.5,7.5],"texture":"#0"},"down":{"uv":[8,2.5,7.5,2.75],"texture":"#0"}}},{"from":[7.2,-3.18481,6.55805],"to":[8.8,-2.58481,6.95805],"rotation":{"angle":0,"axis":"y","origin":[8,-3.94217,7.13623]},"faces":{"north":{"uv":[7.5,2.75,8,3],"texture":"#0"},"east":{"uv":[8.75,0.75,9,1],"texture":"#0"},"south":{"uv":[3,7.5,3.5,7.75],"texture":"#0"},"west":{"uv":[1,8.75,1.25,9],"texture":"#0"},"up":{"uv":[8,3.25,7.5,3],"texture":"#0"},"down":{"uv":[8,3.25,7.5,3.5],"texture":"#0"}}},{"from":[7.2,-3.19534,5.85466],"to":[8.8,-2.59534,6.25466],"rotation":{"angle":22.5,"axis":"x","origin":[8,-3.9527,6.43283]},"faces":{"north":{"uv":[3.5,7.5,4,7.75],"texture":"#0"},"east":{"uv":[8.75,1,9,1.25],"texture":"#0"},"south":{"uv":[7.5,3.5,8,3.75],"texture":"#0"},"west":{"uv":[1.25,8.75,1.5,9],"texture":"#0"},"up":{"uv":[8,4,7.5,3.75],"texture":"#0"},"down":{"uv":[4.5,7.5,4,7.75],"texture":"#0"}}},{"from":[7.2,-2.9359,5.20078],"to":[8.8,-2.2359,5.67578],"rotation":{"angle":45,"axis":"x","origin":[8,-3.69326,5.77895]},"faces":{"north":{"uv":[7.5,4,8,4.25],"texture":"#0"},"east":{"uv":[8.75,1.25,9,1.5],"texture":"#0"},"south":{"uv":[7.5,4.25,8,4.5],"texture":"#0"},"west":{"uv":[1.5,8.75,1.75,9],"texture":"#0"},"up":{"uv":[8,4.75,7.5,4.5],"texture":"#0"},"down":{"uv":[8,4.75,7.5,5],"texture":"#0"}}},{"from":[7.2,-3.02516,6.03149],"to":[8.8,-2.62516,6.73149],"rotation":{"angle":-22.5,"axis":"x","origin":[8,-3.20333,5.27413]},"faces":{"north":{"uv":[5.25,7.5,5.75,7.75],"texture":"#0"},"east":{"uv":[8.75,1.5,9,1.75],"texture":"#0"},"south":{"uv":[5.75,7.5,6.25,7.75],"texture":"#0"},"west":{"uv":[1.75,8.75,2,9],"texture":"#0"},"up":{"uv":[6.75,7.75,6.25,7.5],"texture":"#0"},"down":{"uv":[7.25,7.5,6.75,7.75],"texture":"#0"}}},{"from":[7.2,-2.37934,5.75258],"to":[8.8,-1.97934,6.45258],"rotation":{"angle":0,"axis":"y","origin":[8,-2.55751,4.99522]},"faces":{"north":{"uv":[7.25,7.5,7.75,7.75],"texture":"#0"},"east":{"uv":[8.75,1.75,9,2],"texture":"#0"},"south":{"uv":[0,7.75,0.5,8],"texture":"#0"},"west":{"uv":[2,8.75,2.25,9],"texture":"#0"},"up":{"uv":[1,8,0.5,7.75],"texture":"#0"},"down":{"uv":[1.5,7.75,1,8],"texture":"#0"}}},{"from":[7.2,-1.67595,5.74205],"to":[8.8,-1.17595,6.44205],"rotation":{"angle":22.5,"axis":"x","origin":[8,-1.85412,4.98469]},"faces":{"north":{"uv":[1.5,7.75,2,8],"texture":"#0"},"east":{"uv":[8.75,2,9,2.25],"texture":"#0"},"south":{"uv":[2,7.75,2.5,8],"texture":"#0"},"west":{"uv":[2.25,8.75,2.5,9],"texture":"#0"},"up":{"uv":[3,8,2.5,7.75],"texture":"#0"},"down":{"uv":[3.5,7.75,3,8],"texture":"#0"}}},{"from":[7.2,-0.82401,5.89123],"to":[8.8,-0.55614,6.53795],"rotation":{"angle":45,"axis":"x","origin":[8,-1.23431,5.08059]},"faces":{"north":{"uv":[3.5,7.75,4,8],"texture":"#0"},"east":{"uv":[8.75,2.25,9,2.5],"texture":"#0"},"south":{"uv":[4,7.75,4.5,8],"texture":"#0"},"west":{"uv":[2.5,8.75,2.75,9],"texture":"#0"},"up":{"uv":[5,8,4.5,7.75],"texture":"#0"},"down":{"uv":[5.5,7.75,5,8],"texture":"#0"}}},{"from":[7.2,-3.38273,6.82595],"to":[8.8,-2.68273,8.72595],"rotation":{"angle":-22.5,"axis":"x","origin":[8,-2.50456,7.46859]},"faces":{"north":{"uv":[7.75,5,8.25,5.25],"texture":"#0"},"east":{"uv":[7.75,5.25,8.25,5.5],"texture":"#0"},"south":{"uv":[5.5,7.75,6,8],"texture":"#0"},"west":{"uv":[7.75,5.5,8.25,5.75],"texture":"#0"},"up":{"uv":[1.25,6.25,0.75,5.75],"texture":"#0"},"down":{"uv":[6.25,1,5.75,1.5],"texture":"#0"}}},{"from":[7.2,-2.40108,7.90621],"to":[8.8,-1.90108,8.30621],"rotation":{"angle":45,"axis":"x","origin":[8,-3.15844,7.72803]},"faces":{"north":{"uv":[7.75,5.75,8.25,6],"texture":"#0"},"east":{"uv":[8.75,2.5,9,2.75],"texture":"#0"},"south":{"uv":[6,7.75,6.5,8],"texture":"#0"},"west":{"uv":[2.75,8.75,3,9],"texture":"#0"},"up":{"uv":[8.25,6.25,7.75,6],"texture":"#0"},"down":{"uv":[8.25,6.25,7.75,6.5],"texture":"#0"}}},{"from":[7.2,-2.9059,8.27113],"to":[8.8,-2.3059,8.79613],"rotation":{"angle":22.5,"axis":"x","origin":[8,-3.66326,8.21796]},"faces":{"north":{"uv":[6.5,7.75,7,8],"texture":"#0"},"east":{"uv":[8.75,2.75,9,3],"texture":"#0"},"south":{"uv":[7.75,6.5,8.25,6.75],"texture":"#0"},"west":{"uv":[3,8.75,3.25,9],"texture":"#0"},"up":{"uv":[8.25,7,7.75,6.75],"texture":"#0"},"down":{"uv":[7.5,7.75,7,8],"texture":"#0"}}},{"from":[7.2,-3.18481,9.04195],"to":[8.8,-2.58481,9.44195],"rotation":{"angle":0,"axis":"y","origin":[8,-3.94217,8.86377]},"faces":{"north":{"uv":[7.75,7,8.25,7.25],"texture":"#0"},"east":{"uv":[8.75,3,9,3.25],"texture":"#0"},"south":{"uv":[7.75,7.25,8.25,7.5],"texture":"#0"},"west":{"uv":[3.25,8.75,3.5,9],"texture":"#0"},"up":{"uv":[8,8,7.5,7.75],"texture":"#0"},"down":{"uv":[8.25,7.5,7.75,7.75],"texture":"#0"}}},{"from":[7.2,-3.19534,9.74534],"to":[8.8,-2.59534,10.14534],"rotation":{"angle":-22.5,"axis":"x","origin":[8,-3.9527,9.56717]},"faces":{"north":{"uv":[0,8,0.5,8.25],"texture":"#0"},"east":{"uv":[8.75,3.25,9,3.5],"texture":"#0"},"south":{"uv":[8,0,8.5,0.25],"texture":"#0"},"west":{"uv":[3.5,8.75,3.75,9],"texture":"#0"},"up":{"uv":[8.5,0.5,8,0.25],"texture":"#0"},"down":{"uv":[1,8,0.5,8.25],"texture":"#0"}}},{"from":[7.2,-2.9359,10.32422],"to":[8.8,-2.2359,10.79922],"rotation":{"angle":-45,"axis":"x","origin":[8,-3.69326,10.22105]},"faces":{"north":{"uv":[8,0.5,8.5,0.75],"texture":"#0"},"east":{"uv":[8.75,3.5,9,3.75],"texture":"#0"},"south":{"uv":[8,0.75,8.5,1],"texture":"#0"},"west":{"uv":[3.75,8.75,4,9],"texture":"#0"},"up":{"uv":[1.5,8.25,1,8],"texture":"#0"},"down":{"uv":[8.5,1,8,1.25],"texture":"#0"}}},{"from":[7.2,-3.02516,9.26851],"to":[8.8,-2.62516,9.96851],"rotation":{"angle":22.5,"axis":"x","origin":[8,-3.20333,10.72587]},"faces":{"north":{"uv":[8,1.25,8.5,1.5],"texture":"#0"},"east":{"uv":[8.75,3.75,9,4],"texture":"#0"},"south":{"uv":[1.5,8,2,8.25],"texture":"#0"},"west":{"uv":[4,8.75,4.25,9],"texture":"#0"},"up":{"uv":[8.5,1.75,8,1.5],"texture":"#0"},"down":{"uv":[8.5,1.75,8,2],"texture":"#0"}}},{"from":[7.2,-2.37934,9.54742],"to":[8.8,-1.97934,10.24742],"rotation":{"angle":0,"axis":"y","origin":[8,-2.55751,11.00478]},"faces":{"north":{"uv":[2,8,2.5,8.25],"texture":"#0"},"east":{"uv":[8.75,4,9,4.25],"texture":"#0"},"south":{"uv":[8,2,8.5,2.25],"texture":"#0"},"west":{"uv":[4.25,8.75,4.5,9],"texture":"#0"},"up":{"uv":[8.5,2.5,8,2.25],"texture":"#0"},"down":{"uv":[3,8,2.5,8.25],"texture":"#0"}}},{"from":[7.225,-3.86023,8.64152],"to":[8.775,-2.86023,8.96652],"rotation":{"angle":22.5,"axis":"x","origin":[8,-4.21758,8.38835]},"faces":{"north":{"uv":[8,2.5,8.5,2.75],"texture":"#0"},"east":{"uv":[8.75,4.25,9,4.5],"texture":"#0"},"south":{"uv":[8,2.75,8.5,3],"texture":"#0"},"west":{"uv":[4.5,8.75,4.75,9],"texture":"#0"},"up":{"uv":[3.5,8.25,3,8],"texture":"#0"},"down":{"uv":[8.5,3,8,3.25],"texture":"#0"}}},{"from":[7.225,-3.98431,8.759],"to":[8.775,-2.98431,9.109],"rotation":{"angle":0,"axis":"y","origin":[8,-4.34167,8.50583]},"faces":{"north":{"uv":[8,3.25,8.5,3.5],"texture":"#0"},"east":{"uv":[8.75,4.5,9,4.75],"texture":"#0"},"south":{"uv":[3.5,8,4,8.25],"texture":"#0"},"west":{"uv":[4.75,8.75,5,9],"texture":"#0"},"up":{"uv":[8.5,3.75,8,3.5],"texture":"#0"},"down":{"uv":[8.5,3.75,8,4],"texture":"#0"}}},{"from":[7.2,-1.67595,9.55795],"to":[8.8,-1.17595,10.25795],"rotation":{"angle":-22.5,"axis":"x","origin":[8,-1.85412,11.01531]},"faces":{"north":{"uv":[4,8,4.5,8.25],"texture":"#0"},"east":{"uv":[8.75,4.75,9,5],"texture":"#0"},"south":{"uv":[8,4,8.5,4.25],"texture":"#0"},"west":{"uv":[5,8.75,5.25,9],"texture":"#0"},"up":{"uv":[8.5,4.5,8,4.25],"texture":"#0"},"down":{"uv":[5,8,4.5,8.25],"texture":"#0"}}},{"from":[7.2,-0.82401,9.46205],"to":[8.8,-0.55614,10.10877],"rotation":{"angle":-45,"axis":"x","origin":[8,-1.23431,10.91941]},"faces":{"north":{"uv":[8,4.5,8.5,4.75],"texture":"#0"},"east":{"uv":[8.75,5,9,5.25],"texture":"#0"},"south":{"uv":[8,4.75,8.5,5],"texture":"#0"},"west":{"uv":[5.25,8.75,5.5,9],"texture":"#0"},"up":{"uv":[5.5,8.25,5,8],"texture":"#0"},"down":{"uv":[6,8,5.5,8.25],"texture":"#0"}}},{"from":[7.2,-1.06964,6.80409],"to":[8.8,-0.36964,7.20409],"rotation":{"angle":22.5,"axis":"x","origin":[7.1,-1.06964,6.80409]},"faces":{"north":{"uv":[6,8,6.5,8.25],"texture":"#0"},"east":{"uv":[8.75,5.25,9,5.5],"texture":"#0"},"south":{"uv":[6.5,8,7,8.25],"texture":"#0"},"west":{"uv":[5.5,8.75,5.75,9],"texture":"#0"},"up":{"uv":[7.5,8.25,7,8],"texture":"#0"},"down":{"uv":[8,8,7.5,8.25],"texture":"#0"}}},{"from":[7.2,-1.90203,8.8598],"to":[8.8,-0.60203,9.3598],"rotation":{"angle":22.5,"axis":"x","origin":[8,-0.42385,8.10244]},"faces":{"north":{"uv":[8,7.75,8.5,8],"texture":"#0"},"east":{"uv":[8.75,5.5,9,5.75],"texture":"#0"},"south":{"uv":[8,8,8.5,8.25],"texture":"#0"},"west":{"uv":[5.75,8.75,6,9],"texture":"#0"},"up":{"uv":[0.5,8.5,0,8.25],"texture":"#0"},"down":{"uv":[1,8.25,0.5,8.5],"texture":"#0"}}},{"from":[7.2,-1.06964,8.79591],"to":[8.8,-0.36964,9.19591],"rotation":{"angle":-22.5,"axis":"x","origin":[7.1,-1.06964,9.19591]},"faces":{"north":{"uv":[1,8.25,1.5,8.5],"texture":"#0"},"east":{"uv":[8.75,5.75,9,6],"texture":"#0"},"south":{"uv":[1.5,8.25,2,8.5],"texture":"#0"},"west":{"uv":[6,8.75,6.25,9],"texture":"#0"},"up":{"uv":[2.5,8.5,2,8.25],"texture":"#0"},"down":{"uv":[3,8.25,2.5,8.5],"texture":"#0"}}},{"from":[7.125,-2.07934,7.76352],"to":[8.875,-1.97934,8.23648],"rotation":{"angle":0,"axis":"y","origin":[8,-0.60116,8.39384]},"faces":{"north":{"uv":[3,8.25,3.5,8.5],"texture":"#0"},"east":{"uv":[8.75,6,9,6.25],"texture":"#0"},"south":{"uv":[3.5,8.25,4,8.5],"texture":"#0"},"west":{"uv":[6.25,8.75,6.5,9],"texture":"#0"},"up":{"uv":[4.5,8.5,4,8.25],"texture":"#0"},"down":{"uv":[5,8.25,4.5,8.5],"texture":"#0"}}},{"from":[7.125,-1.90203,8.2598],"to":[8.875,0.39797,8.8598],"rotation":{"angle":22.5,"axis":"x","origin":[8,-0.42385,8.10244]},"faces":{"north":{"uv":[5.75,1.5,6.25,2],"texture":"#0"},"east":{"uv":[5,8.25,5.25,8.75],"texture":"#0"},"south":{"uv":[5.75,3.5,6.25,4],"texture":"#0"},"west":{"uv":[8.25,5,8.5,5.5],"texture":"#0"},"up":{"uv":[5.75,8.5,5.25,8.25],"texture":"#0"},"down":{"uv":[8.75,5.5,8.25,5.75],"texture":"#0"}}}],"display":{"thirdperson_righthand":{"translation":[0,2.75,1]},"thirdperson_lefthand":{"translation":[0,2.75,1]},"firstperson_righthand":{"translation":[0,2.5,0]},"firstperson_lefthand":{"translation":[0,2.5,0]},"ground":{"translation":[0,9,0]},"gui":{"rotation":[-90,67.25,90],"translation":[1.5,-0.75,0],"scale":[0.6,0.6,0.6]},"fixed":{"rotation":[0,90,0],"translation":[0,-0.75,0],"scale":[0.7,0.7,0.7]}},"groups":[{"name":"axe","origin":[8,8,8],"color":0,"children":[0,1,2,3,4,5,6,7,8,9,10,11,12,13,14,15,16,17,18,19,20,21,22,23,24,25,26,27,28,29,30,31,32,33,34,35,36,37,38,39,40,41,42,43,44,45,46,47,48,49,50,51,52,53,54,55,56,57,58,59,60,61,62,63,64,65,66,67,68,69,70,71,72,73,74,75,76,77,78,79,80,81,82,83,84,85]}]}