{"credit":"Made with Blockbench","texture_size":[32,32],"textures":{"0":"item/axes/fantasyaxe_texture","particle":"item/axes/fantasyaxe_texture"},"elements":[{"from":[7.2,0,7.2],"to":[8.8,17,8.8],"rotation":{"angle":0,"axis":"y","origin":[7.2,0,8.8]},"faces":{"north":{"uv":[3,0,2,8.5],"texture":"#0"},"east":{"uv":[2,0,1,8.5],"texture":"#0"},"south":{"uv":[1,0,0,8.5],"texture":"#0"},"west":{"uv":[4,0,3,8.5],"texture":"#0"},"up":{"uv":[6,4,5,5],"texture":"#0"},"down":{"uv":[6,6,5,5],"texture":"#0"}}},{"from":[7,17,7],"to":[9,18,9],"rotation":{"angle":0,"axis":"y","origin":[7.2,0,8.8]},"faces":{"north":{"uv":[9,5,8,5.5],"texture":"#0"},"east":{"uv":[8.5,3.5,7.5,4],"texture":"#0"},"south":{"uv":[8.5,3,7.5,3.5],"texture":"#0"},"west":{"uv":[9,5.5,8,6],"texture":"#0"},"up":{"uv":[7,4,6,5],"texture":"#0"},"down":{"uv":[6,7,5,6],"texture":"#0"}}},{"from":[7,13,7],"to":[9,15,9],"rotation":{"angle":0,"axis":"y","origin":[7.2,0,8.8]},"faces":{"north":{"uv":[7.5,0,6.5,1],"texture":"#0"},"east":{"uv":[6.5,1,7.5,2],"texture":"#0"},"south":{"uv":[7,5,6,6],"texture":"#0"},"west":{"uv":[7.5,1,6.5,2],"texture":"#0"},"up":{"uv":[7.5,2,6.5,3],"texture":"#0"},"down":{"uv":[7.5,4,6.5,3],"texture":"#0"}}},{"from":[7.6,12,2.1],"to":[8.4,16,7.2],"rotation":{"angle":0,"axis":"y","origin":[8,15,6.8]},"faces":{"north":{"uv":[5,6.5,4.5,8.5],"texture":"#0"},"east":{"uv":[4,2,6.5,4],"texture":"#0"},"south":{"uv":[4.5,6.5,4,8.5],"texture":"#0"},"west":{"uv":[6.5,2,4,4],"texture":"#0"},"up":{"uv":[4.5,4,4,6.5],"texture":"#0"},"down":{"uv":[5,6.5,4.5,4],"texture":"#0"}}},{"from":[7.6,10,3.35],"to":[8.4,10.4,3.7755],"rotation":{"angle":0,"axis":"y","origin":[8,14,6.8]},"faces":{"north":{"uv":[9.5,2.5,9,3],"texture":"#0"},"east":{"uv":[2.5,9,2,9.5],"texture":"#0"},"south":{"uv":[9.5,1.5,9,2],"texture":"#0"},"west":{"uv":[9.5,3,9,3.5],"texture":"#0"},"up":{"uv":[9.5,3.5,9,4],"texture":"#0"},"down":{"uv":[9.5,4.5,9,4],"texture":"#0"}}},{"from":[7.6,10.4,2.95],"to":[8.4,10.8,3.7755],"rotation":{"angle":0,"axis":"y","origin":[8,14,6.8]},"faces":{"north":{"uv":[9.5,5.5,9,6],"texture":"#0"},"east":{"uv":[6,9,5.5,9.5],"texture":"#0"},"south":{"uv":[9.5,5,9,5.5],"texture":"#0"},"west":{"uv":[6.5,9,6,9.5],"texture":"#0"},"up":{"uv":[9.5,6,9,6.5],"texture":"#0"},"down":{"uv":[7,9.5,6.5,9],"texture":"#0"}}},{"from":[7.6,10.8,2.55],"to":[8.4,11.5,3.7755],"rotation":{"angle":0,"axis":"y","origin":[8,14,6.8]},"faces":{"north":{"uv":[9,9,8.5,9.5],"texture":"#0"},"east":{"uv":[8.5,9,8,9.5],"texture":"#0"},"south":{"uv":[9.5,7,9,7.5],"texture":"#0"},"west":{"uv":[9.5,8.5,9,9],"texture":"#0"},"up":{"uv":[9.5,9,9,9.5],"texture":"#0"},"down":{"uv":[0.5,10,0,9.5],"texture":"#0"}}},{"from":[7.6,11.5,2.35],"to":[8.4,12,4.6255],"rotation":{"angle":0,"axis":"y","origin":[8,14,6.8]},"faces":{"north":{"uv":[10,0.5,9.5,1],"texture":"#0"},"east":{"uv":[8,7,9,7.5],"texture":"#0"},"south":{"uv":[1,9.5,0.5,10],"texture":"#0"},"west":{"uv":[9,7,8,7.5],"texture":"#0"},"up":{"uv":[8.5,7.5,8,8.5],"texture":"#0"},"down":{"uv":[0.5,9.5,0,8.5],"texture":"#0"}}},{"from":[7.625,16,2.425],"to":[8.375,17.225,3.7],"rotation":{"angle":0,"axis":"y","origin":[8,15,6.8]},"faces":{"north":{"uv":[10,1.5,9.5,2],"texture":"#0"},"east":{"uv":[10,1,9.5,1.5],"texture":"#0"},"south":{"uv":[1.5,9.5,1,10],"texture":"#0"},"west":{"uv":[2.5,9.5,2,10],"texture":"#0"},"up":{"uv":[10,2,9.5,2.5],"texture":"#0"},"down":{"uv":[3,10,2.5,9.5],"texture":"#0"}}},{"from":[7.6,17.225,2.95],"to":[8.4,17.6,3.475],"rotation":{"angle":0,"axis":"y","origin":[8,15,6.8]},"faces":{"north":{"uv":[10,3,9.5,3.5],"texture":"#0"},"east":{"uv":[3.5,9.5,3,10],"texture":"#0"},"south":{"uv":[10,2.5,9.5,3],"texture":"#0"},"west":{"uv":[4,9.5,3.5,10],"texture":"#0"},"up":{"uv":[10,3.5,9.5,4],"texture":"#0"},"down":{"uv":[4.5,10,4,9.5],"texture":"#0"}}},{"from":[7.625,11.61857,2.5824],"to":[8.375,12.21857,5.2824],"rotation":{"angle":-22.5,"axis":"x","origin":[8,14.61857,4.6824]},"faces":{"north":{"uv":[5,9.5,4.5,10],"texture":"#0"},"east":{"uv":[7,4.5,8.5,5],"texture":"#0"},"south":{"uv":[10,4,9.5,4.5],"texture":"#0"},"west":{"uv":[8.5,4.5,7,5],"texture":"#0"},"up":{"uv":[5.5,7,5,8.5],"texture":"#0"},"down":{"uv":[7.5,6.5,7,5],"texture":"#0"}}},{"from":[7.6,9.62046,3.7755],"to":[8.4,11.32046,4.0755],"rotation":{"angle":0,"axis":"y","origin":[8,11.92046,3.0755]},"faces":{"north":{"uv":[1.5,8.5,1,9.5],"texture":"#0"},"east":{"uv":[1,8.5,0.5,9.5],"texture":"#0"},"south":{"uv":[9,0,8.5,1],"texture":"#0"},"west":{"uv":[9,1,8.5,2],"texture":"#0"},"up":{"uv":[10,4.5,9.5,5],"texture":"#0"},"down":{"uv":[5.5,10,5,9.5],"texture":"#0"}}},{"from":[7.6,15.22919,3.04776],"to":[8.4,16.22919,5.84776],"rotation":{"angle":22.5,"axis":"x","origin":[8,15.22919,5.44776]},"faces":{"north":{"uv":[6,9.5,5.5,10],"texture":"#0"},"east":{"uv":[7,6.5,8.5,7],"texture":"#0"},"south":{"uv":[10,5,9.5,5.5],"texture":"#0"},"west":{"uv":[8.5,6.5,7,7],"texture":"#0"},"up":{"uv":[7.5,7,7,8.5],"texture":"#0"},"down":{"uv":[8,1.5,7.5,0],"texture":"#0"}}},{"from":[7.6,17.0411,1.76229],"to":[8.4,17.3411,3.76229],"rotation":{"angle":45,"axis":"x","origin":[8,16.3411,3.36229]},"faces":{"north":{"uv":[6.5,9.5,6,10],"texture":"#0"},"east":{"uv":[2.5,8.5,1.5,9],"texture":"#0"},"south":{"uv":[10,5.5,9.5,6],"texture":"#0"},"west":{"uv":[9.5,2,8.5,2.5],"texture":"#0"},"up":{"uv":[3,8.5,2.5,9.5],"texture":"#0"},"down":{"uv":[9,3.5,8.5,2.5],"texture":"#0"}}},{"from":[7.575,15.46745,2.7259],"to":[8.425,17.96745,3.2259],"rotation":{"angle":22.5,"axis":"x","origin":[8.4,17.96745,2.7259]},"faces":{"north":{"uv":[6,7.5,5.5,9],"texture":"#0"},"east":{"uv":[6.5,7.5,6,9],"texture":"#0"},"south":{"uv":[8,1.5,7.5,3],"texture":"#0"},"west":{"uv":[6.5,7.5,6,9],"texture":"#0"},"up":{"uv":[10,6,9.5,6.5],"texture":"#0"},"down":{"uv":[7,10,6.5,9.5],"texture":"#0"}}},{"from":[7.575,12.65775,1.76919],"to":[8.425,15.65775,2.09419],"rotation":{"angle":0,"axis":"y","origin":[8.4,15.65775,1.76919]},"faces":{"north":{"uv":[8.5,0,8,1.5],"texture":"#0"},"east":{"uv":[8.5,1.5,8,3],"texture":"#0"},"south":{"uv":[7,7.5,6.5,9],"texture":"#0"},"west":{"uv":[8.5,1.5,8,3],"texture":"#0"},"up":{"uv":[10,6.5,9.5,7],"texture":"#0"},"down":{"uv":[7.5,10,7,9.5],"texture":"#0"}}},{"from":[7.575,10.65775,1.76919],"to":[8.425,12.65775,2.06919],"rotation":{"angle":-22.5,"axis":"x","origin":[8.4,12.65775,1.76919]},"faces":{"north":{"uv":[9,3.5,8.5,4.5],"texture":"#0"},"east":{"uv":[4.5,8.5,4,9.5],"texture":"#0"},"south":{"uv":[3.5,8.5,3,9.5],"texture":"#0"},"west":{"uv":[4.5,8.5,4,9.5],"texture":"#0"},"up":{"uv":[10,7,9.5,7.5],"texture":"#0"},"down":{"uv":[8,10,7.5,9.5],"texture":"#0"}}},{"from":[7.575,8.80999,2.53455],"to":[8.425,10.80999,2.83455],"rotation":{"angle":-45,"axis":"x","origin":[8.4,10.80999,2.53455]},"faces":{"north":{"uv":[7.5,8.5,7,9.5],"texture":"#0"},"east":{"uv":[5.5,8.5,5,9.5],"texture":"#0"},"south":{"uv":[5,8.5,4.5,9.5],"texture":"#0"},"west":{"uv":[8,8.5,7.5,9.5],"texture":"#0"},"up":{"uv":[10,7.5,9.5,8],"texture":"#0"},"down":{"uv":[8.5,10,8,9.5],"texture":"#0"}}},{"from":[7.6,9.39578,3.94877],"to":[8.4,9.69578,4.74877],"rotation":{"angle":22.5,"axis":"x","origin":[8.4,9.39578,3.94877]},"faces":{"north":{"uv":[10,8.5,9.5,9],"texture":"#0"},"east":{"uv":[9,9.5,8.5,10],"texture":"#0"},"south":{"uv":[10,8,9.5,8.5],"texture":"#0"},"west":{"uv":[9.5,9.5,9,10],"texture":"#0"},"up":{"uv":[10,9,9.5,9.5],"texture":"#0"},"down":{"uv":[10,10,9.5,9.5],"texture":"#0"}}},{"from":[7.6,9.08963,4.68787],"to":[8.4,9.38963,5.88787],"rotation":{"angle":0,"axis":"y","origin":[8.4,9.08963,4.68787]},"faces":{"north":{"uv":[1,10,0.5,10.5],"texture":"#0"},"east":{"uv":[10.5,0,10,0.5],"texture":"#0"},"south":{"uv":[0.5,10,0,10.5],"texture":"#0"},"west":{"uv":[10.5,0.5,10,1],"texture":"#0"},"up":{"uv":[1.5,10,1,10.5],"texture":"#0"},"down":{"uv":[10.5,1.5,10,1],"texture":"#0"}}},{"from":[7.6,9.05918,5.74094],"to":[8.4,10.05918,6.04094],"rotation":{"angle":22.5,"axis":"x","origin":[8.4,9.45918,6.04094]},"faces":{"north":{"uv":[2.5,10,2,10.5],"texture":"#0"},"east":{"uv":[10.5,1.5,10,2],"texture":"#0"},"south":{"uv":[2,10,1.5,10.5],"texture":"#0"},"west":{"uv":[10.5,2,10,2.5],"texture":"#0"},"up":{"uv":[3,10,2.5,10.5],"texture":"#0"},"down":{"uv":[10.5,3,10,2.5],"texture":"#0"}}},{"from":[7.6,9.04856,5.54614],"to":[8.4,9.84856,5.84614],"rotation":{"angle":45,"axis":"x","origin":[8.4,9.44856,5.84614]},"faces":{"north":{"uv":[4,10,3.5,10.5],"texture":"#0"},"east":{"uv":[10.5,3,10,3.5],"texture":"#0"},"south":{"uv":[3.5,10,3,10.5],"texture":"#0"},"west":{"uv":[10.5,3.5,10,4],"texture":"#0"},"up":{"uv":[4.5,10,4,10.5],"texture":"#0"},"down":{"uv":[10.5,4.5,10,4],"texture":"#0"}}},{"from":[7.6,10.01351,5.97055],"to":[8.4,10.81351,6.27055],"rotation":{"angle":0,"axis":"y","origin":[8.4,10.01351,6.27055]},"faces":{"north":{"uv":[5.5,10,5,10.5],"texture":"#0"},"east":{"uv":[10.5,4.5,10,5],"texture":"#0"},"south":{"uv":[5,10,4.5,10.5],"texture":"#0"},"west":{"uv":[10.5,5,10,5.5],"texture":"#0"},"up":{"uv":[6,10,5.5,10.5],"texture":"#0"},"down":{"uv":[10.5,6,10,5.5],"texture":"#0"}}},{"from":[7.625,10.81351,5.97055],"to":[8.375,11.51351,6.27055],"rotation":{"angle":-45,"axis":"x","origin":[8.4,10.81351,6.27055]},"faces":{"north":{"uv":[7,10,6.5,10.5],"texture":"#0"},"east":{"uv":[10.5,6,10,6.5],"texture":"#0"},"south":{"uv":[6.5,10,6,10.5],"texture":"#0"},"west":{"uv":[10.5,6.5,10,7],"texture":"#0"},"up":{"uv":[7.5,10,7,10.5],"texture":"#0"},"down":{"uv":[10.5,7.5,10,7],"texture":"#0"}}},{"from":[7.6,10.37873,5.94402],"to":[8.4,11.20373,6.14402],"rotation":{"angle":-22.5,"axis":"x","origin":[8.4,10.37873,6.24402]},"faces":{"north":{"uv":[8.5,10,8,10.5],"texture":"#0"},"east":{"uv":[10.5,7.5,10,8],"texture":"#0"},"south":{"uv":[8,10,7.5,10.5],"texture":"#0"},"west":{"uv":[10.5,8,10,8.5],"texture":"#0"},"up":{"uv":[9,10,8.5,10.5],"texture":"#0"},"down":{"uv":[10.5,9,10,8.5],"texture":"#0"}}},{"from":[7.625,11.00848,5.27558],"to":[8.375,11.30848,5.77558],"rotation":{"angle":0,"axis":"y","origin":[8.4,11.30848,5.77558]},"faces":{"north":{"uv":[10,10,9.5,10.5],"texture":"#0"},"east":{"uv":[10.5,9,10,9.5],"texture":"#0"},"south":{"uv":[9.5,10,9,10.5],"texture":"#0"},"west":{"uv":[10.5,9.5,10,10],"texture":"#0"},"up":{"uv":[10.5,10,10,10.5],"texture":"#0"},"down":{"uv":[0.5,11,0,10.5],"texture":"#0"}}},{"from":[7.625,11.00848,4.77558],"to":[8.375,11.30848,5.27558],"rotation":{"angle":-45,"axis":"x","origin":[8.4,11.30848,5.27558]},"faces":{"north":{"uv":[11,0.5,10.5,1],"texture":"#0"},"east":{"uv":[1,10.5,0.5,11],"texture":"#0"},"south":{"uv":[11,0,10.5,0.5],"texture":"#0"},"west":{"uv":[1.5,10.5,1,11],"texture":"#0"},"up":{"uv":[11,1,10.5,1.5],"texture":"#0"},"down":{"uv":[2,11,1.5,10.5],"texture":"#0"}}},{"from":[7.6,10.33081,4.9174],"to":[8.4,10.95493,4.9674],"rotation":{"angle":0,"axis":"y","origin":[8.4,10.95493,4.92203]},"faces":{"north":{"uv":[11,2,10.5,2.5],"texture":"#0"},"east":{"uv":[2.5,10.5,2,11],"texture":"#0"},"south":{"uv":[11,1.5,10.5,2],"texture":"#0"},"west":{"uv":[3,10.5,2.5,11],"texture":"#0"},"up":{"uv":[11,2.5,10.5,3],"texture":"#0"},"down":{"uv":[3.5,11,3,10.5],"texture":"#0"}}},{"from":[7.6,10.45581,4.9674],"to":[8.4,10.57993,5.0174],"rotation":{"angle":0,"axis":"y","origin":[8.4,10.95493,4.92203]},"faces":{"north":{"uv":[11,3.5,10.5,4],"texture":"#0"},"east":{"uv":[4,10.5,3.5,11],"texture":"#0"},"south":{"uv":[11,3,10.5,3.5],"texture":"#0"},"west":{"uv":[4.5,10.5,4,11],"texture":"#0"},"up":{"uv":[11,4,10.5,4.5],"texture":"#0"},"down":{"uv":[5,11,4.5,10.5],"texture":"#0"}}},{"from":[7.6,10.57993,4.9674],"to":[8.4,10.70493,5.0674],"rotation":{"angle":0,"axis":"y","origin":[8.4,10.95493,4.92203]},"faces":{"north":{"uv":[11,5,10.5,5.5],"texture":"#0"},"east":{"uv":[5.5,10.5,5,11],"texture":"#0"},"south":{"uv":[11,4.5,10.5,5],"texture":"#0"},"west":{"uv":[6,10.5,5.5,11],"texture":"#0"},"up":{"uv":[11,5.5,10.5,6],"texture":"#0"},"down":{"uv":[6.5,11,6,10.5],"texture":"#0"}}},{"from":[7.6,10.70493,4.9674],"to":[8.4,10.92993,5.1174],"rotation":{"angle":0,"axis":"y","origin":[8.4,10.95493,4.92203]},"faces":{"north":{"uv":[11,6.5,10.5,7],"texture":"#0"},"east":{"uv":[7,10.5,6.5,11],"texture":"#0"},"south":{"uv":[11,6,10.5,6.5],"texture":"#0"},"west":{"uv":[7.5,10.5,7,11],"texture":"#0"},"up":{"uv":[11,7,10.5,7.5],"texture":"#0"},"down":{"uv":[8,11,7.5,10.5],"texture":"#0"}}},{"from":[7.625,10.33662,5.09177],"to":[8.375,10.83107,5.14537],"rotation":{"angle":22.5,"axis":"x","origin":[8.4,10.78107,5.04177]},"faces":{"north":{"uv":[11,8,10.5,8.5],"texture":"#0"},"east":{"uv":[8.5,10.5,8,11],"texture":"#0"},"south":{"uv":[11,7.5,10.5,8],"texture":"#0"},"west":{"uv":[9,10.5,8.5,11],"texture":"#0"},"up":{"uv":[11,8.5,10.5,9],"texture":"#0"},"down":{"uv":[9.5,11,9,10.5],"texture":"#0"}}},{"from":[6.8,13.7,7.7],"to":[9.2,14.3,8.3],"rotation":{"angle":0,"axis":"y","origin":[7.2,0,8.8]},"faces":{"north":{"uv":[9.5,6.5,8.5,7],"texture":"#0"},"east":{"uv":[11,9,10.5,9.5],"texture":"#0"},"south":{"uv":[9.5,4.5,8.5,5],"texture":"#0"},"west":{"uv":[10,10.5,9.5,11],"texture":"#0"},"up":{"uv":[9.5,7.5,8.5,8],"texture":"#0"},"down":{"uv":[9,9,8,8.5],"texture":"#0"}}},{"from":[7.7,13.7,6.8],"to":[8.3,14.3,9.2],"rotation":{"angle":0,"axis":"y","origin":[8.8,0,8.8]},"faces":{"north":{"uv":[10.5,10.5,10,11],"texture":"#0"},"east":{"uv":[9.5,8,8.5,8.5],"texture":"#0"},"south":{"uv":[11,9.5,10.5,10],"texture":"#0"},"west":{"uv":[10,0,9,0.5],"texture":"#0"},"up":{"uv":[9.5,0.5,9,1.5],"texture":"#0"},"down":{"uv":[2,10,1.5,9],"texture":"#0"}}}],"display":{"thirdperson_righthand":{"translation":[0,1,1.5]},"thirdperson_lefthand":{"translation":[0,1,1.5]},"ground":{"translation":[0,4.5,0]},"gui":{"rotation":[-90,67.5,90],"translation":[2.25,-1,0],"scale":[0.8,0.8,0.8]},"fixed":{"rotation":[0,90,0],"translation":[0,-1,0],"scale":[0.9,0.9,0.9]}},"groups":[{"name":"axe","origin":[8,8,8],"color":0,"children":[0,1,2,3,4,5,6,7,8,9,10,11,12,13,14,15,16,17,18,19,20,21,22,23,24,25,26,27,28,29,30,31,32,33]}]}