{"credit":"Made with Blockbench","texture_size":[32,32],"textures":{"0":"item/axes/fireaxe_texture","particle":"item/axes/fireaxe_texture"},"elements":[{"from":[7.4,0,7.1],"to":[8.6,2,8.8],"rotation":{"angle":22.5,"axis":"x","origin":[7.2,0,7.2]},"faces":{"north":{"uv":[6.5,4,7,5],"texture":"#0"},"east":{"uv":[6,5,7,6],"texture":"#0"},"south":{"uv":[8,6,8.5,7],"texture":"#0"},"west":{"uv":[5.5,6,6.5,7],"texture":"#0"},"up":{"uv":[8.5,8,8,7],"texture":"#0"},"down":{"uv":[8.5,8,8,9],"texture":"#0"}}},{"from":[7.4,9.53183,8.181],"to":[8.6,15.33183,9.781],"rotation":{"angle":0,"axis":"y","origin":[7.2,2.53183,8.181]},"faces":{"north":{"uv":[3.5,4,4,7],"texture":"#0"},"east":{"uv":[1,3,2,6],"texture":"#0"},"south":{"uv":[4,4,4.5,7],"texture":"#0"},"west":{"uv":[2,3,3,6],"texture":"#0"},"up":{"uv":[0.5,9.5,0,8.5],"texture":"#0"},"down":{"uv":[9,0,8.5,1],"texture":"#0"}}},{"from":[7.4,1.23547,7.84357],"to":[8.6,9.03547,9.44357],"rotation":{"angle":0,"axis":"y","origin":[7.2,1.23547,7.84357]},"faces":{"north":{"uv":[4,0,4.5,4],"texture":"#0"},"east":{"uv":[0,3,1,7],"texture":"#0"},"south":{"uv":[3,4,3.5,8],"texture":"#0"},"west":{"uv":[3,0,4,4],"texture":"#0"},"up":{"uv":[1,9.5,0.5,8.5],"texture":"#0"},"down":{"uv":[1.5,8.5,1,9.5],"texture":"#0"}}},{"from":[7.4,9.03547,7.84357],"to":[8.6,10.23547,9.44357],"rotation":{"angle":22.5,"axis":"x","origin":[7.4,9.03547,7.84357]},"faces":{"north":{"uv":[9,7,9.5,7.5],"texture":"#0"},"east":{"uv":[8.5,1,9.5,1.5],"texture":"#0"},"south":{"uv":[7.5,9,8,9.5],"texture":"#0"},"west":{"uv":[1.5,8.5,2.5,9],"texture":"#0"},"up":{"uv":[9,2.5,8.5,1.5],"texture":"#0"},"down":{"uv":[3,8.5,2.5,9.5],"texture":"#0"}}},{"from":[7.4,15.30535,8.181],"to":[8.6,17.33183,10.23323],"rotation":{"angle":0,"axis":"y","origin":[7.2,15.53183,8.181]},"faces":{"north":{"uv":[8.5,2.5,9,3.5],"texture":"#0"},"east":{"uv":[6.5,0,7.5,1],"texture":"#0"},"south":{"uv":[3.5,8.5,4,9.5],"texture":"#0"},"west":{"uv":[6.5,1,7.5,2],"texture":"#0"},"up":{"uv":[9,4.5,8.5,3.5],"texture":"#0"},"down":{"uv":[4.5,8.5,4,9.5],"texture":"#0"}}},{"from":[7.425,15.28811,8.09433],"to":[8.575,16.58811,8.69657],"rotation":{"angle":-22.5,"axis":"x","origin":[7.3,15.51459,8.09433]},"faces":{"north":{"uv":[8,9,8.5,9.5],"texture":"#0"},"east":{"uv":[9,8.5,9.5,9],"texture":"#0"},"south":{"uv":[9,9,9.5,9.5],"texture":"#0"},"west":{"uv":[0,9.5,0.5,10],"texture":"#0"},"up":{"uv":[10,0.5,9.5,0],"texture":"#0"},"down":{"uv":[1,9.5,0.5,10],"texture":"#0"}}},{"from":[7.425,16.5064,7.68351],"to":[8.575,16.8314,8.18575],"rotation":{"angle":0,"axis":"y","origin":[7.3,16.73287,7.68351]},"faces":{"north":{"uv":[9.5,0.5,10,1],"texture":"#0"},"east":{"uv":[1,9.5,1.5,10],"texture":"#0"},"south":{"uv":[9.5,1,10,1.5],"texture":"#0"},"west":{"uv":[1.5,9.5,2,10],"texture":"#0"},"up":{"uv":[2.5,10,2,9.5],"texture":"#0"},"down":{"uv":[10,2,9.5,2.5],"texture":"#0"}}},{"from":[7.425,15.28811,9.76767],"to":[8.575,16.08811,10.3199],"rotation":{"angle":22.5,"axis":"x","origin":[7.3,15.51459,10.3199]},"faces":{"north":{"uv":[2.5,9.5,3,10],"texture":"#0"},"east":{"uv":[9.5,2.5,10,3],"texture":"#0"},"south":{"uv":[3,9.5,3.5,10],"texture":"#0"},"west":{"uv":[9.5,3,10,3.5],"texture":"#0"},"up":{"uv":[4,10,3.5,9.5],"texture":"#0"},"down":{"uv":[10,3.5,9.5,4],"texture":"#0"}}},{"from":[7.425,16.04446,9.98715],"to":[8.575,16.84446,10.53938],"rotation":{"angle":0,"axis":"y","origin":[7.3,16.27093,10.53938]},"faces":{"north":{"uv":[4,9.5,4.5,10],"texture":"#0"},"east":{"uv":[9.5,4,10,4.5],"texture":"#0"},"south":{"uv":[4.5,9.5,5,10],"texture":"#0"},"west":{"uv":[9.5,4.5,10,5],"texture":"#0"},"up":{"uv":[5.5,10,5,9.5],"texture":"#0"},"down":{"uv":[10,5,9.5,5.5],"texture":"#0"}}},{"from":[7.4,16.83183,5.01902],"to":[8.6,20.33183,10.73323],"rotation":{"angle":0,"axis":"y","origin":[7.2,19.03183,8.181]},"faces":{"north":{"uv":[6.5,6,7,7.5],"texture":"#0"},"east":{"uv":[0,0,3,1.5],"texture":"#0"},"south":{"uv":[0,7,0.5,8.5],"texture":"#0"},"west":{"uv":[0,1.5,3,3],"texture":"#0"},"up":{"uv":[5,3,4.5,0],"texture":"#0"},"down":{"uv":[5,3,4.5,6],"texture":"#0"}}},{"from":[6.53811,16.83183,10.20467],"to":[6.78811,20.33183,10.90467],"rotation":{"angle":22.5,"axis":"y","origin":[6.53811,19.03183,8.65244]},"faces":{"north":{"uv":[0.5,7,1,8.5],"texture":"#0"},"east":{"uv":[3.5,7,4,8.5],"texture":"#0"},"south":{"uv":[4,7,4.5,8.5],"texture":"#0"},"west":{"uv":[7,4,7.5,5.5],"texture":"#0"},"up":{"uv":[6,10,5.5,9.5],"texture":"#0"},"down":{"uv":[10,5.5,9.5,6],"texture":"#0"}}},{"from":[6.53811,16.83183,7.57018],"to":[6.78811,20.33183,8.27018],"rotation":{"angle":-22.5,"axis":"y","origin":[6.53811,19.03183,9.82241]},"faces":{"north":{"uv":[5.5,7,6,8.5],"texture":"#0"},"east":{"uv":[7,5.5,7.5,7],"texture":"#0"},"south":{"uv":[6,7,6.5,8.5],"texture":"#0"},"west":{"uv":[7,7,7.5,8.5],"texture":"#0"},"up":{"uv":[6.5,10,6,9.5],"texture":"#0"},"down":{"uv":[10,6,9.5,6.5],"texture":"#0"}}},{"from":[7.13212,16.83183,8.38834],"to":[7.40866,20.33183,10.08652],"rotation":{"angle":0,"axis":"y","origin":[7.20866,19.03183,11.72353]},"faces":{"north":{"uv":[7.5,0,8,1.5],"texture":"#0"},"east":{"uv":[5,0,6,1.5],"texture":"#0"},"south":{"uv":[7.5,1.5,8,3],"texture":"#0"},"west":{"uv":[5,1.5,6,3],"texture":"#0"},"up":{"uv":[5,9.5,4.5,8.5],"texture":"#0"},"down":{"uv":[9,4.5,8.5,5.5],"texture":"#0"}}},{"from":[9.21189,16.83183,7.57018],"to":[9.46189,20.33183,8.27018],"rotation":{"angle":22.5,"axis":"y","origin":[9.46189,19.03183,9.82241]},"faces":{"north":{"uv":[7.5,3,8,4.5],"texture":"#0"},"east":{"uv":[7.5,4.5,8,6],"texture":"#0"},"south":{"uv":[7.5,6,8,7.5],"texture":"#0"},"west":{"uv":[6.5,7.5,7,9],"texture":"#0"},"up":{"uv":[10,7,9.5,6.5],"texture":"#0"},"down":{"uv":[7.5,9.5,7,10],"texture":"#0"}}},{"from":[8.59134,16.83183,8.38834],"to":[8.86788,20.33183,10.08652],"rotation":{"angle":0,"axis":"y","origin":[8.79134,19.03183,11.72353]},"faces":{"north":{"uv":[7.5,7.5,8,9],"texture":"#0"},"east":{"uv":[5,3,6,4.5],"texture":"#0"},"south":{"uv":[8,0,8.5,1.5],"texture":"#0"},"west":{"uv":[5,4.5,6,6],"texture":"#0"},"up":{"uv":[5.5,9.5,5,8.5],"texture":"#0"},"down":{"uv":[6,8.5,5.5,9.5],"texture":"#0"}}},{"from":[9.21189,16.83183,10.20467],"to":[9.46189,20.33183,10.90467],"rotation":{"angle":-22.5,"axis":"y","origin":[9.46189,19.03183,8.65244]},"faces":{"north":{"uv":[8,1.5,8.5,3],"texture":"#0"},"east":{"uv":[3,8,3.5,9.5],"texture":"#0"},"south":{"uv":[8,3,8.5,4.5],"texture":"#0"},"west":{"uv":[8,4.5,8.5,6],"texture":"#0"},"up":{"uv":[10,7.5,9.5,7],"texture":"#0"},"down":{"uv":[8,9.5,7.5,10],"texture":"#0"}}},{"from":[7.4,15.41761,3.95836],"to":[8.6,20.33183,5.01902],"rotation":{"angle":0,"axis":"y","origin":[7.2,19.03183,10.181]},"faces":{"north":{"uv":[6,0,6.5,2.5],"texture":"#0"},"east":{"uv":[1,6,1.5,8.5],"texture":"#0"},"south":{"uv":[1.5,6,2,8.5],"texture":"#0"},"west":{"uv":[2,6,2.5,8.5],"texture":"#0"},"up":{"uv":[10,8,9.5,7.5],"texture":"#0"},"down":{"uv":[8.5,9.5,8,10],"texture":"#0"}}},{"from":[3.54993,15.41761,1.31508],"to":[4.6813,20.33183,2.44645],"rotation":{"angle":-45,"axis":"y","origin":[3.54993,19.03183,7.60843]},"faces":{"north":{"uv":[2.5,6,3,8.5],"texture":"#0"},"east":{"uv":[6,2.5,6.5,5],"texture":"#0"},"south":{"uv":[4.5,6,5,8.5],"texture":"#0"},"west":{"uv":[5,6,5.5,8.5],"texture":"#0"},"up":{"uv":[10,8.5,9.5,8],"texture":"#0"},"down":{"uv":[9,9.5,8.5,10],"texture":"#0"}}},{"from":[7.425,14.59489,3.53726],"to":[8.575,16.09489,5.53726],"rotation":{"angle":-45,"axis":"x","origin":[7.2,16.79489,3.28503]},"faces":{"north":{"uv":[8.5,5.5,9,6.5],"texture":"#0"},"east":{"uv":[6.5,2,7.5,3],"texture":"#0"},"south":{"uv":[6,8.5,6.5,9.5],"texture":"#0"},"west":{"uv":[6.5,3,7.5,4],"texture":"#0"},"up":{"uv":[9,7.5,8.5,6.5],"texture":"#0"},"down":{"uv":[7.5,8.5,7,9.5],"texture":"#0"}}},{"from":[7.5,20.13183,12.83323],"to":[8.5,20.33183,13.33323],"rotation":{"angle":22.5,"axis":"x","origin":[7.2,20.33183,11.13323]},"faces":{"north":{"uv":[9.5,8.5,10,9],"texture":"#0"},"east":{"uv":[9,9.5,9.5,10],"texture":"#0"},"south":{"uv":[9.5,9,10,9.5],"texture":"#0"},"west":{"uv":[9.5,9.5,10,10],"texture":"#0"},"up":{"uv":[0.5,10.5,0,10],"texture":"#0"},"down":{"uv":[10.5,0,10,0.5],"texture":"#0"}}},{"from":[7.4,19.93183,11.13323],"to":[8.6,20.33183,12.83323],"rotation":{"angle":22.5,"axis":"x","origin":[7.2,20.33183,11.13323]},"faces":{"north":{"uv":[0.5,10,1,10.5],"texture":"#0"},"east":{"uv":[8.5,7.5,9.5,8],"texture":"#0"},"south":{"uv":[10,0.5,10.5,1],"texture":"#0"},"west":{"uv":[8.5,8,9.5,8.5],"texture":"#0"},"up":{"uv":[9,9.5,8.5,8.5],"texture":"#0"},"down":{"uv":[9.5,0,9,1],"texture":"#0"}}},{"from":[7.4,19.48992,10.73323],"to":[8.6,20.33183,11.13323],"rotation":{"angle":0,"axis":"y","origin":[7.2,18.33183,10.73323]},"faces":{"north":{"uv":[1,10,1.5,10.5],"texture":"#0"},"east":{"uv":[10,1,10.5,1.5],"texture":"#0"},"south":{"uv":[1.5,10,2,10.5],"texture":"#0"},"west":{"uv":[10,1.5,10.5,2],"texture":"#0"},"up":{"uv":[2.5,10.5,2,10],"texture":"#0"},"down":{"uv":[10.5,2,10,2.5],"texture":"#0"}}},{"from":[7.4,19.28992,10.73323],"to":[8.6,19.48992,12.56577],"rotation":{"angle":0,"axis":"y","origin":[7.2,18.38378,10.65487]},"faces":{"north":{"uv":[2.5,10,3,10.5],"texture":"#0"},"east":{"uv":[1.5,9,2.5,9.5],"texture":"#0"},"south":{"uv":[10,2.5,10.5,3],"texture":"#0"},"west":{"uv":[9,1.5,10,2],"texture":"#0"},"up":{"uv":[9.5,3,9,2],"texture":"#0"},"down":{"uv":[9.5,3,9,4],"texture":"#0"}}},{"from":[7.5,19.28992,12.56577],"to":[8.5,19.48992,13.16577],"rotation":{"angle":0,"axis":"y","origin":[7.2,18.38378,10.65487]},"faces":{"north":{"uv":[3,10,3.5,10.5],"texture":"#0"},"east":{"uv":[10,3,10.5,3.5],"texture":"#0"},"south":{"uv":[3.5,10,4,10.5],"texture":"#0"},"west":{"uv":[10,3.5,10.5,4],"texture":"#0"},"up":{"uv":[4.5,10.5,4,10],"texture":"#0"},"down":{"uv":[10.5,4,10,4.5],"texture":"#0"}}},{"from":[7.4,19.48992,11.13323],"to":[8.6,19.89146,12.13099],"rotation":{"angle":0,"axis":"y","origin":[7.2,18.38378,10.65487]},"faces":{"north":{"uv":[4.5,10,5,10.5],"texture":"#0"},"east":{"uv":[10,4.5,10.5,5],"texture":"#0"},"south":{"uv":[5,10,5.5,10.5],"texture":"#0"},"west":{"uv":[10,5,10.5,5.5],"texture":"#0"},"up":{"uv":[6,10.5,5.5,10],"texture":"#0"},"down":{"uv":[10.5,5.5,10,6],"texture":"#0"}}},{"from":[7.4,13.61838,13.56258],"to":[8.6,15.11838,14.3732],"rotation":{"angle":22.5,"axis":"x","origin":[7.2,25.61838,12.7732]},"faces":{"north":{"uv":[9,4,9.5,5],"texture":"#0"},"east":{"uv":[9,5,9.5,6],"texture":"#0"},"south":{"uv":[9,6,9.5,7],"texture":"#0"},"west":{"uv":[6.5,9,7,10],"texture":"#0"},"up":{"uv":[6.5,10.5,6,10],"texture":"#0"},"down":{"uv":[10.5,6,10,6.5],"texture":"#0"}}}],"display":{"thirdperson_righthand":{"translation":[0,0,0.5]},"thirdperson_lefthand":{"translation":[0,0,0.5]},"ground":{"translation":[0,5.25,0]},"gui":{"rotation":[-90,67.25,90],"translation":[1.25,-1.5,0],"scale":[0.7,0.7,0.7]},"fixed":{"rotation":[0,90,0],"translation":[0,-1.5,0],"scale":[0.8,0.8,0.8]}},"groups":[{"name":"axe","origin":[8,8,8],"color":0,"children":[0,1,2,3,4,5,6,7,8,9,10,11,12,13,14,15,16,17,18,19,20,21,22,23,24,25]}]}