{"credit":"Made with Blockbench","texture_size":[64,64],"textures":{"0":"item/axes/gloriousaxe_texture","particle":"item/axes/gloriousaxe_texture"},"elements":[{"from":[7.2,0,7.2],"to":[8.8,13,8.8],"rotation":{"angle":0,"axis":"y","origin":[7.2,0,7.2]},"faces":{"north":{"uv":[0,0,0.5,3.25],"texture":"#0"},"east":{"uv":[0.5,0,1,3.25],"texture":"#0"},"south":{"uv":[1,0,1.5,3.25],"texture":"#0"},"west":{"uv":[1.5,0,2,3.25],"texture":"#0"},"up":{"uv":[5,4.5,4.5,4],"texture":"#0"},"down":{"uv":[5,4.5,4.5,5],"texture":"#0"}}},{"from":[7.1,2,7.1],"to":[8.9,11,8.9],"rotation":{"angle":0,"axis":"y","origin":[7.2,0,7.2]},"faces":{"north":{"uv":[2,0,2.5,2.25],"texture":"#0"},"east":{"uv":[2,2.25,2.5,4.5],"texture":"#0"},"south":{"uv":[2.5,0,3,2.25],"texture":"#0"},"west":{"uv":[2.5,2.25,3,4.5],"texture":"#0"},"up":{"uv":[5.25,0.5,4.75,0],"texture":"#0"},"down":{"uv":[5.25,0.5,4.75,1],"texture":"#0"}}},{"from":[7.1,13,7.1],"to":[8.9,15,8.9],"rotation":{"angle":0,"axis":"y","origin":[7.2,1,7.2]},"faces":{"north":{"uv":[4.75,1,5.25,1.5],"texture":"#0"},"east":{"uv":[4.75,1.5,5.25,2],"texture":"#0"},"south":{"uv":[4.75,2,5.25,2.5],"texture":"#0"},"west":{"uv":[4.75,2.5,5.25,3],"texture":"#0"},"up":{"uv":[5.25,3.5,4.75,3],"texture":"#0"},"down":{"uv":[5.25,3.5,4.75,4],"texture":"#0"}}},{"from":[7,12.5,7],"to":[9,13,9],"rotation":{"angle":0,"axis":"y","origin":[7.2,1,7.2]},"faces":{"north":{"uv":[6.25,3.75,6.75,4],"texture":"#0"},"east":{"uv":[3.5,6.5,4,6.75],"texture":"#0"},"south":{"uv":[4,6.5,4.5,6.75],"texture":"#0"},"west":{"uv":[6.5,4,7,4.25],"texture":"#0"},"up":{"uv":[5.5,4.5,5,4],"texture":"#0"},"down":{"uv":[5,5,4.5,5.5],"texture":"#0"}}},{"from":[6.9,15,6.9],"to":[9.1,22.5,9.1],"rotation":{"angle":0,"axis":"y","origin":[7.2,3,7.2]},"faces":{"north":{"uv":[1,3.25,1.5,5.25],"texture":"#0"},"east":{"uv":[4,2,3.5,4],"texture":"#0"},"south":{"uv":[3.5,0,4,2],"texture":"#0"},"west":{"uv":[3.5,2,4,4],"texture":"#0"},"up":{"uv":[5.5,5,5,4.5],"texture":"#0"},"down":{"uv":[5.5,5,5,5.5],"texture":"#0"}}},{"from":[7.4,20.1,2.4],"to":[8.6,21.3,6.9],"rotation":{"angle":0,"axis":"y","origin":[7.2,3.2,8.7]},"faces":{"north":{"uv":[6.25,2.25,6.5,2.5],"texture":"#0"},"east":{"uv":[6.25,0.25,5.25,0.5],"texture":"#0"},"south":{"uv":[6.25,3.5,6.5,3.75],"texture":"#0"},"west":{"uv":[5.25,0.25,6.25,0.5],"texture":"#0"},"up":{"uv":[5.5,1.5,5.25,0.5],"texture":"#0"},"down":{"uv":[1.25,5.25,1,6.25],"texture":"#0"}}},{"from":[6.9,20.1,5.6],"to":[7.325,21.3,6.9],"rotation":{"angle":-22.5,"axis":"y","origin":[6.9,21.3,6.9]},"faces":{"north":{"uv":[2.25,7.25,2.5,7.5],"texture":"#0"},"east":{"uv":[2.5,7.25,2.75,7.5],"texture":"#0"},"south":{"uv":[7.25,2.5,7.5,2.75],"texture":"#0"},"west":{"uv":[0,8.75,0.5,9.25],"texture":"#0"},"up":{"uv":[7.5,3,7.25,2.75],"texture":"#0"},"down":{"uv":[3.25,7.25,3,7.5],"texture":"#0"}}},{"from":[6.9,16.7,5.6],"to":[7.325,17.9,6.9],"rotation":{"angle":-22.5,"axis":"y","origin":[6.9,17.9,6.9]},"faces":{"north":{"uv":[3.25,7.25,3.5,7.5],"texture":"#0"},"east":{"uv":[3.5,7.25,3.75,7.5],"texture":"#0"},"south":{"uv":[7.25,3.5,7.5,3.75],"texture":"#0"},"west":{"uv":[1,8.75,1.5,9.25],"texture":"#0"},"up":{"uv":[7.5,4,7.25,3.75],"texture":"#0"},"down":{"uv":[4.25,7.25,4,7.5],"texture":"#0"}}},{"from":[8.675,16.7,5.6],"to":[9.1,17.9,6.9],"rotation":{"angle":22.5,"axis":"y","origin":[9.1,17.9,6.9]},"faces":{"north":{"uv":[4.25,7.25,4.5,7.5],"texture":"#0"},"east":{"uv":[1.5,8.75,1,9.25],"texture":"#0"},"south":{"uv":[7.25,4.5,7.5,4.75],"texture":"#0"},"west":{"uv":[4.75,7.25,5,7.5],"texture":"#0"},"up":{"uv":[7.5,5,7.25,4.75],"texture":"#0"},"down":{"uv":[5.25,7.25,5,7.5],"texture":"#0"}}},{"from":[8.675,20.1,5.6],"to":[9.1,21.3,6.9],"rotation":{"angle":22.5,"axis":"y","origin":[9.1,21.3,6.9]},"faces":{"north":{"uv":[5.25,7.25,5.5,7.5],"texture":"#0"},"east":{"uv":[0.5,8.75,0,9.25],"texture":"#0"},"south":{"uv":[5.75,7.25,6,7.5],"texture":"#0"},"west":{"uv":[7.25,6,7.5,6.25],"texture":"#0"},"up":{"uv":[6.5,7.5,6.25,7.25],"texture":"#0"},"down":{"uv":[7.5,6.25,7.25,6.5],"texture":"#0"}}},{"from":[7.3,21.08547,1.6],"to":[8.7,21.5,3.70842],"rotation":{"angle":0,"axis":"y","origin":[7.2,3.2,8.7]},"faces":{"north":{"uv":[6.5,7.25,6.75,7.5],"texture":"#0"},"east":{"uv":[6.5,4.25,7,4.5],"texture":"#0"},"south":{"uv":[7.25,6.5,7.5,6.75],"texture":"#0"},"west":{"uv":[4.5,6.5,5,6.75],"texture":"#0"},"up":{"uv":[6.5,0.5,6.25,0],"texture":"#0"},"down":{"uv":[6.75,4.5,6.5,5],"texture":"#0"}}},{"from":[7.2,19.67595,-5.94356],"to":[8.8,20.17595,-5.14356],"rotation":{"angle":22.5,"axis":"x","origin":[7.2,1.87595,1.15644]},"faces":{"north":{"uv":[5,6.5,5.5,6.75],"texture":"#0"},"east":{"uv":[6.75,7.25,7,7.5],"texture":"#0"},"south":{"uv":[6.5,5,7,5.25],"texture":"#0"},"west":{"uv":[7.25,6.75,7.5,7],"texture":"#0"},"up":{"uv":[7,5.5,6.5,5.25],"texture":"#0"},"down":{"uv":[6,6.5,5.5,6.75],"texture":"#0"}}},{"from":[7.3,20.73191,2.14776],"to":[8.7,21.23191,2.99776],"rotation":{"angle":0,"axis":"y","origin":[7.2,20.93191,2.24776]},"faces":{"north":{"uv":[7,7.25,7.25,7.5],"texture":"#0"},"east":{"uv":[7.25,7,7.5,7.25],"texture":"#0"},"south":{"uv":[7.25,7.25,7.5,7.5],"texture":"#0"},"west":{"uv":[0,7.5,0.25,7.75],"texture":"#0"},"up":{"uv":[7.75,0.25,7.5,0],"texture":"#0"},"down":{"uv":[0.5,7.5,0.25,7.75],"texture":"#0"}}},{"from":[7.3,20.40262,2.65989],"to":[8.7,20.90262,3.65989],"rotation":{"angle":-45,"axis":"x","origin":[7.2,20.80262,2.85989]},"faces":{"north":{"uv":[7.5,0.25,7.75,0.5],"texture":"#0"},"east":{"uv":[7.5,0.5,7.75,0.75],"texture":"#0"},"south":{"uv":[7.5,0.75,7.75,1],"texture":"#0"},"west":{"uv":[7.5,1,7.75,1.25],"texture":"#0"},"up":{"uv":[7.75,1.5,7.5,1.25],"texture":"#0"},"down":{"uv":[1.75,7.5,1.5,7.75],"texture":"#0"}}},{"from":[7.3,16.76809,2.14776],"to":[8.7,17.26809,2.99776],"rotation":{"angle":0,"axis":"y","origin":[7.2,17.06809,2.24776]},"faces":{"north":{"uv":[7.5,1.5,7.75,1.75],"texture":"#0"},"east":{"uv":[1.75,7.5,2,7.75],"texture":"#0"},"south":{"uv":[7.5,1.75,7.75,2],"texture":"#0"},"west":{"uv":[7.5,2,7.75,2.25],"texture":"#0"},"up":{"uv":[2.5,7.75,2.25,7.5],"texture":"#0"},"down":{"uv":[7.75,2.25,7.5,2.5],"texture":"#0"}}},{"from":[7.3,16.5,1.6],"to":[8.7,16.91453,3.70842],"rotation":{"angle":0,"axis":"y","origin":[7.2,34.8,8.7]},"faces":{"north":{"uv":[2.5,7.5,2.75,7.75],"texture":"#0"},"east":{"uv":[6.5,5.5,7,5.75],"texture":"#0"},"south":{"uv":[7.5,2.5,7.75,2.75],"texture":"#0"},"west":{"uv":[6.5,5.75,7,6],"texture":"#0"},"up":{"uv":[6.75,6.5,6.5,6],"texture":"#0"},"down":{"uv":[6.75,6.5,6.5,7],"texture":"#0"}}},{"from":[7.2,17.82405,-5.94356],"to":[8.8,18.32405,-5.14356],"rotation":{"angle":-22.5,"axis":"x","origin":[7.2,36.12405,1.15644]},"faces":{"north":{"uv":[6.75,0,7.25,0.25],"texture":"#0"},"east":{"uv":[2.75,7.5,3,7.75],"texture":"#0"},"south":{"uv":[6.75,0.25,7.25,0.5],"texture":"#0"},"west":{"uv":[7.5,2.75,7.75,3],"texture":"#0"},"up":{"uv":[7.25,0.75,6.75,0.5],"texture":"#0"},"down":{"uv":[7.25,0.75,6.75,1],"texture":"#0"}}},{"from":[7.3,17.09738,2.65989],"to":[8.7,17.59738,3.65989],"rotation":{"angle":45,"axis":"x","origin":[7.2,17.19738,2.85989]},"faces":{"north":{"uv":[3,7.5,3.25,7.75],"texture":"#0"},"east":{"uv":[7.5,3,7.75,3.25],"texture":"#0"},"south":{"uv":[3.25,7.5,3.5,7.75],"texture":"#0"},"west":{"uv":[7.5,3.25,7.75,3.5],"texture":"#0"},"up":{"uv":[3.75,7.75,3.5,7.5],"texture":"#0"},"down":{"uv":[7.75,3.5,7.5,3.75],"texture":"#0"}}},{"from":[7.4,16.7,2.4],"to":[8.6,17.9,6.9],"rotation":{"angle":0,"axis":"y","origin":[7.2,-0.8,8.7]},"faces":{"north":{"uv":[3.75,7.5,4,7.75],"texture":"#0"},"east":{"uv":[6.25,1.75,5.25,2],"texture":"#0"},"south":{"uv":[7.5,3.75,7.75,4],"texture":"#0"},"west":{"uv":[5.25,1.75,6.25,2],"texture":"#0"},"up":{"uv":[1.5,6.25,1.25,5.25],"texture":"#0"},"down":{"uv":[1.75,5.25,1.5,6.25],"texture":"#0"}}},{"from":[7.4,17.7,2.4],"to":[8.6,20.3,3],"rotation":{"angle":0,"axis":"y","origin":[7.2,19.2,1.7]},"faces":{"north":{"uv":[6,5.5,6.25,6.25],"texture":"#0"},"east":{"uv":[1,6.25,1.25,7],"texture":"#0"},"south":{"uv":[1.25,6.25,1.5,7],"texture":"#0"},"west":{"uv":[1.5,6.25,1.75,7],"texture":"#0"},"up":{"uv":[4.25,7.75,4,7.5],"texture":"#0"},"down":{"uv":[7.75,4,7.5,4.25],"texture":"#0"}}},{"from":[7.7,18.5,5.8],"to":[8.3,19.5,6.8],"rotation":{"angle":0,"axis":"y","origin":[7.2,19.2,1.7]},"faces":{"north":{"uv":[4.25,7.5,4.5,7.75],"texture":"#0"},"east":{"uv":[8.75,8.5,8.25,9],"texture":"#0"},"south":{"uv":[4.5,7.5,4.75,7.75],"texture":"#0"},"west":{"uv":[8.25,8.5,8.75,9],"texture":"#0"},"up":{"uv":[5,7.75,4.75,7.5],"texture":"#0"},"down":{"uv":[7.75,4.75,7.5,5],"texture":"#0"}}},{"from":[7.7,18.5,3],"to":[8.3,19.5,4],"rotation":{"angle":0,"axis":"y","origin":[7.2,19.2,1.7]},"faces":{"north":{"uv":[5,7.5,5.25,7.75],"texture":"#0"},"east":{"uv":[8.75,9,8.25,9.5],"texture":"#0"},"south":{"uv":[5.25,7.5,5.5,7.75],"texture":"#0"},"west":{"uv":[8.25,9,8.75,9.5],"texture":"#0"},"up":{"uv":[5.75,7.75,5.5,7.5],"texture":"#0"},"down":{"uv":[7.75,5.5,7.5,5.75],"texture":"#0"}}},{"from":[7.7,18.4,4],"to":[8.3,19.6,5.8],"rotation":{"angle":0,"axis":"y","origin":[7.2,19.2,1.7]},"faces":{"north":{"uv":[5.75,7.5,6,7.75],"texture":"#0"},"east":{"uv":[0.5,9.25,0,9.75],"texture":"#0"},"south":{"uv":[7.5,5.75,7.75,6],"texture":"#0"},"west":{"uv":[0,9.25,0.5,9.75],"texture":"#0"},"up":{"uv":[7,2,6.75,1.5],"texture":"#0"},"down":{"uv":[7,2,6.75,2.5],"texture":"#0"}}},{"from":[7.7,18.4,10.2],"to":[8.3,19.6,12],"rotation":{"angle":0,"axis":"y","origin":[7.2,19.2,14.3]},"faces":{"north":{"uv":[6,7.5,6.25,7.75],"texture":"#0"},"east":{"uv":[0.5,9.75,0,10.25],"texture":"#0"},"south":{"uv":[7.5,6,7.75,6.25],"texture":"#0"},"west":{"uv":[0,9.75,0.5,10.25],"texture":"#0"},"up":{"uv":[7,3.5,6.75,3],"texture":"#0"},"down":{"uv":[3.75,6.75,3.5,7.25],"texture":"#0"}}},{"from":[7.7,18.5,12],"to":[8.3,19.5,13],"rotation":{"angle":0,"axis":"y","origin":[7.2,19.2,14.3]},"faces":{"north":{"uv":[6.25,7.5,6.5,7.75],"texture":"#0"},"east":{"uv":[8.25,9,7.75,9.5],"texture":"#0"},"south":{"uv":[6.5,7.5,6.75,7.75],"texture":"#0"},"west":{"uv":[7.75,9,8.25,9.5],"texture":"#0"},"up":{"uv":[7,7.75,6.75,7.5],"texture":"#0"},"down":{"uv":[7.75,6.75,7.5,7],"texture":"#0"}}},{"from":[7.7,18.5,9.2],"to":[8.3,19.5,10.2],"rotation":{"angle":0,"axis":"y","origin":[7.2,19.2,14.3]},"faces":{"north":{"uv":[7,7.5,7.25,7.75],"texture":"#0"},"east":{"uv":[8.25,8.5,7.75,9],"texture":"#0"},"south":{"uv":[7.25,7.5,7.5,7.75],"texture":"#0"},"west":{"uv":[7.75,8.5,8.25,9],"texture":"#0"},"up":{"uv":[7.75,7.75,7.5,7.5],"texture":"#0"},"down":{"uv":[0.25,7.75,0,8],"texture":"#0"}}},{"from":[7.76569,13.7,1.84142],"to":[8.18995,21.3,2.26569],"rotation":{"angle":45,"axis":"y","origin":[7.2,19.2,1.7]},"faces":{"north":{"uv":[4,0,4.25,2],"texture":"#0"},"east":{"uv":[4.25,0,4,2],"texture":"#0"},"south":{"uv":[3.5,4,3.75,6],"texture":"#0"},"west":{"uv":[3.75,4,4,6],"texture":"#0"},"up":{"uv":[8,0.25,7.75,0],"texture":"#0"},"down":{"uv":[0.5,7.75,0.25,8],"texture":"#0"}}},{"from":[7.7,13.7,1.4],"to":[8.3,21.3,2.9],"rotation":{"angle":0,"axis":"y","origin":[7.2,19.2,1.7]},"faces":{"north":{"uv":[4,4,4.25,6],"texture":"#0"},"east":{"uv":[4.5,4,4.25,6],"texture":"#0"},"south":{"uv":[4.25,2,4.5,4],"texture":"#0"},"west":{"uv":[4.25,4,4.5,6],"texture":"#0"},"up":{"uv":[8,0.5,7.75,0.25],"texture":"#0"},"down":{"uv":[0.75,7.75,0.5,8],"texture":"#0"}}},{"from":[7.725,13.74056,3.5961],"to":[8.275,17.04056,5.0961],"rotation":{"angle":22.5,"axis":"x","origin":[7.2,19.24056,3.8961]},"faces":{"north":{"uv":[6.25,1.5,6.5,2.25],"texture":"#0"},"east":{"uv":[1.75,6.25,2,7],"texture":"#0"},"south":{"uv":[6.25,5.5,6.5,6.25],"texture":"#0"},"west":{"uv":[6,6.25,6.25,7],"texture":"#0"},"up":{"uv":[8,0.75,7.75,0.5],"texture":"#0"},"down":{"uv":[1,7.75,0.75,8],"texture":"#0"}}},{"from":[7.725,13.74056,10.9039],"to":[8.275,17.04056,12.4039],"rotation":{"angle":-22.5,"axis":"x","origin":[7.2,19.24056,12.1039]},"faces":{"north":{"uv":[6.25,6.25,6.5,7],"texture":"#0"},"east":{"uv":[0,6.5,0.25,7.25],"texture":"#0"},"south":{"uv":[6.5,0,6.75,0.75],"texture":"#0"},"west":{"uv":[0.25,6.5,0.5,7.25],"texture":"#0"},"up":{"uv":[8,1,7.75,0.75],"texture":"#0"},"down":{"uv":[1.25,7.75,1,8],"texture":"#0"}}},{"from":[7.425,14.4,7.1],"to":[8.575,17.7,8.6],"rotation":{"angle":-45,"axis":"x","origin":[7.725,14.4,7.1]},"faces":{"north":{"uv":[0.5,6.5,0.75,7.25],"texture":"#0"},"east":{"uv":[6.5,1.5,6.75,2.25],"texture":"#0"},"south":{"uv":[6.5,0.75,6.75,1.5],"texture":"#0"},"west":{"uv":[6.5,1.5,6.75,2.25],"texture":"#0"},"up":{"uv":[8,1.25,7.75,1],"texture":"#0"},"down":{"uv":[1.5,7.75,1.25,8],"texture":"#0"}}},{"from":[7.425,14.4,7.4],"to":[8.575,17.7,8.9],"rotation":{"angle":45,"axis":"x","origin":[7.725,14.4,8.9]},"faces":{"north":{"uv":[2,6.5,2.25,7.25],"texture":"#0"},"east":{"uv":[2.5,6.5,2.75,7.25],"texture":"#0"},"south":{"uv":[6.5,2.25,6.75,3],"texture":"#0"},"west":{"uv":[2.5,6.5,2.75,7.25],"texture":"#0"},"up":{"uv":[8,1.5,7.75,1.25],"texture":"#0"},"down":{"uv":[1.75,7.75,1.5,8],"texture":"#0"}}},{"from":[8,12.2,0.5],"to":[8,22.8,2.9],"rotation":{"angle":0,"axis":"y","origin":[7.2,19.2,1.7]},"faces":{"north":{"uv":[0,0,0,2.25],"texture":"#0"},"east":{"uv":[0.75,10.75,0,13.25],"texture":"#0"},"south":{"uv":[0,0,0,2.25],"texture":"#0"},"west":{"uv":[0,10.75,0.75,13.25],"texture":"#0"},"up":{"uv":[0,0.5,0,0],"texture":"#0"},"down":{"uv":[0,0,0,0.5],"texture":"#0"}}},{"from":[8,12.2,13.2],"to":[8,22.8,15.6],"rotation":{"angle":0,"axis":"y","origin":[7.2,19.2,1.7]},"faces":{"north":{"uv":[0,0,0,2.25],"texture":"#0"},"east":{"uv":[0,10.75,0.75,13.25],"texture":"#0"},"south":{"uv":[0,0,0,2.25],"texture":"#0"},"west":{"uv":[0.75,10.75,0,13.25],"texture":"#0"},"up":{"uv":[0,0.5,0,0],"rotation":180,"texture":"#0"},"down":{"uv":[0,0,0,0.5],"rotation":180,"texture":"#0"}}},{"from":[7.4,17.84041,3.42614],"to":[8.6,18.64041,4.05114],"rotation":{"angle":-45,"axis":"x","origin":[7.4,17.56324,3.66594]},"faces":{"north":{"uv":[7.75,1.5,8,1.75],"texture":"#0"},"east":{"uv":[1.75,7.75,2,8],"texture":"#0"},"south":{"uv":[7.75,1.75,8,2],"texture":"#0"},"west":{"uv":[2,7.75,2.25,8],"texture":"#0"},"up":{"uv":[8,2.25,7.75,2],"texture":"#0"},"down":{"uv":[2.5,7.75,2.25,8],"texture":"#0"}}},{"from":[7.4,18.30877,2.92042],"to":[8.6,19.10877,3.42042],"rotation":{"angle":-22.5,"axis":"x","origin":[7.4,18.0316,3.03522]},"faces":{"north":{"uv":[7.75,2.25,8,2.5],"texture":"#0"},"east":{"uv":[2.5,7.75,2.75,8],"texture":"#0"},"south":{"uv":[7.75,2.5,8,2.75],"texture":"#0"},"west":{"uv":[2.75,7.75,3,8],"texture":"#0"},"up":{"uv":[8,3,7.75,2.75],"texture":"#0"},"down":{"uv":[3.25,7.75,3,8],"texture":"#0"}}},{"from":[7.4,17.4669,3.39973],"to":[8.6,17.9669,4.02473],"rotation":{"angle":22.5,"axis":"x","origin":[7.2,17.6,3.925]},"faces":{"north":{"uv":[7.75,3,8,3.25],"texture":"#0"},"east":{"uv":[3.25,7.75,3.5,8],"texture":"#0"},"south":{"uv":[7.75,3.25,8,3.5],"texture":"#0"},"west":{"uv":[3.5,7.75,3.75,8],"texture":"#0"},"up":{"uv":[8,3.75,7.75,3.5],"texture":"#0"},"down":{"uv":[4,7.75,3.75,8],"texture":"#0"}}},{"from":[7.4,20.0331,3.39973],"to":[8.6,20.5331,4.02473],"rotation":{"angle":-22.5,"axis":"x","origin":[7.2,20.4,3.925]},"faces":{"north":{"uv":[7.75,3.75,8,4],"texture":"#0"},"east":{"uv":[4,7.75,4.25,8],"texture":"#0"},"south":{"uv":[7.75,4,8,4.25],"texture":"#0"},"west":{"uv":[4.25,7.75,4.5,8],"texture":"#0"},"up":{"uv":[8,4.5,7.75,4.25],"texture":"#0"},"down":{"uv":[4.75,7.75,4.5,8],"texture":"#0"}}},{"from":[7.4,19.35959,3.42614],"to":[8.6,20.15959,4.05114],"rotation":{"angle":45,"axis":"x","origin":[7.4,20.43676,3.66594]},"faces":{"north":{"uv":[7.75,4.5,8,4.75],"texture":"#0"},"east":{"uv":[4.75,7.75,5,8],"texture":"#0"},"south":{"uv":[7.75,4.75,8,5],"texture":"#0"},"west":{"uv":[5,7.75,5.25,8],"texture":"#0"},"up":{"uv":[8,5.25,7.75,5],"texture":"#0"},"down":{"uv":[5.5,7.75,5.25,8],"texture":"#0"}}},{"from":[7.4,18.89123,2.92042],"to":[8.6,19.69123,3.42042],"rotation":{"angle":22.5,"axis":"x","origin":[7.4,19.9684,3.03522]},"faces":{"north":{"uv":[7.75,5.25,8,5.5],"texture":"#0"},"east":{"uv":[5.5,7.75,5.75,8],"texture":"#0"},"south":{"uv":[7.75,5.5,8,5.75],"texture":"#0"},"west":{"uv":[5.75,7.75,6,8],"texture":"#0"},"up":{"uv":[8,6,7.75,5.75],"texture":"#0"},"down":{"uv":[6.25,7.75,6,8],"texture":"#0"}}},{"from":[7.4,20.1,9.1],"to":[8.6,21.3,13.6],"rotation":{"angle":0,"axis":"y","origin":[7.2,3.2,7.3]},"faces":{"north":{"uv":[7.75,6,8,6.25],"texture":"#0"},"east":{"uv":[6.25,2.25,5.25,2.5],"texture":"#0"},"south":{"uv":[6.25,7.75,6.5,8],"texture":"#0"},"west":{"uv":[5.25,2.25,6.25,2.5],"texture":"#0"},"up":{"uv":[2,6.25,1.75,5.25],"texture":"#0"},"down":{"uv":[5.5,2.5,5.25,3.5],"texture":"#0"}}},{"from":[7.4,16.7,9.1],"to":[8.6,17.9,13.6],"rotation":{"angle":0,"axis":"y","origin":[7.2,-0.8,7.3]},"faces":{"north":{"uv":[7.75,6.25,8,6.5],"texture":"#0"},"east":{"uv":[6.25,3.75,5.25,4],"texture":"#0"},"south":{"uv":[6.5,7.75,6.75,8],"texture":"#0"},"west":{"uv":[5.25,3.75,6.25,4],"texture":"#0"},"up":{"uv":[0.25,6.5,0,5.5],"texture":"#0"},"down":{"uv":[0.5,5.5,0.25,6.5],"texture":"#0"}}},{"from":[7.4,17.7,13],"to":[8.6,20.3,13.6],"rotation":{"angle":0,"axis":"y","origin":[7.2,19.2,14.3]},"faces":{"north":{"uv":[2.75,6.5,3,7.25],"texture":"#0"},"east":{"uv":[3,6.5,3.25,7.25],"texture":"#0"},"south":{"uv":[6.5,3,6.75,3.75],"texture":"#0"},"west":{"uv":[3.25,6.5,3.5,7.25],"texture":"#0"},"up":{"uv":[8,6.75,7.75,6.5],"texture":"#0"},"down":{"uv":[7,7.75,6.75,8],"texture":"#0"}}},{"from":[7.4,17.84041,11.94886],"to":[8.6,18.64041,12.57386],"rotation":{"angle":45,"axis":"x","origin":[7.4,17.56324,12.33406]},"faces":{"north":{"uv":[7.75,6.75,8,7],"texture":"#0"},"east":{"uv":[7,7.75,7.25,8],"texture":"#0"},"south":{"uv":[7.75,7,8,7.25],"texture":"#0"},"west":{"uv":[7.25,7.75,7.5,8],"texture":"#0"},"up":{"uv":[8,7.5,7.75,7.25],"texture":"#0"},"down":{"uv":[7.75,7.75,7.5,8],"texture":"#0"}}},{"from":[7.76569,13.7,13.73431],"to":[8.18995,21.3,14.15858],"rotation":{"angle":-45,"axis":"y","origin":[7.2,19.2,14.3]},"faces":{"north":{"uv":[4.5,0,4.75,2],"texture":"#0"},"east":{"uv":[4.75,2,4.5,4],"texture":"#0"},"south":{"uv":[4.5,2,4.75,4],"texture":"#0"},"west":{"uv":[2.25,4.5,2.5,6.5],"texture":"#0"},"up":{"uv":[8,7.75,7.75,7.5],"texture":"#0"},"down":{"uv":[8,7.75,7.75,8],"texture":"#0"}}},{"from":[7.7,13.7,13.1],"to":[8.3,21.3,14.6],"rotation":{"angle":0,"axis":"y","origin":[7.2,19.2,14.3]},"faces":{"north":{"uv":[2.5,4.5,2.75,6.5],"texture":"#0"},"east":{"uv":[3.5,4.5,3.25,6.5],"texture":"#0"},"south":{"uv":[3,4.5,3.25,6.5],"texture":"#0"},"west":{"uv":[3.25,4.5,3.5,6.5],"texture":"#0"},"up":{"uv":[0.25,8.25,0,8],"texture":"#0"},"down":{"uv":[8.25,0,8,0.25],"texture":"#0"}}},{"from":[8,12.7,13.1],"to":[8,21.3,15.5],"rotation":{"angle":0,"axis":"y","origin":[7.2,19.2,14.3]},"faces":{"north":{"uv":[0,0,0,2.25],"texture":"#0"},"east":{"uv":[3,2.25,3.5,4.5],"texture":"#0"},"south":{"uv":[0,0,0,2.25],"texture":"#0"},"west":{"uv":[0.75,10.75,0,13.25],"texture":"#0"},"up":{"uv":[0,0.5,0,0],"texture":"#0"},"down":{"uv":[0,0,0,0.5],"texture":"#0"}}},{"from":[7.3,21.08547,12.29158],"to":[8.7,21.5,14.4],"rotation":{"angle":0,"axis":"y","origin":[7.2,3.2,7.3]},"faces":{"north":{"uv":[0.25,8,0.5,8.25],"texture":"#0"},"east":{"uv":[6.75,3.5,7.25,3.75],"texture":"#0"},"south":{"uv":[8,0.25,8.25,0.5],"texture":"#0"},"west":{"uv":[3.75,6.75,4.25,7],"texture":"#0"},"up":{"uv":[4.5,7.25,4.25,6.75],"texture":"#0"},"down":{"uv":[4.75,6.75,4.5,7.25],"texture":"#0"}}},{"from":[7.2,19.67595,21.14356],"to":[8.8,20.17595,21.94356],"rotation":{"angle":-22.5,"axis":"x","origin":[7.2,1.87595,14.84356]},"faces":{"north":{"uv":[6.75,3.75,7.25,4],"texture":"#0"},"east":{"uv":[0.5,8,0.75,8.25],"texture":"#0"},"south":{"uv":[6.75,4.5,7.25,4.75],"texture":"#0"},"west":{"uv":[8,0.5,8.25,0.75],"texture":"#0"},"up":{"uv":[5.25,7,4.75,6.75],"texture":"#0"},"down":{"uv":[7.25,4.75,6.75,5],"texture":"#0"}}},{"from":[7.3,20.73191,13.00224],"to":[8.7,21.23191,13.85224],"rotation":{"angle":0,"axis":"y","origin":[7.2,20.93191,13.75224]},"faces":{"north":{"uv":[0.75,8,1,8.25],"texture":"#0"},"east":{"uv":[8,0.75,8.25,1],"texture":"#0"},"south":{"uv":[1,8,1.25,8.25],"texture":"#0"},"west":{"uv":[8,1,8.25,1.25],"texture":"#0"},"up":{"uv":[1.5,8.25,1.25,8],"texture":"#0"},"down":{"uv":[8.25,1.25,8,1.5],"texture":"#0"}}},{"from":[7.3,20.40262,12.34011],"to":[8.7,20.90262,13.34011],"rotation":{"angle":45,"axis":"x","origin":[7.2,20.80262,13.14011]},"faces":{"north":{"uv":[1.5,8,1.75,8.25],"texture":"#0"},"east":{"uv":[8,1.5,8.25,1.75],"texture":"#0"},"south":{"uv":[1.75,8,2,8.25],"texture":"#0"},"west":{"uv":[8,1.75,8.25,2],"texture":"#0"},"up":{"uv":[2.25,8.25,2,8],"texture":"#0"},"down":{"uv":[8.25,2,8,2.25],"texture":"#0"}}},{"from":[7.3,17.09738,12.34011],"to":[8.7,17.59738,13.34011],"rotation":{"angle":-45,"axis":"x","origin":[7.2,17.19738,13.14011]},"faces":{"north":{"uv":[2.25,8,2.5,8.25],"texture":"#0"},"east":{"uv":[8,2.25,8.25,2.5],"texture":"#0"},"south":{"uv":[2.5,8,2.75,8.25],"texture":"#0"},"west":{"uv":[8,2.5,8.25,2.75],"texture":"#0"},"up":{"uv":[3,8.25,2.75,8],"texture":"#0"},"down":{"uv":[8.25,2.75,8,3],"texture":"#0"}}},{"from":[7.2,17.82405,21.14356],"to":[8.8,18.32405,21.94356],"rotation":{"angle":22.5,"axis":"x","origin":[7.2,36.12405,14.84356]},"faces":{"north":{"uv":[5.25,6.75,5.75,7],"texture":"#0"},"east":{"uv":[3,8,3.25,8.25],"texture":"#0"},"south":{"uv":[6.75,6,7.25,6.25],"texture":"#0"},"west":{"uv":[8,3,8.25,3.25],"texture":"#0"},"up":{"uv":[7.25,6.5,6.75,6.25],"texture":"#0"},"down":{"uv":[7.25,6.5,6.75,6.75],"texture":"#0"}}},{"from":[7.3,16.5,12.29158],"to":[8.7,16.91453,14.4],"rotation":{"angle":0,"axis":"y","origin":[7.2,34.8,7.3]},"faces":{"north":{"uv":[3.25,8,3.5,8.25],"texture":"#0"},"east":{"uv":[6.75,6.75,7.25,7],"texture":"#0"},"south":{"uv":[8,3.25,8.25,3.5],"texture":"#0"},"west":{"uv":[1,7,1.5,7.25],"texture":"#0"},"up":{"uv":[6,7.25,5.75,6.75],"texture":"#0"},"down":{"uv":[1.75,7,1.5,7.5],"texture":"#0"}}},{"from":[7.3,16.76809,13.00224],"to":[8.7,17.26809,13.85224],"rotation":{"angle":0,"axis":"y","origin":[7.2,17.06809,13.75224]},"faces":{"north":{"uv":[3.5,8,3.75,8.25],"texture":"#0"},"east":{"uv":[8,3.5,8.25,3.75],"texture":"#0"},"south":{"uv":[3.75,8,4,8.25],"texture":"#0"},"west":{"uv":[8,3.75,8.25,4],"texture":"#0"},"up":{"uv":[4.25,8.25,4,8],"texture":"#0"},"down":{"uv":[8.25,4,8,4.25],"texture":"#0"}}},{"from":[7.4,17.4669,11.97527],"to":[8.6,17.9669,12.60027],"rotation":{"angle":-22.5,"axis":"x","origin":[7.2,17.6,12.075]},"faces":{"north":{"uv":[4.25,8,4.5,8.25],"texture":"#0"},"east":{"uv":[8,4.25,8.25,4.5],"texture":"#0"},"south":{"uv":[4.5,8,4.75,8.25],"texture":"#0"},"west":{"uv":[8,4.5,8.25,4.75],"texture":"#0"},"up":{"uv":[5,8.25,4.75,8],"texture":"#0"},"down":{"uv":[8.25,4.75,8,5],"texture":"#0"}}},{"from":[7.4,18.30877,12.57958],"to":[8.6,19.10877,13.07958],"rotation":{"angle":22.5,"axis":"x","origin":[7.4,18.0316,12.96478]},"faces":{"north":{"uv":[5,8,5.25,8.25],"texture":"#0"},"east":{"uv":[8,5,8.25,5.25],"texture":"#0"},"south":{"uv":[5.25,8,5.5,8.25],"texture":"#0"},"west":{"uv":[8,5.25,8.25,5.5],"texture":"#0"},"up":{"uv":[5.75,8.25,5.5,8],"texture":"#0"},"down":{"uv":[8.25,5.5,8,5.75],"texture":"#0"}}},{"from":[7.4,18.89123,12.57958],"to":[8.6,19.69123,13.07958],"rotation":{"angle":-22.5,"axis":"x","origin":[7.4,19.9684,12.96478]},"faces":{"north":{"uv":[5.75,8,6,8.25],"texture":"#0"},"east":{"uv":[8,5.75,8.25,6],"texture":"#0"},"south":{"uv":[6,8,6.25,8.25],"texture":"#0"},"west":{"uv":[8,6,8.25,6.25],"texture":"#0"},"up":{"uv":[6.5,8.25,6.25,8],"texture":"#0"},"down":{"uv":[8.25,6.25,8,6.5],"texture":"#0"}}},{"from":[7.4,19.35959,11.94886],"to":[8.6,20.15959,12.57386],"rotation":{"angle":-45,"axis":"x","origin":[7.4,20.43676,12.33406]},"faces":{"north":{"uv":[6.5,8,6.75,8.25],"texture":"#0"},"east":{"uv":[8,6.5,8.25,6.75],"texture":"#0"},"south":{"uv":[6.75,8,7,8.25],"texture":"#0"},"west":{"uv":[8,6.75,8.25,7],"texture":"#0"},"up":{"uv":[7.25,8.25,7,8],"texture":"#0"},"down":{"uv":[8.25,7,8,7.25],"texture":"#0"}}},{"from":[7.4,20.0331,11.97527],"to":[8.6,20.5331,12.60027],"rotation":{"angle":22.5,"axis":"x","origin":[7.2,20.4,12.075]},"faces":{"north":{"uv":[7.25,8,7.5,8.25],"texture":"#0"},"east":{"uv":[8,7.25,8.25,7.5],"texture":"#0"},"south":{"uv":[7.5,8,7.75,8.25],"texture":"#0"},"west":{"uv":[8,7.5,8.25,7.75],"texture":"#0"},"up":{"uv":[8,8.25,7.75,8],"texture":"#0"},"down":{"uv":[8.25,7.75,8,8],"texture":"#0"}}},{"from":[6.9,20.1,9.1],"to":[7.325,21.3,10.4],"rotation":{"angle":22.5,"axis":"y","origin":[6.9,21.3,9.1]},"faces":{"north":{"uv":[8,8,8.25,8.25],"texture":"#0"},"east":{"uv":[0,8.25,0.25,8.5],"texture":"#0"},"south":{"uv":[8.25,0,8.5,0.25],"texture":"#0"},"west":{"uv":[0.5,8.75,1,9.25],"texture":"#0"},"up":{"uv":[8.5,0.5,8.25,0.25],"texture":"#0"},"down":{"uv":[0.75,8.25,0.5,8.5],"texture":"#0"}}},{"from":[6.9,16.7,9.1],"to":[7.325,17.9,10.4],"rotation":{"angle":22.5,"axis":"y","origin":[6.9,17.9,9.1]},"faces":{"north":{"uv":[8.25,0.5,8.5,0.75],"texture":"#0"},"east":{"uv":[0.75,8.25,1,8.5],"texture":"#0"},"south":{"uv":[8.25,0.75,8.5,1],"texture":"#0"},"west":{"uv":[2,8.5,1.5,9],"texture":"#0"},"up":{"uv":[8.5,1.25,8.25,1],"texture":"#0"},"down":{"uv":[1.5,8.25,1.25,8.5],"texture":"#0"}}},{"from":[8.675,20.1,9.1],"to":[9.1,21.3,10.4],"rotation":{"angle":-22.5,"axis":"y","origin":[9.1,21.3,9.1]},"faces":{"north":{"uv":[8.25,1.25,8.5,1.5],"texture":"#0"},"east":{"uv":[1,8.75,0.5,9.25],"texture":"#0"},"south":{"uv":[8.25,1.5,8.5,1.75],"texture":"#0"},"west":{"uv":[1.75,8.25,2,8.5],"texture":"#0"},"up":{"uv":[8.5,2,8.25,1.75],"texture":"#0"},"down":{"uv":[2.25,8.25,2,8.5],"texture":"#0"}}},{"from":[8.675,16.7,9.1],"to":[9.1,17.9,10.4],"rotation":{"angle":-22.5,"axis":"y","origin":[9.1,17.9,9.1]},"faces":{"north":{"uv":[8.25,2,8.5,2.25],"texture":"#0"},"east":{"uv":[1.5,8.5,2,9],"texture":"#0"},"south":{"uv":[8.25,2.25,8.5,2.5],"texture":"#0"},"west":{"uv":[2.5,8.25,2.75,8.5],"texture":"#0"},"up":{"uv":[8.5,2.75,8.25,2.5],"texture":"#0"},"down":{"uv":[3,8.25,2.75,8.5],"texture":"#0"}}},{"from":[6.8,15.9,6.8],"to":[9.2,16.7,9.2],"rotation":{"angle":0,"axis":"y","origin":[7.2,3.4,7.2]},"faces":{"north":{"uv":[7,1.5,7.5,1.75],"texture":"#0"},"east":{"uv":[7.5,2.25,7,2.5],"texture":"#0"},"south":{"uv":[7,2,7.5,2.25],"texture":"#0"},"west":{"uv":[7,2.25,7.5,2.5],"texture":"#0"},"up":{"uv":[1,6,0.5,5.5],"texture":"#0"},"down":{"uv":[6,0.5,5.5,1],"texture":"#0"}}},{"from":[6.8,21.3,6.8],"to":[9.2,22.1,9.2],"rotation":{"angle":0,"axis":"y","origin":[7.2,8.8,7.2]},"faces":{"north":{"uv":[7,3,7.5,3.25],"texture":"#0"},"east":{"uv":[7.5,4,7,4.25],"texture":"#0"},"south":{"uv":[3.75,7,4.25,7.25],"texture":"#0"},"west":{"uv":[7,4,7.5,4.25],"texture":"#0"},"up":{"uv":[6,1.5,5.5,1],"texture":"#0"},"down":{"uv":[6,2.5,5.5,3],"texture":"#0"}}},{"from":[6.8,17.9,6.8],"to":[9.2,20.1,9.2],"rotation":{"angle":0,"axis":"y","origin":[7.2,6.8,7.2]},"faces":{"north":{"uv":[5.5,3,6,3.5],"texture":"#0"},"east":{"uv":[6,4.5,5.5,5],"texture":"#0"},"south":{"uv":[4.5,5.5,5,6],"texture":"#0"},"west":{"uv":[5.5,4.5,6,5],"texture":"#0"},"up":{"uv":[5.5,6,5,5.5],"texture":"#0"},"down":{"uv":[6,5,5.5,5.5],"texture":"#0"}}},{"from":[7.1,25.80259,-1.67315],"to":[8.9,27.35822,-0.11751],"rotation":{"angle":45,"axis":"x","origin":[7.2,13.80259,-1.37315]},"faces":{"north":{"uv":[5.5,5.5,6,6],"texture":"#0"},"east":{"uv":[0.5,6,1,6.5],"texture":"#0"},"south":{"uv":[6,0.5,6.5,1],"texture":"#0"},"west":{"uv":[6,1,6.5,1.5],"texture":"#0"},"up":{"uv":[6.5,3,6,2.5],"texture":"#0"},"down":{"uv":[6.5,3,6,3.5],"texture":"#0"}}},{"from":[16.11751,25.80259,7.1],"to":[17.67315,27.35822,8.9],"rotation":{"angle":45,"axis":"z","origin":[17.37315,13.80259,7.2]},"faces":{"north":{"uv":[3.5,6,4,6.5],"texture":"#0"},"east":{"uv":[4,6,4.5,6.5],"texture":"#0"},"south":{"uv":[6,4,6.5,4.5],"texture":"#0"},"west":{"uv":[4.5,6,5,6.5],"texture":"#0"},"up":{"uv":[6.5,5,6,4.5],"texture":"#0"},"down":{"uv":[5.5,6,5,6.5],"texture":"#0"}}},{"from":[7,13.7,7],"to":[9,14.3,9],"rotation":{"angle":0,"axis":"y","origin":[7.2,2,7.2]},"faces":{"north":{"uv":[7,4.25,7.5,4.5],"texture":"#0"},"east":{"uv":[4.75,7,5.25,7.25],"texture":"#0"},"south":{"uv":[7,5,7.5,5.25],"texture":"#0"},"west":{"uv":[5.25,7,5.75,7.25],"texture":"#0"},"up":{"uv":[6.5,5.5,6,5],"texture":"#0"},"down":{"uv":[6,6,5.5,6.5],"texture":"#0"}}},{"from":[7.2,-1.13137,7],"to":[8.33137,0,9],"rotation":{"angle":45,"axis":"z","origin":[7.2,0,7.2]},"faces":{"north":{"uv":[3.5,9,4,9.5],"texture":"#0"},"east":{"uv":[7,5.25,7.5,5.5],"texture":"#0"},"south":{"uv":[4,9,3.5,9.5],"texture":"#0"},"west":{"uv":[7,5.5,7.5,5.75],"texture":"#0"},"up":{"uv":[2,7.5,1.75,7],"texture":"#0"},"down":{"uv":[6.25,7,6,7.5],"texture":"#0"}}},{"from":[7,-1.13137,7.2],"to":[9,0,8.33137],"rotation":{"angle":-45,"axis":"x","origin":[8.8,0,7.2]},"faces":{"north":{"uv":[7,5.75,7.5,6],"texture":"#0"},"east":{"uv":[3.5,8.5,4,9],"texture":"#0"},"south":{"uv":[6.25,7,6.75,7.25],"texture":"#0"},"west":{"uv":[4,8.5,3.5,9],"texture":"#0"},"up":{"uv":[7.25,7.25,6.75,7],"texture":"#0"},"down":{"uv":[0.5,7.25,0,7.5],"texture":"#0"}}},{"from":[7.6,-1.7,6.63137],"to":[8.4,-1,7.93137],"rotation":{"angle":-45,"axis":"x","origin":[8.8,-1,6.8]},"faces":{"north":{"uv":[8.25,3.25,8.5,3.5],"texture":"#0"},"east":{"uv":[3.5,8.25,3.75,8.5],"texture":"#0"},"south":{"uv":[8.25,3.5,8.5,3.75],"texture":"#0"},"west":{"uv":[3.75,8.25,4,8.5],"texture":"#0"},"up":{"uv":[8.5,4,8.25,3.75],"texture":"#0"},"down":{"uv":[4.25,8.25,4,8.5],"texture":"#0"}}},{"from":[7.6,-1.89424,6.68076],"to":[8.4,-1.11924,7.38076],"rotation":{"angle":0,"axis":"y","origin":[8.8,-1.28787,7.38076]},"faces":{"north":{"uv":[8.25,4,8.5,4.25],"texture":"#0"},"east":{"uv":[4.25,8.25,4.5,8.5],"texture":"#0"},"south":{"uv":[8.25,4.25,8.5,4.5],"texture":"#0"},"west":{"uv":[4.5,8.25,4.75,8.5],"texture":"#0"},"up":{"uv":[8.5,4.75,8.25,4.5],"texture":"#0"},"down":{"uv":[5,8.25,4.75,8.5],"texture":"#0"}}},{"from":[7.6,-2.43656,6.85688],"to":[8.4,-1.43656,7.35688],"rotation":{"angle":-22.5,"axis":"x","origin":[7.7,-2.43656,6.85688]},"faces":{"north":{"uv":[8.25,4.75,8.5,5],"texture":"#0"},"east":{"uv":[5,8.25,5.25,8.5],"texture":"#0"},"south":{"uv":[8.25,5,8.5,5.25],"texture":"#0"},"west":{"uv":[5.25,8.25,5.5,8.5],"texture":"#0"},"up":{"uv":[8.5,5.5,8.25,5.25],"texture":"#0"},"down":{"uv":[5.75,8.25,5.5,8.5],"texture":"#0"}}},{"from":[7.6,-2.335,7.56399],"to":[8.4,-2.14366,8.02593],"rotation":{"angle":-45,"axis":"x","origin":[7.7,-3.14366,7.56399]},"faces":{"north":{"uv":[8.25,5.5,8.5,5.75],"texture":"#0"},"east":{"uv":[5.75,8.25,6,8.5],"texture":"#0"},"south":{"uv":[8.25,5.75,8.5,6],"texture":"#0"},"west":{"uv":[6,8.25,6.25,8.5],"texture":"#0"},"up":{"uv":[8.5,6.25,8.25,6],"texture":"#0"},"down":{"uv":[6.5,8.25,6.25,8.5],"texture":"#0"}}},{"from":[7.7,-2.50536,7.41372],"to":[8.3,-0.60536,7.81372],"rotation":{"angle":22.5,"axis":"x","origin":[8.8,-1.37399,7.81372]},"faces":{"north":{"uv":[7.25,0,7.5,0.5],"texture":"#0"},"east":{"uv":[0.5,7.25,0.75,7.75],"texture":"#0"},"south":{"uv":[7.25,0.5,7.5,1],"texture":"#0"},"west":{"uv":[0.75,7.25,1,7.75],"texture":"#0"},"up":{"uv":[8.5,6.5,8.25,6.25],"texture":"#0"},"down":{"uv":[6.75,8.25,6.5,8.5],"texture":"#0"}}},{"from":[7.6,-1.7,8.06863],"to":[8.4,-1,9.36863],"rotation":{"angle":45,"axis":"x","origin":[8.8,-1,9.2]},"faces":{"north":{"uv":[8.25,6.5,8.5,6.75],"texture":"#0"},"east":{"uv":[6.75,8.25,7,8.5],"texture":"#0"},"south":{"uv":[8.25,6.75,8.5,7],"texture":"#0"},"west":{"uv":[7,8.25,7.25,8.5],"texture":"#0"},"up":{"uv":[8.5,7.25,8.25,7],"texture":"#0"},"down":{"uv":[7.5,8.25,7.25,8.5],"texture":"#0"}}},{"from":[7.6,-1.89424,8.61924],"to":[8.4,-1.11924,9.31924],"rotation":{"angle":0,"axis":"y","origin":[8.8,-1.28787,8.61924]},"faces":{"north":{"uv":[8.25,7.25,8.5,7.5],"texture":"#0"},"east":{"uv":[7.5,8.25,7.75,8.5],"texture":"#0"},"south":{"uv":[8.25,7.5,8.5,7.75],"texture":"#0"},"west":{"uv":[7.75,8.25,8,8.5],"texture":"#0"},"up":{"uv":[8.5,8,8.25,7.75],"texture":"#0"},"down":{"uv":[8.25,8.25,8,8.5],"texture":"#0"}}},{"from":[7.7,-2.50536,8.18628],"to":[8.3,-0.60536,8.58628],"rotation":{"angle":-22.5,"axis":"x","origin":[8.8,-1.37399,8.18628]},"faces":{"north":{"uv":[1,7.25,1.25,7.75],"texture":"#0"},"east":{"uv":[7.25,1,7.5,1.5],"texture":"#0"},"south":{"uv":[1.25,7.25,1.5,7.75],"texture":"#0"},"west":{"uv":[2,7.25,2.25,7.75],"texture":"#0"},"up":{"uv":[8.5,8.25,8.25,8],"texture":"#0"},"down":{"uv":[8.5,8.25,8.25,8.5],"texture":"#0"}}},{"from":[7.6,-2.43656,8.64312],"to":[8.4,-1.43656,9.14312],"rotation":{"angle":22.5,"axis":"x","origin":[7.7,-2.43656,9.14312]},"faces":{"north":{"uv":[0,8.5,0.25,8.75],"texture":"#0"},"east":{"uv":[8.5,0,8.75,0.25],"texture":"#0"},"south":{"uv":[0.25,8.5,0.5,8.75],"texture":"#0"},"west":{"uv":[8.5,0.25,8.75,0.5],"texture":"#0"},"up":{"uv":[0.75,8.75,0.5,8.5],"texture":"#0"},"down":{"uv":[8.75,0.5,8.5,0.75],"texture":"#0"}}},{"from":[7.6,-2.335,7.97407],"to":[8.4,-2.14366,8.43601],"rotation":{"angle":45,"axis":"x","origin":[7.7,-3.14366,8.43601]},"faces":{"north":{"uv":[0.75,8.5,1,8.75],"texture":"#0"},"east":{"uv":[8.5,0.75,8.75,1],"texture":"#0"},"south":{"uv":[1,8.5,1.25,8.75],"texture":"#0"},"west":{"uv":[8.5,1,8.75,1.25],"texture":"#0"},"up":{"uv":[1.5,8.75,1.25,8.5],"texture":"#0"},"down":{"uv":[8.75,1.25,8.5,1.5],"texture":"#0"}}}],"display":{"thirdperson_righthand":{"translation":[0,0.5,1.5]},"thirdperson_lefthand":{"translation":[0,0.5,1.5]},"ground":{"translation":[0,7.5,0]},"gui":{"rotation":[-90,67.5,90],"translation":[1.25,-1.75,0],"scale":[0.55,0.55,0.55]},"fixed":{"rotation":[0,90,0],"translation":[0,-1.75,0],"scale":[0.7,0.7,0.7]}},"groups":[{"name":"axe","origin":[8,8,8],"color":0,"children":[0,1,2,3,4,5,6,7,8,9,10,11,12,13,14,15,16,17,18,19,20,21,22,23,24,25,26,27,28,29,30,31,32,33,34,35,36,37,38,39,40,41,42,43,44,45,46,47,48,49,50,51,52,53,54,55,56,57,58,59,60,61,62,63,64,65,66,67,68,69,70,71,72,73,74,75,76,77,78,79,80,81]}]}