{"credit":"Made with Blockbench","texture_size":[64,64],"textures":{"0":"item/axes/greekaxe_texture","particle":"item/axes/greekaxe_texture"},"elements":[{"from":[7.225,-12.7,7.2],"to":[8.775,17,8.8],"rotation":{"angle":0,"axis":"y","origin":[8,-13,8]},"faces":{"north":{"uv":[1.5,0,1,7.5],"texture":"#0"},"east":{"uv":[2,0,1.5,7.5],"texture":"#0"},"south":{"uv":[1,0,1.5,7.5],"texture":"#0"},"west":{"uv":[1.5,0,2,7.5],"texture":"#0"},"up":{"uv":[6,5.25,5.5,4.75],"texture":"#0"},"down":{"uv":[5.5,5.5,5,6],"texture":"#0"}}},{"from":[7,-4.7,6.32218],"to":[9,-4.4,7.72218],"rotation":{"angle":45,"axis":"x","origin":[8.1,-5,7.22218]},"faces":{"north":{"uv":[8.25,6.75,8.75,7],"texture":"#0"},"east":{"uv":[5.25,6,5.5,6.25],"texture":"#0"},"south":{"uv":[8.25,7,8.75,7.25],"texture":"#0"},"west":{"uv":[2,10,2.25,10.25],"texture":"#0"},"up":{"uv":[8.75,7.5,8.25,7.25],"texture":"#0"},"down":{"uv":[8.75,7.5,8.25,7.75],"texture":"#0"}}},{"from":[7.1,-4.4,6.32218],"to":[8.9,-3,7.72218],"rotation":{"angle":45,"axis":"x","origin":[8.1,-5,7.22218]},"faces":{"north":{"uv":[7.75,8.25,8.25,8.5],"texture":"#0"},"east":{"uv":[1.5,12,1,12.5],"texture":"#0"},"south":{"uv":[8.25,7.75,8.75,8],"texture":"#0"},"west":{"uv":[1,12,1.5,12.5],"texture":"#0"},"up":{"uv":[8.75,8.25,8.25,8],"texture":"#0"},"down":{"uv":[8.75,8.25,8.25,8.5],"texture":"#0"}}},{"from":[7,-3,6.32218],"to":[9,-2.7,7.72218],"rotation":{"angle":45,"axis":"x","origin":[8.1,-5,7.22218]},"faces":{"north":{"uv":[8.5,0,9,0.25],"texture":"#0"},"east":{"uv":[10,2.5,10.25,2.75],"texture":"#0"},"south":{"uv":[8.5,0.25,9,0.5],"texture":"#0"},"west":{"uv":[2.75,10,3,10.25],"texture":"#0"},"up":{"uv":[9,0.75,8.5,0.5],"texture":"#0"},"down":{"uv":[9,0.75,8.5,1],"texture":"#0"}}},{"from":[7,-4.7,7.72218],"to":[9,-2.7,8.02218],"rotation":{"angle":45,"axis":"x","origin":[8.1,-5,7.22218]},"faces":{"north":{"uv":[5.5,5.25,6,5.75],"texture":"#0"},"east":{"uv":[6.75,3,7,3.5],"texture":"#0"},"south":{"uv":[2,5.75,2.5,6.25],"texture":"#0"},"west":{"uv":[7,1,7.25,1.5],"texture":"#0"},"up":{"uv":[9,1.25,8.5,1],"texture":"#0"},"down":{"uv":[9,1.25,8.5,1.5],"texture":"#0"}}},{"from":[7,-4.7,6.02218],"to":[9,-2.7,6.32218],"rotation":{"angle":45,"axis":"x","origin":[8.1,-5,7.22218]},"faces":{"north":{"uv":[2.5,5.75,3,6.25],"texture":"#0"},"east":{"uv":[6.75,8.25,7,8.75],"texture":"#0"},"south":{"uv":[3,5.75,3.5,6.25],"texture":"#0"},"west":{"uv":[0,8.5,0.25,9],"texture":"#0"},"up":{"uv":[9,1.75,8.5,1.5],"texture":"#0"},"down":{"uv":[9,1.75,8.5,2],"texture":"#0"}}},{"from":[7.1,3.6,6.32218],"to":[8.9,5,7.72218],"rotation":{"angle":45,"axis":"x","origin":[8.1,3,7.22218]},"faces":{"north":{"uv":[8.5,2,9,2.25],"texture":"#0"},"east":{"uv":[1.5,12,1,12.5],"texture":"#0"},"south":{"uv":[8.5,2.25,9,2.5],"texture":"#0"},"west":{"uv":[1,12,1.5,12.5],"texture":"#0"},"up":{"uv":[9,2.75,8.5,2.5],"texture":"#0"},"down":{"uv":[9,2.75,8.5,3],"texture":"#0"}}},{"from":[7,3.3,6.02218],"to":[9,5.3,6.32218],"rotation":{"angle":45,"axis":"x","origin":[8.1,3,7.22218]},"faces":{"north":{"uv":[5.5,5.75,6,6.25],"texture":"#0"},"east":{"uv":[3,8.5,3.25,9],"texture":"#0"},"south":{"uv":[6,0,6.5,0.5],"texture":"#0"},"west":{"uv":[8.5,3,8.75,3.5],"texture":"#0"},"up":{"uv":[3.75,8.75,3.25,8.5],"texture":"#0"},"down":{"uv":[9,3.5,8.5,3.75],"texture":"#0"}}},{"from":[7,3.3,6.32218],"to":[9,3.6,7.72218],"rotation":{"angle":45,"axis":"x","origin":[8.1,3,7.22218]},"faces":{"north":{"uv":[8.5,3.75,9,4],"texture":"#0"},"east":{"uv":[3.25,10,3.5,10.25],"texture":"#0"},"south":{"uv":[8.5,4,9,4.25],"texture":"#0"},"west":{"uv":[3.5,10,3.75,10.25],"texture":"#0"},"up":{"uv":[9,4.5,8.5,4.25],"texture":"#0"},"down":{"uv":[5,8.5,4.5,8.75],"texture":"#0"}}},{"from":[7,5,6.32218],"to":[9,5.3,7.72218],"rotation":{"angle":45,"axis":"x","origin":[8.1,3,7.22218]},"faces":{"north":{"uv":[8.5,4.5,9,4.75],"texture":"#0"},"east":{"uv":[10,3.5,10.25,3.75],"texture":"#0"},"south":{"uv":[8.5,4.75,9,5],"texture":"#0"},"west":{"uv":[3.75,10,4,10.25],"texture":"#0"},"up":{"uv":[9,5.25,8.5,5],"texture":"#0"},"down":{"uv":[5.75,8.5,5.25,8.75],"texture":"#0"}}},{"from":[7,3.3,7.72218],"to":[9,5.3,8.02218],"rotation":{"angle":45,"axis":"x","origin":[8.1,3,7.22218]},"faces":{"north":{"uv":[6,0.5,6.5,1],"texture":"#0"},"east":{"uv":[3.75,8.5,4,9],"texture":"#0"},"south":{"uv":[6,1,6.5,1.5],"texture":"#0"},"west":{"uv":[8.5,5.25,8.75,5.75],"texture":"#0"},"up":{"uv":[6.25,8.75,5.75,8.5],"texture":"#0"},"down":{"uv":[9,5.75,8.5,6],"texture":"#0"}}},{"from":[7.1,11.6,6.32218],"to":[8.9,13,7.72218],"rotation":{"angle":45,"axis":"x","origin":[8.1,11,7.22218]},"faces":{"north":{"uv":[8.5,6,9,6.25],"texture":"#0"},"east":{"uv":[1.5,12,1,12.5],"texture":"#0"},"south":{"uv":[6.25,8.5,6.75,8.75],"texture":"#0"},"west":{"uv":[1,12,1.5,12.5],"texture":"#0"},"up":{"uv":[9,6.5,8.5,6.25],"texture":"#0"},"down":{"uv":[9,6.5,8.5,6.75],"texture":"#0"}}},{"from":[7.2,18.3,7.02218],"to":[8.8,21.9,8.42218],"rotation":{"angle":45,"axis":"x","origin":[8.1,17,7.22218]},"faces":{"north":{"uv":[3,0,3.5,1],"texture":"#0"},"east":{"uv":[6.25,2.5,6,3.5],"texture":"#0"},"south":{"uv":[3,1,3.5,2],"texture":"#0"},"west":{"uv":[6,2.5,6.25,3.5],"texture":"#0"},"up":{"uv":[8,8.75,7.5,8.5],"texture":"#0"},"down":{"uv":[8.5,8.5,8,8.75],"texture":"#0"}}},{"from":[7.2,19.4,8.42218],"to":[8.8,20.8,9.12218],"rotation":{"angle":45,"axis":"x","origin":[8.1,17,7.22218]},"faces":{"north":{"uv":[8.5,8.5,9,8.75],"texture":"#0"},"east":{"uv":[10,4,10.25,4.25],"texture":"#0"},"south":{"uv":[2,8.75,2.5,9],"texture":"#0"},"west":{"uv":[4.25,10,4.5,10.25],"texture":"#0"},"up":{"uv":[3,9,2.5,8.75],"texture":"#0"},"down":{"uv":[9.25,3,8.75,3.25],"texture":"#0"}}},{"from":[7.2,18.6,6.22218],"to":[8.8,21.6,6.72218],"rotation":{"angle":45,"axis":"x","origin":[8.1,17,7.22218]},"faces":{"north":{"uv":[4,3,4.5,3.75],"texture":"#0"},"east":{"uv":[0.25,7.5,0.5,8.25],"texture":"#0"},"south":{"uv":[3.5,4,4,4.75],"texture":"#0"},"west":{"uv":[0.5,7.5,0.75,8.25],"texture":"#0"},"up":{"uv":[3.75,9,3.25,8.75],"texture":"#0"},"down":{"uv":[9.25,3.25,8.75,3.5],"texture":"#0"}}},{"from":[7.2,18.6,4.22218],"to":[8.8,19.1,6.22218],"rotation":{"angle":45,"axis":"x","origin":[8.1,17,7.22218]},"faces":{"north":{"uv":[4,8.75,4.5,9],"texture":"#0"},"east":{"uv":[4.5,8.75,5,9],"texture":"#0"},"south":{"uv":[5,8.75,5.5,9],"texture":"#0"},"west":{"uv":[8.75,5.25,9.25,5.5],"texture":"#0"},"up":{"uv":[6.5,4,6,3.5],"texture":"#0"},"down":{"uv":[4.5,6,4,6.5],"texture":"#0"}}},{"from":[7.2,21.1,4.22218],"to":[8.8,21.6,6.22218],"rotation":{"angle":45,"axis":"x","origin":[8.1,17,7.22218]},"faces":{"north":{"uv":[5.5,8.75,6,9],"texture":"#0"},"east":{"uv":[8.75,5.5,9.25,5.75],"texture":"#0"},"south":{"uv":[6,8.75,6.5,9],"texture":"#0"},"west":{"uv":[6.5,8.75,7,9],"texture":"#0"},"up":{"uv":[6.5,4.5,6,4],"texture":"#0"},"down":{"uv":[6.5,4.5,6,5],"texture":"#0"}}},{"from":[7.2,18.6,3.72218],"to":[8.8,21.6,4.22218],"rotation":{"angle":45,"axis":"x","origin":[8.1,17,7.22218]},"faces":{"north":{"uv":[4,3.75,4.5,4.5],"texture":"#0"},"east":{"uv":[0.75,7.5,1,8.25],"texture":"#0"},"south":{"uv":[4.5,0,5,0.75],"texture":"#0"},"west":{"uv":[1,7.5,1.25,8.25],"texture":"#0"},"up":{"uv":[9.25,7,8.75,6.75],"texture":"#0"},"down":{"uv":[7.5,8.75,7,9],"texture":"#0"}}},{"from":[7.2,18.3,2.02218],"to":[8.8,21.9,3.42218],"rotation":{"angle":45,"axis":"x","origin":[8.1,17,7.22218]},"faces":{"north":{"uv":[2,3,2.5,4],"texture":"#0"},"east":{"uv":[5,6,5.25,7],"texture":"#0"},"south":{"uv":[3,2,3.5,3],"texture":"#0"},"west":{"uv":[6,5,6.25,6],"texture":"#0"},"up":{"uv":[9.25,7.25,8.75,7],"texture":"#0"},"down":{"uv":[9.25,7.25,8.75,7.5],"texture":"#0"}}},{"from":[7.2,19.4,1.32218],"to":[8.8,20.8,2.02218],"rotation":{"angle":45,"axis":"x","origin":[8.1,17,7.22218]},"faces":{"north":{"uv":[7.5,8.75,8,9],"texture":"#0"},"east":{"uv":[10,4.25,10.25,4.5],"texture":"#0"},"south":{"uv":[8.75,7.5,9.25,7.75],"texture":"#0"},"west":{"uv":[4.5,10,4.75,10.25],"texture":"#0"},"up":{"uv":[9.25,8,8.75,7.75],"texture":"#0"},"down":{"uv":[8.5,8.75,8,9],"texture":"#0"}}},{"from":[7.2,21.9,2.02218],"to":[8.8,23.3,8.42218],"rotation":{"angle":45,"axis":"x","origin":[8.1,17,7.22218]},"faces":{"north":{"uv":[8.75,8,9.25,8.25],"texture":"#0"},"east":{"uv":[4.5,0.75,6,1],"texture":"#0"},"south":{"uv":[8.75,8.25,9.25,8.5],"texture":"#0"},"west":{"uv":[4.5,1,6,1.25],"texture":"#0"},"up":{"uv":[2.5,1.5,2,0],"texture":"#0"},"down":{"uv":[2.5,1.5,2,3],"texture":"#0"}}},{"from":[7.2,23.3,4.52218],"to":[8.8,24,5.92218],"rotation":{"angle":45,"axis":"x","origin":[8.1,17,7.22218]},"faces":{"north":{"uv":[8.5,8.75,9,9],"texture":"#0"},"east":{"uv":[4.75,10,5,10.25],"texture":"#0"},"south":{"uv":[0,9,0.5,9.25],"texture":"#0"},"west":{"uv":[5,10,5.25,10.25],"texture":"#0"},"up":{"uv":[9.5,0.25,9,0],"texture":"#0"},"down":{"uv":[9.5,0.25,9,0.5],"texture":"#0"}}},{"from":[7.2,16.2,4.52218],"to":[8.8,16.9,5.92218],"rotation":{"angle":45,"axis":"x","origin":[8.1,17,7.22218]},"faces":{"north":{"uv":[0.5,9,1,9.25],"texture":"#0"},"east":{"uv":[10,5,10.25,5.25],"texture":"#0"},"south":{"uv":[9,0.5,9.5,0.75],"texture":"#0"},"west":{"uv":[5.25,10,5.5,10.25],"texture":"#0"},"up":{"uv":[9.5,1,9,0.75],"texture":"#0"},"down":{"uv":[1.5,9,1,9.25],"texture":"#0"}}},{"from":[7.2,16.9,2.02218],"to":[8.8,18.3,8.42218],"rotation":{"angle":45,"axis":"x","origin":[8.1,17,7.22218]},"faces":{"north":{"uv":[9,1,9.5,1.25],"texture":"#0"},"east":{"uv":[6,1.5,4.5,1.75],"texture":"#0"},"south":{"uv":[9,1.25,9.5,1.5],"texture":"#0"},"west":{"uv":[4.5,1.5,6,1.75],"texture":"#0"},"up":{"uv":[3,1.5,2.5,0],"texture":"#0"},"down":{"uv":[3,1.5,2.5,3],"texture":"#0"}}},{"from":[7,17.9,3.02218],"to":[9,18.6,7.42218],"rotation":{"angle":45,"axis":"x","origin":[8.1,17,7.22218]},"faces":{"north":{"uv":[1.5,9,2,9.25],"texture":"#0"},"east":{"uv":[6,6,7,6.25],"texture":"#0"},"south":{"uv":[9,1.5,9.5,1.75],"texture":"#0"},"west":{"uv":[6.25,1.5,7.25,1.75],"texture":"#0"},"up":{"uv":[3,4,2.5,3],"texture":"#0"},"down":{"uv":[3.5,3,3,4],"texture":"#0"}}},{"from":[7,18.6,3.02218],"to":[9,21.6,3.72218],"rotation":{"angle":45,"axis":"x","origin":[8.1,17,7.22218]},"faces":{"north":{"uv":[4.5,1.75,5,2.5],"texture":"#0"},"east":{"uv":[7.5,1,7.75,1.75],"texture":"#0"},"south":{"uv":[4.5,2.5,5,3.25],"texture":"#0"},"west":{"uv":[1.25,7.5,1.5,8.25],"texture":"#0"},"up":{"uv":[9.5,2,9,1.75],"texture":"#0"},"down":{"uv":[2.5,9,2,9.25],"texture":"#0"}}},{"from":[7,18.6,6.72218],"to":[9,21.6,7.42218],"rotation":{"angle":45,"axis":"x","origin":[8.1,17,7.22218]},"faces":{"north":{"uv":[4.5,3.25,5,4],"texture":"#0"},"east":{"uv":[1.5,7.5,1.75,8.25],"texture":"#0"},"south":{"uv":[4,4.5,4.5,5.25],"texture":"#0"},"west":{"uv":[1.75,7.5,2,8.25],"texture":"#0"},"up":{"uv":[9.5,2.25,9,2],"texture":"#0"},"down":{"uv":[9.5,2.25,9,2.5],"texture":"#0"}}},{"from":[7,21.6,3.02218],"to":[9,22.3,7.42218],"rotation":{"angle":45,"axis":"x","origin":[8.1,17,7.22218]},"faces":{"north":{"uv":[2.5,9,3,9.25],"texture":"#0"},"east":{"uv":[6.25,1.75,7.25,2],"texture":"#0"},"south":{"uv":[9,2.5,9.5,2.75],"texture":"#0"},"west":{"uv":[2,6.25,3,6.5],"texture":"#0"},"up":{"uv":[4,1,3.5,0],"texture":"#0"},"down":{"uv":[4,1,3.5,2],"texture":"#0"}}},{"from":[7.1,20.8,1.72218],"to":[8.9,23.6,2.02218],"rotation":{"angle":45,"axis":"x","origin":[8.1,17,7.22218]},"faces":{"north":{"uv":[4.5,4,5,4.75],"texture":"#0"},"east":{"uv":[7.5,1.75,7.75,2.5],"texture":"#0"},"south":{"uv":[3.5,4.75,4,5.5],"texture":"#0"},"west":{"uv":[7.5,2.5,7.75,3.25],"texture":"#0"},"up":{"uv":[9.5,3,9,2.75],"texture":"#0"},"down":{"uv":[3.5,9,3,9.25],"texture":"#0"}}},{"from":[7.1,16.6,8.42218],"to":[8.9,19.4,8.72218],"rotation":{"angle":45,"axis":"x","origin":[8.1,17,7.22218]},"faces":{"north":{"uv":[4.5,4.75,5,5.5],"texture":"#0"},"east":{"uv":[7.5,3.25,7.75,4],"texture":"#0"},"south":{"uv":[5,0,5.5,0.75],"texture":"#0"},"west":{"uv":[7.5,4,7.75,4.75],"texture":"#0"},"up":{"uv":[4,9.25,3.5,9],"texture":"#0"},"down":{"uv":[9.5,3.5,9,3.75],"texture":"#0"}}},{"from":[7.1,20.8,8.42218],"to":[8.9,23.6,8.72218],"rotation":{"angle":45,"axis":"x","origin":[8.1,17,7.22218]},"faces":{"north":{"uv":[5,1.75,5.5,2.5],"texture":"#0"},"east":{"uv":[7.5,4.75,7.75,5.5],"texture":"#0"},"south":{"uv":[2,5,2.5,5.75],"texture":"#0"},"west":{"uv":[7.5,5.5,7.75,6.25],"texture":"#0"},"up":{"uv":[9.5,4,9,3.75],"texture":"#0"},"down":{"uv":[4.5,9,4,9.25],"texture":"#0"}}},{"from":[7.1,16.6,1.72218],"to":[8.9,19.4,2.02218],"rotation":{"angle":45,"axis":"x","origin":[8.1,17,7.22218]},"faces":{"north":{"uv":[2.5,5,3,5.75],"texture":"#0"},"east":{"uv":[7.5,6.25,7.75,7],"texture":"#0"},"south":{"uv":[5,2.5,5.5,3.25],"texture":"#0"},"west":{"uv":[7.5,7,7.75,7.75],"texture":"#0"},"up":{"uv":[9.5,4.25,9,4],"texture":"#0"},"down":{"uv":[9.5,4.25,9,4.5],"texture":"#0"}}},{"from":[7.1,16.6,5.92218],"to":[8.9,16.9,8.42218],"rotation":{"angle":45,"axis":"x","origin":[8.1,17,7.22218]},"faces":{"north":{"uv":[4.5,9,5,9.25],"texture":"#0"},"east":{"uv":[9,4.5,9.5,4.75],"texture":"#0"},"south":{"uv":[9,4.75,9.5,5],"texture":"#0"},"west":{"uv":[5,9,5.5,9.25],"texture":"#0"},"up":{"uv":[6.75,2.5,6.25,2],"texture":"#0"},"down":{"uv":[6.75,2.5,6.25,3],"texture":"#0"}}},{"from":[7.1,23.3,5.92218],"to":[8.9,23.6,8.42218],"rotation":{"angle":45,"axis":"x","origin":[8.1,17,7.22218]},"faces":{"north":{"uv":[9,5,9.5,5.25],"texture":"#0"},"east":{"uv":[5.5,9,6,9.25],"texture":"#0"},"south":{"uv":[9,5.75,9.5,6],"texture":"#0"},"west":{"uv":[6,9,6.5,9.25],"texture":"#0"},"up":{"uv":[3.5,6.75,3,6.25],"texture":"#0"},"down":{"uv":[6.75,3,6.25,3.5],"texture":"#0"}}},{"from":[7.1,23.3,2.02218],"to":[8.9,23.6,4.52218],"rotation":{"angle":45,"axis":"x","origin":[8.1,17,7.22218]},"faces":{"north":{"uv":[9,6,9.5,6.25],"texture":"#0"},"east":{"uv":[9,6.25,9.5,6.5],"texture":"#0"},"south":{"uv":[6.5,9,7,9.25],"texture":"#0"},"west":{"uv":[9,6.5,9.5,6.75],"texture":"#0"},"up":{"uv":[4,6.75,3.5,6.25],"texture":"#0"},"down":{"uv":[5,6.25,4.5,6.75],"texture":"#0"}}},{"from":[7.1,16.6,2.02218],"to":[8.9,16.9,4.52218],"rotation":{"angle":45,"axis":"x","origin":[8.1,17,7.22218]},"faces":{"north":{"uv":[7,9,7.5,9.25],"texture":"#0"},"east":{"uv":[7.5,9,8,9.25],"texture":"#0"},"south":{"uv":[8,9,8.5,9.25],"texture":"#0"},"west":{"uv":[8.5,9,9,9.25],"texture":"#0"},"up":{"uv":[6.75,5.5,6.25,5],"texture":"#0"},"down":{"uv":[5.75,6.25,5.25,6.75],"texture":"#0"}}},{"from":[7.1,19.1,9.12218],"to":[8.9,21.1,9.42218],"rotation":{"angle":45,"axis":"x","origin":[8.1,17,7.22218]},"faces":{"north":{"uv":[6.25,5.5,6.75,6],"texture":"#0"},"east":{"uv":[9,8.5,9.25,9],"texture":"#0"},"south":{"uv":[5.75,6.25,6.25,6.75],"texture":"#0"},"west":{"uv":[9,9,9.25,9.5],"texture":"#0"},"up":{"uv":[0.5,9.5,0,9.25],"texture":"#0"},"down":{"uv":[1,9.25,0.5,9.5],"texture":"#0"}}},{"from":[7.1,19.1,1.02218],"to":[8.9,21.1,1.32218],"rotation":{"angle":45,"axis":"x","origin":[8.1,17,7.22218]},"faces":{"north":{"uv":[6.25,6.25,6.75,6.75],"texture":"#0"},"east":{"uv":[1,9.25,1.25,9.75],"texture":"#0"},"south":{"uv":[6.5,0,7,0.5],"texture":"#0"},"west":{"uv":[1.25,9.25,1.5,9.75],"texture":"#0"},"up":{"uv":[2,9.5,1.5,9.25],"texture":"#0"},"down":{"uv":[2.5,9.25,2,9.5],"texture":"#0"}}},{"from":[7.1,19.1,8.72218],"to":[8.9,19.4,9.12218],"rotation":{"angle":45,"axis":"x","origin":[8.1,17,7.22218]},"faces":{"north":{"uv":[2.5,9.25,3,9.5],"texture":"#0"},"east":{"uv":[5.5,10,5.75,10.25],"texture":"#0"},"south":{"uv":[3,9.25,3.5,9.5],"texture":"#0"},"west":{"uv":[5.75,10,6,10.25],"texture":"#0"},"up":{"uv":[9.75,3.25,9.25,3],"texture":"#0"},"down":{"uv":[9.75,3.25,9.25,3.5],"texture":"#0"}}},{"from":[7.1,20.8,8.72218],"to":[8.9,21.1,9.12218],"rotation":{"angle":45,"axis":"x","origin":[8.1,17,7.22218]},"faces":{"north":{"uv":[3.5,9.25,4,9.5],"texture":"#0"},"east":{"uv":[10,5.75,10.25,6],"texture":"#0"},"south":{"uv":[4,9.25,4.5,9.5],"texture":"#0"},"west":{"uv":[6,10,6.25,10.25],"texture":"#0"},"up":{"uv":[5,9.5,4.5,9.25],"texture":"#0"},"down":{"uv":[5.5,9.25,5,9.5],"texture":"#0"}}},{"from":[7.1,19.1,1.32218],"to":[8.9,19.4,1.72218],"rotation":{"angle":45,"axis":"x","origin":[8.1,17,7.22218]},"faces":{"north":{"uv":[9.25,5.25,9.75,5.5],"texture":"#0"},"east":{"uv":[10,6,10.25,6.25],"texture":"#0"},"south":{"uv":[5.5,9.25,6,9.5],"texture":"#0"},"west":{"uv":[6.25,10,6.5,10.25],"texture":"#0"},"up":{"uv":[9.75,5.75,9.25,5.5],"texture":"#0"},"down":{"uv":[6.5,9.25,6,9.5],"texture":"#0"}}},{"from":[7.75,22.89289,3.48614],"to":[8.25,23.39289,3.98614],"rotation":{"angle":45,"axis":"x","origin":[7.55,22,3.22218]},"faces":{"north":{"uv":[10,6.25,10.25,6.5],"texture":"#0"},"east":{"uv":[6.5,10,6.75,10.25],"texture":"#0"},"south":{"uv":[10,6.5,10.25,6.75],"texture":"#0"},"west":{"uv":[6.75,10,7,10.25],"texture":"#0"},"up":{"uv":[7.25,10.25,7,10],"texture":"#0"},"down":{"uv":[7.5,10,7.25,10.25],"texture":"#0"}}},{"from":[7.75,21.49998,3.70743],"to":[8.25,21.99998,4.20743],"rotation":{"angle":-22.5,"axis":"x","origin":[7.55,22.26394,2.81453]},"faces":{"north":{"uv":[7.5,10,7.75,10.25],"texture":"#0"},"east":{"uv":[7.75,10,8,10.25],"texture":"#0"},"south":{"uv":[8,10,8.25,10.25],"texture":"#0"},"west":{"uv":[8.25,10,8.5,10.25],"texture":"#0"},"up":{"uv":[10.25,8.75,10,8.5],"texture":"#0"},"down":{"uv":[10.25,8.75,10,9],"texture":"#0"}}},{"from":[7.75,21.89983,3.43182],"to":[8.25,22.39983,3.93182],"rotation":{"angle":0,"axis":"y","origin":[7.55,22.66379,2.53892]},"faces":{"north":{"uv":[10,9,10.25,9.25],"texture":"#0"},"east":{"uv":[10,9.25,10.25,9.5],"texture":"#0"},"south":{"uv":[10,9.5,10.25,9.75],"texture":"#0"},"west":{"uv":[10,9.75,10.25,10],"texture":"#0"},"up":{"uv":[10.25,10.25,10,10],"texture":"#0"},"down":{"uv":[10.5,0,10.25,0.25],"texture":"#0"}}},{"from":[7.75858,22.37444,3.32817],"to":[8.25858,22.87444,3.82817],"rotation":{"angle":-22.5,"axis":"x","origin":[7.55858,23.1384,2.43528]},"rotated":[22.49309,-0.55025,0.04531],"faces":{"north":{"uv":[10.25,0.25,10.5,0.5],"texture":"#0"},"east":{"uv":[10.25,0.5,10.5,0.75],"texture":"#0"},"south":{"uv":[10.25,0.75,10.5,1],"texture":"#0"},"west":{"uv":[10.25,1,10.5,1.25],"texture":"#0"},"up":{"uv":[10.5,1.5,10.25,1.25],"texture":"#0"},"down":{"uv":[10.5,1.5,10.25,1.75],"texture":"#0"}}},{"from":[7.75429,22.85228,3.41805],"to":[8.25429,23.35228,3.91805],"rotation":{"angle":45,"axis":"x","origin":[7.55429,23.61624,2.52515]},"faces":{"north":{"uv":[10.25,1.75,10.5,2],"texture":"#0"},"east":{"uv":[2,10.25,2.25,10.5],"texture":"#0"},"south":{"uv":[10.25,2,10.5,2.25],"texture":"#0"},"west":{"uv":[2.25,10.25,2.5,10.5],"texture":"#0"},"up":{"uv":[10.5,2.5,10.25,2.25],"texture":"#0"},"down":{"uv":[2.75,10.25,2.5,10.5],"texture":"#0"}}},{"from":[7.75429,22.631,2.02513],"to":[8.25429,23.131,2.52513],"rotation":{"angle":-22.5,"axis":"x","origin":[7.55429,24.02389,2.78909]},"faces":{"north":{"uv":[10.25,2.5,10.5,2.75],"texture":"#0"},"east":{"uv":[2.75,10.25,3,10.5],"texture":"#0"},"south":{"uv":[10.25,2.75,10.5,3],"texture":"#0"},"west":{"uv":[3,10.25,3.25,10.5],"texture":"#0"},"up":{"uv":[10.5,3.25,10.25,3],"texture":"#0"},"down":{"uv":[3.5,10.25,3.25,10.5],"texture":"#0"}}},{"from":[7.75429,22.90661,2.42498],"to":[8.25429,23.40661,2.92498],"rotation":{"angle":0,"axis":"y","origin":[7.55429,24.2995,3.18894]},"faces":{"north":{"uv":[10.25,3.25,10.5,3.5],"texture":"#0"},"east":{"uv":[3.5,10.25,3.75,10.5],"texture":"#0"},"south":{"uv":[10.25,3.5,10.5,3.75],"texture":"#0"},"west":{"uv":[3.75,10.25,4,10.5],"texture":"#0"},"up":{"uv":[10.5,4,10.25,3.75],"texture":"#0"},"down":{"uv":[4.25,10.25,4,10.5],"texture":"#0"}}},{"from":[7.75429,23.00823,2.89986],"to":[8.25429,23.50823,3.39986],"rotation":{"angle":22.5,"axis":"x","origin":[7.55429,24.40112,3.66382]},"faces":{"north":{"uv":[10.25,4,10.5,4.25],"texture":"#0"},"east":{"uv":[4.25,10.25,4.5,10.5],"texture":"#0"},"south":{"uv":[10.25,4.25,10.5,4.5],"texture":"#0"},"west":{"uv":[4.5,10.25,4.75,10.5],"texture":"#0"},"up":{"uv":[10.5,4.75,10.25,4.5],"texture":"#0"},"down":{"uv":[5,10.25,4.75,10.5],"texture":"#0"}}},{"from":[7.75429,22.92038,3.37749],"to":[8.25429,23.42038,3.87749],"rotation":{"angle":45,"axis":"x","origin":[7.55429,24.31327,4.14145]},"faces":{"north":{"uv":[10.25,4.75,10.5,5],"texture":"#0"},"east":{"uv":[5,10.25,5.25,10.5],"texture":"#0"},"south":{"uv":[10.25,5,10.5,5.25],"texture":"#0"},"west":{"uv":[5.25,10.25,5.5,10.5],"texture":"#0"},"up":{"uv":[10.5,5.5,10.25,5.25],"texture":"#0"},"down":{"uv":[5.75,10.25,5.5,10.5],"texture":"#0"}}},{"from":[7.75429,24.31329,3.1562],"to":[8.25429,24.81329,3.6562],"rotation":{"angle":-22.5,"axis":"x","origin":[7.55429,24.04933,4.54909]},"faces":{"north":{"uv":[10.25,5.5,10.5,5.75],"texture":"#0"},"east":{"uv":[5.75,10.25,6,10.5],"texture":"#0"},"south":{"uv":[10.25,5.75,10.5,6],"texture":"#0"},"west":{"uv":[6,10.25,6.25,10.5],"texture":"#0"},"up":{"uv":[10.5,6.25,10.25,6],"texture":"#0"},"down":{"uv":[6.5,10.25,6.25,10.5],"texture":"#0"}}},{"from":[7.75429,25.01374,3.40184],"to":[8.25429,25.51374,3.90184],"rotation":{"angle":-45,"axis":"x","origin":[7.55429,24.74978,4.79473]},"faces":{"north":{"uv":[10.25,6.25,10.5,6.5],"texture":"#0"},"east":{"uv":[6.5,10.25,6.75,10.5],"texture":"#0"},"south":{"uv":[10.25,6.5,10.5,6.75],"texture":"#0"},"west":{"uv":[6.75,10.25,7,10.5],"texture":"#0"},"up":{"uv":[10.5,7,10.25,6.75],"texture":"#0"},"down":{"uv":[7.25,10.25,7,10.5],"texture":"#0"}}},{"from":[7.75429,24.09802,3.98965],"to":[8.25429,24.59802,4.48965],"rotation":{"angle":22.5,"axis":"x","origin":[7.55429,25.49091,4.75361]},"faces":{"north":{"uv":[10.25,7,10.5,7.25],"texture":"#0"},"east":{"uv":[7.25,10.25,7.5,10.5],"texture":"#0"},"south":{"uv":[10.25,7.25,10.5,7.5],"texture":"#0"},"west":{"uv":[7.5,10.25,7.75,10.5],"texture":"#0"},"up":{"uv":[10.5,7.75,10.25,7.5],"texture":"#0"},"down":{"uv":[8,10.25,7.75,10.5],"texture":"#0"}}},{"from":[7.75429,24.767,3.66805],"to":[8.25429,25.267,4.16805],"rotation":{"angle":0,"axis":"y","origin":[7.55429,26.15989,4.43201]},"faces":{"north":{"uv":[10.25,7.75,10.5,8],"texture":"#0"},"east":{"uv":[8,10.25,8.25,10.5],"texture":"#0"},"south":{"uv":[10.25,8,10.5,8.25],"texture":"#0"},"west":{"uv":[8.25,10.25,8.5,10.5],"texture":"#0"},"up":{"uv":[10.5,8.5,10.25,8.25],"texture":"#0"},"down":{"uv":[8.75,10.25,8.5,10.5],"texture":"#0"}}},{"from":[7.75429,25.26198,3.11492],"to":[8.25429,25.76198,3.61492],"rotation":{"angle":-22.5,"axis":"x","origin":[7.55429,26.65488,3.87888]},"faces":{"north":{"uv":[10.25,8.5,10.5,8.75],"texture":"#0"},"east":{"uv":[8.75,10.25,9,10.5],"texture":"#0"},"south":{"uv":[10.25,8.75,10.5,9],"texture":"#0"},"west":{"uv":[9,10.25,9.25,10.5],"texture":"#0"},"up":{"uv":[10.5,9.25,10.25,9],"texture":"#0"},"down":{"uv":[9.5,10.25,9.25,10.5],"texture":"#0"}}},{"from":[7.75429,25.50762,2.41447],"to":[8.25429,26.00762,2.91447],"rotation":{"angle":-45,"axis":"x","origin":[7.55429,26.90051,3.17843]},"faces":{"north":{"uv":[10.25,9.25,10.5,9.5],"texture":"#0"},"east":{"uv":[9.5,10.25,9.75,10.5],"texture":"#0"},"south":{"uv":[10.25,9.5,10.5,9.75],"texture":"#0"},"west":{"uv":[9.75,10.25,10,10.5],"texture":"#0"},"up":{"uv":[10.5,10,10.25,9.75],"texture":"#0"},"down":{"uv":[10.25,10.25,10,10.5],"texture":"#0"}}},{"from":[7.75,21.49998,11.79257],"to":[8.25,21.99998,12.29257],"rotation":{"angle":22.5,"axis":"x","origin":[7.55,22.26394,13.18547]},"faces":{"north":{"uv":[10.25,10,10.5,10.25],"texture":"#0"},"east":{"uv":[10.25,10.25,10.5,10.5],"texture":"#0"},"south":{"uv":[0,10.5,0.25,10.75],"texture":"#0"},"west":{"uv":[10.5,0,10.75,0.25],"texture":"#0"},"up":{"uv":[0.5,10.75,0.25,10.5],"texture":"#0"},"down":{"uv":[10.75,0.25,10.5,0.5],"texture":"#0"}}},{"from":[7.75,21.89983,12.06818],"to":[8.25,22.39983,12.56818],"rotation":{"angle":0,"axis":"y","origin":[7.55,22.66379,13.46108]},"faces":{"north":{"uv":[0.5,10.5,0.75,10.75],"texture":"#0"},"east":{"uv":[10.5,0.5,10.75,0.75],"texture":"#0"},"south":{"uv":[0.75,10.5,1,10.75],"texture":"#0"},"west":{"uv":[10.5,0.75,10.75,1],"texture":"#0"},"up":{"uv":[1.25,10.75,1,10.5],"texture":"#0"},"down":{"uv":[10.75,1,10.5,1.25],"texture":"#0"}}},{"from":[7.75858,22.37444,12.17183],"to":[8.25858,22.87444,12.67183],"rotation":{"angle":-22.5,"axis":"x","origin":[7.55858,23.1384,13.56472]},"rotated":[-22.49309,0.55025,0.04531],"faces":{"north":{"uv":[1.25,10.5,1.5,10.75],"texture":"#0"},"east":{"uv":[10.5,1.25,10.75,1.5],"texture":"#0"},"south":{"uv":[1.5,10.5,1.75,10.75],"texture":"#0"},"west":{"uv":[10.5,1.5,10.75,1.75],"texture":"#0"},"up":{"uv":[2,10.75,1.75,10.5],"texture":"#0"},"down":{"uv":[10.75,1.75,10.5,2],"texture":"#0"}}},{"from":[7.75429,22.85228,12.08195],"to":[8.25429,23.35228,12.58195],"rotation":{"angle":-45,"axis":"x","origin":[7.55429,23.61624,13.47485]},"faces":{"north":{"uv":[2,10.5,2.25,10.75],"texture":"#0"},"east":{"uv":[10.5,2,10.75,2.25],"texture":"#0"},"south":{"uv":[2.25,10.5,2.5,10.75],"texture":"#0"},"west":{"uv":[10.5,2.25,10.75,2.5],"texture":"#0"},"up":{"uv":[2.75,10.75,2.5,10.5],"texture":"#0"},"down":{"uv":[10.75,2.5,10.5,2.75],"texture":"#0"}}},{"from":[7.75429,22.631,13.47487],"to":[8.25429,23.131,13.97487],"rotation":{"angle":22.5,"axis":"x","origin":[7.55429,24.02389,13.21091]},"faces":{"north":{"uv":[2.75,10.5,3,10.75],"texture":"#0"},"east":{"uv":[10.5,2.75,10.75,3],"texture":"#0"},"south":{"uv":[3,10.5,3.25,10.75],"texture":"#0"},"west":{"uv":[10.5,3,10.75,3.25],"texture":"#0"},"up":{"uv":[3.5,10.75,3.25,10.5],"texture":"#0"},"down":{"uv":[10.75,3.25,10.5,3.5],"texture":"#0"}}},{"from":[7.75429,22.90661,13.07502],"to":[8.25429,23.40661,13.57502],"rotation":{"angle":0,"axis":"y","origin":[7.55429,24.2995,12.81106]},"faces":{"north":{"uv":[3.5,10.5,3.75,10.75],"texture":"#0"},"east":{"uv":[10.5,3.5,10.75,3.75],"texture":"#0"},"south":{"uv":[3.75,10.5,4,10.75],"texture":"#0"},"west":{"uv":[10.5,3.75,10.75,4],"texture":"#0"},"up":{"uv":[4.25,10.75,4,10.5],"texture":"#0"},"down":{"uv":[10.75,4,10.5,4.25],"texture":"#0"}}},{"from":[7.75429,23.00823,12.60014],"to":[8.25429,23.50823,13.10014],"rotation":{"angle":-22.5,"axis":"x","origin":[7.55429,24.40112,12.33618]},"faces":{"north":{"uv":[4.25,10.5,4.5,10.75],"texture":"#0"},"east":{"uv":[10.5,4.25,10.75,4.5],"texture":"#0"},"south":{"uv":[4.5,10.5,4.75,10.75],"texture":"#0"},"west":{"uv":[10.5,4.5,10.75,4.75],"texture":"#0"},"up":{"uv":[5,10.75,4.75,10.5],"texture":"#0"},"down":{"uv":[10.75,4.75,10.5,5],"texture":"#0"}}},{"from":[7.75429,22.92038,12.12251],"to":[8.25429,23.42038,12.62251],"rotation":{"angle":-45,"axis":"x","origin":[7.55429,24.31327,11.85855]},"faces":{"north":{"uv":[5,10.5,5.25,10.75],"texture":"#0"},"east":{"uv":[10.5,5,10.75,5.25],"texture":"#0"},"south":{"uv":[5.25,10.5,5.5,10.75],"texture":"#0"},"west":{"uv":[10.5,5.25,10.75,5.5],"texture":"#0"},"up":{"uv":[5.75,10.75,5.5,10.5],"texture":"#0"},"down":{"uv":[10.75,5.5,10.5,5.75],"texture":"#0"}}},{"from":[7.75429,24.31329,12.3438],"to":[8.25429,24.81329,12.8438],"rotation":{"angle":22.5,"axis":"x","origin":[7.55429,24.04933,11.45091]},"faces":{"north":{"uv":[5.75,10.5,6,10.75],"texture":"#0"},"east":{"uv":[10.5,5.75,10.75,6],"texture":"#0"},"south":{"uv":[6,10.5,6.25,10.75],"texture":"#0"},"west":{"uv":[10.5,6,10.75,6.25],"texture":"#0"},"up":{"uv":[6.5,10.75,6.25,10.5],"texture":"#0"},"down":{"uv":[10.75,6.25,10.5,6.5],"texture":"#0"}}},{"from":[7.75429,25.01374,12.09816],"to":[8.25429,25.51374,12.59816],"rotation":{"angle":45,"axis":"x","origin":[7.55429,24.74978,11.20527]},"faces":{"north":{"uv":[6.5,10.5,6.75,10.75],"texture":"#0"},"east":{"uv":[10.5,6.5,10.75,6.75],"texture":"#0"},"south":{"uv":[6.75,10.5,7,10.75],"texture":"#0"},"west":{"uv":[10.5,6.75,10.75,7],"texture":"#0"},"up":{"uv":[7.25,10.75,7,10.5],"texture":"#0"},"down":{"uv":[10.75,7,10.5,7.25],"texture":"#0"}}},{"from":[7.75429,24.09802,11.51035],"to":[8.25429,24.59802,12.01035],"rotation":{"angle":-22.5,"axis":"x","origin":[7.55429,25.49091,11.24639]},"faces":{"north":{"uv":[7.25,10.5,7.5,10.75],"texture":"#0"},"east":{"uv":[10.5,7.25,10.75,7.5],"texture":"#0"},"south":{"uv":[7.5,10.5,7.75,10.75],"texture":"#0"},"west":{"uv":[10.5,7.5,10.75,7.75],"texture":"#0"},"up":{"uv":[8,10.75,7.75,10.5],"texture":"#0"},"down":{"uv":[10.75,7.75,10.5,8],"texture":"#0"}}},{"from":[7.75429,24.767,11.83195],"to":[8.25429,25.267,12.33195],"rotation":{"angle":0,"axis":"y","origin":[7.55429,26.15989,11.56799]},"faces":{"north":{"uv":[8,10.5,8.25,10.75],"texture":"#0"},"east":{"uv":[10.5,8,10.75,8.25],"texture":"#0"},"south":{"uv":[8.25,10.5,8.5,10.75],"texture":"#0"},"west":{"uv":[10.5,8.25,10.75,8.5],"texture":"#0"},"up":{"uv":[8.75,10.75,8.5,10.5],"texture":"#0"},"down":{"uv":[10.75,8.5,10.5,8.75],"texture":"#0"}}},{"from":[7.75429,25.50762,13.08553],"to":[8.25429,26.00762,13.58553],"rotation":{"angle":45,"axis":"x","origin":[7.55429,26.90051,12.82157]},"faces":{"north":{"uv":[8.75,10.5,9,10.75],"texture":"#0"},"east":{"uv":[10.5,8.75,10.75,9],"texture":"#0"},"south":{"uv":[9,10.5,9.25,10.75],"texture":"#0"},"west":{"uv":[10.5,9,10.75,9.25],"texture":"#0"},"up":{"uv":[9.5,10.75,9.25,10.5],"texture":"#0"},"down":{"uv":[10.75,9.25,10.5,9.5],"texture":"#0"}}},{"from":[7.75429,25.26198,12.38508],"to":[8.25429,25.76198,12.88508],"rotation":{"angle":22.5,"axis":"x","origin":[7.55429,26.65488,12.12112]},"faces":{"north":{"uv":[9.5,10.5,9.75,10.75],"texture":"#0"},"east":{"uv":[10.5,9.5,10.75,9.75],"texture":"#0"},"south":{"uv":[9.75,10.5,10,10.75],"texture":"#0"},"west":{"uv":[10.5,9.75,10.75,10],"texture":"#0"},"up":{"uv":[10.25,10.75,10,10.5],"texture":"#0"},"down":{"uv":[10.75,10,10.5,10.25],"texture":"#0"}}},{"from":[7.75,22.89289,12.01386],"to":[8.25,23.39289,12.51386],"rotation":{"angle":-45,"axis":"x","origin":[7.55,22,12.77782]},"faces":{"north":{"uv":[10.25,10.5,10.5,10.75],"texture":"#0"},"east":{"uv":[10.5,10.25,10.75,10.5],"texture":"#0"},"south":{"uv":[10.5,10.5,10.75,10.75],"texture":"#0"},"west":{"uv":[0,10.75,0.25,11],"texture":"#0"},"up":{"uv":[11,0.25,10.75,0],"texture":"#0"},"down":{"uv":[0.5,10.75,0.25,11],"texture":"#0"}}},{"from":[7.75,19.20002,11.79257],"to":[8.25,19.70002,12.29257],"rotation":{"angle":-22.5,"axis":"x","origin":[7.55,18.93606,13.18547]},"faces":{"north":{"uv":[10.75,0.25,11,0.5],"texture":"#0"},"east":{"uv":[0.5,10.75,0.75,11],"texture":"#0"},"south":{"uv":[10.75,0.5,11,0.75],"texture":"#0"},"west":{"uv":[0.75,10.75,1,11],"texture":"#0"},"up":{"uv":[11,1,10.75,0.75],"texture":"#0"},"down":{"uv":[1.25,10.75,1,11],"texture":"#0"}}},{"from":[7.75,18.80017,12.06818],"to":[8.25,19.30017,12.56818],"rotation":{"angle":0,"axis":"y","origin":[7.55,18.53621,13.46108]},"faces":{"north":{"uv":[10.75,1,11,1.25],"texture":"#0"},"east":{"uv":[1.25,10.75,1.5,11],"texture":"#0"},"south":{"uv":[10.75,1.25,11,1.5],"texture":"#0"},"west":{"uv":[1.5,10.75,1.75,11],"texture":"#0"},"up":{"uv":[11,1.75,10.75,1.5],"texture":"#0"},"down":{"uv":[2,10.75,1.75,11],"texture":"#0"}}},{"from":[7.75858,18.32556,12.17183],"to":[8.25858,18.82556,12.67183],"rotation":{"angle":22.5,"axis":"x","origin":[7.55858,18.0616,13.56472]},"rotated":[22.49309,0.55025,-0.04531],"faces":{"north":{"uv":[10.75,1.75,11,2],"texture":"#0"},"east":{"uv":[2,10.75,2.25,11],"texture":"#0"},"south":{"uv":[10.75,2,11,2.25],"texture":"#0"},"west":{"uv":[2.25,10.75,2.5,11],"texture":"#0"},"up":{"uv":[11,2.5,10.75,2.25],"texture":"#0"},"down":{"uv":[2.75,10.75,2.5,11],"texture":"#0"}}},{"from":[7.75429,17.84772,12.08195],"to":[8.25429,18.34772,12.58195],"rotation":{"angle":45,"axis":"x","origin":[7.55429,17.58376,13.47485]},"faces":{"north":{"uv":[10.75,2.5,11,2.75],"texture":"#0"},"east":{"uv":[2.75,10.75,3,11],"texture":"#0"},"south":{"uv":[10.75,2.75,11,3],"texture":"#0"},"west":{"uv":[3,10.75,3.25,11],"texture":"#0"},"up":{"uv":[11,3.25,10.75,3],"texture":"#0"},"down":{"uv":[3.5,10.75,3.25,11],"texture":"#0"}}},{"from":[7.75429,18.069,13.47487],"to":[8.25429,18.569,13.97487],"rotation":{"angle":-22.5,"axis":"x","origin":[7.55429,17.17611,13.21091]},"faces":{"north":{"uv":[10.75,3.25,11,3.5],"texture":"#0"},"east":{"uv":[3.5,10.75,3.75,11],"texture":"#0"},"south":{"uv":[10.75,3.5,11,3.75],"texture":"#0"},"west":{"uv":[3.75,10.75,4,11],"texture":"#0"},"up":{"uv":[11,4,10.75,3.75],"texture":"#0"},"down":{"uv":[4.25,10.75,4,11],"texture":"#0"}}},{"from":[7.75429,17.79339,13.07502],"to":[8.25429,18.29339,13.57502],"rotation":{"angle":0,"axis":"y","origin":[7.55429,16.9005,12.81106]},"faces":{"north":{"uv":[10.75,4,11,4.25],"texture":"#0"},"east":{"uv":[4.25,10.75,4.5,11],"texture":"#0"},"south":{"uv":[10.75,4.25,11,4.5],"texture":"#0"},"west":{"uv":[4.5,10.75,4.75,11],"texture":"#0"},"up":{"uv":[11,4.75,10.75,4.5],"texture":"#0"},"down":{"uv":[5,10.75,4.75,11],"texture":"#0"}}},{"from":[7.75429,17.69177,12.60014],"to":[8.25429,18.19177,13.10014],"rotation":{"angle":22.5,"axis":"x","origin":[7.55429,16.79888,12.33618]},"faces":{"north":{"uv":[10.75,4.75,11,5],"texture":"#0"},"east":{"uv":[5,10.75,5.25,11],"texture":"#0"},"south":{"uv":[10.75,5,11,5.25],"texture":"#0"},"west":{"uv":[5.25,10.75,5.5,11],"texture":"#0"},"up":{"uv":[11,5.5,10.75,5.25],"texture":"#0"},"down":{"uv":[5.75,10.75,5.5,11],"texture":"#0"}}},{"from":[7.75429,17.77962,12.12251],"to":[8.25429,18.27962,12.62251],"rotation":{"angle":45,"axis":"x","origin":[7.55429,16.88673,11.85855]},"faces":{"north":{"uv":[10.75,5.5,11,5.75],"texture":"#0"},"east":{"uv":[5.75,10.75,6,11],"texture":"#0"},"south":{"uv":[10.75,5.75,11,6],"texture":"#0"},"west":{"uv":[6,10.75,6.25,11],"texture":"#0"},"up":{"uv":[11,6.25,10.75,6],"texture":"#0"},"down":{"uv":[6.5,10.75,6.25,11],"texture":"#0"}}},{"from":[7.75429,16.38671,12.3438],"to":[8.25429,16.88671,12.8438],"rotation":{"angle":-22.5,"axis":"x","origin":[7.55429,17.15067,11.45091]},"faces":{"north":{"uv":[10.75,6.25,11,6.5],"texture":"#0"},"east":{"uv":[6.5,10.75,6.75,11],"texture":"#0"},"south":{"uv":[10.75,6.5,11,6.75],"texture":"#0"},"west":{"uv":[6.75,10.75,7,11],"texture":"#0"},"up":{"uv":[11,7,10.75,6.75],"texture":"#0"},"down":{"uv":[7.25,10.75,7,11],"texture":"#0"}}},{"from":[7.75429,15.68626,12.09816],"to":[8.25429,16.18626,12.59816],"rotation":{"angle":-45,"axis":"x","origin":[7.55429,16.45022,11.20527]},"faces":{"north":{"uv":[10.75,7,11,7.25],"texture":"#0"},"east":{"uv":[7.25,10.75,7.5,11],"texture":"#0"},"south":{"uv":[10.75,7.25,11,7.5],"texture":"#0"},"west":{"uv":[7.5,10.75,7.75,11],"texture":"#0"},"up":{"uv":[11,7.75,10.75,7.5],"texture":"#0"},"down":{"uv":[8,10.75,7.75,11],"texture":"#0"}}},{"from":[7.75429,16.60198,11.51035],"to":[8.25429,17.10198,12.01035],"rotation":{"angle":22.5,"axis":"x","origin":[7.55429,15.70909,11.24639]},"faces":{"north":{"uv":[10.75,7.75,11,8],"texture":"#0"},"east":{"uv":[8,10.75,8.25,11],"texture":"#0"},"south":{"uv":[10.75,8,11,8.25],"texture":"#0"},"west":{"uv":[8.25,10.75,8.5,11],"texture":"#0"},"up":{"uv":[11,8.5,10.75,8.25],"texture":"#0"},"down":{"uv":[8.75,10.75,8.5,11],"texture":"#0"}}},{"from":[7.75429,15.933,11.83195],"to":[8.25429,16.433,12.33195],"rotation":{"angle":0,"axis":"y","origin":[7.55429,15.04011,11.56799]},"faces":{"north":{"uv":[10.75,8.5,11,8.75],"texture":"#0"},"east":{"uv":[8.75,10.75,9,11],"texture":"#0"},"south":{"uv":[10.75,8.75,11,9],"texture":"#0"},"west":{"uv":[9,10.75,9.25,11],"texture":"#0"},"up":{"uv":[11,9.25,10.75,9],"texture":"#0"},"down":{"uv":[9.5,10.75,9.25,11],"texture":"#0"}}},{"from":[7.75429,15.19238,13.08553],"to":[8.25429,15.69238,13.58553],"rotation":{"angle":-45,"axis":"x","origin":[7.55429,14.29949,12.82157]},"faces":{"north":{"uv":[10.75,9.25,11,9.5],"texture":"#0"},"east":{"uv":[9.5,10.75,9.75,11],"texture":"#0"},"south":{"uv":[10.75,9.5,11,9.75],"texture":"#0"},"west":{"uv":[9.75,10.75,10,11],"texture":"#0"},"up":{"uv":[11,10,10.75,9.75],"texture":"#0"},"down":{"uv":[10.25,10.75,10,11],"texture":"#0"}}},{"from":[7.75429,15.43802,12.38508],"to":[8.25429,15.93802,12.88508],"rotation":{"angle":-22.5,"axis":"x","origin":[7.55429,14.54512,12.12112]},"faces":{"north":{"uv":[10.75,10,11,10.25],"texture":"#0"},"east":{"uv":[10.25,10.75,10.5,11],"texture":"#0"},"south":{"uv":[10.75,10.25,11,10.5],"texture":"#0"},"west":{"uv":[10.5,10.75,10.75,11],"texture":"#0"},"up":{"uv":[11,10.75,10.75,10.5],"texture":"#0"},"down":{"uv":[11,10.75,10.75,11],"texture":"#0"}}},{"from":[7.75,17.80711,12.01386],"to":[8.25,18.30711,12.51386],"rotation":{"angle":45,"axis":"x","origin":[7.55,19.2,12.77782]},"faces":{"north":{"uv":[0,11,0.25,11.25],"texture":"#0"},"east":{"uv":[11,0,11.25,0.25],"texture":"#0"},"south":{"uv":[0.25,11,0.5,11.25],"texture":"#0"},"west":{"uv":[11,0.25,11.25,0.5],"texture":"#0"},"up":{"uv":[0.75,11.25,0.5,11],"texture":"#0"},"down":{"uv":[11.25,0.5,11,0.75],"texture":"#0"}}},{"from":[7.75,17.80711,3.48614],"to":[8.25,18.30711,3.98614],"rotation":{"angle":-45,"axis":"x","origin":[7.55,19.2,3.22218]},"faces":{"north":{"uv":[0.75,11,1,11.25],"texture":"#0"},"east":{"uv":[11,0.75,11.25,1],"texture":"#0"},"south":{"uv":[1,11,1.25,11.25],"texture":"#0"},"west":{"uv":[11,1,11.25,1.25],"texture":"#0"},"up":{"uv":[1.5,11.25,1.25,11],"texture":"#0"},"down":{"uv":[11.25,1.25,11,1.5],"texture":"#0"}}},{"from":[7.75,19.20002,3.70743],"to":[8.25,19.70002,4.20743],"rotation":{"angle":22.5,"axis":"x","origin":[7.55,18.93606,2.81453]},"faces":{"north":{"uv":[1.5,11,1.75,11.25],"texture":"#0"},"east":{"uv":[11,1.5,11.25,1.75],"texture":"#0"},"south":{"uv":[1.75,11,2,11.25],"texture":"#0"},"west":{"uv":[11,1.75,11.25,2],"texture":"#0"},"up":{"uv":[2.25,11.25,2,11],"texture":"#0"},"down":{"uv":[11.25,2,11,2.25],"texture":"#0"}}},{"from":[7.75858,18.32556,3.32817],"to":[8.25858,18.82556,3.82817],"rotation":{"angle":-22.5,"axis":"x","origin":[7.55858,18.0616,2.43528]},"rotated":[-22.49309,-0.55025,-0.04531],"faces":{"north":{"uv":[2.25,11,2.5,11.25],"texture":"#0"},"east":{"uv":[11,2.25,11.25,2.5],"texture":"#0"},"south":{"uv":[2.5,11,2.75,11.25],"texture":"#0"},"west":{"uv":[11,2.5,11.25,2.75],"texture":"#0"},"up":{"uv":[3,11.25,2.75,11],"texture":"#0"},"down":{"uv":[11.25,2.75,11,3],"texture":"#0"}}},{"from":[7.75,18.80017,3.43182],"to":[8.25,19.30017,3.93182],"rotation":{"angle":0,"axis":"y","origin":[7.55,18.53621,2.53892]},"faces":{"north":{"uv":[3,11,3.25,11.25],"texture":"#0"},"east":{"uv":[11,3,11.25,3.25],"texture":"#0"},"south":{"uv":[3.25,11,3.5,11.25],"texture":"#0"},"west":{"uv":[11,3.25,11.25,3.5],"texture":"#0"},"up":{"uv":[3.75,11.25,3.5,11],"texture":"#0"},"down":{"uv":[11.25,3.5,11,3.75],"texture":"#0"}}},{"from":[7.75429,17.84772,3.41805],"to":[8.25429,18.34772,3.91805],"rotation":{"angle":-45,"axis":"x","origin":[7.55429,17.58376,2.52515]},"faces":{"north":{"uv":[3.75,11,4,11.25],"texture":"#0"},"east":{"uv":[11,3.75,11.25,4],"texture":"#0"},"south":{"uv":[4,11,4.25,11.25],"texture":"#0"},"west":{"uv":[11,4,11.25,4.25],"texture":"#0"},"up":{"uv":[4.5,11.25,4.25,11],"texture":"#0"},"down":{"uv":[11.25,4.25,11,4.5],"texture":"#0"}}},{"from":[7.75429,18.069,2.02513],"to":[8.25429,18.569,2.52513],"rotation":{"angle":22.5,"axis":"x","origin":[7.55429,17.17611,2.78909]},"faces":{"north":{"uv":[4.5,11,4.75,11.25],"texture":"#0"},"east":{"uv":[11,4.5,11.25,4.75],"texture":"#0"},"south":{"uv":[4.75,11,5,11.25],"texture":"#0"},"west":{"uv":[11,4.75,11.25,5],"texture":"#0"},"up":{"uv":[5.25,11.25,5,11],"texture":"#0"},"down":{"uv":[11.25,5,11,5.25],"texture":"#0"}}},{"from":[7.75429,17.79339,2.42498],"to":[8.25429,18.29339,2.92498],"rotation":{"angle":0,"axis":"y","origin":[7.55429,16.9005,3.18894]},"faces":{"north":{"uv":[5.25,11,5.5,11.25],"texture":"#0"},"east":{"uv":[11,5.25,11.25,5.5],"texture":"#0"},"south":{"uv":[5.5,11,5.75,11.25],"texture":"#0"},"west":{"uv":[11,5.5,11.25,5.75],"texture":"#0"},"up":{"uv":[6,11.25,5.75,11],"texture":"#0"},"down":{"uv":[11.25,5.75,11,6],"texture":"#0"}}},{"from":[7.75429,17.69177,2.89986],"to":[8.25429,18.19177,3.39986],"rotation":{"angle":-22.5,"axis":"x","origin":[7.55429,16.79888,3.66382]},"faces":{"north":{"uv":[6,11,6.25,11.25],"texture":"#0"},"east":{"uv":[11,6,11.25,6.25],"texture":"#0"},"south":{"uv":[6.25,11,6.5,11.25],"texture":"#0"},"west":{"uv":[11,6.25,11.25,6.5],"texture":"#0"},"up":{"uv":[6.75,11.25,6.5,11],"texture":"#0"},"down":{"uv":[11.25,6.5,11,6.75],"texture":"#0"}}},{"from":[7.75429,17.77962,3.37749],"to":[8.25429,18.27962,3.87749],"rotation":{"angle":-45,"axis":"x","origin":[7.55429,16.88673,4.14145]},"faces":{"north":{"uv":[6.75,11,7,11.25],"texture":"#0"},"east":{"uv":[11,6.75,11.25,7],"texture":"#0"},"south":{"uv":[7,11,7.25,11.25],"texture":"#0"},"west":{"uv":[11,7,11.25,7.25],"texture":"#0"},"up":{"uv":[7.5,11.25,7.25,11],"texture":"#0"},"down":{"uv":[11.25,7.25,11,7.5],"texture":"#0"}}},{"from":[7.75429,16.38671,3.1562],"to":[8.25429,16.88671,3.6562],"rotation":{"angle":22.5,"axis":"x","origin":[7.55429,17.15067,4.54909]},"faces":{"north":{"uv":[7.5,11,7.75,11.25],"texture":"#0"},"east":{"uv":[11,7.5,11.25,7.75],"texture":"#0"},"south":{"uv":[7.75,11,8,11.25],"texture":"#0"},"west":{"uv":[11,7.75,11.25,8],"texture":"#0"},"up":{"uv":[8.25,11.25,8,11],"texture":"#0"},"down":{"uv":[11.25,8,11,8.25],"texture":"#0"}}},{"from":[7.75429,15.68626,3.40184],"to":[8.25429,16.18626,3.90184],"rotation":{"angle":45,"axis":"x","origin":[7.55429,16.45022,4.79473]},"faces":{"north":{"uv":[8.25,11,8.5,11.25],"texture":"#0"},"east":{"uv":[11,8.25,11.25,8.5],"texture":"#0"},"south":{"uv":[8.5,11,8.75,11.25],"texture":"#0"},"west":{"uv":[11,8.5,11.25,8.75],"texture":"#0"},"up":{"uv":[9,11.25,8.75,11],"texture":"#0"},"down":{"uv":[11.25,8.75,11,9],"texture":"#0"}}},{"from":[7.75429,16.60198,3.98965],"to":[8.25429,17.10198,4.48965],"rotation":{"angle":-22.5,"axis":"x","origin":[7.55429,15.70909,4.75361]},"faces":{"north":{"uv":[9,11,9.25,11.25],"texture":"#0"},"east":{"uv":[11,9,11.25,9.25],"texture":"#0"},"south":{"uv":[9.25,11,9.5,11.25],"texture":"#0"},"west":{"uv":[11,9.25,11.25,9.5],"texture":"#0"},"up":{"uv":[9.75,11.25,9.5,11],"texture":"#0"},"down":{"uv":[11.25,9.5,11,9.75],"texture":"#0"}}},{"from":[7.75429,15.933,3.66805],"to":[8.25429,16.433,4.16805],"rotation":{"angle":0,"axis":"y","origin":[7.55429,15.04011,4.43201]},"faces":{"north":{"uv":[9.75,11,10,11.25],"texture":"#0"},"east":{"uv":[11,9.75,11.25,10],"texture":"#0"},"south":{"uv":[10,11,10.25,11.25],"texture":"#0"},"west":{"uv":[11,10,11.25,10.25],"texture":"#0"},"up":{"uv":[10.5,11.25,10.25,11],"texture":"#0"},"down":{"uv":[11.25,10.25,11,10.5],"texture":"#0"}}},{"from":[7.75429,15.19238,2.41447],"to":[8.25429,15.69238,2.91447],"rotation":{"angle":45,"axis":"x","origin":[7.55429,14.29949,3.17843]},"faces":{"north":{"uv":[10.5,11,10.75,11.25],"texture":"#0"},"east":{"uv":[11,10.5,11.25,10.75],"texture":"#0"},"south":{"uv":[10.75,11,11,11.25],"texture":"#0"},"west":{"uv":[11,10.75,11.25,11],"texture":"#0"},"up":{"uv":[11.25,11.25,11,11],"texture":"#0"},"down":{"uv":[0.25,11.25,0,11.5],"texture":"#0"}}},{"from":[7.75429,15.43802,3.11492],"to":[8.25429,15.93802,3.61492],"rotation":{"angle":22.5,"axis":"x","origin":[7.55429,14.54512,3.87888]},"faces":{"north":{"uv":[11.25,0,11.5,0.25],"texture":"#0"},"east":{"uv":[0.25,11.25,0.5,11.5],"texture":"#0"},"south":{"uv":[11.25,0.25,11.5,0.5],"texture":"#0"},"west":{"uv":[0.5,11.25,0.75,11.5],"texture":"#0"},"up":{"uv":[11.5,0.75,11.25,0.5],"texture":"#0"},"down":{"uv":[1,11.25,0.75,11.5],"texture":"#0"}}},{"from":[7.1,20.8,1.32218],"to":[8.9,21.1,1.72218],"rotation":{"angle":45,"axis":"x","origin":[8.1,17,7.22218]},"faces":{"north":{"uv":[6.5,9.25,7,9.5],"texture":"#0"},"east":{"uv":[11.25,0.75,11.5,1],"texture":"#0"},"south":{"uv":[9.25,6.75,9.75,7],"texture":"#0"},"west":{"uv":[1,11.25,1.25,11.5],"texture":"#0"},"up":{"uv":[7.5,9.5,7,9.25],"texture":"#0"},"down":{"uv":[9.75,7,9.25,7.25],"texture":"#0"}}},{"from":[7.1,16.2,4.22218],"to":[8.9,16.6,4.52218],"rotation":{"angle":45,"axis":"x","origin":[8.1,17,7.22218]},"faces":{"north":{"uv":[9.25,7.25,9.75,7.5],"texture":"#0"},"east":{"uv":[11.25,1,11.5,1.25],"texture":"#0"},"south":{"uv":[7.5,9.25,8,9.5],"texture":"#0"},"west":{"uv":[1.25,11.25,1.5,11.5],"texture":"#0"},"up":{"uv":[9.75,7.75,9.25,7.5],"texture":"#0"},"down":{"uv":[9.75,7.75,9.25,8],"texture":"#0"}}},{"from":[7.1,16.2,5.92218],"to":[8.9,16.6,6.22218],"rotation":{"angle":45,"axis":"x","origin":[8.1,17,7.22218]},"faces":{"north":{"uv":[8,9.25,8.5,9.5],"texture":"#0"},"east":{"uv":[11.25,1.25,11.5,1.5],"texture":"#0"},"south":{"uv":[9.25,8,9.75,8.25],"texture":"#0"},"west":{"uv":[1.5,11.25,1.75,11.5],"texture":"#0"},"up":{"uv":[9.75,8.5,9.25,8.25],"texture":"#0"},"down":{"uv":[9,9.25,8.5,9.5],"texture":"#0"}}},{"from":[7.1,23.6,5.92218],"to":[8.9,24,6.22218],"rotation":{"angle":45,"axis":"x","origin":[8.1,17,7.22218]},"faces":{"north":{"uv":[9.25,8.5,9.75,8.75],"texture":"#0"},"east":{"uv":[11.25,1.5,11.5,1.75],"texture":"#0"},"south":{"uv":[9.25,8.75,9.75,9],"texture":"#0"},"west":{"uv":[1.75,11.25,2,11.5],"texture":"#0"},"up":{"uv":[9.75,9.25,9.25,9],"texture":"#0"},"down":{"uv":[9.75,9.25,9.25,9.5],"texture":"#0"}}},{"from":[7.1,23.6,4.22218],"to":[8.9,24,4.52218],"rotation":{"angle":45,"axis":"x","origin":[8.1,17,7.22218]},"faces":{"north":{"uv":[0,9.5,0.5,9.75],"texture":"#0"},"east":{"uv":[11.25,1.75,11.5,2],"texture":"#0"},"south":{"uv":[9.5,0,10,0.25],"texture":"#0"},"west":{"uv":[2,11.25,2.25,11.5],"texture":"#0"},"up":{"uv":[10,0.5,9.5,0.25],"texture":"#0"},"down":{"uv":[1,9.5,0.5,9.75],"texture":"#0"}}},{"from":[7.1,15.9,4.22218],"to":[8.9,16.2,6.22218],"rotation":{"angle":45,"axis":"x","origin":[8.1,17,7.22218]},"faces":{"north":{"uv":[9.5,0.5,10,0.75],"texture":"#0"},"east":{"uv":[9.5,0.75,10,1],"texture":"#0"},"south":{"uv":[9.5,1,10,1.25],"texture":"#0"},"west":{"uv":[9.5,1.25,10,1.5],"texture":"#0"},"up":{"uv":[7,1,6.5,0.5],"texture":"#0"},"down":{"uv":[7,1,6.5,1.5],"texture":"#0"}}},{"from":[7.1,24,4.22218],"to":[8.9,24.3,6.22218],"rotation":{"angle":45,"axis":"x","origin":[8.1,17,7.22218]},"faces":{"north":{"uv":[1.5,9.5,2,9.75],"texture":"#0"},"east":{"uv":[9.5,1.5,10,1.75],"texture":"#0"},"south":{"uv":[9.5,1.75,10,2],"texture":"#0"},"west":{"uv":[2,9.5,2.5,9.75],"texture":"#0"},"up":{"uv":[2.5,7,2,6.5],"texture":"#0"},"down":{"uv":[3,6.5,2.5,7],"texture":"#0"}}},{"from":[7,11.3,6.02218],"to":[9,13.3,6.32218],"rotation":{"angle":45,"axis":"x","origin":[8.1,11,7.22218]},"faces":{"north":{"uv":[6.5,3.5,7,4],"texture":"#0"},"east":{"uv":[9.5,2,9.75,2.5],"texture":"#0"},"south":{"uv":[4,6.5,4.5,7],"texture":"#0"},"west":{"uv":[2.5,9.5,2.75,10],"texture":"#0"},"up":{"uv":[10,2.75,9.5,2.5],"texture":"#0"},"down":{"uv":[3.25,9.5,2.75,9.75],"texture":"#0"}}},{"from":[7,11.3,6.32218],"to":[9,11.6,7.72218],"rotation":{"angle":45,"axis":"x","origin":[8.1,11,7.22218]},"faces":{"north":{"uv":[9.5,2.75,10,3],"texture":"#0"},"east":{"uv":[11.25,2,11.5,2.25],"texture":"#0"},"south":{"uv":[3.25,9.5,3.75,9.75],"texture":"#0"},"west":{"uv":[2.25,11.25,2.5,11.5],"texture":"#0"},"up":{"uv":[10,3.75,9.5,3.5],"texture":"#0"},"down":{"uv":[4.25,9.5,3.75,9.75],"texture":"#0"}}},{"from":[7,13,6.32218],"to":[9,13.3,7.72218],"rotation":{"angle":45,"axis":"x","origin":[8.1,11,7.22218]},"faces":{"north":{"uv":[9.5,3.75,10,4],"texture":"#0"},"east":{"uv":[11.25,2.25,11.5,2.5],"texture":"#0"},"south":{"uv":[9.5,4,10,4.25],"texture":"#0"},"west":{"uv":[2.5,11.25,2.75,11.5],"texture":"#0"},"up":{"uv":[4.75,9.75,4.25,9.5],"texture":"#0"},"down":{"uv":[10,4.25,9.5,4.5],"texture":"#0"}}},{"from":[7,11.3,7.72218],"to":[9,13.3,8.02218],"rotation":{"angle":45,"axis":"x","origin":[8.1,11,7.22218]},"faces":{"north":{"uv":[6.5,4,7,4.5],"texture":"#0"},"east":{"uv":[9.5,4.5,9.75,5],"texture":"#0"},"south":{"uv":[6.5,4.5,7,5],"texture":"#0"},"west":{"uv":[4.75,9.5,5,10],"texture":"#0"},"up":{"uv":[5.5,9.75,5,9.5],"texture":"#0"},"down":{"uv":[10,5,9.5,5.25],"texture":"#0"}}},{"from":[7.2,-13,7.2],"to":[8.8,-12.7,7.6],"rotation":{"angle":0,"axis":"y","origin":[8,-13,8]},"faces":{"north":{"uv":[5.5,9.5,6,9.75],"texture":"#0"},"east":{"uv":[11.25,2.5,11.5,2.75],"texture":"#0"},"south":{"uv":[9.5,5.75,10,6],"texture":"#0"},"west":{"uv":[2.75,11.25,3,11.5],"texture":"#0"},"up":{"uv":[6.5,9.75,6,9.5],"texture":"#0"},"down":{"uv":[10,6,9.5,6.25],"texture":"#0"}}},{"from":[7.2,-13,8.4],"to":[8.8,-12.7,8.8],"rotation":{"angle":0,"axis":"y","origin":[8,-13,8]},"faces":{"north":{"uv":[9.5,6.25,10,6.5],"texture":"#0"},"east":{"uv":[11.25,2.75,11.5,3],"texture":"#0"},"south":{"uv":[6.5,9.5,7,9.75],"texture":"#0"},"west":{"uv":[3,11.25,3.25,11.5],"texture":"#0"},"up":{"uv":[10,6.75,9.5,6.5],"texture":"#0"},"down":{"uv":[7.5,9.5,7,9.75],"texture":"#0"}}},{"from":[7,-13.79891,7],"to":[9,-13.40109,7.3],"rotation":{"angle":22.5,"axis":"x","origin":[8,-13.6,8]},"faces":{"north":{"uv":[7.5,9.5,8,9.75],"texture":"#0"},"east":{"uv":[11.25,3,11.5,3.25],"texture":"#0"},"south":{"uv":[8,9.5,8.5,9.75],"texture":"#0"},"west":{"uv":[3.25,11.25,3.5,11.5],"texture":"#0"},"up":{"uv":[9,9.75,8.5,9.5],"texture":"#0"},"down":{"uv":[9.5,9.5,9,9.75],"texture":"#0"}}},{"from":[7,-12.9,7.80109],"to":[9,-12.6,8.19891],"rotation":{"angle":22.5,"axis":"x","origin":[8,-13.6,8]},"faces":{"north":{"uv":[9.5,9.5,10,9.75],"texture":"#0"},"east":{"uv":[11.25,3.25,11.5,3.5],"texture":"#0"},"south":{"uv":[0,9.75,0.5,10],"texture":"#0"},"west":{"uv":[3.5,11.25,3.75,11.5],"texture":"#0"},"up":{"uv":[1,10,0.5,9.75],"texture":"#0"},"down":{"uv":[1.5,9.75,1,10],"texture":"#0"}}},{"from":[7,-12.9,7.80109],"to":[9,-12.6,8.19891],"rotation":{"angle":0,"axis":"y","origin":[8,-13.6,8]},"faces":{"north":{"uv":[1.5,9.75,2,10],"texture":"#0"},"east":{"uv":[11.25,3.5,11.5,3.75],"texture":"#0"},"south":{"uv":[2,9.75,2.5,10],"texture":"#0"},"west":{"uv":[3.75,11.25,4,11.5],"texture":"#0"},"up":{"uv":[10.25,2.25,9.75,2],"texture":"#0"},"down":{"uv":[10.25,2.25,9.75,2.5],"texture":"#0"}}},{"from":[7,-12.9,7.80109],"to":[9,-12.6,8.19891],"rotation":{"angle":-22.5,"axis":"x","origin":[8,-13.6,8]},"faces":{"north":{"uv":[2.75,9.75,3.25,10],"texture":"#0"},"east":{"uv":[11.25,3.75,11.5,4],"texture":"#0"},"south":{"uv":[9.75,3,10.25,3.25],"texture":"#0"},"west":{"uv":[4,11.25,4.25,11.5],"texture":"#0"},"up":{"uv":[3.75,10,3.25,9.75],"texture":"#0"},"down":{"uv":[10.25,3.25,9.75,3.5],"texture":"#0"}}},{"from":[7.5,-14.6,7.80109],"to":[8.5,-14.3,8.19891],"rotation":{"angle":22.5,"axis":"x","origin":[8,-13.6,8]},"faces":{"north":{"uv":[11.25,4,11.5,4.25],"texture":"#0"},"east":{"uv":[4.25,11.25,4.5,11.5],"texture":"#0"},"south":{"uv":[11.25,4.25,11.5,4.5],"texture":"#0"},"west":{"uv":[4.5,11.25,4.75,11.5],"texture":"#0"},"up":{"uv":[11.5,4.75,11.25,4.5],"texture":"#0"},"down":{"uv":[5,11.25,4.75,11.5],"texture":"#0"}}},{"from":[7.5,-14.6,7.80109],"to":[8.5,-14.3,8.19891],"rotation":{"angle":0,"axis":"y","origin":[8,-13.6,8]},"faces":{"north":{"uv":[11.25,4.75,11.5,5],"texture":"#0"},"east":{"uv":[5,11.25,5.25,11.5],"texture":"#0"},"south":{"uv":[11.25,5,11.5,5.25],"texture":"#0"},"west":{"uv":[5.25,11.25,5.5,11.5],"texture":"#0"},"up":{"uv":[11.5,5.5,11.25,5.25],"texture":"#0"},"down":{"uv":[5.75,11.25,5.5,11.5],"texture":"#0"}}},{"from":[7.5,-14.6,7.80109],"to":[8.5,-14.3,8.19891],"rotation":{"angle":-22.5,"axis":"x","origin":[8,-13.6,8]},"faces":{"north":{"uv":[11.25,5.5,11.5,5.75],"texture":"#0"},"east":{"uv":[5.75,11.25,6,11.5],"texture":"#0"},"south":{"uv":[11.25,5.75,11.5,6],"texture":"#0"},"west":{"uv":[6,11.25,6.25,11.5],"texture":"#0"},"up":{"uv":[11.5,6.25,11.25,6],"texture":"#0"},"down":{"uv":[6.5,11.25,6.25,11.5],"texture":"#0"}}},{"from":[7.5,-13.79891,8.7],"to":[8.5,-13.40109,9],"rotation":{"angle":45,"axis":"x","origin":[8,-13.6,8]},"faces":{"north":{"uv":[11.25,6.25,11.5,6.5],"texture":"#0"},"east":{"uv":[6.5,11.25,6.75,11.5],"texture":"#0"},"south":{"uv":[11.25,6.5,11.5,6.75],"texture":"#0"},"west":{"uv":[6.75,11.25,7,11.5],"texture":"#0"},"up":{"uv":[11.5,7,11.25,6.75],"texture":"#0"},"down":{"uv":[7.25,11.25,7,11.5],"texture":"#0"}}},{"from":[7.5,-13.79891,8.7],"to":[8.5,-13.40109,9],"rotation":{"angle":22.5,"axis":"x","origin":[8,-13.6,8]},"faces":{"north":{"uv":[11.25,7,11.5,7.25],"texture":"#0"},"east":{"uv":[7.25,11.25,7.5,11.5],"texture":"#0"},"south":{"uv":[11.25,7.25,11.5,7.5],"texture":"#0"},"west":{"uv":[7.5,11.25,7.75,11.5],"texture":"#0"},"up":{"uv":[11.5,7.75,11.25,7.5],"texture":"#0"},"down":{"uv":[8,11.25,7.75,11.5],"texture":"#0"}}},{"from":[7,-13.79891,8.7],"to":[9,-13.40109,9],"rotation":{"angle":0,"axis":"y","origin":[8,-13.6,8]},"faces":{"north":{"uv":[3.75,9.75,4.25,10],"texture":"#0"},"east":{"uv":[11.25,7.75,11.5,8],"texture":"#0"},"south":{"uv":[4.25,9.75,4.75,10],"texture":"#0"},"west":{"uv":[8,11.25,8.25,11.5],"texture":"#0"},"up":{"uv":[10.25,4.75,9.75,4.5],"texture":"#0"},"down":{"uv":[10.25,4.75,9.75,5],"texture":"#0"}}},{"from":[7,-13.79891,8.7],"to":[9,-13.40109,9],"rotation":{"angle":-22.5,"axis":"x","origin":[8,-13.6,8]},"faces":{"north":{"uv":[5,9.75,5.5,10],"texture":"#0"},"east":{"uv":[11.25,8,11.5,8.25],"texture":"#0"},"south":{"uv":[9.75,5.25,10.25,5.5],"texture":"#0"},"west":{"uv":[8.25,11.25,8.5,11.5],"texture":"#0"},"up":{"uv":[6,10,5.5,9.75],"texture":"#0"},"down":{"uv":[10.25,5.5,9.75,5.75],"texture":"#0"}}},{"from":[7,-13.79891,8.7],"to":[9,-13.40109,9],"rotation":{"angle":-45,"axis":"x","origin":[8,-13.6,8]},"faces":{"north":{"uv":[6,9.75,6.5,10],"texture":"#0"},"east":{"uv":[11.25,8.25,11.5,8.5],"texture":"#0"},"south":{"uv":[6.5,9.75,7,10],"texture":"#0"},"west":{"uv":[8.5,11.25,8.75,11.5],"texture":"#0"},"up":{"uv":[10.25,7,9.75,6.75],"texture":"#0"},"down":{"uv":[7.5,9.75,7,10],"texture":"#0"}}},{"from":[7,-13.79891,7],"to":[9,-13.40109,7.3],"rotation":{"angle":45,"axis":"x","origin":[8,-13.6,8]},"faces":{"north":{"uv":[9.75,7,10.25,7.25],"texture":"#0"},"east":{"uv":[11.25,8.5,11.5,8.75],"texture":"#0"},"south":{"uv":[9.75,7.25,10.25,7.5],"texture":"#0"},"west":{"uv":[8.75,11.25,9,11.5],"texture":"#0"},"up":{"uv":[8,10,7.5,9.75],"texture":"#0"},"down":{"uv":[10.25,7.5,9.75,7.75],"texture":"#0"}}},{"from":[7,-13.79891,7],"to":[9,-13.40109,7.3],"rotation":{"angle":0,"axis":"y","origin":[8,-13.6,8]},"faces":{"north":{"uv":[9.75,7.75,10.25,8],"texture":"#0"},"east":{"uv":[11.25,8.75,11.5,9],"texture":"#0"},"south":{"uv":[8,9.75,8.5,10],"texture":"#0"},"west":{"uv":[9,11.25,9.25,11.5],"texture":"#0"},"up":{"uv":[10.25,8.25,9.75,8],"texture":"#0"},"down":{"uv":[10.25,8.25,9.75,8.5],"texture":"#0"}}},{"from":[7.5,-13.79891,7],"to":[8.5,-13.40109,7.3],"rotation":{"angle":-22.5,"axis":"x","origin":[8,-13.6,8]},"faces":{"north":{"uv":[11.25,9,11.5,9.25],"texture":"#0"},"east":{"uv":[9.25,11.25,9.5,11.5],"texture":"#0"},"south":{"uv":[11.25,9.25,11.5,9.5],"texture":"#0"},"west":{"uv":[9.5,11.25,9.75,11.5],"texture":"#0"},"up":{"uv":[11.5,9.75,11.25,9.5],"texture":"#0"},"down":{"uv":[10,11.25,9.75,11.5],"texture":"#0"}}},{"from":[7.5,-13.79891,7],"to":[8.5,-13.40109,7.3],"rotation":{"angle":-45,"axis":"x","origin":[8,-13.6,8]},"faces":{"north":{"uv":[11.25,9.75,11.5,10],"texture":"#0"},"east":{"uv":[10,11.25,10.25,11.5],"texture":"#0"},"south":{"uv":[11.25,10,11.5,10.25],"texture":"#0"},"west":{"uv":[10.25,11.25,10.5,11.5],"texture":"#0"},"up":{"uv":[11.5,10.5,11.25,10.25],"texture":"#0"},"down":{"uv":[10.75,11.25,10.5,11.5],"texture":"#0"}}},{"from":[7.6,-13.79891,7.3],"to":[8.4,-13.40109,7.5],"rotation":{"angle":-45,"axis":"x","origin":[8,-13.6,8]},"faces":{"north":{"uv":[11.25,10.5,11.5,10.75],"texture":"#0"},"east":{"uv":[10.75,11.25,11,11.5],"texture":"#0"},"south":{"uv":[11.25,10.75,11.5,11],"texture":"#0"},"west":{"uv":[11,11.25,11.25,11.5],"texture":"#0"},"up":{"uv":[11.5,11.25,11.25,11],"texture":"#0"},"down":{"uv":[11.5,11.25,11.25,11.5],"texture":"#0"}}},{"from":[7.6,-13.79891,7.3],"to":[8.4,-13.40109,7.5],"rotation":{"angle":-22.5,"axis":"x","origin":[8,-13.6,8]},"faces":{"north":{"uv":[0,11.5,0.25,11.75],"texture":"#0"},"east":{"uv":[11.5,0,11.75,0.25],"texture":"#0"},"south":{"uv":[0.25,11.5,0.5,11.75],"texture":"#0"},"west":{"uv":[11.5,0.25,11.75,0.5],"texture":"#0"},"up":{"uv":[0.75,11.75,0.5,11.5],"texture":"#0"},"down":{"uv":[11.75,0.5,11.5,0.75],"texture":"#0"}}},{"from":[7.6,-13.79891,7.3],"to":[8.4,-13.40109,7.5],"rotation":{"angle":0,"axis":"y","origin":[8,-13.6,8]},"faces":{"north":{"uv":[0.75,11.5,1,11.75],"texture":"#0"},"east":{"uv":[11.5,0.75,11.75,1],"texture":"#0"},"south":{"uv":[1,11.5,1.25,11.75],"texture":"#0"},"west":{"uv":[11.5,1,11.75,1.25],"texture":"#0"},"up":{"uv":[1.5,11.75,1.25,11.5],"texture":"#0"},"down":{"uv":[11.75,1.25,11.5,1.5],"texture":"#0"}}},{"from":[7.6,-13.79891,7.3],"to":[8.4,-13.40109,7.5],"rotation":{"angle":22.5,"axis":"x","origin":[8,-13.6,8]},"faces":{"north":{"uv":[1.5,11.5,1.75,11.75],"texture":"#0"},"east":{"uv":[11.5,1.5,11.75,1.75],"texture":"#0"},"south":{"uv":[1.75,11.5,2,11.75],"texture":"#0"},"west":{"uv":[11.5,1.75,11.75,2],"texture":"#0"},"up":{"uv":[2.25,11.75,2,11.5],"texture":"#0"},"down":{"uv":[11.75,2,11.5,2.25],"texture":"#0"}}},{"from":[7.6,-13.79891,7.3],"to":[8.4,-13.40109,7.5],"rotation":{"angle":45,"axis":"x","origin":[8,-13.6,8]},"faces":{"north":{"uv":[2.25,11.5,2.5,11.75],"texture":"#0"},"east":{"uv":[11.5,2.25,11.75,2.5],"texture":"#0"},"south":{"uv":[2.5,11.5,2.75,11.75],"texture":"#0"},"west":{"uv":[11.5,2.5,11.75,2.75],"texture":"#0"},"up":{"uv":[3,11.75,2.75,11.5],"texture":"#0"},"down":{"uv":[11.75,2.75,11.5,3],"texture":"#0"}}},{"from":[7.6,-13.1,7.80109],"to":[8.4,-12.9,8.19891],"rotation":{"angle":-22.5,"axis":"x","origin":[8,-13.6,8]},"faces":{"north":{"uv":[3,11.5,3.25,11.75],"texture":"#0"},"east":{"uv":[11.5,3,11.75,3.25],"texture":"#0"},"south":{"uv":[3.25,11.5,3.5,11.75],"texture":"#0"},"west":{"uv":[11.5,3.25,11.75,3.5],"texture":"#0"},"up":{"uv":[3.75,11.75,3.5,11.5],"texture":"#0"},"down":{"uv":[11.75,3.5,11.5,3.75],"texture":"#0"}}},{"from":[7.6,-13.1,7.80109],"to":[8.4,-12.9,8.19891],"rotation":{"angle":0,"axis":"y","origin":[8,-13.6,8]},"faces":{"north":{"uv":[3.75,11.5,4,11.75],"texture":"#0"},"east":{"uv":[11.5,3.75,11.75,4],"texture":"#0"},"south":{"uv":[4,11.5,4.25,11.75],"texture":"#0"},"west":{"uv":[11.5,4,11.75,4.25],"texture":"#0"},"up":{"uv":[4.5,11.75,4.25,11.5],"texture":"#0"},"down":{"uv":[11.75,4.25,11.5,4.5],"texture":"#0"}}},{"from":[7.6,-13.1,7.80109],"to":[8.4,-12.9,8.19891],"rotation":{"angle":22.5,"axis":"x","origin":[8,-13.6,8]},"faces":{"north":{"uv":[4.5,11.5,4.75,11.75],"texture":"#0"},"east":{"uv":[11.5,4.5,11.75,4.75],"texture":"#0"},"south":{"uv":[4.75,11.5,5,11.75],"texture":"#0"},"west":{"uv":[11.5,4.75,11.75,5],"texture":"#0"},"up":{"uv":[5.25,11.75,5,11.5],"texture":"#0"},"down":{"uv":[11.75,5,11.5,5.25],"texture":"#0"}}},{"from":[7.6,-13.1,7.80109],"to":[8.4,-12.9,8.19891],"rotation":{"angle":45,"axis":"x","origin":[8,-13.6,8]},"faces":{"north":{"uv":[5.25,11.5,5.5,11.75],"texture":"#0"},"east":{"uv":[11.5,5.25,11.75,5.5],"texture":"#0"},"south":{"uv":[5.5,11.5,5.75,11.75],"texture":"#0"},"west":{"uv":[11.5,5.5,11.75,5.75],"texture":"#0"},"up":{"uv":[6,11.75,5.75,11.5],"texture":"#0"},"down":{"uv":[11.75,5.75,11.5,6],"texture":"#0"}}},{"from":[7.6,-13.79891,8.5],"to":[8.4,-13.40109,8.7],"rotation":{"angle":-22.5,"axis":"x","origin":[8,-13.6,8]},"faces":{"north":{"uv":[6,11.5,6.25,11.75],"texture":"#0"},"east":{"uv":[11.5,6,11.75,6.25],"texture":"#0"},"south":{"uv":[6.25,11.5,6.5,11.75],"texture":"#0"},"west":{"uv":[11.5,6.25,11.75,6.5],"texture":"#0"},"up":{"uv":[6.75,11.75,6.5,11.5],"texture":"#0"},"down":{"uv":[11.75,6.5,11.5,6.75],"texture":"#0"}}},{"from":[7.6,-13.79891,8.5],"to":[8.4,-13.40109,8.7],"rotation":{"angle":0,"axis":"y","origin":[8,-13.6,8]},"faces":{"north":{"uv":[6.75,11.5,7,11.75],"texture":"#0"},"east":{"uv":[11.5,6.75,11.75,7],"texture":"#0"},"south":{"uv":[7,11.5,7.25,11.75],"texture":"#0"},"west":{"uv":[11.5,7,11.75,7.25],"texture":"#0"},"up":{"uv":[7.5,11.75,7.25,11.5],"texture":"#0"},"down":{"uv":[11.75,7.25,11.5,7.5],"texture":"#0"}}},{"from":[7.6,-14.3,7.80109],"to":[8.4,-14.1,8.19891],"rotation":{"angle":22.5,"axis":"x","origin":[8,-13.6,8]},"faces":{"north":{"uv":[7.5,11.5,7.75,11.75],"texture":"#0"},"east":{"uv":[11.5,7.5,11.75,7.75],"texture":"#0"},"south":{"uv":[7.75,11.5,8,11.75],"texture":"#0"},"west":{"uv":[11.5,7.75,11.75,8],"texture":"#0"},"up":{"uv":[8.25,11.75,8,11.5],"texture":"#0"},"down":{"uv":[11.75,8,11.5,8.25],"texture":"#0"}}},{"from":[7.6,-14.3,7.80109],"to":[8.4,-14.1,8.19891],"rotation":{"angle":0,"axis":"y","origin":[8,-13.6,8]},"faces":{"north":{"uv":[8.25,11.5,8.5,11.75],"texture":"#0"},"east":{"uv":[11.5,8.25,11.75,8.5],"texture":"#0"},"south":{"uv":[8.5,11.5,8.75,11.75],"texture":"#0"},"west":{"uv":[11.5,8.5,11.75,8.75],"texture":"#0"},"up":{"uv":[9,11.75,8.75,11.5],"texture":"#0"},"down":{"uv":[11.75,8.75,11.5,9],"texture":"#0"}}},{"from":[7.6,-14.3,7.80109],"to":[8.4,-14.1,8.19891],"rotation":{"angle":-22.5,"axis":"x","origin":[8,-13.6,8]},"faces":{"north":{"uv":[9,11.5,9.25,11.75],"texture":"#0"},"east":{"uv":[11.5,9,11.75,9.25],"texture":"#0"},"south":{"uv":[9.25,11.5,9.5,11.75],"texture":"#0"},"west":{"uv":[11.5,9.25,11.75,9.5],"texture":"#0"},"up":{"uv":[9.75,11.75,9.5,11.5],"texture":"#0"},"down":{"uv":[11.75,9.5,11.5,9.75],"texture":"#0"}}},{"from":[7.6,-14.3,7.80109],"to":[8.4,-14.1,8.19891],"rotation":{"angle":-45,"axis":"x","origin":[8,-13.6,8]},"faces":{"north":{"uv":[9.75,11.5,10,11.75],"texture":"#0"},"east":{"uv":[11.5,9.75,11.75,10],"texture":"#0"},"south":{"uv":[10,11.5,10.25,11.75],"texture":"#0"},"west":{"uv":[11.5,10,11.75,10.25],"texture":"#0"},"up":{"uv":[10.5,11.75,10.25,11.5],"texture":"#0"},"down":{"uv":[11.75,10.25,11.5,10.5],"texture":"#0"}}},{"from":[7.6,-13.79891,8.5],"to":[8.4,-13.40109,8.7],"rotation":{"angle":22.5,"axis":"x","origin":[8,-13.6,8]},"faces":{"north":{"uv":[10.5,11.5,10.75,11.75],"texture":"#0"},"east":{"uv":[11.5,10.5,11.75,10.75],"texture":"#0"},"south":{"uv":[10.75,11.5,11,11.75],"texture":"#0"},"west":{"uv":[11.5,10.75,11.75,11],"texture":"#0"},"up":{"uv":[11.25,11.75,11,11.5],"texture":"#0"},"down":{"uv":[11.75,11,11.5,11.25],"texture":"#0"}}},{"from":[7.5,-14.57902,7.1],"to":[8.5,-14.22098,7.4],"rotation":{"angle":-45,"axis":"x","origin":[8,-14.4,8]},"faces":{"north":{"uv":[11.25,11.5,11.5,11.75],"texture":"#0"},"east":{"uv":[11.5,11.25,11.75,11.5],"texture":"#0"},"south":{"uv":[11.5,11.5,11.75,11.75],"texture":"#0"},"west":{"uv":[0,11.75,0.25,12],"texture":"#0"},"up":{"uv":[12,0.25,11.75,0],"texture":"#0"},"down":{"uv":[0.5,11.75,0.25,12],"texture":"#0"}}},{"from":[7.5,-15.3,7.82098],"to":[8.5,-15,8.17902],"rotation":{"angle":22.5,"axis":"x","origin":[8,-14.4,8]},"faces":{"north":{"uv":[11.75,0.25,12,0.5],"texture":"#0"},"east":{"uv":[0.5,11.75,0.75,12],"texture":"#0"},"south":{"uv":[11.75,0.5,12,0.75],"texture":"#0"},"west":{"uv":[0.75,11.75,1,12],"texture":"#0"},"up":{"uv":[12,1,11.75,0.75],"texture":"#0"},"down":{"uv":[1.25,11.75,1,12],"texture":"#0"}}},{"from":[7.5,-15.3,7.82098],"to":[8.5,-15,8.17902],"rotation":{"angle":0,"axis":"y","origin":[8,-14.4,8]},"faces":{"north":{"uv":[11.75,1,12,1.25],"texture":"#0"},"east":{"uv":[1.25,11.75,1.5,12],"texture":"#0"},"south":{"uv":[11.75,1.25,12,1.5],"texture":"#0"},"west":{"uv":[1.5,11.75,1.75,12],"texture":"#0"},"up":{"uv":[12,1.75,11.75,1.5],"texture":"#0"},"down":{"uv":[2,11.75,1.75,12],"texture":"#0"}}},{"from":[7.5,-15.3,7.82098],"to":[8.5,-15,8.17902],"rotation":{"angle":-22.5,"axis":"x","origin":[8,-14.4,8]},"faces":{"north":{"uv":[11.75,1.75,12,2],"texture":"#0"},"east":{"uv":[2,11.75,2.25,12],"texture":"#0"},"south":{"uv":[11.75,2,12,2.25],"texture":"#0"},"west":{"uv":[2.25,11.75,2.5,12],"texture":"#0"},"up":{"uv":[12,2.5,11.75,2.25],"texture":"#0"},"down":{"uv":[2.75,11.75,2.5,12],"texture":"#0"}}},{"from":[7.5,-14.57902,8.6],"to":[8.5,-14.22098,8.9],"rotation":{"angle":45,"axis":"x","origin":[8,-14.4,8]},"faces":{"north":{"uv":[11.75,2.5,12,2.75],"texture":"#0"},"east":{"uv":[2.75,11.75,3,12],"texture":"#0"},"south":{"uv":[11.75,2.75,12,3],"texture":"#0"},"west":{"uv":[3,11.75,3.25,12],"texture":"#0"},"up":{"uv":[12,3.25,11.75,3],"texture":"#0"},"down":{"uv":[3.5,11.75,3.25,12],"texture":"#0"}}},{"from":[7.5,-14.57902,8.6],"to":[8.5,-14.22098,8.9],"rotation":{"angle":22.5,"axis":"x","origin":[8,-14.4,8]},"faces":{"north":{"uv":[11.75,3.25,12,3.5],"texture":"#0"},"east":{"uv":[3.5,11.75,3.75,12],"texture":"#0"},"south":{"uv":[11.75,3.5,12,3.75],"texture":"#0"},"west":{"uv":[3.75,11.75,4,12],"texture":"#0"},"up":{"uv":[12,4,11.75,3.75],"texture":"#0"},"down":{"uv":[4.25,11.75,4,12],"texture":"#0"}}},{"from":[7.5,-14.57902,8.6],"to":[8.5,-14.22098,8.9],"rotation":{"angle":0,"axis":"y","origin":[8,-14.4,8]},"faces":{"north":{"uv":[11.75,4,12,4.25],"texture":"#0"},"east":{"uv":[4.25,11.75,4.5,12],"texture":"#0"},"south":{"uv":[11.75,4.25,12,4.5],"texture":"#0"},"west":{"uv":[4.5,11.75,4.75,12],"texture":"#0"},"up":{"uv":[12,4.75,11.75,4.5],"texture":"#0"},"down":{"uv":[5,11.75,4.75,12],"texture":"#0"}}},{"from":[7.5,-14.57902,8.6],"to":[8.5,-14.42098,8.9],"rotation":{"angle":-22.5,"axis":"x","origin":[8,-14.4,8]},"faces":{"north":{"uv":[11.75,4.75,12,5],"texture":"#0"},"east":{"uv":[5,11.75,5.25,12],"texture":"#0"},"south":{"uv":[11.75,5,12,5.25],"texture":"#0"},"west":{"uv":[5.25,11.75,5.5,12],"texture":"#0"},"up":{"uv":[12,5.5,11.75,5.25],"texture":"#0"},"down":{"uv":[5.75,11.75,5.5,12],"texture":"#0"}}},{"from":[7.5,-14.57902,7.1],"to":[8.5,-14.42098,7.4],"rotation":{"angle":22.5,"axis":"x","origin":[8,-14.4,8]},"faces":{"north":{"uv":[11.75,5.5,12,5.75],"texture":"#0"},"east":{"uv":[5.75,11.75,6,12],"texture":"#0"},"south":{"uv":[11.75,5.75,12,6],"texture":"#0"},"west":{"uv":[6,11.75,6.25,12],"texture":"#0"},"up":{"uv":[12,6.25,11.75,6],"texture":"#0"},"down":{"uv":[6.5,11.75,6.25,12],"texture":"#0"}}},{"from":[7.5,-14.57902,7.1],"to":[8.5,-14.22098,7.4],"rotation":{"angle":0,"axis":"y","origin":[8,-14.4,8]},"faces":{"north":{"uv":[11.75,6.25,12,6.5],"texture":"#0"},"east":{"uv":[6.5,11.75,6.75,12],"texture":"#0"},"south":{"uv":[11.75,6.5,12,6.75],"texture":"#0"},"west":{"uv":[6.75,11.75,7,12],"texture":"#0"},"up":{"uv":[12,7,11.75,6.75],"texture":"#0"},"down":{"uv":[7.25,11.75,7,12],"texture":"#0"}}},{"from":[7.5,-14.57902,7.1],"to":[8.5,-14.22098,7.4],"rotation":{"angle":-22.5,"axis":"x","origin":[8,-14.4,8]},"faces":{"north":{"uv":[11.75,7,12,7.25],"texture":"#0"},"east":{"uv":[7.25,11.75,7.5,12],"texture":"#0"},"south":{"uv":[11.75,7.25,12,7.5],"texture":"#0"},"west":{"uv":[7.5,11.75,7.75,12],"texture":"#0"},"up":{"uv":[12,7.75,11.75,7.5],"texture":"#0"},"down":{"uv":[8,11.75,7.75,12],"texture":"#0"}}},{"from":[7.4,19.30761,-1],"to":[8.6,22.09239,0.5],"rotation":{"angle":22.5,"axis":"x","origin":[8,20.7,6]},"faces":{"north":{"uv":[7.75,0,8,0.75],"texture":"#0"},"east":{"uv":[5.5,3.25,5,4],"texture":"#0"},"south":{"uv":[7.75,0.75,8,1.5],"texture":"#0"},"west":{"uv":[5,3.25,5.5,4],"texture":"#0"},"up":{"uv":[8.75,10.25,8.5,9.75],"texture":"#0"},"down":{"uv":[10,8.5,9.75,9],"texture":"#0"}}},{"from":[7.65,19.25761,-1.3],"to":[8.35,22.14239,-1],"rotation":{"angle":22.5,"axis":"x","origin":[8.05,20.7,6]},"faces":{"north":{"uv":[7.75,1.5,8,2.25],"texture":"#0"},"east":{"uv":[7.75,2.25,8,3],"texture":"#0"},"south":{"uv":[3,7.75,3.25,8.5],"texture":"#0"},"west":{"uv":[7.75,3,8,3.75],"texture":"#0"},"up":{"uv":[12,8,11.75,7.75],"texture":"#0"},"down":{"uv":[8.25,11.75,8,12],"texture":"#0"}}},{"from":[7.85,19.18261,-1.6],"to":[8.15,22.21739,-1.3],"rotation":{"angle":22.5,"axis":"x","origin":[8.05,20.7,6]},"faces":{"north":{"uv":[3.25,7.75,3.5,8.5],"texture":"#0"},"east":{"uv":[3.5,7.75,3.75,8.5],"texture":"#0"},"south":{"uv":[3.75,7.75,4,8.5],"texture":"#0"},"west":{"uv":[7.75,3.75,8,4.5],"texture":"#0"},"up":{"uv":[12,8.25,11.75,8],"texture":"#0"},"down":{"uv":[8.5,11.75,8.25,12],"texture":"#0"}}},{"from":[7.4,19.30761,-1],"to":[8.6,23.49239,0.5],"rotation":{"angle":45,"axis":"x","origin":[8,20.7,6]},"faces":{"north":{"uv":[6.75,2,7,3],"texture":"#0"},"east":{"uv":[4,3,3.5,4],"texture":"#0"},"south":{"uv":[3,6.75,3.25,7.75],"texture":"#0"},"west":{"uv":[3.5,3,4,4],"texture":"#0"},"up":{"uv":[9,10.25,8.75,9.75],"texture":"#0"},"down":{"uv":[9.25,9.75,9,10.25],"texture":"#0"}}},{"from":[7.65,19.23261,-1.3],"to":[8.35,23.29239,-1],"rotation":{"angle":45,"axis":"x","origin":[8.05,20.7,6]},"faces":{"north":{"uv":[3.25,6.75,3.5,7.75],"texture":"#0"},"east":{"uv":[3.5,6.75,3.75,7.75],"texture":"#0"},"south":{"uv":[3.75,6.75,4,7.75],"texture":"#0"},"west":{"uv":[4.5,6.75,4.75,7.75],"texture":"#0"},"up":{"uv":[12,8.5,11.75,8.25],"texture":"#0"},"down":{"uv":[8.75,11.75,8.5,12],"texture":"#0"}}},{"from":[7.85,19.18261,-1.6],"to":[8.15,22.99239,-1.3],"rotation":{"angle":45,"axis":"x","origin":[8.05,20.7,6]},"faces":{"north":{"uv":[4.75,6.75,5,7.75],"texture":"#0"},"east":{"uv":[6.75,5,7,6],"texture":"#0"},"south":{"uv":[5.25,6.75,5.5,7.75],"texture":"#0"},"west":{"uv":[5.5,6.75,5.75,7.75],"texture":"#0"},"up":{"uv":[12,8.75,11.75,8.5],"texture":"#0"},"down":{"uv":[9,11.75,8.75,12],"texture":"#0"}}},{"from":[7.4,19.30761,-1],"to":[8.6,22.09239,0.5],"rotation":{"angle":0,"axis":"y","origin":[8,20.7,6]},"faces":{"north":{"uv":[4.5,7.75,4.75,8.5],"texture":"#0"},"east":{"uv":[5.5,4.75,5,5.5],"texture":"#0"},"south":{"uv":[7.75,4.5,8,5.25],"texture":"#0"},"west":{"uv":[5,4.75,5.5,5.5],"texture":"#0"},"up":{"uv":[10,9.5,9.75,9],"texture":"#0"},"down":{"uv":[9.5,9.75,9.25,10.25],"texture":"#0"}}},{"from":[7.65,18.95761,-1.3],"to":[8.35,22.16739,-0.9],"rotation":{"angle":0,"axis":"y","origin":[8.05,20.7,6]},"faces":{"north":{"uv":[4.75,7.75,5,8.5],"texture":"#0"},"east":{"uv":[5.25,7.75,5.5,8.5],"texture":"#0"},"south":{"uv":[7.75,5.25,8,6],"texture":"#0"},"west":{"uv":[5.5,7.75,5.75,8.5],"texture":"#0"},"up":{"uv":[12,9,11.75,8.75],"texture":"#0"},"down":{"uv":[9.25,11.75,9,12],"texture":"#0"}}},{"from":[7.85,18.93261,-1.6],"to":[8.15,22.21739,-1.3],"rotation":{"angle":0,"axis":"y","origin":[8.05,20.7,6]},"faces":{"north":{"uv":[5.75,7.75,6,8.5],"texture":"#0"},"east":{"uv":[6,7.75,6.25,8.5],"texture":"#0"},"south":{"uv":[7.75,6,8,6.75],"texture":"#0"},"west":{"uv":[6.25,7.75,6.5,8.5],"texture":"#0"},"up":{"uv":[12,9.25,11.75,9],"texture":"#0"},"down":{"uv":[9.5,11.75,9.25,12],"texture":"#0"}}},{"from":[7.4,19.30761,-1],"to":[8.6,22.09239,0.5],"rotation":{"angle":-22.5,"axis":"x","origin":[8,20.7,6]},"faces":{"north":{"uv":[6.5,7.75,6.75,8.5],"texture":"#0"},"east":{"uv":[6,0,5.5,0.75],"texture":"#0"},"south":{"uv":[7.75,6.75,8,7.5],"texture":"#0"},"west":{"uv":[5.5,0,6,0.75],"texture":"#0"},"up":{"uv":[9.75,10.25,9.5,9.75],"texture":"#0"},"down":{"uv":[10,9.75,9.75,10.25],"texture":"#0"}}},{"from":[7.65,19.20761,-1.4],"to":[8.35,21.89239,-1],"rotation":{"angle":-22.5,"axis":"x","origin":[8.05,20.7,6]},"faces":{"north":{"uv":[7.5,7.75,7.75,8.5],"texture":"#0"},"east":{"uv":[7.75,7.5,8,8.25],"texture":"#0"},"south":{"uv":[8,0,8.25,0.75],"texture":"#0"},"west":{"uv":[8,0.75,8.25,1.5],"texture":"#0"},"up":{"uv":[12,9.5,11.75,9.25],"texture":"#0"},"down":{"uv":[9.75,11.75,9.5,12],"texture":"#0"}}},{"from":[7.85,19.18261,-1.7],"to":[8.15,21.96739,-1.4],"rotation":{"angle":-22.5,"axis":"x","origin":[8.05,20.7,6]},"faces":{"north":{"uv":[8,1.5,8.25,2.25],"texture":"#0"},"east":{"uv":[2,8,2.25,8.75],"texture":"#0"},"south":{"uv":[2.25,8,2.5,8.75],"texture":"#0"},"west":{"uv":[8,2.25,8.25,3],"texture":"#0"},"up":{"uv":[12,9.75,11.75,9.5],"texture":"#0"},"down":{"uv":[10,11.75,9.75,12],"texture":"#0"}}},{"from":[7.4,17.90761,-1],"to":[8.6,22.09239,0.5],"rotation":{"angle":-45,"axis":"x","origin":[8,20.7,6]},"faces":{"north":{"uv":[5.75,6.75,6,7.75],"texture":"#0"},"east":{"uv":[4.5,1,4,2],"texture":"#0"},"south":{"uv":[6,6.75,6.25,7.75],"texture":"#0"},"west":{"uv":[4,1,4.5,2],"texture":"#0"},"up":{"uv":[0.25,10.5,0,10],"texture":"#0"},"down":{"uv":[10.25,0,10,0.5],"texture":"#0"}}},{"from":[7.65,18.10761,-1.4],"to":[8.35,22.19239,-1],"rotation":{"angle":-45,"axis":"x","origin":[8.05,20.7,6]},"faces":{"north":{"uv":[6.25,6.75,6.5,7.75],"texture":"#0"},"east":{"uv":[6.75,6.25,7,7.25],"texture":"#0"},"south":{"uv":[6.5,6.75,6.75,7.75],"texture":"#0"},"west":{"uv":[7,0,7.25,1],"texture":"#0"},"up":{"uv":[12,10,11.75,9.75],"texture":"#0"},"down":{"uv":[10.25,11.75,10,12],"texture":"#0"}}},{"from":[7.85,18.40761,-1.7],"to":[8.15,22.24239,-1.4],"rotation":{"angle":-45,"axis":"x","origin":[8.05,20.7,6]},"faces":{"north":{"uv":[2,7,2.25,8],"texture":"#0"},"east":{"uv":[7,2,7.25,3],"texture":"#0"},"south":{"uv":[2.25,7,2.5,8],"texture":"#0"},"west":{"uv":[2.5,7,2.75,8],"texture":"#0"},"up":{"uv":[12,10.25,11.75,10],"texture":"#0"},"down":{"uv":[10.5,11.75,10.25,12],"texture":"#0"}}},{"from":[7.4,17.90761,15.5],"to":[8.6,22.09239,17],"rotation":{"angle":45,"axis":"x","origin":[8,20.7,10]},"faces":{"north":{"uv":[2.75,7,3,8],"texture":"#0"},"east":{"uv":[4,1,4.5,2],"texture":"#0"},"south":{"uv":[7,3,7.25,4],"texture":"#0"},"west":{"uv":[4.5,1,4,2],"texture":"#0"},"up":{"uv":[0.5,10.5,0.25,10],"texture":"#0"},"down":{"uv":[0.75,10,0.5,10.5],"texture":"#0"}}},{"from":[7.4,19.30761,15.5],"to":[8.6,22.09239,17],"rotation":{"angle":22.5,"axis":"x","origin":[8,20.7,10]},"faces":{"north":{"uv":[2.5,8,2.75,8.75],"texture":"#0"},"east":{"uv":[5.5,0,6,0.75],"texture":"#0"},"south":{"uv":[2.75,8,3,8.75],"texture":"#0"},"west":{"uv":[6,0,5.5,0.75],"texture":"#0"},"up":{"uv":[10.25,1,10,0.5],"texture":"#0"},"down":{"uv":[1,10,0.75,10.5],"texture":"#0"}}},{"from":[7.4,19.30761,15.5],"to":[8.6,22.09239,17],"rotation":{"angle":0,"axis":"y","origin":[8,20.7,10]},"faces":{"north":{"uv":[8,3,8.25,3.75],"texture":"#0"},"east":{"uv":[5,4.75,5.5,5.5],"texture":"#0"},"south":{"uv":[8,3.75,8.25,4.5],"texture":"#0"},"west":{"uv":[5.5,4.75,5,5.5],"texture":"#0"},"up":{"uv":[1.25,10.5,1,10],"texture":"#0"},"down":{"uv":[10.25,1,10,1.5],"texture":"#0"}}},{"from":[7.4,19.30761,15.5],"to":[8.6,22.09239,17],"rotation":{"angle":-22.5,"axis":"x","origin":[8,20.7,10]},"faces":{"north":{"uv":[4,8,4.25,8.75],"texture":"#0"},"east":{"uv":[5,3.25,5.5,4],"texture":"#0"},"south":{"uv":[4.25,8,4.5,8.75],"texture":"#0"},"west":{"uv":[5.5,3.25,5,4],"texture":"#0"},"up":{"uv":[1.5,10.5,1.25,10],"texture":"#0"},"down":{"uv":[1.75,10,1.5,10.5],"texture":"#0"}}},{"from":[7.4,19.30761,15.5],"to":[8.6,23.49239,17],"rotation":{"angle":-45,"axis":"x","origin":[8,20.7,10]},"faces":{"north":{"uv":[4,7,4.25,8],"texture":"#0"},"east":{"uv":[3.5,3,4,4],"texture":"#0"},"south":{"uv":[7,4,7.25,5],"texture":"#0"},"west":{"uv":[4,3,3.5,4],"texture":"#0"},"up":{"uv":[10.25,2,10,1.5],"texture":"#0"},"down":{"uv":[2,10,1.75,10.5],"texture":"#0"}}},{"from":[7.65,18.10761,17],"to":[8.35,22.19239,17.4],"rotation":{"angle":45,"axis":"x","origin":[8.05,20.7,10]},"faces":{"north":{"uv":[4.25,7,4.5,8],"texture":"#0"},"east":{"uv":[5,7,5.25,8],"texture":"#0"},"south":{"uv":[7,5,7.25,6],"texture":"#0"},"west":{"uv":[7,6,7.25,7],"texture":"#0"},"up":{"uv":[12,10.5,11.75,10.25],"texture":"#0"},"down":{"uv":[10.75,11.75,10.5,12],"texture":"#0"}}},{"from":[7.85,18.40761,17.4],"to":[8.15,22.24239,17.7],"rotation":{"angle":45,"axis":"x","origin":[8.05,20.7,10]},"faces":{"north":{"uv":[7,7,7.25,8],"texture":"#0"},"east":{"uv":[7.25,0,7.5,1],"texture":"#0"},"south":{"uv":[7.25,1,7.5,2],"texture":"#0"},"west":{"uv":[7.25,2,7.5,3],"texture":"#0"},"up":{"uv":[12,10.75,11.75,10.5],"texture":"#0"},"down":{"uv":[11,11.75,10.75,12],"texture":"#0"}}},{"from":[7.65,19.20761,17],"to":[8.35,21.89239,17.4],"rotation":{"angle":22.5,"axis":"x","origin":[8.05,20.7,10]},"faces":{"north":{"uv":[8,4.5,8.25,5.25],"texture":"#0"},"east":{"uv":[5,8,5.25,8.75],"texture":"#0"},"south":{"uv":[8,5.25,8.25,6],"texture":"#0"},"west":{"uv":[8,6,8.25,6.75],"texture":"#0"},"up":{"uv":[12,11,11.75,10.75],"texture":"#0"},"down":{"uv":[11.25,11.75,11,12],"texture":"#0"}}},{"from":[7.85,19.18261,17.4],"to":[8.15,21.96739,17.7],"rotation":{"angle":22.5,"axis":"x","origin":[8.05,20.7,10]},"faces":{"north":{"uv":[8,6.75,8.25,7.5],"texture":"#0"},"east":{"uv":[7,8,7.25,8.75],"texture":"#0"},"south":{"uv":[7.25,8,7.5,8.75],"texture":"#0"},"west":{"uv":[8,7.5,8.25,8.25],"texture":"#0"},"up":{"uv":[12,11.25,11.75,11],"texture":"#0"},"down":{"uv":[11.5,11.75,11.25,12],"texture":"#0"}}},{"from":[7.65,18.95761,16.9],"to":[8.35,22.16739,17.3],"rotation":{"angle":0,"axis":"y","origin":[8.05,20.7,10]},"faces":{"north":{"uv":[8.25,0,8.5,0.75],"texture":"#0"},"east":{"uv":[0.25,8.25,0.5,9],"texture":"#0"},"south":{"uv":[0.5,8.25,0.75,9],"texture":"#0"},"west":{"uv":[0.75,8.25,1,9],"texture":"#0"},"up":{"uv":[12,11.5,11.75,11.25],"texture":"#0"},"down":{"uv":[11.75,11.75,11.5,12],"texture":"#0"}}},{"from":[7.85,18.93261,17.3],"to":[8.15,22.21739,17.6],"rotation":{"angle":0,"axis":"y","origin":[8.05,20.7,10]},"faces":{"north":{"uv":[8.25,0.75,8.5,1.5],"texture":"#0"},"east":{"uv":[1,8.25,1.25,9],"texture":"#0"},"south":{"uv":[1.25,8.25,1.5,9],"texture":"#0"},"west":{"uv":[1.5,8.25,1.75,9],"texture":"#0"},"up":{"uv":[12,11.75,11.75,11.5],"texture":"#0"},"down":{"uv":[12,11.75,11.75,12],"texture":"#0"}}},{"from":[7.65,19.25761,17],"to":[8.35,22.14239,17.3],"rotation":{"angle":-22.5,"axis":"x","origin":[8.05,20.7,10]},"faces":{"north":{"uv":[8.25,1.5,8.5,2.25],"texture":"#0"},"east":{"uv":[1.75,8.25,2,9],"texture":"#0"},"south":{"uv":[8.25,2.25,8.5,3],"texture":"#0"},"west":{"uv":[8.25,3,8.5,3.75],"texture":"#0"},"up":{"uv":[0.25,12.25,0,12],"texture":"#0"},"down":{"uv":[12.25,0,12,0.25],"texture":"#0"}}},{"from":[7.65,19.23261,17],"to":[8.35,23.29239,17.3],"rotation":{"angle":-45,"axis":"x","origin":[8.05,20.7,10]},"faces":{"north":{"uv":[7.25,3,7.5,4],"texture":"#0"},"east":{"uv":[7.25,4,7.5,5],"texture":"#0"},"south":{"uv":[7.25,5,7.5,6],"texture":"#0"},"west":{"uv":[7.25,6,7.5,7],"texture":"#0"},"up":{"uv":[0.5,12.25,0.25,12],"texture":"#0"},"down":{"uv":[12.25,0.25,12,0.5],"texture":"#0"}}},{"from":[7.85,19.18261,17.3],"to":[8.15,22.21739,17.6],"rotation":{"angle":-22.5,"axis":"x","origin":[8.05,20.7,10]},"faces":{"north":{"uv":[8.25,3.75,8.5,4.5],"texture":"#0"},"east":{"uv":[8.25,4.5,8.5,5.25],"texture":"#0"},"south":{"uv":[8.25,5.25,8.5,6],"texture":"#0"},"west":{"uv":[8.25,6,8.5,6.75],"texture":"#0"},"up":{"uv":[0.75,12.25,0.5,12],"texture":"#0"},"down":{"uv":[12.25,0.5,12,0.75],"texture":"#0"}}},{"from":[7.85,19.18261,17.3],"to":[8.15,22.99239,17.6],"rotation":{"angle":-45,"axis":"x","origin":[8.05,20.7,10]},"faces":{"north":{"uv":[6.75,7.25,7,8.25],"texture":"#0"},"east":{"uv":[7.25,7,7.5,8],"texture":"#0"},"south":{"uv":[0,7.5,0.25,8.5],"texture":"#0"},"west":{"uv":[7.5,0,7.75,1],"texture":"#0"},"up":{"uv":[1,12.25,0.75,12],"texture":"#0"},"down":{"uv":[12.25,0.75,12,1],"texture":"#0"}}}],"display":{"thirdperson_righthand":{"translation":[0,9.5,1.5],"scale":[0.7,0.7,0.7]},"thirdperson_lefthand":{"translation":[0,9.5,1.5],"scale":[0.7,0.7,0.7]},"firstperson_righthand":{"translation":[0,2.75,0],"scale":[0.7,0.7,0.7]},"firstperson_lefthand":{"translation":[0,2.75,0],"scale":[0.7,0.7,0.7]},"ground":{"translation":[0,13.5,0],"scale":[0.7,0.7,0.7]},"gui":{"rotation":[-90,67,90],"translation":[0.75,0,0],"scale":[0.38,0.38,0.38]},"fixed":{"rotation":[0,90,0],"translation":[0,0.5,0],"scale":[0.42,0.42,0.42]}},"groups":[{"name":"axe","origin":[8,8,8],"color":0,"children":[0,1,2,3,4,5,6,7,8,9,10,11,12,13,14,15,16,17,18,19,20,21,22,23,24,25,26,27,28,29,30,31,32,33,34,35,36,37,38,39,40,41,42,43,44,45,46,47,48,49,50,51,52,53,54,55,56,57,58,59,60,61,62,63,64,65,66,67,68,69,70,71,72,73,74,75,76,77,78,79,80,81,82,83,84,85,86,87,88,89,90,91,92,93,94,95,96,97,98,99,100,101,102,103,104,105,106,107,108,109,110,111,112,113,114,115,116,117,118,119,120,121,122,123,124,125,126,127,128,129,130,131,132,133,134,135,136,137,138,139,140,141,142,143,144,145,146,147,148,149,150,151,152,153,154,155,156,157,158,159,160,161,162,163,164,165,166,167,168,169,170,171,172,173,174,175,176,177,178,179,180,181,182,183,184,185,186]}]}