{"credit":"Made with Blockbench","texture_size":[64,64],"textures":{"0":"item/misc/guillotinescrap_01_texture","1":"item/misc/guillotinescrap_animation_01texture","2":"item/misc/guillotinescrap_animation_02_texture","3":"item/misc/guillotinescrap_03_texture","particle":"item/misc/guillotinescrap_01_texture"},"elements":[{"from":[7,-8,6],"to":[9,0,9],"faces":{"north":{"uv":[6.25,1.5,6.75,3.5],"texture":"#0"},"east":{"uv":[4.5,0,3.75,2],"texture":"#0"},"south":{"uv":[4.5,0,5,2],"texture":"#0"},"west":{"uv":[3.75,0,4.5,2],"texture":"#0"},"up":{"uv":[3.5,5.75,3,5],"texture":"#0"},"down":{"uv":[3.5,5.75,3,5],"texture":"#0"}}},{"from":[6.5,0,5.5],"to":[9.5,2,9.5],"faces":{"north":{"uv":[5,5,5.75,5.5],"texture":"#0"},"east":{"uv":[6,2.25,5,2.75],"texture":"#0"},"south":{"uv":[5,5,5.75,5.5],"texture":"#0"},"west":{"uv":[5,2.25,6,2.75],"texture":"#0"},"up":{"uv":[5,5.5,4.25,4.5],"texture":"#0"},"down":{"uv":[5,5.5,4.25,4.5],"texture":"#0"}}},{"from":[7,3,6],"to":[9,4,9],"faces":{"north":{"uv":[5.5,2,6,2.25],"texture":"#0"},"east":{"uv":[5.25,1.5,6,1.75],"texture":"#0"},"south":{"uv":[5.5,2,6,2.25],"texture":"#0"},"west":{"uv":[6,1.5,5.25,1.75],"texture":"#0"},"up":{"uv":[5.75,0.75,5.25,0],"texture":"#0"},"down":{"uv":[5.75,0.75,5.25,0],"texture":"#0"}}},{"from":[7.5,2,6.5],"to":[8.5,12,8.5],"faces":{"north":{"uv":[6,1.5,6.25,4],"texture":"#0"},"east":{"uv":[2.5,3.5,2,6],"texture":"#0"},"south":{"uv":[4.75,2,5,4.5],"texture":"#0"},"west":{"uv":[2,3.5,2.5,6],"texture":"#0"},"up":{"uv":[5.75,3.75,5.5,3.25],"texture":"#0"},"down":{"uv":[5.75,3.75,5.5,3.25],"texture":"#0"}}},{"from":[7,12,4.5],"to":[9,13,10.5],"faces":{"north":{"uv":[4.25,5.5,4.75,5.75],"texture":"#0"},"east":{"uv":[5.25,1.25,6.75,1.5],"texture":"#0"},"south":{"uv":[4.25,5.5,4.75,5.75],"texture":"#0"},"west":{"uv":[5.25,1.25,6.75,1.5],"texture":"#0"},"up":{"uv":[3,6.5,2.5,5],"texture":"#0"},"down":{"uv":[3,6.5,2.5,5],"texture":"#0"}}},{"from":[7,13,7],"to":[9,22,8],"faces":{"north":{"uv":[3.75,4.5,4.25,6.75],"texture":"#0"},"east":{"uv":[5,0,5.25,2.25],"texture":"#0"},"south":{"uv":[3.75,4.5,4.25,6.75],"texture":"#0"},"west":{"uv":[5,0,5.25,2.25],"texture":"#0"},"up":{"uv":[6,4.5,5.5,4.25],"texture":"#0"},"down":{"uv":[6,4.5,5.5,4.25],"texture":"#0"}}},{"from":[6,13,2],"to":[10,23,7],"faces":{"north":{"uv":[0,3.5,1,6],"texture":"#0"},"east":{"uv":[3.75,0,2.5,2.5],"texture":"#0"},"south":{"uv":[1,3.5,2,6],"texture":"#0"},"west":{"uv":[2.5,0,3.75,2.5],"texture":"#0"},"up":{"uv":[4.75,3.25,3.75,2],"texture":"#0"},"down":{"uv":[6.75,1.25,5.75,0],"texture":"#0"}}},{"from":[7.5,17,0],"to":[8.5,21,2],"faces":{"north":{"uv":[3.5,5,3.75,6],"texture":"#0"},"east":{"uv":[5,2.75,5.5,3.75],"texture":"#0"},"south":{"uv":[3.5,5,3.75,6],"texture":"#0"},"west":{"uv":[5,2.75,5.5,3.75],"texture":"#0"},"up":{"uv":[5.75,5,5.5,4.5],"texture":"#0"},"down":{"uv":[5.75,5,5.5,4.5],"texture":"#0"}}},{"from":[7,-11,6],"to":[9,-9,9],"faces":{"north":{"uv":[5.25,0.75,5.75,1.25],"texture":"#0"},"east":{"uv":[5,3.75,5.75,4.25],"texture":"#0"},"south":{"uv":[5.25,0.75,5.75,1.25],"texture":"#0"},"west":{"uv":[5,3.75,5.75,4.25],"texture":"#0"},"up":{"uv":[5.5,5,5,4.25],"texture":"#0"},"down":{"uv":[5.5,5,5,4.25],"texture":"#0"}}},{"from":[7.5,-9,6.5],"to":[8.5,-8,8.5],"faces":{"north":{"uv":[5.25,5.5,5.5,5.75],"texture":"#0"},"east":{"uv":[5.5,1.75,6,2],"texture":"#0"},"south":{"uv":[5.25,5.5,5.5,5.75],"texture":"#0"},"west":{"uv":[5.5,1.75,6,2],"texture":"#0"},"up":{"uv":[5.75,3.25,5.5,2.75],"texture":"#0"},"down":{"uv":[5.75,3.25,5.5,2.75],"texture":"#0"}}},{"from":[7.5,-11.5,6.5],"to":[8.5,-11,8.5],"faces":{"north":{"uv":[5.5,5.5,5.75,5.625],"texture":"#0"},"east":{"uv":[4.75,5.5,5.25,5.625],"texture":"#0"},"south":{"uv":[5.5,5.5,5.75,5.625],"texture":"#0"},"west":{"uv":[4.75,5.5,5.25,5.625],"texture":"#0"},"up":{"uv":[5.5,2.25,5.25,1.75],"texture":"#0"},"down":{"uv":[5.5,2.25,5.25,1.75],"texture":"#0"}}},{"from":[5,16,5.5],"to":[7,20,9.5],"rotation":{"angle":45,"axis":"x","origin":[6,18,7.5]},"faces":{"north":{"uv":[1,6,1.5,7],"texture":"#0"},"east":{"uv":[0,6,1,7],"texture":"#0"},"south":{"uv":[1,6,1.5,7],"texture":"#0"},"west":{"uv":[0,6,1,7],"texture":"#0"},"up":{"uv":[2,6,2.5,7],"texture":"#0"},"down":{"uv":[2,6,2.5,7],"texture":"#0"}}},{"from":[7.5,-11.5,6.5],"to":[8.5,-11,8.5],"faces":{"south":{"uv":[5.5,5.5,5.75,5.625],"texture":"#0"},"west":{"uv":[4.75,5.5,5.25,5.625],"texture":"#0"},"up":{"uv":[5.5,2.25,5.25,1.75],"texture":"#0"}}},{"from":[4.5,17,6.5],"to":[6.5,19,8.5],"rotation":{"angle":45,"axis":"x","origin":[6,18,7.5]},"faces":{"north":{"uv":[1.5,6.5,2,6.975],"texture":"#0"},"east":{"uv":[1.5,6,2,6.5],"texture":"#0"},"south":{"uv":[1.5,6.975,2,6.5],"texture":"#0"},"west":{"uv":[1.5,6,2,6.5],"texture":"#0"},"up":{"uv":[1.5,6.5,2,6.975],"texture":"#0"},"down":{"uv":[1.5,6.5,2,6.975],"texture":"#0"}}},{"from":[9,16,5.5],"to":[11,20,9.5],"rotation":{"angle":45,"axis":"x","origin":[10,18,7.5]},"faces":{"north":{"uv":[1.5,6,1,7],"texture":"#0"},"east":{"uv":[1,6,0,7],"texture":"#0"},"south":{"uv":[1.5,6,1,7],"texture":"#0"},"west":{"uv":[1,6,0,7],"texture":"#0"},"up":{"uv":[1.5,6,1,7],"texture":"#0"},"down":{"uv":[1.5,6,1,7],"texture":"#0"}}},{"from":[9.5,17,6.5],"to":[11.5,19,8.5],"rotation":{"angle":45,"axis":"x","origin":[10,18,7.5]},"faces":{"north":{"uv":[2,6.5,1.5,6.975],"texture":"#0"},"east":{"uv":[2,6,1.5,6.5],"texture":"#0"},"south":{"uv":[2,6.975,1.5,6.5],"texture":"#0"},"west":{"uv":[2,6,1.5,6.5],"texture":"#0"},"up":{"uv":[2,6.5,1.5,6.975],"texture":"#0"},"down":{"uv":[2,6.5,1.5,6.975],"texture":"#0"}}},{"from":[6.5,11.5,5],"to":[9.5,13,6],"faces":{"north":{"uv":[3,6,3.75,6.375],"texture":"#0"},"east":{"uv":[2.75,6.5,2.5,6.875],"texture":"#0"},"south":{"uv":[3,6,3.75,6.375],"texture":"#0"},"west":{"uv":[2.5,6.5,2.75,6.875],"texture":"#0"},"up":{"uv":[3,6.375,3.75,6.625],"texture":"#0"},"down":{"uv":[3,6.375,3.75,6.625],"texture":"#0"}}},{"from":[6.5,11.5,3.5],"to":[9.5,13,4.5],"faces":{"north":{"uv":[3,6,3.75,6.375],"texture":"#0"},"east":{"uv":[2.75,6.5,2.5,6.875],"texture":"#0"},"south":{"uv":[3,6,3.75,6.375],"texture":"#0"},"west":{"uv":[2.5,6.5,2.75,6.875],"texture":"#0"},"up":{"uv":[3,6.375,3.75,6.625],"texture":"#0"},"down":{"uv":[3,6.375,3.75,6.625],"texture":"#0"}}},{"from":[6.5,11.5,9],"to":[9.5,13,10],"rotation":{"angle":0,"axis":"y","origin":[0,0,16]},"faces":{"north":{"uv":[3.75,6,3,6.375],"texture":"#0"},"east":{"uv":[2.75,6.5,2.5,6.875],"texture":"#0"},"south":{"uv":[3.75,6,3,6.375],"texture":"#0"},"west":{"uv":[2.5,6.5,2.75,6.875],"texture":"#0"},"up":{"uv":[3,6.625,3.75,6.375],"texture":"#0"},"down":{"uv":[3.75,6.375,3,6.625],"texture":"#0"}}},{"from":[4.4,16.5,3],"to":[4.4,26.5,9],"faces":{"east":{"uv":[6,0,0,10],"texture":"#1"},"west":{"uv":[0,0,6,10],"texture":"#1"}}},{"from":[11.6,16.5,3],"to":[11.6,26.5,9],"rotation":{"angle":0,"axis":"y","origin":[16,0,0]},"faces":{"east":{"uv":[6,0,0,10],"texture":"#1"},"west":{"uv":[0,0,6,10],"texture":"#1"}}},{"from":[8,23,7.5],"to":[8,31,11.5],"faces":{"east":{"uv":[8,0,0,16],"texture":"#2"},"west":{"uv":[0,0,8,16],"texture":"#2"}}},{"from":[6,13,8],"to":[10,23,11],"faces":{"north":{"uv":[3,6.75,4,9.25],"texture":"#0"},"east":{"uv":[2.25,7,3,9.5],"texture":"#0"},"south":{"uv":[3,6.75,4,9.25],"texture":"#0"},"west":{"uv":[2.25,7,3,9.5],"texture":"#0"},"up":{"uv":[4.75,5.75,5.75,6.5],"texture":"#0"},"down":{"uv":[4.75,5.75,5.75,6.5],"texture":"#0"}}},{"from":[7,16,11],"to":[9,22,13],"faces":{"north":{"uv":[4.5,6.75,5,8.25],"texture":"#0"},"east":{"uv":[4.5,6.75,4,8.25],"texture":"#0"},"south":{"uv":[4.5,6.75,5,8.25],"texture":"#0"},"west":{"uv":[4,6.75,4.5,8.25],"texture":"#0"},"up":{"uv":[4.25,6.25,4.75,6.75],"texture":"#0"},"down":{"uv":[4.75,6.75,4.25,6.25],"texture":"#0"}}},{"from":[8,10,-6],"to":[8,22,3],"faces":{"east":{"uv":[2.25,13,0,16],"texture":"#0"},"west":{"uv":[0,13,2.25,16],"texture":"#0"}}},{"from":[7.1,16.5,11.5],"to":[8.9,18.3,13.5],"faces":{"north":{"uv":[4.25,5.75,4.7,6.2],"texture":"#0"},"east":{"uv":[4.25,5.75,4.75,6.25],"texture":"#0"},"south":{"uv":[4.25,5.75,4.7,6.2],"texture":"#0"},"west":{"uv":[4.25,5.75,4.75,6.25],"texture":"#0"},"up":{"uv":[4.25,5.75,4.75,6.25],"texture":"#0"},"down":{"uv":[4.25,5.75,4.75,6.25],"texture":"#0"}}},{"from":[7.1,19.5,12],"to":[8.9,21.3,14],"faces":{"north":{"uv":[4.25,5.75,4.7,6.2],"texture":"#0"},"east":{"uv":[4.25,5.75,4.75,6.25],"texture":"#0"},"south":{"uv":[4.25,5.75,4.7,6.2],"texture":"#0"},"west":{"uv":[4.25,5.75,4.75,6.25],"texture":"#0"},"up":{"uv":[4.25,5.75,4.75,6.25],"texture":"#0"},"down":{"uv":[4.25,5.75,4.75,6.25],"texture":"#0"}}},{"from":[6.9,-3,8],"to":[6.9,5,9],"rotation":{"angle":-22.5,"axis":"x","origin":[16,0,0]},"faces":{"north":{"uv":[0,0,0,1.75],"texture":"#missing"},"east":{"uv":[5.5,6.5,5.75,8.5],"texture":"#0"},"south":{"uv":[0,0,0,1.75],"texture":"#missing"},"west":{"uv":[5.5,6.5,5.75,8.5],"texture":"#0"},"up":{"uv":[0,0,0,0.25],"texture":"#0"},"down":{"uv":[0,0,0,0.25],"texture":"#missing"}}},{"from":[9.1,-3,8],"to":[9.1,5,9],"rotation":{"angle":-22.5,"axis":"x","origin":[16,0,0]},"faces":{"north":{"uv":[0,0,0,1.75],"texture":"#missing"},"east":{"uv":[5.75,6.5,5.5,8.5],"texture":"#0"},"south":{"uv":[0,0,0,1.75],"texture":"#missing"},"west":{"uv":[5.75,6.5,5.5,8.5],"texture":"#0"},"up":{"uv":[0,0,0,0.25],"texture":"#0"},"down":{"uv":[0,0,0,0.25],"texture":"#missing"}}},{"from":[6.9,5,8],"to":[6.9,13,9],"rotation":{"angle":-22.5,"axis":"x","origin":[16,0,0]},"faces":{"north":{"uv":[0,0,0,1.75],"texture":"#missing"},"east":{"uv":[5.5,6.5,5.75,8.5],"texture":"#0"},"south":{"uv":[0,0,0,1.75],"texture":"#missing"},"west":{"uv":[5.5,6.5,5.75,8.5],"texture":"#0"},"up":{"uv":[0,0,0,0.25],"texture":"#0"},"down":{"uv":[0,0,0,0.25],"texture":"#missing"}}},{"from":[9.1,5,8],"to":[9.1,13,9],"rotation":{"angle":-22.5,"axis":"x","origin":[16,0,0]},"faces":{"north":{"uv":[0,0,0,1.75],"texture":"#missing"},"east":{"uv":[5.75,6.5,5.5,8.5],"texture":"#0"},"south":{"uv":[0,0,0,1.75],"texture":"#missing"},"west":{"uv":[5.75,6.5,5.5,8.5],"texture":"#0"},"up":{"uv":[0,0,0,0.25],"texture":"#0"},"down":{"uv":[0,0,0,0.25],"texture":"#missing"}}},{"from":[5.9,15.5,1.9],"to":[5.9,16.5,7],"faces":{"north":{"uv":[0,0,0,0.25],"texture":"#3"},"east":{"uv":[0,0,1.25,0.25],"texture":"#3"},"south":{"uv":[0,0,0,0.25],"texture":"#3"},"west":{"uv":[11,3,12.25,3.25],"texture":"#3"},"up":{"uv":[0,0,0,1.25],"texture":"#3"},"down":{"uv":[0,0,0,1.25],"texture":"#3"}}},{"from":[5.9,14,1.9],"to":[5.9,15,7],"faces":{"north":{"uv":[0,0,0,0.25],"texture":"#3"},"east":{"uv":[0,0,1.25,0.25],"texture":"#3"},"south":{"uv":[0,0,0,0.25],"texture":"#3"},"west":{"uv":[11,3,12.25,3.25],"texture":"#3"},"up":{"uv":[0,0,0,1.25],"texture":"#3"},"down":{"uv":[0,0,0,1.25],"texture":"#3"}}},{"from":[5.9,15.5,7],"to":[5.9,16.5,11.1],"faces":{"north":{"uv":[0,0,0,0.25],"texture":"#3"},"east":{"uv":[0,0,1.25,0.25],"texture":"#3"},"south":{"uv":[0,0,0,0.25],"texture":"#3"},"west":{"uv":[11,3,12.25,3.25],"texture":"#3"},"up":{"uv":[0,0,0,1.25],"texture":"#3"},"down":{"uv":[0,0,0,1.25],"texture":"#3"}}},{"from":[5.9,14,7],"to":[5.9,15,11.1],"faces":{"north":{"uv":[0,0,0,0.25],"texture":"#3"},"east":{"uv":[0,0,1.25,0.25],"texture":"#3"},"south":{"uv":[0,0,0,0.25],"texture":"#3"},"west":{"uv":[11,3,12.25,3.25],"texture":"#3"},"up":{"uv":[0,0,0,1.25],"texture":"#3"},"down":{"uv":[0,0,0,1.25],"texture":"#3"}}},{"from":[5.9,14,11.1],"to":[10.1,15,11.1],"faces":{"north":{"uv":[0,0,1.25,0.25],"texture":"#3"},"east":{"uv":[0,0,0,0.25],"texture":"#3"},"south":{"uv":[11,3,12.25,3.25],"texture":"#3"},"west":{"uv":[0,0,0,0.25],"texture":"#3"},"up":{"uv":[0,0,0,1.25],"rotation":270,"texture":"#3"},"down":{"uv":[0,0,0,1.25],"rotation":90,"texture":"#3"}}},{"from":[5.9,15.5,11.1],"to":[10.1,16.5,11.1],"faces":{"north":{"uv":[0,0,1.25,0.25],"texture":"#3"},"east":{"uv":[0,0,0,0.25],"texture":"#3"},"south":{"uv":[11,3,12.25,3.25],"texture":"#3"},"west":{"uv":[0,0,0,0.25],"texture":"#3"},"up":{"uv":[0,0,0,1.25],"rotation":270,"texture":"#3"},"down":{"uv":[0,0,0,1.25],"rotation":90,"texture":"#3"}}},{"from":[5.9,14,1.9],"to":[10.1,15,1.9],"rotation":{"angle":0,"axis":"y","origin":[0,0,16]},"faces":{"north":{"uv":[12.25,3,11,3.25],"texture":"#3"},"east":{"uv":[0,0,0,0.25],"texture":"#3"},"south":{"uv":[1.25,0,0,0.25],"texture":"#3"},"west":{"uv":[0,0,0,0.25],"texture":"#3"},"up":{"uv":[0,0,0,1.25],"rotation":270,"texture":"#3"},"down":{"uv":[0,0,0,1.25],"rotation":90,"texture":"#3"}}},{"from":[5.9,15.5,1.9],"to":[10.1,16.5,1.9],"rotation":{"angle":0,"axis":"y","origin":[0,0,16]},"faces":{"north":{"uv":[12.25,3,11,3.25],"texture":"#3"},"east":{"uv":[0,0,0,0.25],"texture":"#3"},"south":{"uv":[1.25,0,0,0.25],"texture":"#3"},"west":{"uv":[0,0,0,0.25],"texture":"#3"},"up":{"uv":[0,0,0,1.25],"rotation":270,"texture":"#3"},"down":{"uv":[0,0,0,1.25],"rotation":90,"texture":"#3"}}},{"from":[5.1,15.5,2.5],"to":[6,20.5,5.5],"rotation":{"angle":0,"axis":"y","origin":[7,-1,0]},"faces":{"north":{"uv":[9,7.25,9.225,8.5],"texture":"#3"},"east":{"uv":[0.25,8,1,9.25],"texture":"#3"},"south":{"uv":[9,8.5,9.225,9.75],"texture":"#3"},"west":{"uv":[1,8,1.75,9.25],"texture":"#3"},"up":{"uv":[9.475,2.75,9.25,2],"texture":"#3"},"down":{"uv":[9.475,3.5,9.25,4.25],"texture":"#3"}}},{"from":[4.8,14.4,2.4],"to":[6,17.1,5.6],"rotation":{"angle":0,"axis":"y","origin":[7,-1,0]},"faces":{"north":{"uv":[9.75,0.75,10.05,1.425],"texture":"#3"},"east":{"uv":[9.75,0,10.55,0.675],"texture":"#3"},"south":{"uv":[10.05,0.75,9.75,1.425],"texture":"#3"},"west":{"uv":[9.75,0,10.55,0.675],"texture":"#3"},"up":{"uv":[10.425,1.55,10.125,0.75],"texture":"#3"},"down":{"uv":[10.425,1.55,10.125,0.75],"texture":"#3"}}},{"from":[5,13.4,2.6],"to":[6,14.4,5.4],"rotation":{"angle":0,"axis":"y","origin":[7,-1,0]},"faces":{"north":{"uv":[10.5,1.5,10.75,1.75],"texture":"#3"},"east":{"uv":[9.75,1.5,10.45,1.75],"texture":"#3"},"south":{"uv":[10.5,1.5,10.75,1.75],"texture":"#3"},"west":{"uv":[9.75,1.5,10.45,1.75],"texture":"#3"},"up":{"uv":[10,2.45,9.75,1.75],"texture":"#3"},"down":{"uv":[10,2.45,9.75,1.75],"texture":"#3"}}},{"from":[10.1,15.5,7],"to":[10.1,16.5,11.1],"rotation":{"angle":0,"axis":"y","origin":[16,0,0]},"faces":{"north":{"uv":[0,0,0,0.25],"texture":"#3"},"east":{"uv":[12.25,3,11,3.25],"texture":"#3"},"south":{"uv":[0,0,0,0.25],"texture":"#3"},"west":{"uv":[1.25,0,0,0.25],"texture":"#3"},"up":{"uv":[0,0,0,1.25],"texture":"#3"},"down":{"uv":[0,0,0,1.25],"texture":"#3"}}},{"from":[10.1,14,7],"to":[10.1,15,11.1],"rotation":{"angle":0,"axis":"y","origin":[16,0,0]},"faces":{"north":{"uv":[0,0,0,0.25],"texture":"#3"},"east":{"uv":[12.25,3,11,3.25],"texture":"#3"},"south":{"uv":[0,0,0,0.25],"texture":"#3"},"west":{"uv":[1.25,0,0,0.25],"texture":"#3"},"up":{"uv":[0,0,0,1.25],"texture":"#3"},"down":{"uv":[0,0,0,1.25],"texture":"#3"}}},{"from":[10.1,14,1.9],"to":[10.1,15,7],"rotation":{"angle":0,"axis":"y","origin":[16,0,0]},"faces":{"north":{"uv":[0,0,0,0.25],"texture":"#3"},"east":{"uv":[12.25,3,11,3.25],"texture":"#3"},"south":{"uv":[0,0,0,0.25],"texture":"#3"},"west":{"uv":[1.25,0,0,0.25],"texture":"#3"},"up":{"uv":[0,0,0,1.25],"texture":"#3"},"down":{"uv":[0,0,0,1.25],"texture":"#3"}}},{"from":[10.1,15.5,1.9],"to":[10.1,16.5,7],"rotation":{"angle":0,"axis":"y","origin":[16,0,0]},"faces":{"north":{"uv":[0,0,0,0.25],"texture":"#3"},"east":{"uv":[12.25,3,11,3.25],"texture":"#3"},"south":{"uv":[0,0,0,0.25],"texture":"#3"},"west":{"uv":[1.25,0,0,0.25],"texture":"#3"},"up":{"uv":[0,0,0,1.25],"texture":"#3"},"down":{"uv":[0,0,0,1.25],"texture":"#3"}}},{"from":[10,15.5,2.5],"to":[10.9,20.5,5.5],"rotation":{"angle":0,"axis":"y","origin":[9,-1,0]},"faces":{"north":{"uv":[9.225,7.25,9,8.5],"texture":"#3"},"east":{"uv":[1.75,8,1,9.25],"texture":"#3"},"south":{"uv":[9.225,8.5,9,9.75],"texture":"#3"},"west":{"uv":[1,8,0.25,9.25],"texture":"#3"},"up":{"uv":[9.25,2.75,9.475,2],"texture":"#3"},"down":{"uv":[9.25,3.5,9.475,4.25],"texture":"#3"}}},{"from":[10,14.4,2.4],"to":[11.2,17.1,5.6],"rotation":{"angle":0,"axis":"y","origin":[9,-1,0]},"faces":{"north":{"uv":[10.05,0.75,9.75,1.425],"texture":"#3"},"east":{"uv":[10.55,0,9.75,0.675],"texture":"#3"},"south":{"uv":[9.75,0.75,10.05,1.425],"texture":"#3"},"west":{"uv":[10.55,0,9.75,0.675],"texture":"#3"},"up":{"uv":[10.125,1.55,10.425,0.75],"texture":"#3"},"down":{"uv":[10.125,1.55,10.425,0.75],"texture":"#3"}}},{"from":[10,13.4,2.6],"to":[11,14.4,5.4],"rotation":{"angle":0,"axis":"y","origin":[9,-1,0]},"faces":{"north":{"uv":[10.75,1.5,10.5,1.75],"texture":"#3"},"east":{"uv":[10.45,1.5,9.75,1.75],"texture":"#3"},"south":{"uv":[10.75,1.5,10.5,1.75],"texture":"#3"},"west":{"uv":[10.45,1.5,9.75,1.75],"texture":"#3"},"up":{"uv":[9.75,2.45,10,1.75],"texture":"#3"},"down":{"uv":[9.75,2.45,10,1.75],"texture":"#3"}}}],"gui_light":"front","display":{"thirdperson_righthand":{"translation":[0,6.25,1.5],"scale":[0.6,0.6,0.6]},"thirdperson_lefthand":{"translation":[0,6.25,1.5],"scale":[0.6,0.6,0.6]},"firstperson_righthand":{"rotation":[-10,5,0],"translation":[0,2.5,2.25],"scale":[0.42,0.42,0.42]},"firstperson_lefthand":{"rotation":[-10,5,0],"translation":[0,2.5,2.25],"scale":[0.42,0.42,0.42]},"ground":{"rotation":[45,0,0],"translation":[0,4,0],"scale":[0.39,0.39,0.39]},"gui":{"rotation":[-90,-45,-90],"translation":[-0.5,0.25,0],"scale":[0.4,0.4,0.4]},"head":{"scale":[0,0,0]},"fixed":{"rotation":[-90,-90,-90],"translation":[-0.5,0,-5.75],"scale":[1.5,1.5,1.5]}}}