{"credit":"Made with Blockbench","texture_size":[32,32],"textures":{"0":"item/axes/heroicaxe_texture","particle":"item/axes/heroicaxe_texture"},"elements":[{"from":[7.2,0,7.2],"to":[8.8,14,8.8],"rotation":{"angle":0,"axis":"y","origin":[7.2,0,7.2]},"faces":{"north":{"uv":[0,0,1,7],"texture":"#0"},"east":{"uv":[1,0,2,7],"texture":"#0"},"south":{"uv":[2,0,3,7],"texture":"#0"},"west":{"uv":[3,0,4,7],"texture":"#0"},"up":{"uv":[7,7,6,6],"texture":"#0"},"down":{"uv":[1,7,0,8],"texture":"#0"}}},{"from":[7,14,7],"to":[9,19,9],"rotation":{"angle":0,"axis":"y","origin":[7.2,-2,7.2]},"faces":{"north":{"uv":[4,0,5,2.5],"texture":"#0"},"east":{"uv":[4,2.5,5,5],"texture":"#0"},"south":{"uv":[5,0,6,2.5],"texture":"#0"},"west":{"uv":[5,2.5,6,5],"texture":"#0"},"up":{"uv":[8,1,7,0],"texture":"#0"},"down":{"uv":[2,7,1,8],"texture":"#0"}}},{"from":[7.5,14.7,3.6],"to":[8.5,18.3,4.6],"rotation":{"angle":0,"axis":"y","origin":[6.7,17,3.8]},"faces":{"north":{"uv":[7,1,7.5,3],"texture":"#0"},"east":{"uv":[3,7,3.5,9],"texture":"#0"},"south":{"uv":[2.5,7,3,9],"texture":"#0"},"west":{"uv":[3,7,3.5,9],"texture":"#0"},"up":{"uv":[4.5,10,4,9.5],"texture":"#0"},"down":{"uv":[5,9.5,4.5,10],"texture":"#0"}}},{"from":[7.7,14.7,1.6],"to":[8.3,18.3,3.6],"rotation":{"angle":0,"axis":"y","origin":[6.7,17,3.8]},"faces":{"north":{"uv":[7,3,7.5,5],"texture":"#0"},"east":{"uv":[6,5,5,7],"texture":"#0"},"south":{"uv":[3.5,7,4,9],"texture":"#0"},"west":{"uv":[5,5,6,7],"texture":"#0"},"up":{"uv":[3,10,2.5,9],"texture":"#0"},"down":{"uv":[9.5,2.5,9,3.5],"texture":"#0"}}},{"from":[7.5,12.37549,4.08226],"to":[8.5,14.87549,5.08226],"rotation":{"angle":-22.5,"axis":"x","origin":[6.7,13.57549,4.28226]},"faces":{"north":{"uv":[7.5,3,8,4.5],"texture":"#0"},"east":{"uv":[1,8,1.5,9.5],"texture":"#0"},"south":{"uv":[0.5,8,1,9.5],"texture":"#0"},"west":{"uv":[1,8,1.5,9.5],"texture":"#0"},"up":{"uv":[10,5.5,9.5,5],"texture":"#0"},"down":{"uv":[6,9.5,5.5,10],"texture":"#0"}}},{"from":[7.7,12.37549,2.23451],"to":[8.3,15.64086,4.08226],"rotation":{"angle":-22.5,"axis":"x","origin":[6.7,13.57549,4.28226]},"faces":{"north":{"uv":[1.5,8,2,9.5],"texture":"#0"},"east":{"uv":[7,1.5,6,3],"texture":"#0"},"south":{"uv":[8,3,8.5,4.5],"texture":"#0"},"west":{"uv":[6,1.5,7,3],"texture":"#0"},"up":{"uv":[3.5,10,3,9],"texture":"#0"},"down":{"uv":[4,9,3.5,10],"texture":"#0"}}},{"from":[7.5,12.3903,4.55671],"to":[8.5,13.3903,6.15671],"rotation":{"angle":22.5,"axis":"x","origin":[7.5,12.3903,4.55671]},"faces":{"north":{"uv":[9.5,5.5,10,6],"texture":"#0"},"east":{"uv":[9,4.5,10,5],"texture":"#0"},"south":{"uv":[6,9.5,6.5,10],"texture":"#0"},"west":{"uv":[9,4.5,10,5],"texture":"#0"},"up":{"uv":[5.5,10,5,9],"texture":"#0"},"down":{"uv":[9.5,5,9,6],"texture":"#0"}}},{"from":[7.675,11.08374,3.25015],"to":[8.325,12.3903,6.15671],"rotation":{"angle":22.5,"axis":"x","origin":[7.5,12.3903,4.55671]},"faces":{"north":{"uv":[6.5,9.5,7,10],"texture":"#0"},"east":{"uv":[9.5,0,8,0.5],"texture":"#0"},"south":{"uv":[9.5,6.5,10,7],"texture":"#0"},"west":{"uv":[8,0,9.5,0.5],"texture":"#0"},"up":{"uv":[4.5,9.5,4,8],"texture":"#0"},"down":{"uv":[5,8,4.5,9.5],"texture":"#0"}}},{"from":[7.5,19.6097,4.55671],"to":[8.5,20.6097,6.15671],"rotation":{"angle":-22.5,"axis":"x","origin":[7.5,20.6097,4.55671]},"faces":{"north":{"uv":[7,9.5,7.5,10],"texture":"#0"},"east":{"uv":[10,6,9,6.5],"texture":"#0"},"south":{"uv":[9.5,7,10,7.5],"texture":"#0"},"west":{"uv":[9,6,10,6.5],"texture":"#0"},"up":{"uv":[9.5,7.5,9,6.5],"texture":"#0"},"down":{"uv":[9,9,8.5,10],"texture":"#0"}}},{"from":[7.675,20.6097,3.25015],"to":[8.325,21.91626,6.15671],"rotation":{"angle":-22.5,"axis":"x","origin":[7.5,20.6097,4.55671]},"faces":{"north":{"uv":[7.5,9.5,8,10],"texture":"#0"},"east":{"uv":[6.5,8,5,8.5],"texture":"#0"},"south":{"uv":[8,9.5,8.5,10],"texture":"#0"},"west":{"uv":[5,8,6.5,8.5],"texture":"#0"},"up":{"uv":[8.5,6.5,8,5],"texture":"#0"},"down":{"uv":[7,8,6.5,9.5],"texture":"#0"}}},{"from":[7.5,18.12451,4.08226],"to":[8.5,20.62451,5.08226],"rotation":{"angle":22.5,"axis":"x","origin":[6.7,19.42451,4.28226]},"faces":{"north":{"uv":[8,6.5,8.5,8],"texture":"#0"},"east":{"uv":[8,8,8.5,9.5],"texture":"#0"},"south":{"uv":[7.5,8,8,9.5],"texture":"#0"},"west":{"uv":[8,8,8.5,9.5],"texture":"#0"},"up":{"uv":[10,9.5,9.5,9],"texture":"#0"},"down":{"uv":[10,9.5,9.5,10],"texture":"#0"}}},{"from":[7.7,17.35914,2.23451],"to":[8.3,20.62451,4.08226],"rotation":{"angle":22.5,"axis":"x","origin":[6.7,19.42451,4.28226]},"faces":{"north":{"uv":[8.5,1,9,2.5],"texture":"#0"},"east":{"uv":[7,4.5,6,6],"texture":"#0"},"south":{"uv":[8.5,2.5,9,4],"texture":"#0"},"west":{"uv":[6,4.5,7,6],"texture":"#0"},"up":{"uv":[9.5,10,9,9],"texture":"#0"},"down":{"uv":[0.5,9.5,0,10.5],"texture":"#0"}}},{"from":[7.6,17.15014,4.65378],"to":[8.4,18.15014,7.65378],"rotation":{"angle":22.5,"axis":"x","origin":[8,18.35014,5.65378]},"faces":{"north":{"uv":[10,0,10.5,0.5],"texture":"#0"},"east":{"uv":[8.5,4,10,4.5],"texture":"#0"},"south":{"uv":[10,0.5,10.5,1],"texture":"#0"},"west":{"uv":[5,8.5,6.5,9],"texture":"#0"},"up":{"uv":[9,6.5,8.5,5],"texture":"#0"},"down":{"uv":[9,6.5,8.5,8],"texture":"#0"}}},{"from":[7.4,15.6,9],"to":[8.6,17.4,10.6],"rotation":{"angle":0,"axis":"y","origin":[8,17.6,10]},"faces":{"north":{"uv":[9.5,0,10,1],"texture":"#0"},"east":{"uv":[4,7,5,8],"texture":"#0"},"south":{"uv":[0.5,9.5,1,10.5],"texture":"#0"},"west":{"uv":[5,7,6,8],"texture":"#0"},"up":{"uv":[1.5,10.5,1,9.5],"texture":"#0"},"down":{"uv":[10,1,9.5,2],"texture":"#0"}}},{"from":[7.6,15.9,10.6],"to":[8.4,17.3,12.4],"rotation":{"angle":22.5,"axis":"x","origin":[7.4,17.4,10.6]},"faces":{"north":{"uv":[10,1,10.5,1.5],"texture":"#0"},"east":{"uv":[9,7.5,10,8],"texture":"#0"},"south":{"uv":[10,1.5,10.5,2],"texture":"#0"},"west":{"uv":[9.5,2,10.5,2.5],"texture":"#0"},"up":{"uv":[2,10.5,1.5,9.5],"texture":"#0"},"down":{"uv":[10,2.5,9.5,3.5],"texture":"#0"}}},{"from":[7.6,14.74329,4.11802],"to":[8.4,15.74329,7.11802],"rotation":{"angle":-22.5,"axis":"x","origin":[8,15.94329,5.11802]},"faces":{"north":{"uv":[2.5,10,3,10.5],"texture":"#0"},"east":{"uv":[8.5,8,10,8.5],"texture":"#0"},"south":{"uv":[10,2.5,10.5,3],"texture":"#0"},"west":{"uv":[8.5,8.5,10,9],"texture":"#0"},"up":{"uv":[9.5,2.5,9,1],"texture":"#0"},"down":{"uv":[2.5,9,2,10.5],"texture":"#0"}}},{"from":[7,-1.6,7],"to":[9,0,9],"rotation":{"angle":0,"axis":"y","origin":[7.2,0,7.2]},"faces":{"north":{"uv":[7,5,8,6],"texture":"#0"},"east":{"uv":[6,7,7,8],"texture":"#0"},"south":{"uv":[7,6,8,7],"texture":"#0"},"west":{"uv":[7,7,8,8],"texture":"#0"},"up":{"uv":[8.5,2,7.5,1],"texture":"#0"},"down":{"uv":[8.5,2,7.5,3],"texture":"#0"}}}],"display":{"thirdperson_righthand":{"translation":[0,1.5,1.5]},"thirdperson_lefthand":{"translation":[0,1.5,1.5]},"ground":{"translation":[0,6.5,0]},"gui":{"rotation":[-90,67.5,90],"translation":[1.5,-1,0],"scale":[0.7,0.7,0.7]},"fixed":{"rotation":[0,90,0],"translation":[0,-1.5,0],"scale":[0.75,0.75,0.75]}},"groups":[{"name":"axe","origin":[8,8,8],"color":0,"children":[0,1,2,3,4,5,6,7,8,9,10,11,12,13,14,15,16]}]}