{"credit":"Made with Blockbench","texture_size":[64,64],"textures":{"0":"item/axes/magicaxe_texture","particle":"item/axes/magicaxe_texture"},"elements":[{"from":[7.2,0,7.2],"to":[8.8,16,8.8],"rotation":{"angle":0,"axis":"y","origin":[8,0,8]},"faces":{"north":{"uv":[3,0,3.5,4],"texture":"#0"},"east":{"uv":[0,3.5,0.5,7.5],"texture":"#0"},"south":{"uv":[3.5,0,4,4],"texture":"#0"},"west":{"uv":[0.5,3.5,1,7.5],"texture":"#0"},"up":{"uv":[5.25,4,4.75,3.5],"texture":"#0"},"down":{"uv":[5.25,4,4.75,4.5],"texture":"#0"}}},{"from":[7.5,21.5,1],"to":[8.5,26.5,1.8],"rotation":{"angle":22.5,"axis":"x","origin":[8,17,1]},"faces":{"north":{"uv":[3,4,3.25,5.25],"texture":"#0"},"east":{"uv":[3.5,4,3.75,5.25],"texture":"#0"},"south":{"uv":[4,4.25,4.25,5.5],"texture":"#0"},"west":{"uv":[3.5,4,3.75,5.25],"texture":"#0"},"up":{"uv":[7.75,1.5,7.5,1.25],"texture":"#0"},"down":{"uv":[7.75,3.25,7.5,3.5],"texture":"#0"}}},{"from":[7.7,24.85298,2.75281],"to":[8.3,25.85298,4.25281],"rotation":{"angle":45,"axis":"x","origin":[8.5,24.85298,4.25281]},"faces":{"north":{"uv":[7.5,4.5,7.75,4.75],"texture":"#0"},"east":{"uv":[5.25,4.75,5.75,5],"texture":"#0"},"south":{"uv":[4.75,7.5,5,7.75],"texture":"#0"},"west":{"uv":[5.5,1.75,6,2],"texture":"#0"},"up":{"uv":[5.75,3.5,5.5,3],"texture":"#0"},"down":{"uv":[6.25,0,6,0.5],"texture":"#0"}}},{"from":[7.7,25.91364,3.19215],"to":[8.3,27.41364,4.19215],"rotation":{"angle":-22.5,"axis":"x","origin":[8.5,25.91364,3.19215]},"faces":{"north":{"uv":[6,0.5,6.25,1],"texture":"#0"},"east":{"uv":[6,1,6.25,1.5],"texture":"#0"},"south":{"uv":[6,1.5,6.25,2],"texture":"#0"},"west":{"uv":[6,2,6.25,2.5],"texture":"#0"},"up":{"uv":[5.25,7.75,5,7.5],"texture":"#0"},"down":{"uv":[5.5,7.5,5.25,7.75],"texture":"#0"}}},{"from":[7.7,27.29946,2.61812],"to":[8.3,29.49946,3.61812],"rotation":{"angle":0,"axis":"y","origin":[8.5,27.29946,2.61812]},"faces":{"north":{"uv":[6,2.5,6.25,3],"texture":"#0"},"east":{"uv":[6,3,6.25,3.5],"texture":"#0"},"south":{"uv":[6,3.5,6.25,4],"texture":"#0"},"west":{"uv":[6,4,6.25,4.5],"texture":"#0"},"up":{"uv":[5.75,7.75,5.5,7.5],"texture":"#0"},"down":{"uv":[6.25,7.5,6,7.75],"texture":"#0"}}},{"from":[7.675,28.29946,3.31812],"to":[8.35,31.29946,3.61812],"rotation":{"angle":22.5,"axis":"x","origin":[8.5,28.29946,2.61812]},"faces":{"north":{"uv":[5.5,1,5.75,1.75],"texture":"#0"},"east":{"uv":[2.25,5.75,2,6.5],"texture":"#0"},"south":{"uv":[5.75,1,6,1.75],"texture":"#0"},"west":{"uv":[2,5.75,2.25,6.5],"texture":"#0"},"up":{"uv":[6.5,7.75,6.25,7.5],"texture":"#0"},"down":{"uv":[6.75,7.5,6.5,7.75],"texture":"#0"}}},{"from":[7.7,29.19946,2.91812],"to":[8.3,30.89946,3.31812],"rotation":{"angle":22.5,"axis":"x","origin":[8.5,28.29946,2.61812]},"faces":{"north":{"uv":[4.25,6,4.5,6.5],"texture":"#0"},"east":{"uv":[4.5,6,4.75,6.5],"texture":"#0"},"south":{"uv":[6,4.5,6.25,5],"texture":"#0"},"west":{"uv":[6,5,6.25,5.5],"texture":"#0"},"up":{"uv":[7,7.75,6.75,7.5],"texture":"#0"},"down":{"uv":[7.25,7.5,7,7.75],"texture":"#0"}}},{"from":[7.675,29.30188,-0.15163],"to":[8.35,29.60188,4.37337],"rotation":{"angle":-22.5,"axis":"x","origin":[8.5,30.30188,1.37337]},"faces":{"north":{"uv":[7.25,7.5,7.5,7.75],"texture":"#0"},"east":{"uv":[5.5,3.25,4.25,3.5],"texture":"#0"},"south":{"uv":[7.5,7.5,7.75,7.75],"texture":"#0"},"west":{"uv":[4.25,3.25,5.5,3.5],"texture":"#0"},"up":{"uv":[4,5.25,3.75,4],"texture":"#0"},"down":{"uv":[4.5,3.5,4.25,4.75],"texture":"#0"}}},{"from":[7.7,28.70188,-0.15163],"to":[8.3,29.30188,3.52337],"rotation":{"angle":-22.5,"axis":"x","origin":[8.5,30.30188,1.37337]},"faces":{"north":{"uv":[0,7.75,0.25,8],"texture":"#0"},"east":{"uv":[4.25,4.75,5.25,5],"texture":"#0"},"south":{"uv":[0.25,7.75,0.5,8],"texture":"#0"},"west":{"uv":[4.75,4.5,5.75,4.75],"texture":"#0"},"up":{"uv":[5.25,1,5,0],"texture":"#0"},"down":{"uv":[5.25,1,5,2],"texture":"#0"}}},{"from":[7.7,21.22817,2.79279],"to":[8.3,23.24509,3.63363],"rotation":{"angle":-22.5,"axis":"x","origin":[7.7,21.22817,2.79279]},"faces":{"north":{"uv":[6,5.5,6.25,6],"texture":"#0"},"east":{"uv":[6,6,6.25,6.5],"texture":"#0"},"south":{"uv":[6.25,0,6.5,0.5],"texture":"#0"},"west":{"uv":[6.25,0.5,6.5,1],"texture":"#0"},"up":{"uv":[0.75,8,0.5,7.75],"texture":"#0"},"down":{"uv":[1,7.75,0.75,8],"texture":"#0"}}},{"from":[7.7,22.76978,2.02742],"to":[8.3,24.09424,2.81074],"rotation":{"angle":-45,"axis":"x","origin":[8.3,23.07593,2.02742]},"faces":{"north":{"uv":[1,7.75,1.25,8],"texture":"#0"},"east":{"uv":[1.25,7.75,1.5,8],"texture":"#0"},"south":{"uv":[7.75,1.25,8,1.5],"texture":"#0"},"west":{"uv":[7.75,1.5,8,1.75],"texture":"#0"},"up":{"uv":[8,2,7.75,1.75],"texture":"#0"},"down":{"uv":[2.25,7.75,2,8],"texture":"#0"}}},{"from":[7.7,23.78303,0.30049],"to":[8.3,24.51373,1.60316],"rotation":{"angle":22.5,"axis":"x","origin":[8.3,23.78303,1.32031]},"faces":{"north":{"uv":[7.75,2,8,2.25],"texture":"#0"},"east":{"uv":[2.25,7.75,2.5,8],"texture":"#0"},"south":{"uv":[7.75,2.25,8,2.5],"texture":"#0"},"west":{"uv":[7.75,2.5,8,2.75],"texture":"#0"},"up":{"uv":[8,3,7.75,2.75],"texture":"#0"},"down":{"uv":[3.25,7.75,3,8],"texture":"#0"}}},{"from":[7.7,24.16572,-0.22502],"to":[8.3,24.84838,0.65775],"rotation":{"angle":0,"axis":"y","origin":[8.3,24.16572,0.39643]},"faces":{"north":{"uv":[7.75,3,8,3.25],"texture":"#0"},"east":{"uv":[3.25,7.75,3.5,8],"texture":"#0"},"south":{"uv":[7.75,3.25,8,3.5],"texture":"#0"},"west":{"uv":[7.75,3.5,8,3.75],"texture":"#0"},"up":{"uv":[8,4,7.75,3.75],"texture":"#0"},"down":{"uv":[4.25,7.75,4,8],"texture":"#0"}}},{"from":[7.7125,22.37338,-1.70002],"to":[8.2875,29.09838,4.25775],"rotation":{"angle":0,"axis":"y","origin":[8.2875,24.16572,0.39643]},"faces":{"north":{"uv":[1,3.5,1.25,5.25],"texture":"#0"},"east":{"uv":[0,9.25,3,11.75],"texture":"#0"},"south":{"uv":[1.25,3.5,1.5,5.25],"texture":"#0"},"west":{"uv":[3,9.25,0,11.75],"texture":"#0"},"up":{"uv":[2.25,5,2,3.5],"texture":"#0"},"down":{"uv":[2.5,3.5,2.25,5],"texture":"#0"}}},{"from":[7.7,24.16572,-1.30963],"to":[8.3,24.80463,0.03785],"rotation":{"angle":-22.5,"axis":"x","origin":[8.3,24.16572,-0.20357]},"faces":{"north":{"uv":[7.75,4,8,4.25],"texture":"#0"},"east":{"uv":[7.75,4.25,8,4.5],"texture":"#0"},"south":{"uv":[7.75,4.5,8,4.75],"texture":"#0"},"west":{"uv":[4.75,7.75,5,8],"texture":"#0"},"up":{"uv":[8,5,7.75,4.75],"texture":"#0"},"down":{"uv":[5.25,7.75,5,8],"texture":"#0"}}},{"from":[7.7,23.78303,-2.24225],"to":[8.3,24.4139,-0.98094],"rotation":{"angle":-45,"axis":"x","origin":[8.3,23.78303,-1.12745]},"faces":{"north":{"uv":[7.75,5,8,5.25],"texture":"#0"},"east":{"uv":[5.25,7.75,5.5,8],"texture":"#0"},"south":{"uv":[7.75,5.25,8,5.5],"texture":"#0"},"west":{"uv":[5.5,7.75,5.75,8],"texture":"#0"},"up":{"uv":[8,5.75,7.75,5.5],"texture":"#0"},"down":{"uv":[6,7.75,5.75,8],"texture":"#0"}}},{"from":[7.7,22.07593,-2.13455],"to":[8.3,23.07593,-1.83455],"rotation":{"angle":22.5,"axis":"x","origin":[8.3,23.07593,-1.83455]},"faces":{"north":{"uv":[7.75,5.75,8,6],"texture":"#0"},"east":{"uv":[6,7.75,6.25,8],"texture":"#0"},"south":{"uv":[7.75,6,8,6.25],"texture":"#0"},"west":{"uv":[6.25,7.75,6.5,8],"texture":"#0"},"up":{"uv":[8,6.5,7.75,6.25],"texture":"#0"},"down":{"uv":[6.75,7.75,6.5,8],"texture":"#0"}}},{"from":[7.7,22.26685,-2.4944],"to":[8.3,23.56685,-2.1944],"rotation":{"angle":0,"axis":"y","origin":[8.3,23.26685,-2.1944]},"faces":{"north":{"uv":[7.75,6.5,8,6.75],"texture":"#0"},"east":{"uv":[6.75,7.75,7,8],"texture":"#0"},"south":{"uv":[7.75,6.75,8,7],"texture":"#0"},"west":{"uv":[7,7.75,7.25,8],"texture":"#0"},"up":{"uv":[8,7.25,7.75,7],"texture":"#0"},"down":{"uv":[7.5,7.75,7.25,8],"texture":"#0"}}},{"from":[7.7,23.56685,-2.4944],"to":[8.3,25.26685,-1.6944],"rotation":{"angle":0,"axis":"y","origin":[8.3,23.26685,-2.1944]},"faces":{"north":{"uv":[1,6.25,1.25,6.75],"texture":"#0"},"east":{"uv":[6.25,1,6.5,1.5],"texture":"#0"},"south":{"uv":[1.25,6.25,1.5,6.75],"texture":"#0"},"west":{"uv":[1.5,6.25,1.75,6.75],"texture":"#0"},"up":{"uv":[8,7.5,7.75,7.25],"texture":"#0"},"down":{"uv":[7.75,7.75,7.5,8],"texture":"#0"}}},{"from":[7.7125,22.99185,-2.1944],"to":[8.2875,23.29185,-2.0944],"rotation":{"angle":0,"axis":"y","origin":[8.2875,23.26685,-2.1944]},"faces":{"north":{"uv":[7.75,7.5,8,7.75],"texture":"#0"},"east":{"uv":[7.75,7.75,8,8],"texture":"#0"},"south":{"uv":[0,8,0.25,8.25],"texture":"#0"},"west":{"uv":[8,0,8.25,0.25],"texture":"#0"},"up":{"uv":[0.5,8.25,0.25,8],"texture":"#0"},"down":{"uv":[8.25,0.25,8,0.5],"texture":"#0"}}},{"from":[7.7,25.07593,-2.13455],"to":[8.3,27.07593,-1.33455],"rotation":{"angle":22.5,"axis":"x","origin":[8.3,26.07593,-1.83455]},"faces":{"north":{"uv":[6.25,1.5,6.5,2],"texture":"#0"},"east":{"uv":[1.75,6.25,2,6.75],"texture":"#0"},"south":{"uv":[6.25,2,6.5,2.5],"texture":"#0"},"west":{"uv":[6.25,2.5,6.5,3],"texture":"#0"},"up":{"uv":[0.75,8.25,0.5,8],"texture":"#0"},"down":{"uv":[8.25,0.5,8,0.75],"texture":"#0"}}},{"from":[7.7,26.60563,-1.10832],"to":[8.3,29.37631,-0.25584],"rotation":{"angle":45,"axis":"x","origin":[8.3,27.60563,-0.80584]},"faces":{"north":{"uv":[2.25,5.75,2.5,6.5],"texture":"#0"},"east":{"uv":[2.5,5.75,2.75,6.5],"texture":"#0"},"south":{"uv":[5.75,2.5,6,3.25],"texture":"#0"},"west":{"uv":[2.75,5.75,3,6.5],"texture":"#0"},"up":{"uv":[1,8.25,0.75,8],"texture":"#0"},"down":{"uv":[8.25,0.75,8,1],"texture":"#0"}}},{"from":[7.5,21.5,14.2],"to":[8.5,26.5,15],"rotation":{"angle":-22.5,"axis":"x","origin":[8,17,15]},"faces":{"north":{"uv":[4,4.25,4.25,5.5],"texture":"#0"},"east":{"uv":[3.5,4,3.75,5.25],"texture":"#0"},"south":{"uv":[4.5,1.25,4.75,2.5],"texture":"#0"},"west":{"uv":[3.5,4,3.75,5.25],"texture":"#0"},"up":{"uv":[1.25,8.25,1,8],"texture":"#0"},"down":{"uv":[8.25,1,8,1.25],"texture":"#0"}}},{"from":[7.7,21.22817,12.36637],"to":[8.3,23.24509,13.20721],"rotation":{"angle":22.5,"axis":"x","origin":[7.7,21.22817,13.20721]},"faces":{"north":{"uv":[6.25,3,6.5,3.5],"texture":"#0"},"east":{"uv":[6.25,3.5,6.5,4],"texture":"#0"},"south":{"uv":[4,6.25,4.25,6.75],"texture":"#0"},"west":{"uv":[6.25,4,6.5,4.5],"texture":"#0"},"up":{"uv":[1.5,8.25,1.25,8],"texture":"#0"},"down":{"uv":[8.25,1.25,8,1.5],"texture":"#0"}}},{"from":[7.7,22.76978,13.18926],"to":[8.3,24.09424,13.97258],"rotation":{"angle":45,"axis":"x","origin":[8.3,23.07593,13.97258]},"faces":{"north":{"uv":[1.5,8,1.75,8.25],"texture":"#0"},"east":{"uv":[8,1.5,8.25,1.75],"texture":"#0"},"south":{"uv":[1.75,8,2,8.25],"texture":"#0"},"west":{"uv":[8,1.75,8.25,2],"texture":"#0"},"up":{"uv":[2.25,8.25,2,8],"texture":"#0"},"down":{"uv":[8.25,2,8,2.25],"texture":"#0"}}},{"from":[7.7,23.78303,14.39684],"to":[8.3,24.51373,15.69951],"rotation":{"angle":-22.5,"axis":"x","origin":[8.3,23.78303,14.67969]},"faces":{"north":{"uv":[2.25,8,2.5,8.25],"texture":"#0"},"east":{"uv":[8,2.25,8.25,2.5],"texture":"#0"},"south":{"uv":[2.5,8,2.75,8.25],"texture":"#0"},"west":{"uv":[8,2.5,8.25,2.75],"texture":"#0"},"up":{"uv":[3,8.25,2.75,8],"texture":"#0"},"down":{"uv":[8.25,2.75,8,3],"texture":"#0"}}},{"from":[7.7,24.16572,15.34225],"to":[8.3,24.84838,16.22502],"rotation":{"angle":0,"axis":"y","origin":[8.3,24.16572,15.60357]},"faces":{"north":{"uv":[3,8,3.25,8.25],"texture":"#0"},"east":{"uv":[8,3,8.25,3.25],"texture":"#0"},"south":{"uv":[3.25,8,3.5,8.25],"texture":"#0"},"west":{"uv":[8,3.25,8.25,3.5],"texture":"#0"},"up":{"uv":[3.75,8.25,3.5,8],"texture":"#0"},"down":{"uv":[8.25,3.5,8,3.75],"texture":"#0"}}},{"from":[7.7,24.16572,15.96215],"to":[8.3,24.80463,17.30963],"rotation":{"angle":22.5,"axis":"x","origin":[8.3,24.16572,16.20357]},"faces":{"north":{"uv":[3.75,8,4,8.25],"texture":"#0"},"east":{"uv":[8,3.75,8.25,4],"texture":"#0"},"south":{"uv":[4,8,4.25,8.25],"texture":"#0"},"west":{"uv":[8,4,8.25,4.25],"texture":"#0"},"up":{"uv":[4.5,8.25,4.25,8],"texture":"#0"},"down":{"uv":[8.25,4.25,8,4.5],"texture":"#0"}}},{"from":[7.7,23.78303,16.98094],"to":[8.3,24.4139,18.24225],"rotation":{"angle":45,"axis":"x","origin":[8.3,23.78303,17.12745]},"faces":{"north":{"uv":[4.5,8,4.75,8.25],"texture":"#0"},"east":{"uv":[8,4.5,8.25,4.75],"texture":"#0"},"south":{"uv":[4.75,8,5,8.25],"texture":"#0"},"west":{"uv":[8,4.75,8.25,5],"texture":"#0"},"up":{"uv":[5.25,8.25,5,8],"texture":"#0"},"down":{"uv":[8.25,5,8,5.25],"texture":"#0"}}},{"from":[7.7,22.07593,17.83455],"to":[8.3,23.07593,18.13455],"rotation":{"angle":-22.5,"axis":"x","origin":[8.3,23.07593,17.83455]},"faces":{"north":{"uv":[5.25,8,5.5,8.25],"texture":"#0"},"east":{"uv":[8,5.25,8.25,5.5],"texture":"#0"},"south":{"uv":[5.5,8,5.75,8.25],"texture":"#0"},"west":{"uv":[8,5.5,8.25,5.75],"texture":"#0"},"up":{"uv":[6,8.25,5.75,8],"texture":"#0"},"down":{"uv":[8.25,5.75,8,6],"texture":"#0"}}},{"from":[7.7,22.26685,18.1944],"to":[8.3,23.56685,18.4944],"rotation":{"angle":0,"axis":"y","origin":[8.3,23.26685,18.1944]},"faces":{"north":{"uv":[6,8,6.25,8.25],"texture":"#0"},"east":{"uv":[8,6,8.25,6.25],"texture":"#0"},"south":{"uv":[6.25,8,6.5,8.25],"texture":"#0"},"west":{"uv":[8,6.25,8.25,6.5],"texture":"#0"},"up":{"uv":[6.75,8.25,6.5,8],"texture":"#0"},"down":{"uv":[8.25,6.5,8,6.75],"texture":"#0"}}},{"from":[7.7,24.85298,11.74719],"to":[8.3,25.85298,13.24719],"rotation":{"angle":-45,"axis":"x","origin":[8.5,24.85298,11.74719]},"faces":{"north":{"uv":[6.75,8,7,8.25],"texture":"#0"},"east":{"uv":[6.25,4.5,6.75,4.75],"texture":"#0"},"south":{"uv":[8,6.75,8.25,7],"texture":"#0"},"west":{"uv":[6.25,4.75,6.75,5],"texture":"#0"},"up":{"uv":[6.5,5.5,6.25,5],"texture":"#0"},"down":{"uv":[6.5,5.5,6.25,6],"texture":"#0"}}},{"from":[7.7,25.91364,11.80785],"to":[8.3,27.41364,12.80785],"rotation":{"angle":22.5,"axis":"x","origin":[8.5,25.91364,12.80785]},"faces":{"north":{"uv":[5.75,6.25,6,6.75],"texture":"#0"},"east":{"uv":[6.25,6,6.5,6.5],"texture":"#0"},"south":{"uv":[6.5,0,6.75,0.5],"texture":"#0"},"west":{"uv":[6.5,0.5,6.75,1],"texture":"#0"},"up":{"uv":[7.25,8.25,7,8],"texture":"#0"},"down":{"uv":[8.25,7,8,7.25],"texture":"#0"}}},{"from":[7.7,27.29946,12.38188],"to":[8.3,29.49946,13.38188],"rotation":{"angle":0,"axis":"y","origin":[8.5,27.29946,13.38188]},"faces":{"north":{"uv":[6.5,1,6.75,1.5],"texture":"#0"},"east":{"uv":[6.5,1.5,6.75,2],"texture":"#0"},"south":{"uv":[2,6.5,2.25,7],"texture":"#0"},"west":{"uv":[6.5,2,6.75,2.5],"texture":"#0"},"up":{"uv":[7.5,8.25,7.25,8],"texture":"#0"},"down":{"uv":[8.25,7.25,8,7.5],"texture":"#0"}}},{"from":[7.675,28.29946,12.38188],"to":[8.35,31.29946,12.68188],"rotation":{"angle":-22.5,"axis":"x","origin":[8.5,28.29946,13.38188]},"faces":{"north":{"uv":[3,5.75,3.25,6.5],"texture":"#0"},"east":{"uv":[2,5.75,2.25,6.5],"texture":"#0"},"south":{"uv":[5.75,3.25,6,4],"texture":"#0"},"west":{"uv":[2,5.75,2.25,6.5],"texture":"#0"},"up":{"uv":[7.75,8.25,7.5,8],"texture":"#0"},"down":{"uv":[8.25,7.5,8,7.75],"texture":"#0"}}},{"from":[7.675,29.30188,11.62663],"to":[8.35,29.60188,16.15163],"rotation":{"angle":22.5,"axis":"x","origin":[8.5,30.30188,14.62663]},"faces":{"north":{"uv":[7.75,8,8,8.25],"texture":"#0"},"east":{"uv":[4.25,3.25,5.5,3.5],"texture":"#0"},"south":{"uv":[8,7.75,8.25,8],"texture":"#0"},"west":{"uv":[5.5,3.25,4.25,3.5],"texture":"#0"},"up":{"uv":[5,1.25,4.75,0],"texture":"#0"},"down":{"uv":[5,1.25,4.75,2.5],"texture":"#0"}}},{"from":[7.7,25.07593,17.33455],"to":[8.3,27.07593,18.13455],"rotation":{"angle":-22.5,"axis":"x","origin":[8.3,26.07593,17.83455]},"faces":{"north":{"uv":[2.25,6.5,2.5,7],"texture":"#0"},"east":{"uv":[2.5,6.5,2.75,7],"texture":"#0"},"south":{"uv":[6.5,2.5,6.75,3],"texture":"#0"},"west":{"uv":[2.75,6.5,3,7],"texture":"#0"},"up":{"uv":[8.25,8.25,8,8],"texture":"#0"},"down":{"uv":[0.25,8.25,0,8.5],"texture":"#0"}}},{"from":[7.7,26.60563,16.25584],"to":[8.3,29.37631,17.10832],"rotation":{"angle":-45,"axis":"x","origin":[8.3,27.60563,16.80584]},"faces":{"north":{"uv":[3.75,5.75,4,6.5],"texture":"#0"},"east":{"uv":[5.75,4,6,4.75],"texture":"#0"},"south":{"uv":[4.75,5.75,5,6.5],"texture":"#0"},"west":{"uv":[5.75,4.75,6,5.5],"texture":"#0"},"up":{"uv":[8.5,0.25,8.25,0],"texture":"#0"},"down":{"uv":[0.5,8.25,0.25,8.5],"texture":"#0"}}},{"from":[7.7125,22.99185,18.0944],"to":[8.2875,23.29185,18.1944],"rotation":{"angle":0,"axis":"y","origin":[8.2875,23.26685,18.1944]},"faces":{"north":{"uv":[8.25,0.25,8.5,0.5],"texture":"#0"},"east":{"uv":[0.5,8.25,0.75,8.5],"texture":"#0"},"south":{"uv":[8.25,0.5,8.5,0.75],"texture":"#0"},"west":{"uv":[0.75,8.25,1,8.5],"texture":"#0"},"up":{"uv":[8.5,1,8.25,0.75],"texture":"#0"},"down":{"uv":[1.25,8.25,1,8.5],"texture":"#0"}}},{"from":[7.7,28.70188,12.47663],"to":[8.3,29.30188,16.15163],"rotation":{"angle":22.5,"axis":"x","origin":[8.5,30.30188,14.62663]},"faces":{"north":{"uv":[8.25,1,8.5,1.25],"texture":"#0"},"east":{"uv":[2,5,3,5.25],"texture":"#0"},"south":{"uv":[1.25,8.25,1.5,8.5],"texture":"#0"},"west":{"uv":[5,2,6,2.25],"texture":"#0"},"up":{"uv":[4.5,6,4.25,5],"texture":"#0"},"down":{"uv":[4.75,5,4.5,6],"texture":"#0"}}},{"from":[7.7,29.19946,12.68188],"to":[8.3,30.89946,13.08188],"rotation":{"angle":-22.5,"axis":"x","origin":[8.5,28.29946,13.38188]},"faces":{"north":{"uv":[3,6.5,3.25,7],"texture":"#0"},"east":{"uv":[6.5,3,6.75,3.5],"texture":"#0"},"south":{"uv":[3.25,6.5,3.5,7],"texture":"#0"},"west":{"uv":[3.5,6.5,3.75,7],"texture":"#0"},"up":{"uv":[8.5,1.5,8.25,1.25],"texture":"#0"},"down":{"uv":[1.75,8.25,1.5,8.5],"texture":"#0"}}},{"from":[7.7,23.56685,17.6944],"to":[8.3,25.26685,18.4944],"rotation":{"angle":0,"axis":"y","origin":[8.3,23.26685,18.1944]},"faces":{"north":{"uv":[6.5,3.5,6.75,4],"texture":"#0"},"east":{"uv":[3.75,6.5,4,7],"texture":"#0"},"south":{"uv":[6.5,4,6.75,4.5],"texture":"#0"},"west":{"uv":[4.25,6.5,4.5,7],"texture":"#0"},"up":{"uv":[8.5,1.75,8.25,1.5],"texture":"#0"},"down":{"uv":[2,8.25,1.75,8.5],"texture":"#0"}}},{"from":[7.7125,22.37338,11.74225],"to":[8.2875,29.09838,17.70002],"rotation":{"angle":0,"axis":"y","origin":[8.2875,24.16572,15.60357]},"faces":{"north":{"uv":[1.5,3.5,1.75,5.25],"texture":"#0"},"east":{"uv":[3,9.25,0,11.75],"texture":"#0"},"south":{"uv":[1.75,3.5,2,5.25],"texture":"#0"},"west":{"uv":[0,9.25,3,11.75],"texture":"#0"},"up":{"uv":[2.75,5,2.5,3.5],"texture":"#0"},"down":{"uv":[3,3.5,2.75,5],"texture":"#0"}}},{"from":[7.575,-5.9,7.85],"to":[8.425,-3.9,8.15],"rotation":{"angle":-22.5,"axis":"x","origin":[8.5,-5.9,8.15]},"faces":{"north":{"uv":[4.5,6.5,4.75,7],"texture":"#0"},"east":{"uv":[4.75,6.5,5,7],"texture":"#0"},"south":{"uv":[5,6.5,5.25,7],"texture":"#0"},"west":{"uv":[6.5,5,6.75,5.5],"texture":"#0"},"up":{"uv":[8.5,2,8.25,1.75],"texture":"#0"},"down":{"uv":[2.25,8.25,2,8.5],"texture":"#0"}}},{"from":[7.575,-5.9,7.85],"to":[8.425,-3.9,8.15],"rotation":{"angle":22.5,"axis":"x","origin":[8.5,-5.9,7.85]},"faces":{"north":{"uv":[5.25,6.5,5.5,7],"texture":"#0"},"east":{"uv":[5.5,6.5,5.75,7],"texture":"#0"},"south":{"uv":[6.5,5.5,6.75,6],"texture":"#0"},"west":{"uv":[6,6.5,6.25,7],"texture":"#0"},"up":{"uv":[8.5,2.25,8.25,2],"texture":"#0"},"down":{"uv":[2.5,8.25,2.25,8.5],"texture":"#0"}}},{"from":[7.575,-4.43409,7.85],"to":[8.425,-2.43409,8.15],"rotation":{"angle":-22.5,"axis":"x","origin":[8.5,-2.43409,7.85]},"faces":{"north":{"uv":[6.5,6,6.75,6.5],"texture":"#0"},"east":{"uv":[6.25,6.5,6.5,7],"texture":"#0"},"south":{"uv":[6.5,6.5,6.75,7],"texture":"#0"},"west":{"uv":[6.75,0,7,0.5],"texture":"#0"},"up":{"uv":[8.5,2.5,8.25,2.25],"texture":"#0"},"down":{"uv":[2.75,8.25,2.5,8.5],"texture":"#0"}}},{"from":[7.575,-4.43409,7.85],"to":[8.425,-2.43409,8.15],"rotation":{"angle":22.5,"axis":"x","origin":[8.5,-2.43409,8.15]},"faces":{"north":{"uv":[6.75,0.5,7,1],"texture":"#0"},"east":{"uv":[1,6.75,1.25,7.25],"texture":"#0"},"south":{"uv":[6.75,1,7,1.5],"texture":"#0"},"west":{"uv":[1.25,6.75,1.5,7.25],"texture":"#0"},"up":{"uv":[8.5,2.75,8.25,2.5],"texture":"#0"},"down":{"uv":[3,8.25,2.75,8.5],"texture":"#0"}}},{"from":[7.575,-4.3,6.26705],"to":[8.425,-4,8.26705],"rotation":{"angle":-22.5,"axis":"x","origin":[8.5,-4.3,6.26705]},"faces":{"north":{"uv":[8.25,2.75,8.5,3],"texture":"#0"},"east":{"uv":[1.5,6.75,2,7],"texture":"#0"},"south":{"uv":[3,8.25,3.25,8.5],"texture":"#0"},"west":{"uv":[6.75,1.5,7.25,1.75],"texture":"#0"},"up":{"uv":[7,2.25,6.75,1.75],"texture":"#0"},"down":{"uv":[7,2.25,6.75,2.75],"texture":"#0"}}},{"from":[7.575,-4.3,6.26705],"to":[8.425,-4,8.26705],"rotation":{"angle":22.5,"axis":"x","origin":[8.5,-4,6.26705]},"faces":{"north":{"uv":[8.25,3,8.5,3.25],"texture":"#0"},"east":{"uv":[6.75,2.75,7.25,3],"texture":"#0"},"south":{"uv":[3.25,8.25,3.5,8.5],"texture":"#0"},"west":{"uv":[6.75,3,7.25,3.25],"texture":"#0"},"up":{"uv":[7,3.75,6.75,3.25],"texture":"#0"},"down":{"uv":[7,3.75,6.75,4.25],"texture":"#0"}}},{"from":[7.6,-4.27716,6.15224],"to":[8.4,-4.02284,9.84776],"rotation":{"angle":0,"axis":"y","origin":[8.5,-3.97716,6.15224]},"faces":{"north":{"uv":[8.25,3.25,8.5,3.5],"texture":"#0"},"east":{"uv":[5,2.25,6,2.5],"texture":"#0"},"south":{"uv":[3.5,8.25,3.75,8.5],"texture":"#0"},"west":{"uv":[4.75,5,5.75,5.25],"texture":"#0"},"up":{"uv":[5.5,1,5.25,0],"texture":"#0"},"down":{"uv":[1.25,5.25,1,6.25],"texture":"#0"}}},{"from":[7.6,-6.01481,7.87284],"to":[8.4,-2.31929,8.12716],"rotation":{"angle":0,"axis":"y","origin":[8.5,-3.97716,6.15224]},"faces":{"north":{"uv":[5.25,1,5.5,2],"texture":"#0"},"east":{"uv":[1.25,5.25,1.5,6.25],"texture":"#0"},"south":{"uv":[1.5,5.25,1.75,6.25],"texture":"#0"},"west":{"uv":[10,10.75,10.25,12.75],"texture":"#0"},"up":{"uv":[8.5,3.75,8.25,3.5],"texture":"#0"},"down":{"uv":[4,8.25,3.75,8.5],"texture":"#0"}}},{"from":[7.6,-4.71481,7.47284],"to":[8.4,-3.61929,8.52716],"rotation":{"angle":0,"axis":"y","origin":[8.5,-3.97716,6.15224]},"faces":{"north":{"uv":[8.25,3.75,8.5,4],"texture":"#0"},"east":{"uv":[4,8.25,4.25,8.5],"texture":"#0"},"south":{"uv":[8.25,4,8.5,4.25],"texture":"#0"},"west":{"uv":[4.25,8.25,4.5,8.5],"texture":"#0"},"up":{"uv":[8.5,4.5,8.25,4.25],"texture":"#0"},"down":{"uv":[4.75,8.25,4.5,8.5],"texture":"#0"}}},{"from":[7.6,-4.38981,6.92284],"to":[8.4,-3.89429,7.22716],"rotation":{"angle":0,"axis":"y","origin":[8.5,-3.95216,5.60224]},"faces":{"north":{"uv":[8.25,4.5,8.5,4.75],"texture":"#0"},"east":{"uv":[4.75,8.25,5,8.5],"texture":"#0"},"south":{"uv":[8.25,4.75,8.5,5],"texture":"#0"},"west":{"uv":[5,8.25,5.25,8.5],"texture":"#0"},"up":{"uv":[8.5,5.25,8.25,5],"texture":"#0"},"down":{"uv":[5.5,8.25,5.25,8.5],"texture":"#0"}}},{"from":[7.6,-4.38981,8.77284],"to":[8.4,-3.89429,9.07716],"rotation":{"angle":0,"axis":"y","origin":[8.5,-3.95216,10.39776]},"faces":{"north":{"uv":[8.25,5.25,8.5,5.5],"texture":"#0"},"east":{"uv":[5.5,8.25,5.75,8.5],"texture":"#0"},"south":{"uv":[8.25,5.5,8.5,5.75],"texture":"#0"},"west":{"uv":[5.75,8.25,6,8.5],"texture":"#0"},"up":{"uv":[8.5,6,8.25,5.75],"texture":"#0"},"down":{"uv":[6.25,8.25,6,8.5],"texture":"#0"}}},{"from":[7.6,-3.36481,7.77284],"to":[8.4,-3.09429,8.22716],"rotation":{"angle":0,"axis":"y","origin":[8.5,-3.37716,6.15224]},"faces":{"north":{"uv":[8.25,6,8.5,6.25],"texture":"#0"},"east":{"uv":[6.25,8.25,6.5,8.5],"texture":"#0"},"south":{"uv":[8.25,6.25,8.5,6.5],"texture":"#0"},"west":{"uv":[6.5,8.25,6.75,8.5],"texture":"#0"},"up":{"uv":[8.5,6.75,8.25,6.5],"texture":"#0"},"down":{"uv":[7,8.25,6.75,8.5],"texture":"#0"}}},{"from":[7.6,-5.23981,7.74784],"to":[8.4,-4.91929,8.25216],"rotation":{"angle":0,"axis":"y","origin":[8.5,-5.20216,6.15224]},"faces":{"north":{"uv":[8.25,6.75,8.5,7],"texture":"#0"},"east":{"uv":[7,8.25,7.25,8.5],"texture":"#0"},"south":{"uv":[8.25,7,8.5,7.25],"texture":"#0"},"west":{"uv":[7.25,8.25,7.5,8.5],"texture":"#0"},"up":{"uv":[8.5,7.5,8.25,7.25],"texture":"#0"},"down":{"uv":[7.75,8.25,7.5,8.5],"texture":"#0"}}},{"from":[7.575,-4.3,7.73295],"to":[8.425,-4,9.73295],"rotation":{"angle":22.5,"axis":"x","origin":[8.5,-4.3,9.73295]},"faces":{"north":{"uv":[8.25,7.5,8.5,7.75],"texture":"#0"},"east":{"uv":[6.75,4.25,7.25,4.5],"texture":"#0"},"south":{"uv":[7.75,8.25,8,8.5],"texture":"#0"},"west":{"uv":[6.75,4.5,7.25,4.75],"texture":"#0"},"up":{"uv":[4.25,7.25,4,6.75],"texture":"#0"},"down":{"uv":[7,4.75,6.75,5.25],"texture":"#0"}}},{"from":[7.575,-4.3,7.73295],"to":[8.425,-4,9.73295],"rotation":{"angle":-22.5,"axis":"x","origin":[8.5,-4,9.73295]},"faces":{"north":{"uv":[8.25,7.75,8.5,8],"texture":"#0"},"east":{"uv":[6.75,5.25,7.25,5.5],"texture":"#0"},"south":{"uv":[8,8.25,8.25,8.5],"texture":"#0"},"west":{"uv":[6.75,5.5,7.25,5.75],"texture":"#0"},"up":{"uv":[6,7.25,5.75,6.75],"texture":"#0"},"down":{"uv":[7,5.75,6.75,6.25],"texture":"#0"}}},{"from":[7.175,-0.56569,7.90294],"to":[8.825,0.56569,9.03431],"rotation":{"angle":-45,"axis":"x","origin":[8,-0.56569,8.23431]},"faces":{"north":{"uv":[6.75,6.25,7.25,6.5],"texture":"#0"},"east":{"uv":[8.25,8,8.5,8.25],"texture":"#0"},"south":{"uv":[6.75,6.5,7.25,6.75],"texture":"#0"},"west":{"uv":[8.25,8.25,8.5,8.5],"texture":"#0"},"up":{"uv":[7.25,7,6.75,6.75],"texture":"#0"},"down":{"uv":[7.5,0,7,0.25],"texture":"#0"}}},{"from":[7,14.4,7],"to":[9,15.4,9],"rotation":{"angle":0,"axis":"y","origin":[8,1.4,8]},"faces":{"north":{"uv":[7,0.25,7.5,0.5],"texture":"#0"},"east":{"uv":[7,0.5,7.5,0.75],"texture":"#0"},"south":{"uv":[7,0.75,7.5,1],"texture":"#0"},"west":{"uv":[7,1,7.5,1.25],"texture":"#0"},"up":{"uv":[2.5,5.75,2,5.25],"texture":"#0"},"down":{"uv":[3,5.25,2.5,5.75],"texture":"#0"}}},{"from":[7,1.6,7],"to":[9,2.6,9],"rotation":{"angle":0,"axis":"y","origin":[8,-11.4,8]},"faces":{"north":{"uv":[7,1.25,7.5,1.5],"texture":"#0"},"east":{"uv":[1.5,7,2,7.25],"texture":"#0"},"south":{"uv":[7,1.75,7.5,2],"texture":"#0"},"west":{"uv":[2,7,2.5,7.25],"texture":"#0"},"up":{"uv":[3.5,5.75,3,5.25],"texture":"#0"},"down":{"uv":[4,5.25,3.5,5.75],"texture":"#0"}}},{"from":[7.175,16.43431,5.83431],"to":[8.825,18.83431,8.23431],"rotation":{"angle":45,"axis":"x","origin":[8,16.43431,7.43431]},"faces":{"north":{"uv":[5.25,3.5,5.75,4],"texture":"#0"},"east":{"uv":[5.25,4,5.75,4.5],"texture":"#0"},"south":{"uv":[4.75,5.25,5.25,5.75],"texture":"#0"},"west":{"uv":[5.25,5.25,5.75,5.75],"texture":"#0"},"up":{"uv":[6,0.5,5.5,0],"texture":"#0"},"down":{"uv":[6,0.5,5.5,1],"texture":"#0"}}},{"from":[7.2,15.19509,6.95351],"to":[8.8,17.69509,7.85351],"rotation":{"angle":-22.5,"axis":"x","origin":[8,15.99509,6.95351]},"faces":{"north":{"uv":[4,0,4.5,0.75],"texture":"#0"},"east":{"uv":[5,5.75,5.25,6.5],"texture":"#0"},"south":{"uv":[4,0.75,4.5,1.5],"texture":"#0"},"west":{"uv":[5.25,5.75,5.5,6.5],"texture":"#0"},"up":{"uv":[7.5,2.25,7,2],"texture":"#0"},"down":{"uv":[7.5,2.25,7,2.5],"texture":"#0"}}},{"from":[7.2,15.19509,8.14649],"to":[8.8,17.69509,9.04649],"rotation":{"angle":22.5,"axis":"x","origin":[8,15.99509,9.04649]},"faces":{"north":{"uv":[4,1.5,4.5,2.25],"texture":"#0"},"east":{"uv":[5.5,5.75,5.75,6.5],"texture":"#0"},"south":{"uv":[4,2.25,4.5,3],"texture":"#0"},"west":{"uv":[5.75,5.5,6,6.25],"texture":"#0"},"up":{"uv":[3,7.25,2.5,7],"texture":"#0"},"down":{"uv":[7.5,2.5,7,2.75],"texture":"#0"}}},{"from":[7.5,21.80109,7],"to":[8.5,22.19891,9],"rotation":{"angle":-45,"axis":"x","origin":[7.5,22,8]},"faces":{"north":{"uv":[0,8.5,0.25,8.75],"texture":"#0"},"east":{"uv":[3,7,3.5,7.25],"texture":"#0"},"south":{"uv":[8.5,0,8.75,0.25],"texture":"#0"},"west":{"uv":[7,3.25,7.5,3.5],"texture":"#0"},"up":{"uv":[3.75,7.5,3.5,7],"texture":"#0"},"down":{"uv":[7.25,3.5,7,4],"texture":"#0"}}},{"from":[7.5,21,7.80109],"to":[8.5,23,8.19891],"rotation":{"angle":22.5,"axis":"x","origin":[7.5,22,8]},"faces":{"north":{"uv":[3.75,7,4,7.5],"texture":"#0"},"east":{"uv":[4.25,7,4.5,7.5],"texture":"#0"},"south":{"uv":[4.5,7,4.75,7.5],"texture":"#0"},"west":{"uv":[4.75,7,5,7.5],"texture":"#0"},"up":{"uv":[0.5,8.75,0.25,8.5],"texture":"#0"},"down":{"uv":[8.75,0.25,8.5,0.5],"texture":"#0"}}},{"from":[7.5,21,7.80109],"to":[8.5,23,8.19891],"rotation":{"angle":0,"axis":"y","origin":[7.5,22,8]},"faces":{"north":{"uv":[7,4.75,7.25,5.25],"texture":"#0"},"east":{"uv":[5,7,5.25,7.5],"texture":"#0"},"south":{"uv":[5.25,7,5.5,7.5],"texture":"#0"},"west":{"uv":[5.5,7,5.75,7.5],"texture":"#0"},"up":{"uv":[0.75,8.75,0.5,8.5],"texture":"#0"},"down":{"uv":[8.75,0.5,8.5,0.75],"texture":"#0"}}},{"from":[7.5,21,7.80109],"to":[8.5,23,8.19891],"rotation":{"angle":-22.5,"axis":"x","origin":[7.5,22,8]},"faces":{"north":{"uv":[7,5.75,7.25,6.25],"texture":"#0"},"east":{"uv":[6,7,6.25,7.5],"texture":"#0"},"south":{"uv":[6.25,7,6.5,7.5],"texture":"#0"},"west":{"uv":[6.5,7,6.75,7.5],"texture":"#0"},"up":{"uv":[1,8.75,0.75,8.5],"texture":"#0"},"down":{"uv":[8.75,0.75,8.5,1],"texture":"#0"}}},{"from":[7.5,21.80109,7],"to":[8.5,22.19891,9],"rotation":{"angle":45,"axis":"x","origin":[7.5,22,8]},"faces":{"north":{"uv":[1,8.5,1.25,8.75],"texture":"#0"},"east":{"uv":[7,4,7.5,4.25],"texture":"#0"},"south":{"uv":[8.5,1,8.75,1.25],"texture":"#0"},"west":{"uv":[6.75,7,7.25,7.25],"texture":"#0"},"up":{"uv":[1.25,7.75,1,7.25],"texture":"#0"},"down":{"uv":[1.5,7.25,1.25,7.75],"texture":"#0"}}},{"from":[7.5,21.80109,7],"to":[8.5,22.19891,9],"rotation":{"angle":22.5,"axis":"x","origin":[7.5,22,8]},"faces":{"north":{"uv":[1.25,8.5,1.5,8.75],"texture":"#0"},"east":{"uv":[1.5,7.25,2,7.5],"texture":"#0"},"south":{"uv":[8.5,1.25,8.75,1.5],"texture":"#0"},"west":{"uv":[7.25,1.5,7.75,1.75],"texture":"#0"},"up":{"uv":[2.25,7.75,2,7.25],"texture":"#0"},"down":{"uv":[2.5,7.25,2.25,7.75],"texture":"#0"}}},{"from":[7.5,21.80109,7],"to":[8.5,22.19891,9],"rotation":{"angle":0,"axis":"y","origin":[7.5,22,8]},"faces":{"north":{"uv":[1.5,8.5,1.75,8.75],"texture":"#0"},"east":{"uv":[2.5,7.25,3,7.5],"texture":"#0"},"south":{"uv":[8.5,1.5,8.75,1.75],"texture":"#0"},"west":{"uv":[7.25,2.75,7.75,3],"texture":"#0"},"up":{"uv":[3.25,7.75,3,7.25],"texture":"#0"},"down":{"uv":[3.5,7.25,3.25,7.75],"texture":"#0"}}},{"from":[7.5,21.80109,7],"to":[8.5,22.19891,9],"rotation":{"angle":-22.5,"axis":"x","origin":[7.5,22,8]},"faces":{"north":{"uv":[1.75,8.5,2,8.75],"texture":"#0"},"east":{"uv":[7.25,3,7.75,3.25],"texture":"#0"},"south":{"uv":[8.5,1.75,8.75,2],"texture":"#0"},"west":{"uv":[7.25,3.5,7.75,3.75],"texture":"#0"},"up":{"uv":[4.25,7.75,4,7.25],"texture":"#0"},"down":{"uv":[7.5,4.25,7.25,4.75],"texture":"#0"}}},{"from":[7,21.80109,7.5],"to":[9,22.19891,8.5],"rotation":{"angle":-45,"axis":"z","origin":[8,22,7.5]},"faces":{"north":{"uv":[7.25,3.75,7.75,4],"texture":"#0"},"east":{"uv":[2,8.5,2.25,8.75],"texture":"#0"},"south":{"uv":[7.25,4.75,7.75,5],"texture":"#0"},"west":{"uv":[8.5,2,8.75,2.25],"texture":"#0"},"up":{"uv":[7.75,5.25,7.25,5],"texture":"#0"},"down":{"uv":[7.75,5.25,7.25,5.5],"texture":"#0"}}},{"from":[7,21.80109,7.5],"to":[9,22.19891,8.5],"rotation":{"angle":-22.5,"axis":"z","origin":[8,22,7.5]},"faces":{"north":{"uv":[7.25,5.5,7.75,5.75],"texture":"#0"},"east":{"uv":[2.25,8.5,2.5,8.75],"texture":"#0"},"south":{"uv":[7.25,5.75,7.75,6],"texture":"#0"},"west":{"uv":[8.5,2.25,8.75,2.5],"texture":"#0"},"up":{"uv":[7.75,6.25,7.25,6],"texture":"#0"},"down":{"uv":[7.75,6.25,7.25,6.5],"texture":"#0"}}},{"from":[7,21.80109,7.5],"to":[9,22.19891,8.5],"rotation":{"angle":0,"axis":"y","origin":[8,22,7.5]},"faces":{"north":{"uv":[7.25,6.5,7.75,6.75],"texture":"#0"},"east":{"uv":[2.5,8.5,2.75,8.75],"texture":"#0"},"south":{"uv":[6.75,7.25,7.25,7.5],"texture":"#0"},"west":{"uv":[8.5,2.5,8.75,2.75],"texture":"#0"},"up":{"uv":[7.75,7,7.25,6.75],"texture":"#0"},"down":{"uv":[7.75,7,7.25,7.25],"texture":"#0"}}},{"from":[7,21.80109,7.5],"to":[9,22.19891,8.5],"rotation":{"angle":22.5,"axis":"z","origin":[8,22,7.5]},"faces":{"north":{"uv":[7.25,7.25,7.75,7.5],"texture":"#0"},"east":{"uv":[2.75,8.5,3,8.75],"texture":"#0"},"south":{"uv":[0,7.5,0.5,7.75],"texture":"#0"},"west":{"uv":[8.5,2.75,8.75,3],"texture":"#0"},"up":{"uv":[8,0.25,7.5,0],"texture":"#0"},"down":{"uv":[8,0.25,7.5,0.5],"texture":"#0"}}},{"from":[7,21.80109,7.5],"to":[9,22.19891,8.5],"rotation":{"angle":45,"axis":"z","origin":[8,22,7.5]},"faces":{"north":{"uv":[0.5,7.5,1,7.75],"texture":"#0"},"east":{"uv":[3,8.5,3.25,8.75],"texture":"#0"},"south":{"uv":[7.5,0.5,8,0.75],"texture":"#0"},"west":{"uv":[8.5,3,8.75,3.25],"texture":"#0"},"up":{"uv":[8,1,7.5,0.75],"texture":"#0"},"down":{"uv":[8,1,7.5,1.25],"texture":"#0"}}},{"from":[7.80109,21,7.5],"to":[8.19891,23,8.5],"rotation":{"angle":-22.5,"axis":"z","origin":[8,22,7.5]},"faces":{"north":{"uv":[5.75,7.25,6,7.75],"texture":"#0"},"east":{"uv":[1.5,7.5,1.75,8],"texture":"#0"},"south":{"uv":[1.75,7.5,2,8],"texture":"#0"},"west":{"uv":[7.5,1.75,7.75,2.25],"texture":"#0"},"up":{"uv":[3.5,8.75,3.25,8.5],"texture":"#0"},"down":{"uv":[8.75,3.25,8.5,3.5],"texture":"#0"}}},{"from":[7.80109,21,7.5],"to":[8.19891,23,8.5],"rotation":{"angle":0,"axis":"y","origin":[8,22,7.5]},"faces":{"north":{"uv":[7.5,2.25,7.75,2.75],"texture":"#0"},"east":{"uv":[2.5,7.5,2.75,8],"texture":"#0"},"south":{"uv":[2.75,7.5,3,8],"texture":"#0"},"west":{"uv":[3.5,7.5,3.75,8],"texture":"#0"},"up":{"uv":[3.75,8.75,3.5,8.5],"texture":"#0"},"down":{"uv":[8.75,3.5,8.5,3.75],"texture":"#0"}}},{"from":[7.80109,21,7.5],"to":[8.19891,23,8.5],"rotation":{"angle":22.5,"axis":"z","origin":[8,22,7.5]},"faces":{"north":{"uv":[3.75,7.5,4,8],"texture":"#0"},"east":{"uv":[7.5,4,7.75,4.5],"texture":"#0"},"south":{"uv":[4.25,7.5,4.5,8],"texture":"#0"},"west":{"uv":[4.5,7.5,4.75,8],"texture":"#0"},"up":{"uv":[4,8.75,3.75,8.5],"texture":"#0"},"down":{"uv":[8.75,3.75,8.5,4],"texture":"#0"}}}],"display":{"thirdperson_righthand":{"translation":[0,0,1.25]},"thirdperson_lefthand":{"translation":[0,0,1.25]},"firstperson_righthand":{"translation":[0,-3.5,0]},"firstperson_lefthand":{"translation":[0,-3.5,0]},"ground":{"translation":[0,11.5,0]},"gui":{"rotation":[-90,67.5,90],"translation":[2,-2.25,0],"scale":[0.45,0.45,0.45]},"fixed":{"rotation":[0,90,0],"translation":[0,-2.25,0],"scale":[0.5,0.5,0.5]}},"groups":[{"name":"axe","origin":[8,8,8],"color":0,"children":[0,1,2,3,4,5,6,7,8,9,10,11,12,13,14,15,16,17,18,19,20,21,22,23,24,25,26,27,28,29,30,31,32,33,34,35,36,37,38,39,40,41,42,43,44,45,46,47,48,49,50,51,52,53,54,55,56,57,58,59,60,61,62,63,64,65,66,67,68,69,70,71,72,73,74,75,76,77,78,79]}]}