{"credit":"Made with Blockbench","texture_size":[32,32],"textures":{"0":"item/axes/metricaxe_texture","particle":"item/axes/metricaxe_texture"},"elements":[{"from":[7.2,1,7.2],"to":[8.8,18,8.8],"rotation":{"angle":0,"axis":"y","origin":[7.2,0,8.8]},"faces":{"north":{"uv":[3,0,2,8.5],"texture":"#0"},"east":{"uv":[2,0,1,8.5],"texture":"#0"},"south":{"uv":[1,0,0,8.5],"texture":"#0"},"west":{"uv":[4,0,3,8.5],"texture":"#0"},"up":{"uv":[7,6.5,6,7.5],"texture":"#0"},"down":{"uv":[8,1,7,0],"texture":"#0"}}},{"from":[7.7,16,6.2],"to":[8.3,20,7.2],"rotation":{"angle":0,"axis":"y","origin":[7.2,0,8.8]},"faces":{"north":{"uv":[4.5,7,4,9],"texture":"#0"},"east":{"uv":[5,7,4.5,9],"texture":"#0"},"south":{"uv":[7.5,1,7,3],"texture":"#0"},"west":{"uv":[5,7,4.5,9],"texture":"#0"},"up":{"uv":[9.5,4,9,4.5],"texture":"#0"},"down":{"uv":[5,9.5,4.5,9],"texture":"#0"}}},{"from":[7.7,19,5.2],"to":[8.3,20,6.2],"rotation":{"angle":0,"axis":"y","origin":[7.2,0,8.8]},"faces":{"north":{"uv":[9.5,5,9,5.5],"texture":"#0"},"east":{"uv":[5.5,9,5,9.5],"texture":"#0"},"south":{"uv":[9.5,4.5,9,5],"texture":"#0"},"west":{"uv":[9.5,5.5,9,6],"texture":"#0"},"up":{"uv":[6.5,9,6,9.5],"texture":"#0"},"down":{"uv":[7,9.5,6.5,9],"texture":"#0"}}},{"from":[7.7,15,5.2],"to":[8.3,18,6.2],"rotation":{"angle":0,"axis":"y","origin":[7.2,0,8.8]},"faces":{"north":{"uv":[7,7.5,6.5,9],"texture":"#0"},"east":{"uv":[6.5,7.5,6,9],"texture":"#0"},"south":{"uv":[6,7,5.5,8.5],"texture":"#0"},"west":{"uv":[8.5,6,8,7.5],"texture":"#0"},"up":{"uv":[8.5,9,8,9.5],"texture":"#0"},"down":{"uv":[9,9.5,8.5,9],"texture":"#0"}}},{"from":[7.7,15,1.2],"to":[8.3,20,5.2],"rotation":{"angle":0,"axis":"y","origin":[7.2,0,8.8]},"faces":{"north":{"uv":[7,4,6.5,6.5],"texture":"#0"},"east":{"uv":[4,2.5,6,5],"texture":"#0"},"south":{"uv":[6.5,4,6,6.5],"texture":"#0"},"west":{"uv":[6,2.5,4,5],"texture":"#0"},"up":{"uv":[5.5,7,5,9],"texture":"#0"},"down":{"uv":[7.5,7,7,5],"texture":"#0"}}},{"from":[7.7,14.3,1.5],"to":[8.3,15,2.425],"rotation":{"angle":0,"axis":"y","origin":[7.2,0,8.8]},"faces":{"north":{"uv":[10,3.5,9.5,4],"texture":"#0"},"east":{"uv":[10,3,9.5,3.5],"texture":"#0"},"south":{"uv":[9.5,9,9,9.5],"texture":"#0"},"west":{"uv":[10,4,9.5,4.5],"texture":"#0"},"up":{"uv":[5,9.5,4.5,10],"texture":"#0"},"down":{"uv":[10,5,9.5,4.5],"texture":"#0"}}},{"from":[7.7,13.525,1.5],"to":[8.3,14.3,2.125],"rotation":{"angle":0,"axis":"y","origin":[7.2,0,8.8]},"faces":{"north":{"uv":[10,5.5,9.5,6],"texture":"#0"},"east":{"uv":[10,5,9.5,5.5],"texture":"#0"},"south":{"uv":[5.5,9.5,5,10],"texture":"#0"},"west":{"uv":[6.5,9.5,6,10],"texture":"#0"},"up":{"uv":[10,6,9.5,6.5],"texture":"#0"},"down":{"uv":[7,10,6.5,9.5],"texture":"#0"}}},{"from":[7.7,12.775,1.5],"to":[8.3,13.525,1.8],"rotation":{"angle":0,"axis":"y","origin":[7.2,0,8.8]},"faces":{"north":{"uv":[10,7,9.5,7.5],"texture":"#0"},"east":{"uv":[7.5,9.5,7,10],"texture":"#0"},"south":{"uv":[10,6.5,9.5,7],"texture":"#0"},"west":{"uv":[8,9.5,7.5,10],"texture":"#0"},"up":{"uv":[10,7.5,9.5,8],"texture":"#0"},"down":{"uv":[8.5,10,8,9.5],"texture":"#0"}}},{"from":[7.7,20,1.5],"to":[8.3,20.7,2.425],"rotation":{"angle":0,"axis":"y","origin":[7.2,16,8.8]},"faces":{"north":{"uv":[10,8.5,9.5,9],"texture":"#0"},"east":{"uv":[9,9.5,8.5,10],"texture":"#0"},"south":{"uv":[10,8,9.5,8.5],"texture":"#0"},"west":{"uv":[9.5,9.5,9,10],"texture":"#0"},"up":{"uv":[10,9,9.5,9.5],"texture":"#0"},"down":{"uv":[10,10,9.5,9.5],"texture":"#0"}}},{"from":[7.7,20.7,1.5],"to":[8.3,21.475,2.125],"rotation":{"angle":0,"axis":"y","origin":[7.2,16,8.8]},"faces":{"north":{"uv":[1,10,0.5,10.5],"texture":"#0"},"east":{"uv":[10.5,0,10,0.5],"texture":"#0"},"south":{"uv":[0.5,10,0,10.5],"texture":"#0"},"west":{"uv":[10.5,0.5,10,1],"texture":"#0"},"up":{"uv":[1.5,10,1,10.5],"texture":"#0"},"down":{"uv":[10.5,1.5,10,1],"texture":"#0"}}},{"from":[7.7,21.475,1.5],"to":[8.3,22.225,1.8],"rotation":{"angle":0,"axis":"y","origin":[7.2,16,8.8]},"faces":{"north":{"uv":[2.5,10,2,10.5],"texture":"#0"},"east":{"uv":[10.5,1.5,10,2],"texture":"#0"},"south":{"uv":[2,10,1.5,10.5],"texture":"#0"},"west":{"uv":[10.5,2,10,2.5],"texture":"#0"},"up":{"uv":[3,10,2.5,10.5],"texture":"#0"},"down":{"uv":[10.5,3,10,2.5],"texture":"#0"}}},{"from":[7.675,20,1.2],"to":[8.325,23,1.5],"rotation":{"angle":0,"axis":"y","origin":[7.2,22,1.8]},"faces":{"north":{"uv":[8.5,7.5,8,9],"texture":"#0"},"east":{"uv":[0.5,8.5,0,10],"texture":"#0"},"south":{"uv":[7.5,8,7,9.5],"texture":"#0"},"west":{"uv":[0.5,8.5,0,10],"texture":"#0"},"up":{"uv":[3.5,10,3,10.5],"texture":"#0"},"down":{"uv":[10.5,3.5,10,3],"texture":"#0"}}},{"from":[7.675,19.7,1.2],"to":[8.325,23,1.5],"rotation":{"angle":-22.5,"axis":"x","origin":[8.3,23,1.5]},"faces":{"north":{"uv":[1.5,8.5,1,10],"texture":"#0"},"east":{"uv":[1.5,8.5,2,10],"texture":"#0"},"south":{"uv":[9,0,8.5,1.5],"texture":"#0"},"west":{"uv":[2,8.5,1.5,10],"texture":"#0"},"up":{"uv":[4,10,3.5,10.5],"texture":"#0"},"down":{"uv":[10.5,4,10,3.5],"texture":"#0"}}},{"from":[7.675,12,1.2],"to":[8.325,15,1.5],"rotation":{"angle":0,"axis":"y","origin":[7.2,13,1.8]},"faces":{"north":{"uv":[3,8.5,2.5,10],"texture":"#0"},"east":{"uv":[3.5,8.5,3,10],"texture":"#0"},"south":{"uv":[9,1.5,8.5,3],"texture":"#0"},"west":{"uv":[3.5,8.5,3,10],"texture":"#0"},"up":{"uv":[4.5,10,4,10.5],"texture":"#0"},"down":{"uv":[10.5,4.5,10,4],"texture":"#0"}}},{"from":[7.675,12,1.2],"to":[8.325,15.3,1.5],"rotation":{"angle":22.5,"axis":"x","origin":[8.3,12,1.5]},"faces":{"north":{"uv":[9,4.5,8.5,6],"texture":"#0"},"east":{"uv":[6,8.5,5.5,10],"texture":"#0"},"south":{"uv":[9,3,8.5,4.5],"texture":"#0"},"west":{"uv":[6,8.5,5.5,10],"texture":"#0"},"up":{"uv":[5,10,4.5,10.5],"texture":"#0"},"down":{"uv":[10.5,5,10,4.5],"texture":"#0"}}},{"from":[7,0,7],"to":[9,1,9],"rotation":{"angle":0,"axis":"y","origin":[7.2,0,8.8]},"faces":{"north":{"uv":[9.5,7,8.5,7.5],"texture":"#0"},"east":{"uv":[9.5,6.5,8.5,7],"texture":"#0"},"south":{"uv":[9.5,6,8.5,6.5],"texture":"#0"},"west":{"uv":[9.5,7.5,8.5,8],"texture":"#0"},"up":{"uv":[8,7,7,8],"texture":"#0"},"down":{"uv":[8.5,2,7.5,1],"texture":"#0"}}},{"from":[7,18,7],"to":[9,19,9],"rotation":{"angle":0,"axis":"y","origin":[7.2,0,8.8]},"faces":{"north":{"uv":[10,0,9,0.5],"texture":"#0"},"east":{"uv":[9.5,8.5,8.5,9],"texture":"#0"},"south":{"uv":[9.5,8,8.5,8.5],"texture":"#0"},"west":{"uv":[10,0.5,9,1],"texture":"#0"},"up":{"uv":[8.5,2,7.5,3],"texture":"#0"},"down":{"uv":[8.5,4,7.5,3],"texture":"#0"}}},{"from":[7,8,7],"to":[9,12,9],"rotation":{"angle":0,"axis":"y","origin":[7.2,0,8.8]},"faces":{"north":{"uv":[7,0,6,2],"texture":"#0"},"east":{"uv":[6,5,5,7],"texture":"#0"},"south":{"uv":[5,5,4,7],"texture":"#0"},"west":{"uv":[7,2,6,4],"texture":"#0"},"up":{"uv":[8.5,4,7.5,5],"texture":"#0"},"down":{"uv":[8.5,6,7.5,5],"texture":"#0"}}},{"from":[7.6,7.3,7],"to":[8.4,8,9],"rotation":{"angle":0,"axis":"y","origin":[7.2,0,8.8]},"faces":{"north":{"uv":[10.5,5,10,5.5],"texture":"#0"},"east":{"uv":[10,1,9,1.5],"texture":"#0"},"south":{"uv":[5.5,10,5,10.5],"texture":"#0"},"west":{"uv":[10,1.5,9,2],"texture":"#0"},"up":{"uv":[8,6,7.5,7],"texture":"#0"},"down":{"uv":[8.5,1,8,0],"texture":"#0"}}},{"from":[7.6,12,7],"to":[8.4,12.7,9],"rotation":{"angle":0,"axis":"y","origin":[7.2,0,8.8]},"faces":{"north":{"uv":[10.5,5.5,10,6],"texture":"#0"},"east":{"uv":[10,2,9,2.5],"texture":"#0"},"south":{"uv":[6,10,5.5,10.5],"texture":"#0"},"west":{"uv":[10,2.5,9,3],"texture":"#0"},"up":{"uv":[9.5,3,9,4],"texture":"#0"},"down":{"uv":[4.5,10,4,9],"texture":"#0"}}}],"display":{"thirdperson_righthand":{"translation":[0,2,1.5]},"thirdperson_lefthand":{"translation":[0,2,1.5]},"ground":{"translation":[0,5.5,0]},"gui":{"rotation":[-90,67.25,90],"translation":[2.25,-1,0],"scale":[0.7,0.7,0.7]},"fixed":{"rotation":[0,90,0],"translation":[0,-2.5,0],"scale":[0.8,0.8,0.8]}},"groups":[{"name":"axe","origin":[8,8,8],"color":0,"children":[0,1,2,3,4,5,6,7,8,9,10,11,12,13,14,15,16,17,18,19]}]}