{"credit":"Made with Blockbench","texture_size":[64,64],"textures":{"0":"item/axes/moonaxe_texture","particle":"item/axes/moonaxe_texture"},"elements":[{"from":[7.79289,0,7.5],"to":[8.20711,19,8.5],"rotation":{"angle":-45,"axis":"y","origin":[8,1,8]},"faces":{"north":{"uv":[0,0,0.25,4.75],"texture":"#0"},"east":{"uv":[0.25,0,0.5,4.75],"texture":"#0"},"south":{"uv":[0.5,0,0.75,4.75],"texture":"#0"},"west":{"uv":[0.75,0,1,4.75],"texture":"#0"},"up":{"uv":[5.75,4.25,5.5,4],"texture":"#0"},"down":{"uv":[3.75,6.25,3.5,6.5],"texture":"#0"}}},{"from":[7.79289,0,7.5],"to":[8.20711,19,8.5],"rotation":{"angle":0,"axis":"y","origin":[8,1,8]},"faces":{"north":{"uv":[1,0,1.25,4.75],"texture":"#0"},"east":{"uv":[1.25,0,1.5,4.75],"texture":"#0"},"south":{"uv":[1.5,0,1.75,4.75],"texture":"#0"},"west":{"uv":[1.75,0,2,4.75],"texture":"#0"},"up":{"uv":[6.5,4,6.25,3.75],"texture":"#0"},"down":{"uv":[4.25,6.25,4,6.5],"texture":"#0"}}},{"from":[7.4,-2.82843,9.1],"to":[8.6,-1.17157,10],"rotation":{"angle":0,"axis":"y","origin":[8,-2,8]},"faces":{"north":{"uv":[4.5,5.25,4.75,5.75],"texture":"#0"},"east":{"uv":[5.25,4.5,5.5,5],"texture":"#0"},"south":{"uv":[4.75,5.25,5,5.75],"texture":"#0"},"west":{"uv":[5,5.25,5.25,5.75],"texture":"#0"},"up":{"uv":[6.5,4.25,6.25,4],"texture":"#0"},"down":{"uv":[6.5,4.25,6.25,4.5],"texture":"#0"}}},{"from":[7.4,-2.82843,6],"to":[8.6,-2.12843,6.425],"rotation":{"angle":-45,"axis":"x","origin":[8,-2,8]},"faces":{"north":{"uv":[4.5,6.25,4.75,6.5],"texture":"#0"},"east":{"uv":[6.25,4.5,6.5,4.75],"texture":"#0"},"south":{"uv":[4.75,6.25,5,6.5],"texture":"#0"},"west":{"uv":[6.25,4.75,6.5,5],"texture":"#0"},"up":{"uv":[5.25,6.5,5,6.25],"texture":"#0"},"down":{"uv":[6.5,5,6.25,5.25],"texture":"#0"}}},{"from":[7.4,-4,7.17157],"to":[8.6,-3.2,8.82843],"rotation":{"angle":-45,"axis":"x","origin":[8,-2,8]},"faces":{"north":{"uv":[6.25,5.25,6.5,5.5],"texture":"#0"},"east":{"uv":[5.25,5,5.75,5.25],"texture":"#0"},"south":{"uv":[5.5,6.25,5.75,6.5],"texture":"#0"},"west":{"uv":[5.25,5.25,5.75,5.5],"texture":"#0"},"up":{"uv":[5.75,0.5,5.5,0],"texture":"#0"},"down":{"uv":[5.75,1.25,5.5,1.75],"texture":"#0"}}},{"from":[7.4,-4,7.17157],"to":[8.6,-3.4,8.82843],"rotation":{"angle":0,"axis":"y","origin":[8,-2,8]},"faces":{"north":{"uv":[6.25,5.5,6.5,5.75],"texture":"#0"},"east":{"uv":[5.5,0.5,6,0.75],"texture":"#0"},"south":{"uv":[5.75,6.25,6,6.5],"texture":"#0"},"west":{"uv":[5.5,1.75,6,2],"texture":"#0"},"up":{"uv":[2.25,6,2,5.5],"texture":"#0"},"down":{"uv":[2.5,5.5,2.25,6],"texture":"#0"}}},{"from":[7.4,-0.425,8.12843],"to":[8.6,0,8.82843],"rotation":{"angle":-45,"axis":"x","origin":[8,-2,8]},"faces":{"north":{"uv":[6.25,6,6.5,6.25],"texture":"#0"},"east":{"uv":[6.25,6.25,6.5,6.5],"texture":"#0"},"south":{"uv":[0,6.5,0.25,6.75],"texture":"#0"},"west":{"uv":[6.5,0,6.75,0.25],"texture":"#0"},"up":{"uv":[0.5,6.75,0.25,6.5],"texture":"#0"},"down":{"uv":[6.75,0.25,6.5,0.5],"texture":"#0"}}},{"from":[7.4,-0.6,7.17157],"to":[8.6,0,8.82843],"rotation":{"angle":0,"axis":"y","origin":[8,-2,8]},"faces":{"north":{"uv":[0.5,6.5,0.75,6.75],"texture":"#0"},"east":{"uv":[5.5,2.25,6,2.5],"texture":"#0"},"south":{"uv":[6.5,0.5,6.75,0.75],"texture":"#0"},"west":{"uv":[2.5,5.5,3,5.75],"texture":"#0"},"up":{"uv":[5.75,3,5.5,2.5],"texture":"#0"},"down":{"uv":[5.75,3,5.5,3.5],"texture":"#0"}}},{"from":[7.4,-2.82843,9.2],"to":[8.6,-1.17157,10],"rotation":{"angle":-45,"axis":"x","origin":[8,-2,8]},"faces":{"north":{"uv":[5.5,3.5,5.75,4],"texture":"#0"},"east":{"uv":[3.75,5.5,4,6],"texture":"#0"},"south":{"uv":[5.5,4.5,5.75,5],"texture":"#0"},"west":{"uv":[5.25,5.5,5.5,6],"texture":"#0"},"up":{"uv":[1,6.75,0.75,6.5],"texture":"#0"},"down":{"uv":[6.75,0.75,6.5,1],"texture":"#0"}}},{"from":[7.5,0,7.79289],"to":[8.5,19,8.20711],"rotation":{"angle":-45,"axis":"y","origin":[8,1,8]},"faces":{"north":{"uv":[2,0,2.25,4.75],"texture":"#0"},"east":{"uv":[2.25,0,2.5,4.75],"texture":"#0"},"south":{"uv":[2.5,0,2.75,4.75],"texture":"#0"},"west":{"uv":[2.75,0,3,4.75],"texture":"#0"},"up":{"uv":[1.25,6.75,1,6.5],"texture":"#0"},"down":{"uv":[6.75,1,6.5,1.25],"texture":"#0"}}},{"from":[7.5,0,7.79289],"to":[8.5,19,8.20711],"rotation":{"angle":0,"axis":"y","origin":[8,1,8]},"faces":{"north":{"uv":[3,0,3.25,4.75],"texture":"#0"},"east":{"uv":[3.25,0,3.5,4.75],"texture":"#0"},"south":{"uv":[3.5,0,3.75,4.75],"texture":"#0"},"west":{"uv":[3.75,0,4,4.75],"texture":"#0"},"up":{"uv":[1.5,6.75,1.25,6.5],"texture":"#0"},"down":{"uv":[6.75,1.25,6.5,1.5],"texture":"#0"}}},{"from":[7.79289,19.7,7.5],"to":[8.20711,21.4,8.5],"rotation":{"angle":-45,"axis":"y","origin":[8,20.7,8]},"faces":{"north":{"uv":[5.5,5.5,5.75,6],"texture":"#0"},"east":{"uv":[5.75,0,6,0.5],"texture":"#0"},"south":{"uv":[5.75,0.75,6,1.25],"texture":"#0"},"west":{"uv":[5.75,1.25,6,1.75],"texture":"#0"},"up":{"uv":[1.75,6.75,1.5,6.5],"texture":"#0"},"down":{"uv":[6.75,1.5,6.5,1.75],"texture":"#0"}}},{"from":[7.79289,19.7,7.5],"to":[8.20711,21.4,8.5],"rotation":{"angle":0,"axis":"y","origin":[8,20.7,8]},"faces":{"north":{"uv":[2.5,5.75,2.75,6.25],"texture":"#0"},"east":{"uv":[5.75,2.5,6,3],"texture":"#0"},"south":{"uv":[2.75,5.75,3,6.25],"texture":"#0"},"west":{"uv":[3,5.75,3.25,6.25],"texture":"#0"},"up":{"uv":[2,6.75,1.75,6.5],"texture":"#0"},"down":{"uv":[6.75,1.75,6.5,2],"texture":"#0"}}},{"from":[7.5,19.7,7.79289],"to":[8.5,21.4,8.20711],"rotation":{"angle":-45,"axis":"y","origin":[8,20.7,8]},"faces":{"north":{"uv":[5.75,3,6,3.5],"texture":"#0"},"east":{"uv":[3.25,5.75,3.5,6.25],"texture":"#0"},"south":{"uv":[3.5,5.75,3.75,6.25],"texture":"#0"},"west":{"uv":[5.75,3.5,6,4],"texture":"#0"},"up":{"uv":[6.75,2.25,6.5,2],"texture":"#0"},"down":{"uv":[6.75,2.25,6.5,2.5],"texture":"#0"}}},{"from":[7.5,19.7,7.79289],"to":[8.5,21.4,8.20711],"rotation":{"angle":0,"axis":"y","origin":[8,20.7,8]},"faces":{"north":{"uv":[4,5.75,4.25,6.25],"texture":"#0"},"east":{"uv":[5.75,4,6,4.5],"texture":"#0"},"south":{"uv":[4.5,5.75,4.75,6.25],"texture":"#0"},"west":{"uv":[5.75,4.5,6,5],"texture":"#0"},"up":{"uv":[6.75,2.75,6.5,2.5],"texture":"#0"},"down":{"uv":[6.75,2.75,6.5,3],"texture":"#0"}}},{"from":[7.71005,6.98,7.3],"to":[8.28995,11.82,8.7],"rotation":{"angle":-45,"axis":"y","origin":[8,9.4,8]},"faces":{"north":{"uv":[4,0,4.25,1.25],"texture":"#0"},"east":{"uv":[4,1.25,4.25,2.5],"texture":"#0"},"south":{"uv":[4,2.5,4.25,3.75],"texture":"#0"},"west":{"uv":[4,3.75,4.25,5],"texture":"#0"},"up":{"uv":[6.75,3.25,6.5,3],"texture":"#0"},"down":{"uv":[6.75,3.25,6.5,3.5],"texture":"#0"}}},{"from":[7.3,6.98,7.71005],"to":[8.7,11.82,8.28995],"rotation":{"angle":0,"axis":"y","origin":[8,9.4,8]},"faces":{"north":{"uv":[4.25,0,4.5,1.25],"texture":"#0"},"east":{"uv":[4.25,1.25,4.5,2.5],"texture":"#0"},"south":{"uv":[4.25,2.5,4.5,3.75],"texture":"#0"},"west":{"uv":[4.25,3.75,4.5,5],"texture":"#0"},"up":{"uv":[3.75,6.75,3.5,6.5],"texture":"#0"},"down":{"uv":[6.75,3.5,6.5,3.75],"texture":"#0"}}},{"from":[7.71005,6.98,7.3],"to":[8.28995,11.82,8.7],"rotation":{"angle":0,"axis":"y","origin":[8,9.4,8]},"faces":{"north":{"uv":[4.5,0,4.75,1.25],"texture":"#0"},"east":{"uv":[4.5,1.25,4.75,2.5],"texture":"#0"},"south":{"uv":[4.5,2.5,4.75,3.75],"texture":"#0"},"west":{"uv":[4.5,3.75,4.75,5],"texture":"#0"},"up":{"uv":[4,6.75,3.75,6.5],"texture":"#0"},"down":{"uv":[6.75,3.75,6.5,4],"texture":"#0"}}},{"from":[7.3,6.98,7.71005],"to":[8.7,11.82,8.28995],"rotation":{"angle":-45,"axis":"y","origin":[8,9.4,8]},"faces":{"north":{"uv":[0,4.75,0.25,6],"texture":"#0"},"east":{"uv":[4.75,0,5,1.25],"texture":"#0"},"south":{"uv":[0.25,4.75,0.5,6],"texture":"#0"},"west":{"uv":[0.5,4.75,0.75,6],"texture":"#0"},"up":{"uv":[4.25,6.75,4,6.5],"texture":"#0"},"down":{"uv":[6.75,4,6.5,4.25],"texture":"#0"}}},{"from":[7.3,14.98,7.71005],"to":[8.7,15.82,8.28995],"rotation":{"angle":-45,"axis":"y","origin":[8,13.4,8]},"faces":{"north":{"uv":[4.25,6.5,4.5,6.75],"texture":"#0"},"east":{"uv":[6.5,4.25,6.75,4.5],"texture":"#0"},"south":{"uv":[4.5,6.5,4.75,6.75],"texture":"#0"},"west":{"uv":[6.5,4.5,6.75,4.75],"texture":"#0"},"up":{"uv":[5,6.75,4.75,6.5],"texture":"#0"},"down":{"uv":[6.75,4.75,6.5,5],"texture":"#0"}}},{"from":[7.3,14.98,7.71005],"to":[8.7,15.82,8.28995],"rotation":{"angle":0,"axis":"y","origin":[8,13.4,8]},"faces":{"north":{"uv":[5,6.5,5.25,6.75],"texture":"#0"},"east":{"uv":[6.5,5,6.75,5.25],"texture":"#0"},"south":{"uv":[5.25,6.5,5.5,6.75],"texture":"#0"},"west":{"uv":[6.5,5.25,6.75,5.5],"texture":"#0"},"up":{"uv":[5.75,6.75,5.5,6.5],"texture":"#0"},"down":{"uv":[6.75,5.5,6.5,5.75],"texture":"#0"}}},{"from":[7.71005,14.98,7.3],"to":[8.28995,15.82,8.7],"rotation":{"angle":-45,"axis":"y","origin":[8,13.4,8]},"faces":{"north":{"uv":[5.75,6.5,6,6.75],"texture":"#0"},"east":{"uv":[6.5,5.75,6.75,6],"texture":"#0"},"south":{"uv":[6,6.5,6.25,6.75],"texture":"#0"},"west":{"uv":[6.5,6,6.75,6.25],"texture":"#0"},"up":{"uv":[6.5,6.75,6.25,6.5],"texture":"#0"},"down":{"uv":[6.75,6.25,6.5,6.5],"texture":"#0"}}},{"from":[7.71005,14.98,7.3],"to":[8.28995,15.82,8.7],"rotation":{"angle":0,"axis":"y","origin":[8,13.4,8]},"faces":{"north":{"uv":[6.5,6.5,6.75,6.75],"texture":"#0"},"east":{"uv":[0,6.75,0.25,7],"texture":"#0"},"south":{"uv":[6.75,0,7,0.25],"texture":"#0"},"west":{"uv":[0.25,6.75,0.5,7],"texture":"#0"},"up":{"uv":[7,0.5,6.75,0.25],"texture":"#0"},"down":{"uv":[0.75,6.75,0.5,7],"texture":"#0"}}},{"from":[7.71005,2.98,7.3],"to":[8.28995,3.82,8.7],"rotation":{"angle":0,"axis":"y","origin":[8,5.4,8]},"faces":{"north":{"uv":[6.75,0.5,7,0.75],"texture":"#0"},"east":{"uv":[0.75,6.75,1,7],"texture":"#0"},"south":{"uv":[6.75,0.75,7,1],"texture":"#0"},"west":{"uv":[1,6.75,1.25,7],"texture":"#0"},"up":{"uv":[7,1.25,6.75,1],"texture":"#0"},"down":{"uv":[1.5,6.75,1.25,7],"texture":"#0"}}},{"from":[7.3,2.98,7.71005],"to":[8.7,3.82,8.28995],"rotation":{"angle":-45,"axis":"y","origin":[8,5.4,8]},"faces":{"north":{"uv":[6.75,1.25,7,1.5],"texture":"#0"},"east":{"uv":[1.5,6.75,1.75,7],"texture":"#0"},"south":{"uv":[6.75,1.5,7,1.75],"texture":"#0"},"west":{"uv":[1.75,6.75,2,7],"texture":"#0"},"up":{"uv":[7,2,6.75,1.75],"texture":"#0"},"down":{"uv":[2.25,6.75,2,7],"texture":"#0"}}},{"from":[7.3,2.98,7.71005],"to":[8.7,3.82,8.28995],"rotation":{"angle":0,"axis":"y","origin":[8,5.4,8]},"faces":{"north":{"uv":[6.75,2,7,2.25],"texture":"#0"},"east":{"uv":[2.25,6.75,2.5,7],"texture":"#0"},"south":{"uv":[6.75,2.25,7,2.5],"texture":"#0"},"west":{"uv":[2.5,6.75,2.75,7],"texture":"#0"},"up":{"uv":[7,2.75,6.75,2.5],"texture":"#0"},"down":{"uv":[3,6.75,2.75,7],"texture":"#0"}}},{"from":[7.71005,2.98,7.3],"to":[8.28995,3.82,8.7],"rotation":{"angle":-45,"axis":"y","origin":[8,5.4,8]},"faces":{"north":{"uv":[6.75,2.75,7,3],"texture":"#0"},"east":{"uv":[3,6.75,3.25,7],"texture":"#0"},"south":{"uv":[6.75,3,7,3.25],"texture":"#0"},"west":{"uv":[3.25,6.75,3.5,7],"texture":"#0"},"up":{"uv":[7,3.5,6.75,3.25],"texture":"#0"},"down":{"uv":[3.75,6.75,3.5,7],"texture":"#0"}}},{"from":[7.75147,0.35,7.4],"to":[8.24853,1.75,8.6],"rotation":{"angle":-45,"axis":"y","origin":[8,1.2,8]},"faces":{"north":{"uv":[6.75,3.5,7,3.75],"texture":"#0"},"east":{"uv":[3.75,6.75,4,7],"texture":"#0"},"south":{"uv":[6.75,3.75,7,4],"texture":"#0"},"west":{"uv":[4,6.75,4.25,7],"texture":"#0"},"up":{"uv":[7,4.25,6.75,4],"texture":"#0"},"down":{"uv":[4.5,6.75,4.25,7],"texture":"#0"}}},{"from":[7.75147,0.35,7.4],"to":[8.24853,1.75,8.6],"rotation":{"angle":0,"axis":"y","origin":[8,1.2,8]},"faces":{"north":{"uv":[6.75,4.25,7,4.5],"texture":"#0"},"east":{"uv":[4.5,6.75,4.75,7],"texture":"#0"},"south":{"uv":[6.75,4.5,7,4.75],"texture":"#0"},"west":{"uv":[4.75,6.75,5,7],"texture":"#0"},"up":{"uv":[7,5,6.75,4.75],"texture":"#0"},"down":{"uv":[5.25,6.75,5,7],"texture":"#0"}}},{"from":[7.4,0.35,7.75147],"to":[8.6,1.75,8.24853],"rotation":{"angle":-45,"axis":"y","origin":[8,1.2,8]},"faces":{"north":{"uv":[6.75,5,7,5.25],"texture":"#0"},"east":{"uv":[5.25,6.75,5.5,7],"texture":"#0"},"south":{"uv":[6.75,5.25,7,5.5],"texture":"#0"},"west":{"uv":[5.5,6.75,5.75,7],"texture":"#0"},"up":{"uv":[7,5.75,6.75,5.5],"texture":"#0"},"down":{"uv":[6,6.75,5.75,7],"texture":"#0"}}},{"from":[7.4,0.35,7.75147],"to":[8.6,1.75,8.24853],"rotation":{"angle":0,"axis":"y","origin":[8,1.2,8]},"faces":{"north":{"uv":[6.75,5.75,7,6],"texture":"#0"},"east":{"uv":[6,6.75,6.25,7],"texture":"#0"},"south":{"uv":[6.75,6,7,6.25],"texture":"#0"},"west":{"uv":[6.25,6.75,6.5,7],"texture":"#0"},"up":{"uv":[7,6.5,6.75,6.25],"texture":"#0"},"down":{"uv":[6.75,6.75,6.5,7],"texture":"#0"}}},{"from":[7.4,16.95,7.75147],"to":[8.6,19.35,8.24853],"rotation":{"angle":0,"axis":"y","origin":[8,17.8,8]},"faces":{"north":{"uv":[4.75,5.75,5,6.25],"texture":"#0"},"east":{"uv":[5,5.75,5.25,6.25],"texture":"#0"},"south":{"uv":[5.75,5,6,5.5],"texture":"#0"},"west":{"uv":[5.75,5.5,6,6],"texture":"#0"},"up":{"uv":[7,6.75,6.75,6.5],"texture":"#0"},"down":{"uv":[7,6.75,6.75,7],"texture":"#0"}}},{"from":[7.75147,16.95,7.4],"to":[8.24853,19.35,8.6],"rotation":{"angle":0,"axis":"y","origin":[8,17.8,8]},"faces":{"north":{"uv":[0,6,0.25,6.5],"texture":"#0"},"east":{"uv":[6,0,6.25,0.5],"texture":"#0"},"south":{"uv":[0.25,6,0.5,6.5],"texture":"#0"},"west":{"uv":[0.5,6,0.75,6.5],"texture":"#0"},"up":{"uv":[0.25,7.25,0,7],"texture":"#0"},"down":{"uv":[7.25,0,7,0.25],"texture":"#0"}}},{"from":[7.14385,0.79586,7.75147],"to":[7.52418,1.56226,8.27338],"rotation":{"angle":-22.5,"axis":"z","origin":[7.74385,1.01226,8]},"faces":{"north":{"uv":[0.25,7,0.5,7.25],"texture":"#0"},"east":{"uv":[7,0.25,7.25,0.5],"texture":"#0"},"south":{"uv":[0.5,7,0.75,7.25],"texture":"#0"},"west":{"uv":[7,0.5,7.25,0.75],"texture":"#0"},"up":{"uv":[1,7.25,0.75,7],"texture":"#0"},"down":{"uv":[7.25,0.75,7,1],"texture":"#0"}}},{"from":[7.14385,0.53774,7.75147],"to":[7.42418,1.30414,8.27338],"rotation":{"angle":22.5,"axis":"z","origin":[7.74385,1.08774,8]},"faces":{"north":{"uv":[1,7,1.25,7.25],"texture":"#0"},"east":{"uv":[7,1,7.25,1.25],"texture":"#0"},"south":{"uv":[1.25,7,1.5,7.25],"texture":"#0"},"west":{"uv":[7,1.25,7.25,1.5],"texture":"#0"},"up":{"uv":[1.75,7.25,1.5,7],"texture":"#0"},"down":{"uv":[7.25,1.5,7,1.75],"texture":"#0"}}},{"from":[8.57582,0.53774,7.75147],"to":[8.85615,1.30414,8.27338],"rotation":{"angle":-22.5,"axis":"z","origin":[8.25615,1.08774,8]},"faces":{"north":{"uv":[1.75,7,2,7.25],"texture":"#0"},"east":{"uv":[7,1.75,7.25,2],"texture":"#0"},"south":{"uv":[2,7,2.25,7.25],"texture":"#0"},"west":{"uv":[7,2,7.25,2.25],"texture":"#0"},"up":{"uv":[2.5,7.25,2.25,7],"texture":"#0"},"down":{"uv":[7.25,2.25,7,2.5],"texture":"#0"}}},{"from":[8.47582,0.79586,7.75147],"to":[8.85615,1.56226,8.27338],"rotation":{"angle":22.5,"axis":"z","origin":[8.25615,1.01226,8]},"faces":{"north":{"uv":[2.5,7,2.75,7.25],"texture":"#0"},"east":{"uv":[7,2.5,7.25,2.75],"texture":"#0"},"south":{"uv":[2.75,7,3,7.25],"texture":"#0"},"west":{"uv":[7,2.75,7.25,3],"texture":"#0"},"up":{"uv":[3.25,7.25,3,7],"texture":"#0"},"down":{"uv":[7.25,3,7,3.25],"texture":"#0"}}},{"from":[7.73905,0.53774,7.14385],"to":[8.26095,1.30414,7.42418],"rotation":{"angle":-22.5,"axis":"x","origin":[7.98757,1.08774,7.74385]},"faces":{"north":{"uv":[3.25,7,3.5,7.25],"texture":"#0"},"east":{"uv":[7,3.25,7.25,3.5],"texture":"#0"},"south":{"uv":[3.5,7,3.75,7.25],"texture":"#0"},"west":{"uv":[7,3.5,7.25,3.75],"texture":"#0"},"up":{"uv":[4,7.25,3.75,7],"texture":"#0"},"down":{"uv":[7.25,3.75,7,4],"texture":"#0"}}},{"from":[7.73905,0.79586,7.14385],"to":[8.26095,1.56226,7.52418],"rotation":{"angle":22.5,"axis":"x","origin":[7.98757,1.01226,7.74385]},"faces":{"north":{"uv":[4,7,4.25,7.25],"texture":"#0"},"east":{"uv":[7,4,7.25,4.25],"texture":"#0"},"south":{"uv":[4.25,7,4.5,7.25],"texture":"#0"},"west":{"uv":[7,4.25,7.25,4.5],"texture":"#0"},"up":{"uv":[4.75,7.25,4.5,7],"texture":"#0"},"down":{"uv":[7.25,4.5,7,4.75],"texture":"#0"}}},{"from":[7.73905,0.79586,8.47582],"to":[8.26095,1.56226,8.85615],"rotation":{"angle":-22.5,"axis":"x","origin":[7.98757,1.01226,8.25615]},"faces":{"north":{"uv":[4.75,7,5,7.25],"texture":"#0"},"east":{"uv":[7,4.75,7.25,5],"texture":"#0"},"south":{"uv":[5,7,5.25,7.25],"texture":"#0"},"west":{"uv":[7,5,7.25,5.25],"texture":"#0"},"up":{"uv":[5.5,7.25,5.25,7],"texture":"#0"},"down":{"uv":[7.25,5.25,7,5.5],"texture":"#0"}}},{"from":[7.73905,0.53774,8.57582],"to":[8.26095,1.30414,8.85615],"rotation":{"angle":22.5,"axis":"x","origin":[7.98757,1.08774,8.25615]},"faces":{"north":{"uv":[5.5,7,5.75,7.25],"texture":"#0"},"east":{"uv":[7,5.5,7.25,5.75],"texture":"#0"},"south":{"uv":[5.75,7,6,7.25],"texture":"#0"},"west":{"uv":[7,5.75,7.25,6],"texture":"#0"},"up":{"uv":[6.25,7.25,6,7],"texture":"#0"},"down":{"uv":[7.25,6,7,6.25],"texture":"#0"}}},{"from":[7.4,16.95,7.75147],"to":[8.6,19.35,8.24853],"rotation":{"angle":-45,"axis":"y","origin":[8,17.8,8]},"faces":{"north":{"uv":[6,0.5,6.25,1],"texture":"#0"},"east":{"uv":[0.75,6,1,6.5],"texture":"#0"},"south":{"uv":[1,6,1.25,6.5],"texture":"#0"},"west":{"uv":[6,1,6.25,1.5],"texture":"#0"},"up":{"uv":[6.5,7.25,6.25,7],"texture":"#0"},"down":{"uv":[7.25,6.25,7,6.5],"texture":"#0"}}},{"from":[7.75147,16.95,7.4],"to":[8.24853,19.35,8.6],"rotation":{"angle":-45,"axis":"y","origin":[8,17.8,8]},"faces":{"north":{"uv":[1.25,6,1.5,6.5],"texture":"#0"},"east":{"uv":[1.5,6,1.75,6.5],"texture":"#0"},"south":{"uv":[6,1.5,6.25,2],"texture":"#0"},"west":{"uv":[1.75,6,2,6.5],"texture":"#0"},"up":{"uv":[6.75,7.25,6.5,7],"texture":"#0"},"down":{"uv":[7.25,6.5,7,6.75],"texture":"#0"}}},{"from":[7.73905,17.13774,8.45082],"to":[8.26095,18.42914,8.85615],"rotation":{"angle":22.5,"axis":"x","origin":[7.98757,17.68774,8.25615]},"faces":{"north":{"uv":[6.75,7,7,7.25],"texture":"#0"},"east":{"uv":[7,6.75,7.25,7],"texture":"#0"},"south":{"uv":[7,7,7.25,7.25],"texture":"#0"},"west":{"uv":[0,7.25,0.25,7.5],"texture":"#0"},"up":{"uv":[7.5,0.25,7.25,0],"texture":"#0"},"down":{"uv":[0.5,7.25,0.25,7.5],"texture":"#0"}}},{"from":[7.73905,17.87086,8.32582],"to":[8.26095,19.16226,8.85615],"rotation":{"angle":-22.5,"axis":"x","origin":[7.98757,18.61226,8.25615]},"faces":{"north":{"uv":[7.25,0.25,7.5,0.5],"texture":"#0"},"east":{"uv":[0.5,7.25,0.75,7.5],"texture":"#0"},"south":{"uv":[7.25,0.5,7.5,0.75],"texture":"#0"},"west":{"uv":[0.75,7.25,1,7.5],"texture":"#0"},"up":{"uv":[7.5,1,7.25,0.75],"texture":"#0"},"down":{"uv":[1.25,7.25,1,7.5],"texture":"#0"}}},{"from":[7.73905,17.87086,7.14385],"to":[8.26095,19.16226,7.67418],"rotation":{"angle":22.5,"axis":"x","origin":[7.98757,18.61226,7.74385]},"faces":{"north":{"uv":[7.25,1,7.5,1.25],"texture":"#0"},"east":{"uv":[1.25,7.25,1.5,7.5],"texture":"#0"},"south":{"uv":[7.25,1.25,7.5,1.5],"texture":"#0"},"west":{"uv":[1.5,7.25,1.75,7.5],"texture":"#0"},"up":{"uv":[7.5,1.75,7.25,1.5],"texture":"#0"},"down":{"uv":[2,7.25,1.75,7.5],"texture":"#0"}}},{"from":[7.73905,17.13774,7.14385],"to":[8.26095,18.42914,7.54918],"rotation":{"angle":-22.5,"axis":"x","origin":[7.98757,17.68774,7.74385]},"faces":{"north":{"uv":[7.25,1.75,7.5,2],"texture":"#0"},"east":{"uv":[2,7.25,2.25,7.5],"texture":"#0"},"south":{"uv":[7.25,2,7.5,2.25],"texture":"#0"},"west":{"uv":[2.25,7.25,2.5,7.5],"texture":"#0"},"up":{"uv":[7.5,2.5,7.25,2.25],"texture":"#0"},"down":{"uv":[2.75,7.25,2.5,7.5],"texture":"#0"}}},{"from":[7.14385,17.87086,7.73905],"to":[7.67418,19.16226,8.26095],"rotation":{"angle":-22.5,"axis":"z","origin":[7.74385,18.61226,8.01243]},"faces":{"north":{"uv":[7.25,2.5,7.5,2.75],"texture":"#0"},"east":{"uv":[2.75,7.25,3,7.5],"texture":"#0"},"south":{"uv":[7.25,2.75,7.5,3],"texture":"#0"},"west":{"uv":[3,7.25,3.25,7.5],"texture":"#0"},"up":{"uv":[7.5,3.25,7.25,3],"texture":"#0"},"down":{"uv":[3.5,7.25,3.25,7.5],"texture":"#0"}}},{"from":[7.14385,17.13774,7.73905],"to":[7.54918,18.42914,8.26095],"rotation":{"angle":22.5,"axis":"z","origin":[7.74385,17.68774,8.01243]},"faces":{"north":{"uv":[7.25,3.25,7.5,3.5],"texture":"#0"},"east":{"uv":[3.5,7.25,3.75,7.5],"texture":"#0"},"south":{"uv":[7.25,3.5,7.5,3.75],"texture":"#0"},"west":{"uv":[3.75,7.25,4,7.5],"texture":"#0"},"up":{"uv":[7.5,4,7.25,3.75],"texture":"#0"},"down":{"uv":[4.25,7.25,4,7.5],"texture":"#0"}}},{"from":[8.32582,17.87086,7.73905],"to":[8.85615,19.16226,8.26095],"rotation":{"angle":22.5,"axis":"z","origin":[8.25615,18.61226,8.01243]},"faces":{"north":{"uv":[7.25,4,7.5,4.25],"texture":"#0"},"east":{"uv":[4.25,7.25,4.5,7.5],"texture":"#0"},"south":{"uv":[7.25,4.25,7.5,4.5],"texture":"#0"},"west":{"uv":[4.5,7.25,4.75,7.5],"texture":"#0"},"up":{"uv":[7.5,4.75,7.25,4.5],"texture":"#0"},"down":{"uv":[5,7.25,4.75,7.5],"texture":"#0"}}},{"from":[8.45082,17.13774,7.73905],"to":[8.85615,18.42914,8.26095],"rotation":{"angle":-22.5,"axis":"z","origin":[8.25615,17.68774,8.01243]},"faces":{"north":{"uv":[7.25,4.75,7.5,5],"texture":"#0"},"east":{"uv":[5,7.25,5.25,7.5],"texture":"#0"},"south":{"uv":[7.25,5,7.5,5.25],"texture":"#0"},"west":{"uv":[5.25,7.25,5.5,7.5],"texture":"#0"},"up":{"uv":[7.5,5.5,7.25,5.25],"texture":"#0"},"down":{"uv":[5.75,7.25,5.5,7.5],"texture":"#0"}}},{"from":[7.72662,0,7.34],"to":[8.27338,0.35,8.66],"rotation":{"angle":0,"axis":"y","origin":[8,1.02,8]},"faces":{"north":{"uv":[7.25,5.5,7.5,5.75],"texture":"#0"},"east":{"uv":[5.75,7.25,6,7.5],"texture":"#0"},"south":{"uv":[7.25,5.75,7.5,6],"texture":"#0"},"west":{"uv":[6,7.25,6.25,7.5],"texture":"#0"},"up":{"uv":[7.5,6.25,7.25,6],"texture":"#0"},"down":{"uv":[6.5,7.25,6.25,7.5],"texture":"#0"}}},{"from":[7.34,0,7.72662],"to":[8.66,0.35,8.27338],"rotation":{"angle":-45,"axis":"y","origin":[8,1.02,8]},"faces":{"north":{"uv":[7.25,6.25,7.5,6.5],"texture":"#0"},"east":{"uv":[6.5,7.25,6.75,7.5],"texture":"#0"},"south":{"uv":[7.25,6.5,7.5,6.75],"texture":"#0"},"west":{"uv":[6.75,7.25,7,7.5],"texture":"#0"},"up":{"uv":[7.5,7,7.25,6.75],"texture":"#0"},"down":{"uv":[7.25,7.25,7,7.5],"texture":"#0"}}},{"from":[7.34,0,7.72662],"to":[8.66,0.35,8.27338],"rotation":{"angle":0,"axis":"y","origin":[8,1.02,8]},"faces":{"north":{"uv":[7.25,7,7.5,7.25],"texture":"#0"},"east":{"uv":[7.25,7.25,7.5,7.5],"texture":"#0"},"south":{"uv":[0,7.5,0.25,7.75],"texture":"#0"},"west":{"uv":[7.5,0,7.75,0.25],"texture":"#0"},"up":{"uv":[0.5,7.75,0.25,7.5],"texture":"#0"},"down":{"uv":[7.75,0.25,7.5,0.5],"texture":"#0"}}},{"from":[7.72662,0,7.34],"to":[8.27338,0.35,8.66],"rotation":{"angle":-45,"axis":"y","origin":[8,1.02,8]},"faces":{"north":{"uv":[0.5,7.5,0.75,7.75],"texture":"#0"},"east":{"uv":[7.5,0.5,7.75,0.75],"texture":"#0"},"south":{"uv":[0.75,7.5,1,7.75],"texture":"#0"},"west":{"uv":[7.5,0.75,7.75,1],"texture":"#0"},"up":{"uv":[1.25,7.75,1,7.5],"texture":"#0"},"down":{"uv":[7.75,1,7.5,1.25],"texture":"#0"}}},{"from":[7.72662,1.75,7.34],"to":[8.27338,2.1,8.66],"rotation":{"angle":-45,"axis":"y","origin":[8,2.77,8]},"faces":{"north":{"uv":[1.25,7.5,1.5,7.75],"texture":"#0"},"east":{"uv":[7.5,1.25,7.75,1.5],"texture":"#0"},"south":{"uv":[1.5,7.5,1.75,7.75],"texture":"#0"},"west":{"uv":[7.5,1.5,7.75,1.75],"texture":"#0"},"up":{"uv":[2,7.75,1.75,7.5],"texture":"#0"},"down":{"uv":[7.75,1.75,7.5,2],"texture":"#0"}}},{"from":[7.34,1.75,7.72662],"to":[8.66,2.1,8.27338],"rotation":{"angle":0,"axis":"y","origin":[8,2.77,8]},"faces":{"north":{"uv":[2,7.5,2.25,7.75],"texture":"#0"},"east":{"uv":[7.5,2,7.75,2.25],"texture":"#0"},"south":{"uv":[2.25,7.5,2.5,7.75],"texture":"#0"},"west":{"uv":[7.5,2.25,7.75,2.5],"texture":"#0"},"up":{"uv":[2.75,7.75,2.5,7.5],"texture":"#0"},"down":{"uv":[7.75,2.5,7.5,2.75],"texture":"#0"}}},{"from":[7.34,1.75,7.72662],"to":[8.66,2.1,8.27338],"rotation":{"angle":-45,"axis":"y","origin":[8,2.77,8]},"faces":{"north":{"uv":[2.75,7.5,3,7.75],"texture":"#0"},"east":{"uv":[7.5,2.75,7.75,3],"texture":"#0"},"south":{"uv":[3,7.5,3.25,7.75],"texture":"#0"},"west":{"uv":[7.5,3,7.75,3.25],"texture":"#0"},"up":{"uv":[3.5,7.75,3.25,7.5],"texture":"#0"},"down":{"uv":[7.75,3.25,7.5,3.5],"texture":"#0"}}},{"from":[7.72662,1.75,7.34],"to":[8.27338,2.1,8.66],"rotation":{"angle":0,"axis":"y","origin":[8,2.77,8]},"faces":{"north":{"uv":[3.5,7.5,3.75,7.75],"texture":"#0"},"east":{"uv":[7.5,3.5,7.75,3.75],"texture":"#0"},"south":{"uv":[3.75,7.5,4,7.75],"texture":"#0"},"west":{"uv":[7.5,3.75,7.75,4],"texture":"#0"},"up":{"uv":[4.25,7.75,4,7.5],"texture":"#0"},"down":{"uv":[7.75,4,7.5,4.25],"texture":"#0"}}},{"from":[7.72662,16.6,7.34],"to":[8.27338,16.95,8.66],"rotation":{"angle":0,"axis":"y","origin":[8,17.62,8]},"faces":{"north":{"uv":[4.25,7.5,4.5,7.75],"texture":"#0"},"east":{"uv":[7.5,4.25,7.75,4.5],"texture":"#0"},"south":{"uv":[4.5,7.5,4.75,7.75],"texture":"#0"},"west":{"uv":[7.5,4.5,7.75,4.75],"texture":"#0"},"up":{"uv":[5,7.75,4.75,7.5],"texture":"#0"},"down":{"uv":[7.75,4.75,7.5,5],"texture":"#0"}}},{"from":[7.72662,16.6,7.34],"to":[8.27338,16.95,8.66],"rotation":{"angle":-45,"axis":"y","origin":[8,17.62,8]},"faces":{"north":{"uv":[5,7.5,5.25,7.75],"texture":"#0"},"east":{"uv":[7.5,5,7.75,5.25],"texture":"#0"},"south":{"uv":[5.25,7.5,5.5,7.75],"texture":"#0"},"west":{"uv":[7.5,5.25,7.75,5.5],"texture":"#0"},"up":{"uv":[5.75,7.75,5.5,7.5],"texture":"#0"},"down":{"uv":[7.75,5.5,7.5,5.75],"texture":"#0"}}},{"from":[7.34,16.6,7.72662],"to":[8.66,16.95,8.27338],"rotation":{"angle":0,"axis":"y","origin":[8,17.62,8]},"faces":{"north":{"uv":[5.75,7.5,6,7.75],"texture":"#0"},"east":{"uv":[7.5,5.75,7.75,6],"texture":"#0"},"south":{"uv":[6,7.5,6.25,7.75],"texture":"#0"},"west":{"uv":[7.5,6,7.75,6.25],"texture":"#0"},"up":{"uv":[6.5,7.75,6.25,7.5],"texture":"#0"},"down":{"uv":[7.75,6.25,7.5,6.5],"texture":"#0"}}},{"from":[7.34,16.6,7.72662],"to":[8.66,16.95,8.27338],"rotation":{"angle":-45,"axis":"y","origin":[8,17.62,8]},"faces":{"north":{"uv":[6.5,7.5,6.75,7.75],"texture":"#0"},"east":{"uv":[7.5,6.5,7.75,6.75],"texture":"#0"},"south":{"uv":[6.75,7.5,7,7.75],"texture":"#0"},"west":{"uv":[7.5,6.75,7.75,7],"texture":"#0"},"up":{"uv":[7.25,7.75,7,7.5],"texture":"#0"},"down":{"uv":[7.75,7,7.5,7.25],"texture":"#0"}}},{"from":[7.72662,19.35,7.34],"to":[8.27338,19.7,8.66],"rotation":{"angle":0,"axis":"y","origin":[8,20.37,8]},"faces":{"north":{"uv":[7.25,7.5,7.5,7.75],"texture":"#0"},"east":{"uv":[7.5,7.25,7.75,7.5],"texture":"#0"},"south":{"uv":[7.5,7.5,7.75,7.75],"texture":"#0"},"west":{"uv":[0,7.75,0.25,8],"texture":"#0"},"up":{"uv":[8,0.25,7.75,0],"texture":"#0"},"down":{"uv":[0.5,7.75,0.25,8],"texture":"#0"}}},{"from":[7.72662,19.35,7.34],"to":[8.27338,19.7,8.66],"rotation":{"angle":-45,"axis":"y","origin":[8,20.37,8]},"faces":{"north":{"uv":[7.75,0.25,8,0.5],"texture":"#0"},"east":{"uv":[0.5,7.75,0.75,8],"texture":"#0"},"south":{"uv":[7.75,0.5,8,0.75],"texture":"#0"},"west":{"uv":[0.75,7.75,1,8],"texture":"#0"},"up":{"uv":[8,1,7.75,0.75],"texture":"#0"},"down":{"uv":[1.25,7.75,1,8],"texture":"#0"}}},{"from":[7.34,19.35,7.72662],"to":[8.66,19.7,8.27338],"rotation":{"angle":0,"axis":"y","origin":[8,20.37,8]},"faces":{"north":{"uv":[7.75,1,8,1.25],"texture":"#0"},"east":{"uv":[1.25,7.75,1.5,8],"texture":"#0"},"south":{"uv":[7.75,1.25,8,1.5],"texture":"#0"},"west":{"uv":[1.5,7.75,1.75,8],"texture":"#0"},"up":{"uv":[8,1.75,7.75,1.5],"texture":"#0"},"down":{"uv":[2,7.75,1.75,8],"texture":"#0"}}},{"from":[7.34,19.35,7.72662],"to":[8.66,19.7,8.27338],"rotation":{"angle":-45,"axis":"y","origin":[8,20.37,8]},"faces":{"north":{"uv":[7.75,1.75,8,2],"texture":"#0"},"east":{"uv":[2,7.75,2.25,8],"texture":"#0"},"south":{"uv":[7.75,2,8,2.25],"texture":"#0"},"west":{"uv":[2.25,7.75,2.5,8],"texture":"#0"},"up":{"uv":[8,2.5,7.75,2.25],"texture":"#0"},"down":{"uv":[2.75,7.75,2.5,8],"texture":"#0"}}},{"from":[7.34,21.35,7.72662],"to":[8.66,21.7,8.27338],"rotation":{"angle":-45,"axis":"y","origin":[8,22.37,8]},"faces":{"north":{"uv":[7.75,2.5,8,2.75],"texture":"#0"},"east":{"uv":[2.75,7.75,3,8],"texture":"#0"},"south":{"uv":[7.75,2.75,8,3],"texture":"#0"},"west":{"uv":[3,7.75,3.25,8],"texture":"#0"},"up":{"uv":[8,3.25,7.75,3],"texture":"#0"},"down":{"uv":[3.5,7.75,3.25,8],"texture":"#0"}}},{"from":[7.72662,21.35,7.34],"to":[8.27338,21.7,8.66],"rotation":{"angle":0,"axis":"y","origin":[8,22.37,8]},"faces":{"north":{"uv":[7.75,3.25,8,3.5],"texture":"#0"},"east":{"uv":[3.5,7.75,3.75,8],"texture":"#0"},"south":{"uv":[7.75,3.5,8,3.75],"texture":"#0"},"west":{"uv":[3.75,7.75,4,8],"texture":"#0"},"up":{"uv":[8,4,7.75,3.75],"texture":"#0"},"down":{"uv":[4.25,7.75,4,8],"texture":"#0"}}},{"from":[7.72662,21.35,7.34],"to":[8.27338,21.7,8.66],"rotation":{"angle":-45,"axis":"y","origin":[8,22.37,8]},"faces":{"north":{"uv":[7.75,4,8,4.25],"texture":"#0"},"east":{"uv":[4.25,7.75,4.5,8],"texture":"#0"},"south":{"uv":[7.75,4.25,8,4.5],"texture":"#0"},"west":{"uv":[4.5,7.75,4.75,8],"texture":"#0"},"up":{"uv":[8,4.75,7.75,4.5],"texture":"#0"},"down":{"uv":[5,7.75,4.75,8],"texture":"#0"}}},{"from":[7.34,21.35,7.72662],"to":[8.66,21.7,8.27338],"rotation":{"angle":0,"axis":"y","origin":[8,22.37,8]},"faces":{"north":{"uv":[7.75,4.75,8,5],"texture":"#0"},"east":{"uv":[5,7.75,5.25,8],"texture":"#0"},"south":{"uv":[7.75,5,8,5.25],"texture":"#0"},"west":{"uv":[5.25,7.75,5.5,8],"texture":"#0"},"up":{"uv":[8,5.5,7.75,5.25],"texture":"#0"},"down":{"uv":[5.75,7.75,5.5,8],"texture":"#0"}}},{"from":[7.5,23.37868,6.5],"to":[8.5,24.62132,9.5],"rotation":{"angle":-45,"axis":"x","origin":[7.5,24,8]},"faces":{"north":{"uv":[7.75,5.5,8,5.75],"texture":"#0"},"east":{"uv":[4.75,2.25,5.5,2.5],"texture":"#0"},"south":{"uv":[5.75,7.75,6,8],"texture":"#0"},"west":{"uv":[4.75,2.5,5.5,2.75],"texture":"#0"},"up":{"uv":[3,5.5,2.75,4.75],"texture":"#0"},"down":{"uv":[5,2.75,4.75,3.5],"texture":"#0"}}},{"from":[6.5,23.37868,7.5],"to":[9.5,24.62132,8.5],"rotation":{"angle":45,"axis":"z","origin":[8,24,8.5]},"faces":{"north":{"uv":[3,4.75,3.75,5],"texture":"#0"},"east":{"uv":[7.75,5.75,8,6],"texture":"#0"},"south":{"uv":[4.75,3.5,5.5,3.75],"texture":"#0"},"west":{"uv":[6,7.75,6.25,8],"texture":"#0"},"up":{"uv":[5.5,4,4.75,3.75],"texture":"#0"},"down":{"uv":[5.5,4,4.75,4.25],"texture":"#0"}}},{"from":[7.37868,22.5,7.5],"to":[8.62132,25.5,8.5],"rotation":{"angle":0,"axis":"y","origin":[8,24,8.5]},"faces":{"north":{"uv":[3.75,4.75,4,5.5],"texture":"#0"},"east":{"uv":[4.75,4.25,5,5],"texture":"#0"},"south":{"uv":[5,0,5.25,0.75],"texture":"#0"},"west":{"uv":[5,2.75,5.25,3.5],"texture":"#0"},"up":{"uv":[8,6.25,7.75,6],"texture":"#0"},"down":{"uv":[6.5,7.75,6.25,8],"texture":"#0"}}},{"from":[7.37868,22.5,7.5],"to":[8.62132,25.5,8.5],"rotation":{"angle":45,"axis":"z","origin":[8,24,8.5]},"faces":{"north":{"uv":[3,5,3.25,5.75],"texture":"#0"},"east":{"uv":[3.25,5,3.5,5.75],"texture":"#0"},"south":{"uv":[3.5,5,3.75,5.75],"texture":"#0"},"west":{"uv":[4,5,4.25,5.75],"texture":"#0"},"up":{"uv":[8,6.5,7.75,6.25],"texture":"#0"},"down":{"uv":[6.75,7.75,6.5,8],"texture":"#0"}}},{"from":[6.5,23.37868,7.5],"to":[9.5,24.62132,8.5],"rotation":{"angle":0,"axis":"y","origin":[8,24,8.5]},"faces":{"north":{"uv":[5,0.75,5.75,1],"texture":"#0"},"east":{"uv":[7.75,6.5,8,6.75],"texture":"#0"},"south":{"uv":[5,1,5.75,1.25],"texture":"#0"},"west":{"uv":[6.75,7.75,7,8],"texture":"#0"},"up":{"uv":[5,5.25,4.25,5],"texture":"#0"},"down":{"uv":[5.75,4.25,5,4.5],"texture":"#0"}}},{"from":[7.5,22.5,7.37868],"to":[8.5,25.5,8.62132],"rotation":{"angle":0,"axis":"y","origin":[7.5,24,8]},"faces":{"north":{"uv":[5,4.5,5.25,5.25],"texture":"#0"},"east":{"uv":[5.25,0,5.5,0.75],"texture":"#0"},"south":{"uv":[0.75,5.25,1,6],"texture":"#0"},"west":{"uv":[1,5.25,1.25,6],"texture":"#0"},"up":{"uv":[8,7,7.75,6.75],"texture":"#0"},"down":{"uv":[7.25,7.75,7,8],"texture":"#0"}}},{"from":[7.5,22.5,7.37868],"to":[8.5,25.5,8.62132],"rotation":{"angle":-45,"axis":"x","origin":[7.5,24,8]},"faces":{"north":{"uv":[1.25,5.25,1.5,6],"texture":"#0"},"east":{"uv":[5.25,1.25,5.5,2],"texture":"#0"},"south":{"uv":[1.5,5.25,1.75,6],"texture":"#0"},"west":{"uv":[1.75,5.25,2,6],"texture":"#0"},"up":{"uv":[8,7.25,7.75,7],"texture":"#0"},"down":{"uv":[7.5,7.75,7.25,8],"texture":"#0"}}},{"from":[7.72,27.46657,4.86908],"to":[8.28,28.58657,6.60878],"rotation":{"angle":-22.5,"axis":"x","origin":[7.3,25.08657,5.73893]},"faces":{"north":{"uv":[7.75,7.25,8,7.5],"texture":"#0"},"east":{"uv":[2,6,2.5,6.25],"texture":"#0"},"south":{"uv":[7.5,7.75,7.75,8],"texture":"#0"},"west":{"uv":[6,2,6.5,2.25],"texture":"#0"},"up":{"uv":[6.25,2.75,6,2.25],"texture":"#0"},"down":{"uv":[6.25,2.75,6,3.25],"texture":"#0"}}},{"from":[7.58,24.02747,1.9557],"to":[8.42,25.76717,3.3557],"rotation":{"angle":45,"axis":"x","origin":[7.3,24.89732,5.4557]},"faces":{"north":{"uv":[6,3.25,6.25,3.75],"texture":"#0"},"east":{"uv":[3.75,6,4,6.5],"texture":"#0"},"south":{"uv":[6,3.75,6.25,4.25],"texture":"#0"},"west":{"uv":[4.25,6,4.5,6.5],"texture":"#0"},"up":{"uv":[8,7.75,7.75,7.5],"texture":"#0"},"down":{"uv":[8,7.75,7.75,8],"texture":"#0"}}},{"from":[7.44,23.74424,1.76645],"to":[8.56,25.48394,3.44645],"rotation":{"angle":22.5,"axis":"x","origin":[7.3,24.61409,5.26645]},"faces":{"north":{"uv":[6,4.25,6.25,4.75],"texture":"#0"},"east":{"uv":[0.75,4.75,1.25,5.25],"texture":"#0"},"south":{"uv":[6,4.75,6.25,5.25],"texture":"#0"},"west":{"uv":[1.25,4.75,1.75,5.25],"texture":"#0"},"up":{"uv":[5.5,6.5,5.25,6],"texture":"#0"},"down":{"uv":[6.25,5.25,6,5.75],"texture":"#0"}}},{"from":[7.72,19.41343,4.86908],"to":[8.28,20.53343,6.60878],"rotation":{"angle":22.5,"axis":"x","origin":[7.3,22.91343,5.73893]},"faces":{"north":{"uv":[0,8,0.25,8.25],"texture":"#0"},"east":{"uv":[5.5,6,6,6.25],"texture":"#0"},"south":{"uv":[8,0,8.25,0.25],"texture":"#0"},"west":{"uv":[6,5.75,6.5,6],"texture":"#0"},"up":{"uv":[6.25,6.5,6,6],"texture":"#0"},"down":{"uv":[6.5,0,6.25,0.5],"texture":"#0"}}},{"from":[7.58,22.23283,1.9557],"to":[8.42,23.97253,3.3557],"rotation":{"angle":-45,"axis":"x","origin":[7.3,23.10268,5.4557]},"faces":{"north":{"uv":[6.25,0.5,6.5,1],"texture":"#0"},"east":{"uv":[6.25,1,6.5,1.5],"texture":"#0"},"south":{"uv":[6.25,1.5,6.5,2],"texture":"#0"},"west":{"uv":[2,6.25,2.25,6.75],"texture":"#0"},"up":{"uv":[0.5,8.25,0.25,8],"texture":"#0"},"down":{"uv":[8.25,0.25,8,0.5],"texture":"#0"}}},{"from":[7.44,22.51606,1.76645],"to":[8.56,24.25576,3.44645],"rotation":{"angle":-22.5,"axis":"x","origin":[7.3,23.38591,5.26645]},"faces":{"north":{"uv":[2.25,6.25,2.5,6.75],"texture":"#0"},"east":{"uv":[4.75,1.25,5.25,1.75],"texture":"#0"},"south":{"uv":[6.25,2.25,6.5,2.75],"texture":"#0"},"west":{"uv":[1.75,4.75,2.25,5.25],"texture":"#0"},"up":{"uv":[2.75,6.75,2.5,6.25],"texture":"#0"},"down":{"uv":[3,6.25,2.75,6.75],"texture":"#0"}}},{"from":[7.3,22.85015,1.7],"to":[8.7,25.14985,3.38],"rotation":{"angle":0,"axis":"y","origin":[7.3,24,5.2]},"faces":{"north":{"uv":[6.25,2.75,6.5,3.25],"texture":"#0"},"east":{"uv":[4.75,1.75,5.25,2.25],"texture":"#0"},"south":{"uv":[3,6.25,3.25,6.75],"texture":"#0"},"west":{"uv":[2.25,4.75,2.75,5.25],"texture":"#0"},"up":{"uv":[3.5,6.75,3.25,6.25],"texture":"#0"},"down":{"uv":[6.5,3.25,6.25,3.75],"texture":"#0"}}},{"from":[7.5,23.37868,6.5],"to":[8.5,24.62132,9.5],"rotation":{"angle":0,"axis":"y","origin":[7.5,24,8]},"faces":{"north":{"uv":[0.5,8,0.75,8.25],"texture":"#0"},"east":{"uv":[2,5.25,2.75,5.5],"texture":"#0"},"south":{"uv":[8,0.5,8.25,0.75],"texture":"#0"},"west":{"uv":[5.25,2,6,2.25],"texture":"#0"},"up":{"uv":[5.5,3.5,5.25,2.75],"texture":"#0"},"down":{"uv":[4.5,5.25,4.25,6],"texture":"#0"}}}],"display":{"thirdperson_righthand":{"translation":[0,1.25,1],"scale":[1.3,1.3,1.3]},"thirdperson_lefthand":{"translation":[0,1.25,1],"scale":[1.3,1.3,1.3]},"ground":{"translation":[0,10,0]},"gui":{"rotation":[-90,67.25,90],"translation":[1.75,-1.5,0],"scale":[0.5,0.5,0.5]},"fixed":{"rotation":[0,90,0],"translation":[0,-2.25,0],"scale":[0.55,0.55,0.55]}},"groups":[{"name":"axe","origin":[16,8,16],"color":0,"children":[0,1,2,3,4,5,6,7,8,9,10,11,12,13,14,15,16,17,18,19,20,21,22,23,24,25,26,27,28,29,30,31,32,33,34,35,36,37,38,39,40,41,42,43,44,45,46,47,48,49,50,51,52,53,54,55,56,57,58,59,60,61,62,63,64,65,66,67,68,69,70,71,72,73,74,75,76,77,78,79,80,81,82,83,84,85]}]}