{"credit":"Made with Blockbench","texture_size":[32,32],"textures":{"0":"item/axes/normalaxe_texture","particle":"item/axes/normalaxe_texture"},"elements":[{"from":[7.2,0,7.2],"to":[8.8,5,8.8],"rotation":{"angle":0,"axis":"y","origin":[7.2,0,7.2]},"faces":{"north":{"uv":[3,3,4,5.5],"texture":"#0"},"east":{"uv":[4,0,5,2.5],"texture":"#0"},"south":{"uv":[4,2.5,5,5],"texture":"#0"},"west":{"uv":[0,5,1,7.5],"texture":"#0"},"up":{"uv":[7,4.5,6,3.5],"texture":"#0"},"down":{"uv":[7,4.5,6,5.5],"texture":"#0"}}},{"from":[7,5,7],"to":[9,6,9],"rotation":{"angle":0,"axis":"y","origin":[7.2,-1,7.2]},"faces":{"north":{"uv":[9,3.5,10,4],"texture":"#0"},"east":{"uv":[9,5,10,5.5],"texture":"#0"},"south":{"uv":[9,5.5,10,6],"texture":"#0"},"west":{"uv":[9.5,2,10.5,2.5],"texture":"#0"},"up":{"uv":[7,6.5,6,5.5],"texture":"#0"},"down":{"uv":[7.5,0,6.5,1],"texture":"#0"}}},{"from":[6.975,0,6.975],"to":[9.025,1,9.025],"rotation":{"angle":0,"axis":"y","origin":[7.2,0,7.2]},"faces":{"north":{"uv":[9.5,2.5,10.5,3],"texture":"#0"},"east":{"uv":[9.5,3,10.5,3.5],"texture":"#0"},"south":{"uv":[9.5,4,10.5,4.5],"texture":"#0"},"west":{"uv":[9.5,4.5,10.5,5],"texture":"#0"},"up":{"uv":[2,7.5,1,6.5],"texture":"#0"},"down":{"uv":[7,6.5,6,7.5],"texture":"#0"}}},{"from":[7,-1.27279,7.05858],"to":[9,0.14142,8.47279],"rotation":{"angle":-45,"axis":"x","origin":[7.2,0,7.2]},"faces":{"north":{"uv":[9.5,6,10.5,6.5],"texture":"#0"},"east":{"uv":[2.5,5,3,5.5],"texture":"#0"},"south":{"uv":[9.5,6.5,10.5,7],"texture":"#0"},"west":{"uv":[6.5,1,7,1.5],"texture":"#0"},"up":{"uv":[10.5,7.5,9.5,7],"texture":"#0"},"down":{"uv":[10.5,7.5,9.5,8],"texture":"#0"}}},{"from":[7.52721,-1.27279,7],"to":[8.94142,0.14142,9],"rotation":{"angle":-45,"axis":"z","origin":[8.8,0,7.2]},"faces":{"north":{"uv":[4.5,7,5,7.5],"texture":"#0"},"east":{"uv":[9.5,8,10.5,8.5],"texture":"#0"},"south":{"uv":[10,3.5,10.5,4],"texture":"#0"},"west":{"uv":[9.5,8.5,10.5,9],"texture":"#0"},"up":{"uv":[2.5,7.5,2,6.5],"texture":"#0"},"down":{"uv":[3.5,9.5,3,10.5],"texture":"#0"}}},{"from":[7.4565,19.38787,6.925],"to":[9.01213,20.9435,9.075],"rotation":{"angle":45,"axis":"z","origin":[8.8,19.6,7.2]},"faces":{"north":{"uv":[7,1,8,2],"texture":"#0"},"east":{"uv":[7,2,8,3],"texture":"#0"},"south":{"uv":[7,3,8,4],"texture":"#0"},"west":{"uv":[3.5,7,4.5,8],"texture":"#0"},"up":{"uv":[8,5,7,4],"texture":"#0"},"down":{"uv":[8,5,7,6],"texture":"#0"}}},{"from":[7.4565,18.78787,6.925],"to":[9.01213,20.3435,9.075],"rotation":{"angle":45,"axis":"z","origin":[8.8,19,7.2]},"faces":{"north":{"uv":[7,6,8,7],"texture":"#0"},"east":{"uv":[7,7,8,8],"texture":"#0"},"south":{"uv":[0,7.5,1,8.5],"texture":"#0"},"west":{"uv":[7.5,0,8.5,1],"texture":"#0"},"up":{"uv":[2,8.5,1,7.5],"texture":"#0"},"down":{"uv":[3,7.5,2,8.5],"texture":"#0"}}},{"from":[7,10,7],"to":[9,11,9],"rotation":{"angle":0,"axis":"y","origin":[7.2,-1,7.2]},"faces":{"north":{"uv":[9.5,9,10.5,9.5],"texture":"#0"},"east":{"uv":[9.5,9.5,10.5,10],"texture":"#0"},"south":{"uv":[10,0,11,0.5],"texture":"#0"},"west":{"uv":[10,0.5,11,1],"texture":"#0"},"up":{"uv":[5.5,8.5,4.5,7.5],"texture":"#0"},"down":{"uv":[6.5,7.5,5.5,8.5],"texture":"#0"}}},{"from":[7.3,6,7.3],"to":[8.7,10,8.7],"rotation":{"angle":0,"axis":"y","origin":[7.2,0,7.2]},"faces":{"north":{"uv":[6,12.5,7,14.5],"texture":"#0"},"east":{"uv":[5,12.5,6,14.5],"texture":"#0"},"south":{"uv":[8,12.5,9,14.5],"texture":"#0"},"west":{"uv":[7,12.5,8,14.5],"texture":"#0"},"up":{"uv":[11.5,8,11,7.5],"texture":"#0"},"down":{"uv":[8.5,11,8,11.5],"texture":"#0"}}},{"from":[7,15,7],"to":[9,19,9],"rotation":{"angle":0,"axis":"y","origin":[7.2,-2,7.2]},"faces":{"north":{"uv":[5,1.5,6,3.5],"texture":"#0"},"east":{"uv":[5,3.5,6,5.5],"texture":"#0"},"south":{"uv":[4,5,5,7],"texture":"#0"},"west":{"uv":[2.5,5.5,3.5,7.5],"texture":"#0"},"up":{"uv":[4.5,9,3.5,8],"texture":"#0"},"down":{"uv":[9,5,8,6],"texture":"#0"}}},{"from":[7.6,15.1,3.8],"to":[8.4,19,7],"rotation":{"angle":0,"axis":"y","origin":[7.2,17,6.2]},"faces":{"north":{"uv":[8,6,8.5,8],"texture":"#0"},"east":{"uv":[0,0,1.5,2],"texture":"#0"},"south":{"uv":[7,8,7.5,10],"texture":"#0"},"west":{"uv":[1.5,0,3,2],"texture":"#0"},"up":{"uv":[4,7,3.5,5.5],"texture":"#0"},"down":{"uv":[9.5,2,9,3.5],"texture":"#0"}}},{"from":[7.6,15.2,8.94228],"to":[8.4,18.9,10],"rotation":{"angle":0,"axis":"y","origin":[7.2,17,10.9]},"faces":{"north":{"uv":[7.5,8,8,10],"texture":"#0"},"east":{"uv":[8,8,8.5,10],"texture":"#0"},"south":{"uv":[0,8.5,0.5,10.5],"texture":"#0"},"west":{"uv":[8.5,0,9,2],"texture":"#0"},"up":{"uv":[11.5,8.5,11,8],"texture":"#0"},"down":{"uv":[11.5,8.5,11,9],"texture":"#0"}}},{"from":[7.7,17.53518,8.4636],"to":[8.3,20.15147,11.0799],"rotation":{"angle":-45,"axis":"x","origin":[7.2,18.22218,12.05061]},"faces":{"north":{"uv":[3.5,9,4,10.5],"texture":"#0"},"east":{"uv":[5,0,6.5,1.5],"texture":"#0"},"south":{"uv":[4,9,4.5,10.5],"texture":"#0"},"west":{"uv":[1,5,2.5,6.5],"texture":"#0"},"up":{"uv":[9,10.5,8.5,9],"texture":"#0"},"down":{"uv":[9.5,9,9,10.5],"texture":"#0"}}},{"from":[7.625,14.2,2.3],"to":[8.375,18.45,3.8],"rotation":{"angle":0,"axis":"y","origin":[7.2,17,6.2]},"faces":{"north":{"uv":[0.5,8.5,1,10.5],"texture":"#0"},"east":{"uv":[5,5.5,6,7.5],"texture":"#0"},"south":{"uv":[1,8.5,1.5,10.5],"texture":"#0"},"west":{"uv":[6,1.5,7,3.5],"texture":"#0"},"up":{"uv":[7,10.5,6.5,9.5],"texture":"#0"},"down":{"uv":[10.5,1,10,2],"texture":"#0"}}},{"from":[7.26788,15.1,5.881],"to":[7.79288,19,7.056],"rotation":{"angle":-22.5,"axis":"y","origin":[7.26788,19,6.756]},"faces":{"north":{"uv":[1.5,8.5,2,10.5],"texture":"#0"},"east":{"uv":[2,8.5,2.5,10.5],"texture":"#0"},"south":{"uv":[8.5,2,9,4],"texture":"#0"},"west":{"uv":[2.5,8.5,3,10.5],"texture":"#0"},"up":{"uv":[11.5,9.5,11,9],"texture":"#0"},"down":{"uv":[10,11,9.5,11.5],"texture":"#0"}}},{"from":[8.20712,15.1,5.881],"to":[8.73212,19,7.056],"rotation":{"angle":22.5,"axis":"y","origin":[8.73212,19,6.756]},"faces":{"north":{"uv":[4.5,8.5,5,10.5],"texture":"#0"},"east":{"uv":[5,8.5,5.5,10.5],"texture":"#0"},"south":{"uv":[5.5,8.5,6,10.5],"texture":"#0"},"west":{"uv":[6,8.5,6.5,10.5],"texture":"#0"},"up":{"uv":[11.5,10,11,9.5],"texture":"#0"},"down":{"uv":[10.5,11,10,11.5],"texture":"#0"}}},{"from":[7.6,18,2.8],"to":[8.4,19,4],"rotation":{"angle":22.5,"axis":"x","origin":[7.4,18,4]},"faces":{"north":{"uv":[11,10,11.5,10.5],"texture":"#0"},"east":{"uv":[12,12,10.5,12.5],"texture":"#0"},"south":{"uv":[11,10.5,11.5,11],"texture":"#0"},"west":{"uv":[10.5,12,12,12.5],"texture":"#0"},"up":{"uv":[0.5,11,0,12.5],"texture":"#0"},"down":{"uv":[12,0,11.5,0.5],"texture":"#0"}}},{"from":[7.6,17.95922,1.69134],"to":[8.4,19.45922,2.89134],"rotation":{"angle":45,"axis":"x","origin":[7.4,18.45922,2.89134]},"faces":{"north":{"uv":[10,5,10.5,6],"texture":"#0"},"east":{"uv":[7,10,7.5,11],"texture":"#0"},"south":{"uv":[7.5,10,8,11],"texture":"#0"},"west":{"uv":[8,10,8.5,11],"texture":"#0"},"up":{"uv":[1,12,0.5,11.5],"texture":"#0"},"down":{"uv":[12,0.5,11.5,1],"texture":"#0"}}},{"from":[7.8,17.90922,1.49134],"to":[8.2,19.45922,1.69134],"rotation":{"angle":45,"axis":"x","origin":[7.4,18.45922,2.89134]},"faces":{"north":{"uv":[9.5,10,10,11],"texture":"#0"},"east":{"uv":[10,10,10.5,11],"texture":"#0"},"south":{"uv":[0,10.5,0.5,11.5],"texture":"#0"},"west":{"uv":[0.5,10.5,1,11.5],"texture":"#0"},"up":{"uv":[1.5,12,1,11.5],"texture":"#0"},"down":{"uv":[12,1,11.5,1.5],"texture":"#0"}}},{"from":[7.6,17.0711,1.21524],"to":[8.4,18.5711,2.41524],"rotation":{"angle":22.5,"axis":"x","origin":[7.4,17.5711,2.41524]},"faces":{"north":{"uv":[1,10.5,1.5,11.5],"texture":"#0"},"east":{"uv":[10.5,1,11,2],"texture":"#0"},"south":{"uv":[1.5,10.5,2,11.5],"texture":"#0"},"west":{"uv":[2,10.5,2.5,11.5],"texture":"#0"},"up":{"uv":[2,12,1.5,11.5],"texture":"#0"},"down":{"uv":[12,1.5,11.5,2],"texture":"#0"}}},{"from":[7.8,17.0461,1.01524],"to":[8.2,18.5961,1.21524],"rotation":{"angle":22.5,"axis":"x","origin":[7.4,17.5711,2.41524]},"faces":{"north":{"uv":[10.5,2,11,3],"texture":"#0"},"east":{"uv":[2.5,10.5,3,11.5],"texture":"#0"},"south":{"uv":[3,10.5,3.5,11.5],"texture":"#0"},"west":{"uv":[10.5,3,11,4],"texture":"#0"},"up":{"uv":[2.5,12,2,11.5],"texture":"#0"},"down":{"uv":[12,2,11.5,2.5],"texture":"#0"}}},{"from":[7.6,15.56838,1.11524],"to":[8.4,17.56838,2.31524],"rotation":{"angle":0,"axis":"y","origin":[7.4,16.56838,2.31524]},"faces":{"north":{"uv":[3.5,10.5,4,11.5],"texture":"#0"},"east":{"uv":[4,10.5,4.5,11.5],"texture":"#0"},"south":{"uv":[10.5,4,11,5],"texture":"#0"},"west":{"uv":[4.5,10.5,5,11.5],"texture":"#0"},"up":{"uv":[3,12,2.5,11.5],"texture":"#0"},"down":{"uv":[12,2.5,11.5,3],"texture":"#0"}}},{"from":[7.8,15.51838,0.91524],"to":[8.2,17.61838,1.11524],"rotation":{"angle":0,"axis":"y","origin":[7.4,16.56838,2.31524]},"faces":{"north":{"uv":[5,10.5,5.5,11.5],"texture":"#0"},"east":{"uv":[10.5,5,11,6],"texture":"#0"},"south":{"uv":[5.5,10.5,6,11.5],"texture":"#0"},"west":{"uv":[6,10.5,6.5,11.5],"texture":"#0"},"up":{"uv":[3.5,12,3,11.5],"texture":"#0"},"down":{"uv":[12,3,11.5,3.5],"texture":"#0"}}},{"from":[7.6,14.60372,1.40658],"to":[8.4,16.10372,2.60658],"rotation":{"angle":-22.5,"axis":"x","origin":[7.4,15.10372,2.60658]},"faces":{"north":{"uv":[10.5,6,11,7],"texture":"#0"},"east":{"uv":[6.5,10.5,7,11.5],"texture":"#0"},"south":{"uv":[10.5,7,11,8],"texture":"#0"},"west":{"uv":[10.5,8,11,9],"texture":"#0"},"up":{"uv":[4,12,3.5,11.5],"texture":"#0"},"down":{"uv":[12,3.5,11.5,4],"texture":"#0"}}},{"from":[7.8,14.55372,1.20658],"to":[8.2,16.12872,1.40658],"rotation":{"angle":-22.5,"axis":"x","origin":[7.4,15.10372,2.60658]},"faces":{"north":{"uv":[8.5,10.5,9,11.5],"texture":"#0"},"east":{"uv":[9,10.5,9.5,11.5],"texture":"#0"},"south":{"uv":[10.5,9,11,10],"texture":"#0"},"west":{"uv":[10.5,10,11,11],"texture":"#0"},"up":{"uv":[4.5,12,4,11.5],"texture":"#0"},"down":{"uv":[5,11.5,4.5,12],"texture":"#0"}}},{"from":[7.6,13.82398,2.0449],"to":[8.4,15.32398,3.2449],"rotation":{"angle":-45,"axis":"x","origin":[7.4,14.32398,3.2449]},"faces":{"north":{"uv":[5,11.5,5.5,12],"texture":"#0"},"east":{"uv":[5.5,11.5,6,12],"texture":"#0"},"south":{"uv":[6,11.5,6.5,12],"texture":"#0"},"west":{"uv":[6.5,11.5,7,12],"texture":"#0"},"up":{"uv":[7.5,12,7,11.5],"texture":"#0"},"down":{"uv":[8,11.5,7.5,12],"texture":"#0"}}},{"from":[7.8,13.82398,1.8449],"to":[8.2,15.34898,2.0449],"rotation":{"angle":-45,"axis":"x","origin":[7.4,14.32398,3.2449]},"faces":{"north":{"uv":[11,0,11.5,1],"texture":"#0"},"east":{"uv":[11,1,11.5,2],"texture":"#0"},"south":{"uv":[11,2,11.5,3],"texture":"#0"},"west":{"uv":[11,3,11.5,4],"texture":"#0"},"up":{"uv":[12,8,11.5,7.5],"texture":"#0"},"down":{"uv":[8.5,11.5,8,12],"texture":"#0"}}},{"from":[7.6,13.54306,2.46724],"to":[8.4,14.04306,3.66724],"rotation":{"angle":-22.5,"axis":"x","origin":[7.4,14.04306,3.66724]},"faces":{"north":{"uv":[11.5,8,12,8.5],"texture":"#0"},"east":{"uv":[8.5,11.5,9,12],"texture":"#0"},"south":{"uv":[11.5,8.5,12,9],"texture":"#0"},"west":{"uv":[9,12,10.5,12.5],"texture":"#0"},"up":{"uv":[12,9.5,11.5,9],"texture":"#0"},"down":{"uv":[10,11.5,9.5,12],"texture":"#0"}}},{"from":[7.6,13.58112,3.35858],"to":[8.4,14.58112,3.85858],"rotation":{"angle":0,"axis":"y","origin":[7.4,14.78112,3.35858]},"faces":{"north":{"uv":[11.5,9.5,12,10],"texture":"#0"},"east":{"uv":[9,12.5,9.5,14],"texture":"#0"},"south":{"uv":[9,12.5,9.5,14],"texture":"#0"},"west":{"uv":[9,12.5,9.5,14],"texture":"#0"},"up":{"uv":[12,11,11.5,10.5],"texture":"#0"},"down":{"uv":[11.5,11.5,11,12],"texture":"#0"}}},{"from":[7.6,14.48977,3.8178],"to":[8.4,14.98977,4.3178],"rotation":{"angle":22.5,"axis":"x","origin":[7.4,15.68977,3.8178]},"faces":{"north":{"uv":[11.5,11,12,11.5],"texture":"#0"},"east":{"uv":[11.5,11.5,12,12],"texture":"#0"},"south":{"uv":[0,12,0.5,12.5],"texture":"#0"},"west":{"uv":[12,0,12.5,0.5],"texture":"#0"},"up":{"uv":[1,12.5,0.5,12],"texture":"#0"},"down":{"uv":[12.5,0.5,12,1],"texture":"#0"}}},{"from":[7.6,14.69158,4.39845],"to":[8.4,15.19158,4.89845],"rotation":{"angle":45,"axis":"x","origin":[7.4,15.89158,4.39845]},"faces":{"north":{"uv":[1,12,1.5,12.5],"texture":"#0"},"east":{"uv":[12,1,12.5,1.5],"texture":"#0"},"south":{"uv":[1.5,12,2,12.5],"texture":"#0"},"west":{"uv":[12,1.5,12.5,2],"texture":"#0"},"up":{"uv":[2.5,12.5,2,12],"texture":"#0"},"down":{"uv":[12.5,2,12,2.5],"texture":"#0"}}},{"from":[7.6,15.35583,3.81213],"to":[8.4,15.85583,4.31213],"rotation":{"angle":-22.5,"axis":"x","origin":[7.4,15.85583,5.01213]},"faces":{"north":{"uv":[2.5,12,3,12.5],"texture":"#0"},"east":{"uv":[12,2.5,12.5,3],"texture":"#0"},"south":{"uv":[3,12,3.5,12.5],"texture":"#0"},"west":{"uv":[12,3,12.5,3.5],"texture":"#0"},"up":{"uv":[4,12.5,3.5,12],"texture":"#0"},"down":{"uv":[12.5,3.5,12,4],"texture":"#0"}}},{"from":[6.9,14,6.9],"to":[9.1,15,9.1],"rotation":{"angle":0,"axis":"y","origin":[7.2,-1,7.2]},"faces":{"north":{"uv":[11,4,12,4.5],"texture":"#0"},"east":{"uv":[11,4.5,12,5],"texture":"#0"},"south":{"uv":[11,5,12,5.5],"texture":"#0"},"west":{"uv":[11,5.5,12,6],"texture":"#0"},"up":{"uv":[9.5,5,8.5,4],"texture":"#0"},"down":{"uv":[9.5,6,8.5,7],"texture":"#0"}}},{"from":[6.9,19,6.9],"to":[9.1,19.6,9.1],"rotation":{"angle":0,"axis":"y","origin":[7.2,-2,7.2]},"faces":{"north":{"uv":[11,6,12,6.5],"texture":"#0"},"east":{"uv":[11,6.5,12,7],"texture":"#0"},"south":{"uv":[7,11,8,11.5],"texture":"#0"},"west":{"uv":[11,7,12,7.5],"texture":"#0"},"up":{"uv":[9.5,8,8.5,7],"texture":"#0"},"down":{"uv":[9.5,8,8.5,9],"texture":"#0"}}},{"from":[7.2,11,7.2],"to":[8.8,17,8.8],"rotation":{"angle":0,"axis":"y","origin":[7.2,-1,7.2]},"faces":{"north":{"uv":[0,2,1,5],"texture":"#0"},"east":{"uv":[1,2,2,5],"texture":"#0"},"south":{"uv":[2,2,3,5],"texture":"#0"},"west":{"uv":[3,0,4,3],"texture":"#0"},"up":{"uv":[10,1,9,0],"texture":"#0"},"down":{"uv":[10,1,9,2],"texture":"#0"}}}],"display":{"thirdperson_righthand":{"translation":[0,2.5,1.25]},"thirdperson_lefthand":{"translation":[0,2.5,1.25]},"ground":{"translation":[0,5.75,0]},"gui":{"rotation":[-90,67.75,90],"translation":[1.5,-1,0],"scale":[0.7,0.7,0.7]},"fixed":{"rotation":[0,90,0],"translation":[0,-2,0],"scale":[0.8,0.8,0.8]}},"groups":[{"name":"axe","origin":[8,8,8],"color":0,"children":[0,1,2,3,4,5,6,7,8,9,10,11,12,13,14,15,16,17,18,19,20,21,22,23,24,25,26,27,28,29,30,31,32,33,34]}]}