{"credit":"Made with Blockbench","texture_size":[64,64],"textures":{"0":"item/axes/orcaxe_texture","particle":"item/axes/orcaxe_texture"},"elements":[{"from":[7.3,4.1,7.3],"to":[8.7,12.1,8.7],"rotation":{"angle":0,"axis":"y","origin":[8,0,8]},"faces":{"north":{"uv":[0.5,8,1,10],"texture":"#0"},"east":{"uv":[0,8,0.5,10],"texture":"#0"},"south":{"uv":[1,8,1.5,10],"texture":"#0"},"west":{"uv":[0.5,8,0,10],"texture":"#0"},"up":{"uv":[1,4.25,0.75,4],"texture":"#0"},"down":{"uv":[6,2.5,5.75,2.75],"texture":"#0"}}},{"from":[7.2,19.1,7.2],"to":[8.8,27.6,8.8],"rotation":{"angle":0,"axis":"y","origin":[8,0,8]},"faces":{"north":{"uv":[0,0,0.5,2.25],"texture":"#0"},"east":{"uv":[0.5,0,1,2.25],"texture":"#0"},"south":{"uv":[1,0,1.5,2.25],"texture":"#0"},"west":{"uv":[1,0,0.5,2.25],"texture":"#0"},"up":{"uv":[4.25,3.5,3.75,3],"texture":"#0"},"down":{"uv":[4.5,3.5,4,4],"texture":"#0"}}},{"from":[7.1,12.1,7.1],"to":[8.9,19.1,8.9],"rotation":{"angle":0,"axis":"y","origin":[8,0,8]},"faces":{"north":{"uv":[2,0,2.5,1.75],"texture":"#0"},"east":{"uv":[2,1.75,2.5,3.5],"texture":"#0"},"south":{"uv":[0,2.25,0.5,4],"texture":"#0"},"west":{"uv":[2.5,1.75,2,3.5],"texture":"#0"},"up":{"uv":[4.5,4.5,4,4],"texture":"#0"},"down":{"uv":[4.75,0,4.25,0.5],"texture":"#0"}}},{"from":[7.1,22.1,7.1],"to":[8.9,25.6,8.9],"rotation":{"angle":0,"axis":"y","origin":[8,0,8]},"faces":{"north":{"uv":[3.5,0,4,1],"texture":"#0"},"east":{"uv":[3.5,1,4,2],"texture":"#0"},"south":{"uv":[2,3.5,2.5,4.5],"texture":"#0"},"west":{"uv":[4,1,3.5,2],"texture":"#0"},"up":{"uv":[4.75,1,4.25,0.5],"texture":"#0"},"down":{"uv":[1.25,4.25,0.75,4.75],"texture":"#0"}}},{"from":[7.75,22.6,8.9],"to":[8.25,25.1,11.9],"rotation":{"angle":0,"axis":"y","origin":[8.65,24,11]},"faces":{"north":{"uv":[4.5,4.75,4.75,5.5],"texture":"#0"},"east":{"uv":[3,2,3.75,2.75],"texture":"#0"},"south":{"uv":[4.75,4.75,5,5.5],"texture":"#0"},"west":{"uv":[3.75,2,3,2.75],"texture":"#0"},"up":{"uv":[5.25,0.75,5,0],"texture":"#0"},"down":{"uv":[5.25,0.75,5,1.5],"texture":"#0"}}},{"from":[8.25,22.5,8.9],"to":[8.45,23.5,11.9],"rotation":{"angle":0,"axis":"y","origin":[8.65,24,11]},"faces":{"north":{"uv":[6,6.5,6.25,6.75],"texture":"#0"},"east":{"uv":[1.5,5,2.25,5.25],"texture":"#0"},"south":{"uv":[6.5,6,6.75,6.25],"texture":"#0"},"west":{"uv":[5,1.5,5.75,1.75],"texture":"#0"},"up":{"uv":[2.5,5.75,2.25,5],"texture":"#0"},"down":{"uv":[5.25,4.75,5,5.5],"texture":"#0"}}},{"from":[7.55,22.5,8.9],"to":[7.75,23.5,11.9],"rotation":{"angle":0,"axis":"y","origin":[7.35,24,11]},"faces":{"north":{"uv":[6.25,6.5,6.5,6.75],"texture":"#0"},"east":{"uv":[5,1.75,5.75,2],"texture":"#0"},"south":{"uv":[6.5,6.25,6.75,6.5],"texture":"#0"},"west":{"uv":[5.25,0,6,0.25],"texture":"#0"},"up":{"uv":[5.5,1,5.25,0.25],"texture":"#0"},"down":{"uv":[1,5.25,0.75,6],"texture":"#0"}}},{"from":[8.85,22.5,7.5],"to":[9.05,23.5,8.9],"rotation":{"angle":0,"axis":"y","origin":[8.65,24,11]},"faces":{"north":{"uv":[6.5,6.5,6.75,6.75],"texture":"#0"},"east":{"uv":[6.75,0,7,0.25],"texture":"#0"},"south":{"uv":[0.25,6.75,0.5,7],"texture":"#0"},"west":{"uv":[6.75,0.25,7,0.5],"texture":"#0"},"up":{"uv":[0.75,7,0.5,6.75],"texture":"#0"},"down":{"uv":[7,0.75,6.75,1],"texture":"#0"}}},{"from":[7.76335,22.5,10.04484],"to":[9.16335,23.5,10.26984],"rotation":{"angle":22.5,"axis":"y","origin":[5.66335,24,9.86984]},"faces":{"north":{"uv":[6.75,1,7,1.25],"texture":"#0"},"east":{"uv":[6.75,1.25,7,1.5],"texture":"#0"},"south":{"uv":[6.75,1.5,7,1.75],"texture":"#0"},"west":{"uv":[1.75,6.75,2,7],"texture":"#0"},"up":{"uv":[2.25,7,2,6.75],"texture":"#0"},"down":{"uv":[7,2,6.75,2.25],"texture":"#0"}}},{"from":[6.83665,22.5,10.04484],"to":[8.23665,23.5,10.26984],"rotation":{"angle":-22.5,"axis":"y","origin":[10.33665,24,9.86984]},"faces":{"north":{"uv":[2.25,6.75,2.5,7],"texture":"#0"},"east":{"uv":[6.75,2.25,7,2.5],"texture":"#0"},"south":{"uv":[6.75,2.5,7,2.75],"texture":"#0"},"west":{"uv":[6.75,2.75,7,3],"texture":"#0"},"up":{"uv":[3.25,7,3,6.75],"texture":"#0"},"down":{"uv":[3.5,6.75,3.25,7],"texture":"#0"}}},{"from":[7.725,21.73726,13.40711],"to":[8.275,24.93726,13.70711],"rotation":{"angle":-45,"axis":"x","origin":[8.65,22.83726,12.60711]},"faces":{"north":{"uv":[1,5.25,1.25,6],"texture":"#0"},"east":{"uv":[1.25,5.25,1.5,6],"texture":"#0"},"south":{"uv":[1.5,5.25,1.75,6],"texture":"#0"},"west":{"uv":[1.75,5.25,2,6],"texture":"#0"},"up":{"uv":[3.75,7,3.5,6.75],"texture":"#0"},"down":{"uv":[4.25,6.75,4,7],"texture":"#0"}}},{"from":[7.725,22.6,11.9],"to":[8.275,22.83726,14.16274],"rotation":{"angle":0,"axis":"y","origin":[8.65,0,8]},"faces":{"north":{"uv":[4.25,6.75,4.5,7],"texture":"#0"},"east":{"uv":[5.5,3.75,6,4],"texture":"#0"},"south":{"uv":[4.75,6.75,5,7],"texture":"#0"},"west":{"uv":[4,5.5,4.5,5.75],"texture":"#0"},"up":{"uv":[5.75,4.5,5.5,4],"texture":"#0"},"down":{"uv":[4.75,5.5,4.5,6],"texture":"#0"}}},{"from":[7.75,22.83726,11.9],"to":[8.25,23.23726,13.76274],"rotation":{"angle":0,"axis":"y","origin":[8.65,0,8]},"faces":{"north":{"uv":[5,6.75,5.25,7],"texture":"#0"},"east":{"uv":[5.5,4.5,6,4.75],"texture":"#0"},"south":{"uv":[5.5,6.75,5.75,7],"texture":"#0"},"west":{"uv":[4.75,5.5,5.25,5.75],"texture":"#0"},"up":{"uv":[5.75,5.25,5.5,4.75],"texture":"#0"},"down":{"uv":[5.75,5.25,5.5,5.75],"texture":"#0"}}},{"from":[7.75,23.23726,11.9],"to":[8.25,23.53726,13.46274],"rotation":{"angle":0,"axis":"y","origin":[8.65,0,8]},"faces":{"north":{"uv":[6.75,5.5,7,5.75],"texture":"#0"},"east":{"uv":[5.75,1.5,6.25,1.75],"texture":"#0"},"south":{"uv":[5.75,6.75,6,7],"texture":"#0"},"west":{"uv":[5.75,1.75,6.25,2],"texture":"#0"},"up":{"uv":[6,2.5,5.75,2],"texture":"#0"},"down":{"uv":[2.5,5.75,2.25,6.25],"texture":"#0"}}},{"from":[7.75,23.53726,11.9],"to":[8.25,23.83726,13.16274],"rotation":{"angle":0,"axis":"y","origin":[8.65,0,8]},"faces":{"north":{"uv":[6.75,5.75,7,6],"texture":"#0"},"east":{"uv":[6,6.75,6.25,7],"texture":"#0"},"south":{"uv":[6.75,6,7,6.25],"texture":"#0"},"west":{"uv":[6.25,6.75,6.5,7],"texture":"#0"},"up":{"uv":[7,6.5,6.75,6.25],"texture":"#0"},"down":{"uv":[6.75,6.75,6.5,7],"texture":"#0"}}},{"from":[7.75,23.83726,11.9],"to":[8.25,24.13726,12.86274],"rotation":{"angle":0,"axis":"y","origin":[8.65,0,8]},"faces":{"north":{"uv":[6.75,6.5,7,6.75],"texture":"#0"},"east":{"uv":[6.75,6.75,7,7],"texture":"#0"},"south":{"uv":[0,7,0.25,7.25],"texture":"#0"},"west":{"uv":[7,0,7.25,0.25],"texture":"#0"},"up":{"uv":[0.5,7.25,0.25,7],"texture":"#0"},"down":{"uv":[7.25,0.25,7,0.5],"texture":"#0"}}},{"from":[7.75,24.13726,11.9],"to":[8.25,24.43726,12.56274],"rotation":{"angle":0,"axis":"y","origin":[8.65,0,8]},"faces":{"north":{"uv":[0.5,7,0.75,7.25],"texture":"#0"},"east":{"uv":[7,0.5,7.25,0.75],"texture":"#0"},"south":{"uv":[0.75,7,1,7.25],"texture":"#0"},"west":{"uv":[7,0.75,7.25,1],"texture":"#0"},"up":{"uv":[1.25,7.25,1,7],"texture":"#0"},"down":{"uv":[7.25,1,7,1.25],"texture":"#0"}}},{"from":[7.75,24.43726,11.9],"to":[8.25,24.73726,12.26274],"rotation":{"angle":0,"axis":"y","origin":[8.65,0,8]},"faces":{"north":{"uv":[1.25,7,1.5,7.25],"texture":"#0"},"east":{"uv":[7,1.25,7.25,1.5],"texture":"#0"},"south":{"uv":[1.5,7,1.75,7.25],"texture":"#0"},"west":{"uv":[7,1.5,7.25,1.75],"texture":"#0"},"up":{"uv":[2,7.25,1.75,7],"texture":"#0"},"down":{"uv":[7.25,1.75,7,2],"texture":"#0"}}},{"from":[7.74375,22.3,3.2],"to":[8.24375,25.4,7.1],"rotation":{"angle":0,"axis":"y","origin":[8.04375,24,6]},"faces":{"north":{"uv":[2,5.25,2.25,6],"texture":"#0"},"east":{"uv":[1,2.25,2,3],"texture":"#0"},"south":{"uv":[5.25,2,5.5,2.75],"texture":"#0"},"west":{"uv":[2.5,0,3.5,0.75],"texture":"#0"},"up":{"uv":[4.5,2,4.25,1],"texture":"#0"},"down":{"uv":[1.5,4.25,1.25,5.25],"texture":"#0"}}},{"from":[7.54375,23.1,5.6],"to":[8.44375,24.6,7.1],"rotation":{"angle":0,"axis":"y","origin":[8.04375,24,6]},"faces":{"north":{"uv":[4,5.75,4.25,6.25],"texture":"#0"},"east":{"uv":[4.25,2,4.75,2.5],"texture":"#0"},"south":{"uv":[5.75,4,6,4.5],"texture":"#0"},"west":{"uv":[4.25,2.5,4.75,3],"texture":"#0"},"up":{"uv":[4.5,6.25,4.25,5.75],"texture":"#0"},"down":{"uv":[5,5.75,4.75,6.25],"texture":"#0"}}},{"from":[7.85325,23.1,5.31181],"to":[8.05325,24.6,5.83681],"rotation":{"angle":22.5,"axis":"y","origin":[7.65325,24,4.73681]},"faces":{"north":{"uv":[5.75,4.75,6,5.25],"texture":"#0"},"east":{"uv":[5,5.75,5.25,6.25],"texture":"#0"},"south":{"uv":[5.75,5.25,6,5.75],"texture":"#0"},"west":{"uv":[5.5,5.75,5.75,6.25],"texture":"#0"},"up":{"uv":[2.25,7.25,2,7],"texture":"#0"},"down":{"uv":[7.25,2,7,2.25],"texture":"#0"}}},{"from":[7.94675,23.1,5.31181],"to":[8.14675,24.6,5.83681],"rotation":{"angle":-22.5,"axis":"y","origin":[8.34675,24,4.73681]},"faces":{"north":{"uv":[5.75,5.75,6,6.25],"texture":"#0"},"east":{"uv":[0,6,0.25,6.5],"texture":"#0"},"south":{"uv":[0.25,6,0.5,6.5],"texture":"#0"},"west":{"uv":[0.5,6,0.75,6.5],"texture":"#0"},"up":{"uv":[2.5,7.25,2.25,7],"texture":"#0"},"down":{"uv":[7.25,2.25,7,2.5],"texture":"#0"}}},{"from":[7.85325,16.8,5.31181],"to":[8.05325,18.3,5.83681],"rotation":{"angle":22.5,"axis":"y","origin":[7.65325,17.7,4.73681]},"faces":{"north":{"uv":[0.75,6,1,6.5],"texture":"#0"},"east":{"uv":[1,6,1.25,6.5],"texture":"#0"},"south":{"uv":[6,1,6.25,1.5],"texture":"#0"},"west":{"uv":[1.25,6,1.5,6.5],"texture":"#0"},"up":{"uv":[2.75,7.25,2.5,7],"texture":"#0"},"down":{"uv":[7.25,2.5,7,2.75],"texture":"#0"}}},{"from":[7.54375,16.8,5.6],"to":[8.44375,18.3,7.1],"rotation":{"angle":0,"axis":"y","origin":[8.04375,17.7,6]},"faces":{"north":{"uv":[1.5,6,1.75,6.5],"texture":"#0"},"east":{"uv":[4.25,3,4.75,3.5],"texture":"#0"},"south":{"uv":[1.75,6,2,6.5],"texture":"#0"},"west":{"uv":[4.5,1,5,1.5],"texture":"#0"},"up":{"uv":[2.25,6.5,2,6],"texture":"#0"},"down":{"uv":[6.25,2,6,2.5],"texture":"#0"}}},{"from":[7.94675,16.8,5.31181],"to":[8.14675,18.3,5.83681],"rotation":{"angle":-22.5,"axis":"y","origin":[8.34675,17.7,4.73681]},"faces":{"north":{"uv":[2.5,6,2.75,6.5],"texture":"#0"},"east":{"uv":[6,2.5,6.25,3],"texture":"#0"},"south":{"uv":[2.75,6,3,6.5],"texture":"#0"},"west":{"uv":[6,3,6.25,3.5],"texture":"#0"},"up":{"uv":[3,7.25,2.75,7],"texture":"#0"},"down":{"uv":[7.25,2.75,7,3],"texture":"#0"}}},{"from":[7.74375,25.4,3.775],"to":[8.24375,26.1,4.675],"rotation":{"angle":0,"axis":"y","origin":[8.04375,24,6]},"faces":{"north":{"uv":[3,7,3.25,7.25],"texture":"#0"},"east":{"uv":[7,3,7.25,3.25],"texture":"#0"},"south":{"uv":[3.25,7,3.5,7.25],"texture":"#0"},"west":{"uv":[7,3.25,7.25,3.5],"texture":"#0"},"up":{"uv":[3.75,7.25,3.5,7],"texture":"#0"},"down":{"uv":[7.25,3.5,7,3.75],"texture":"#0"}}},{"from":[7.74375,26.1,4.075],"to":[8.24375,26.825,4.675],"rotation":{"angle":0,"axis":"y","origin":[8.04375,24,6]},"faces":{"north":{"uv":[3.75,7,4,7.25],"texture":"#0"},"east":{"uv":[7,3.75,7.25,4],"texture":"#0"},"south":{"uv":[4,7,4.25,7.25],"texture":"#0"},"west":{"uv":[7,4,7.25,4.25],"texture":"#0"},"up":{"uv":[4.5,7.25,4.25,7],"texture":"#0"},"down":{"uv":[7.25,4.25,7,4.5],"texture":"#0"}}},{"from":[7.7625,21.3,3.7],"to":[8.2375,22.3,4.85],"rotation":{"angle":0,"axis":"y","origin":[8.0375,24,6]},"faces":{"north":{"uv":[4.5,7,4.75,7.25],"texture":"#0"},"east":{"uv":[7,4.5,7.25,4.75],"texture":"#0"},"south":{"uv":[4.75,7,5,7.25],"texture":"#0"},"west":{"uv":[7,4.75,7.25,5],"texture":"#0"},"up":{"uv":[5.25,7.25,5,7],"texture":"#0"},"down":{"uv":[7.25,5,7,5.25],"texture":"#0"}}},{"from":[7.74375,16.4,5.5],"to":[8.24375,18.7,7.1],"rotation":{"angle":0,"axis":"y","origin":[8.04375,17,6]},"faces":{"north":{"uv":[3.75,6,4,6.5],"texture":"#0"},"east":{"uv":[4.5,1.5,5,2],"texture":"#0"},"south":{"uv":[6,3.75,6.25,4.25],"texture":"#0"},"west":{"uv":[2,4.5,2.5,5],"texture":"#0"},"up":{"uv":[6.25,4.75,6,4.25],"texture":"#0"},"down":{"uv":[4.75,6,4.5,6.5],"texture":"#0"}}},{"from":[7.75625,17.79155,5.13973],"to":[8.23125,18.79155,6.23973],"rotation":{"angle":22.5,"axis":"x","origin":[8.05625,18.09155,5.73973]},"faces":{"north":{"uv":[5.25,7,5.5,7.25],"texture":"#0"},"east":{"uv":[7,5.25,7.25,5.5],"texture":"#0"},"south":{"uv":[5.5,7,5.75,7.25],"texture":"#0"},"west":{"uv":[7,5.5,7.25,5.75],"texture":"#0"},"up":{"uv":[6,7.25,5.75,7],"texture":"#0"},"down":{"uv":[7.25,5.75,7,6],"texture":"#0"}}},{"from":[7.75625,16.18582,6.02326],"to":[8.23125,17.18582,7.02326],"rotation":{"angle":-22.5,"axis":"x","origin":[8.03125,16.48582,6.52326]},"faces":{"north":{"uv":[6,7,6.25,7.25],"texture":"#0"},"east":{"uv":[7,6,7.25,6.25],"texture":"#0"},"south":{"uv":[6.25,7,6.5,7.25],"texture":"#0"},"west":{"uv":[7,6.25,7.25,6.5],"texture":"#0"},"up":{"uv":[6.75,7.25,6.5,7],"texture":"#0"},"down":{"uv":[7.25,6.5,7,6.75],"texture":"#0"}}},{"from":[7.75625,15.5759,5.11044],"to":[8.23125,16.49977,6.49312],"rotation":{"angle":-45,"axis":"x","origin":[8.03125,15.8759,5.61044]},"faces":{"north":{"uv":[6.75,7,7,7.25],"texture":"#0"},"east":{"uv":[7,6.75,7.25,7],"texture":"#0"},"south":{"uv":[7,7,7.25,7.25],"texture":"#0"},"west":{"uv":[0,7.25,0.25,7.5],"texture":"#0"},"up":{"uv":[7.5,0.25,7.25,0],"texture":"#0"},"down":{"uv":[0.5,7.25,0.25,7.5],"texture":"#0"}}},{"from":[7.75625,14.46308,4.44695],"to":[8.23125,15.81663,5.30051],"rotation":{"angle":22.5,"axis":"x","origin":[8.03125,14.96308,5.00051]},"faces":{"north":{"uv":[7.25,0.25,7.5,0.5],"texture":"#0"},"east":{"uv":[0.5,7.25,0.75,7.5],"texture":"#0"},"south":{"uv":[7.25,0.5,7.5,0.75],"texture":"#0"},"west":{"uv":[0.75,7.25,1,7.5],"texture":"#0"},"up":{"uv":[7.5,1,7.25,0.75],"texture":"#0"},"down":{"uv":[1.25,7.25,1,7.5],"texture":"#0"}}},{"from":[7.75625,13.38633,4.29775],"to":[8.23125,14.71297,5.08633],"rotation":{"angle":0,"axis":"y","origin":[8.03125,13.88633,4.78633]},"faces":{"north":{"uv":[7.25,1,7.5,1.25],"texture":"#0"},"east":{"uv":[1.25,7.25,1.5,7.5],"texture":"#0"},"south":{"uv":[7.25,1.25,7.5,1.5],"texture":"#0"},"west":{"uv":[1.5,7.25,1.75,7.5],"texture":"#0"},"up":{"uv":[7.5,1.75,7.25,1.5],"texture":"#0"},"down":{"uv":[2,7.25,1.75,7.5],"texture":"#0"}}},{"from":[7.75625,12.30959,4.57195],"to":[8.23125,13.61136,5.30051],"rotation":{"angle":-22.5,"axis":"x","origin":[8.03125,12.80959,5.00051]},"faces":{"north":{"uv":[7.25,1.75,7.5,2],"texture":"#0"},"east":{"uv":[2,7.25,2.25,7.5],"texture":"#0"},"south":{"uv":[7.25,2,7.5,2.25],"texture":"#0"},"west":{"uv":[2.25,7.25,2.5,7.5],"texture":"#0"},"up":{"uv":[7.5,2.5,7.25,2.25],"texture":"#0"},"down":{"uv":[2.75,7.25,2.5,7.5],"texture":"#0"}}},{"from":[7.71875,12.18365,0.99592],"to":[8.26875,12.46245,5.46901],"rotation":{"angle":0,"axis":"y","origin":[8.04375,12.80959,5.00051]},"faces":{"north":{"uv":[7.25,2.5,7.5,2.75],"texture":"#0"},"east":{"uv":[3,4.5,4,4.75],"texture":"#0"},"south":{"uv":[2.75,7.25,3,7.5],"texture":"#0"},"west":{"uv":[4,4.5,3,4.75],"texture":"#0"},"up":{"uv":[4.75,4.75,4.5,3.75],"texture":"#0"},"down":{"uv":[4.25,4.5,4,5.5],"texture":"#0"}}},{"from":[7.74375,12.46245,1.39592],"to":[8.24375,13.36245,4.66901],"rotation":{"angle":0,"axis":"y","origin":[8.04375,12.80959,5.00051]},"faces":{"north":{"uv":[7.25,2.75,7.5,3],"texture":"#0"},"east":{"uv":[5.25,1,6,1.25],"texture":"#0"},"south":{"uv":[3,7.25,3.25,7.5],"texture":"#0"},"west":{"uv":[5.25,1.25,6,1.5],"texture":"#0"},"up":{"uv":[2.75,6,2.5,5.25],"texture":"#0"},"down":{"uv":[3,5.25,2.75,6],"texture":"#0"}}},{"from":[7.74375,13.36245,1.79592],"to":[8.24375,14.36245,4.31901],"rotation":{"angle":0,"axis":"y","origin":[8.04375,12.80959,5.00051]},"faces":{"north":{"uv":[7.25,3,7.5,3.25],"texture":"#0"},"east":{"uv":[5.25,2.75,6,3],"texture":"#0"},"south":{"uv":[3.25,7.25,3.5,7.5],"texture":"#0"},"west":{"uv":[3,5.25,3.75,5.5],"texture":"#0"},"up":{"uv":[4,6,3.75,5.25],"texture":"#0"},"down":{"uv":[5.5,3.75,5.25,4.5],"texture":"#0"}}},{"from":[7.74375,14.36245,2.22092],"to":[8.24375,15.36245,4.56901],"rotation":{"angle":0,"axis":"y","origin":[8.04375,12.80959,5.00051]},"faces":{"north":{"uv":[7.25,3.25,7.5,3.5],"texture":"#0"},"east":{"uv":[6,0,6.5,0.25],"texture":"#0"},"south":{"uv":[3.5,7.25,3.75,7.5],"texture":"#0"},"west":{"uv":[6,4.75,6.5,5],"texture":"#0"},"up":{"uv":[6.25,5.5,6,5],"texture":"#0"},"down":{"uv":[5.5,6,5.25,6.5],"texture":"#0"}}},{"from":[7.74375,15.36245,2.62092],"to":[8.24375,16.26245,5.16901],"rotation":{"angle":0,"axis":"y","origin":[8.04375,12.80959,5.00051]},"faces":{"north":{"uv":[7.25,3.5,7.5,3.75],"texture":"#0"},"east":{"uv":[5.25,3,6,3.25],"texture":"#0"},"south":{"uv":[3.75,7.25,4,7.5],"texture":"#0"},"west":{"uv":[5.25,3.25,6,3.5],"texture":"#0"},"up":{"uv":[5.5,5.25,5.25,4.5],"texture":"#0"},"down":{"uv":[5.5,5.25,5.25,6],"texture":"#0"}}},{"from":[7.74375,16.26245,2.99592],"to":[8.24375,17.26245,5.51901],"rotation":{"angle":0,"axis":"y","origin":[8.04375,12.80959,5.00051]},"faces":{"north":{"uv":[7.25,3.75,7.5,4],"texture":"#0"},"east":{"uv":[5.5,0.25,6.25,0.5],"texture":"#0"},"south":{"uv":[4,7.25,4.25,7.5],"texture":"#0"},"west":{"uv":[5.5,0.5,6.25,0.75],"texture":"#0"},"up":{"uv":[5.75,2.75,5.5,2],"texture":"#0"},"down":{"uv":[3.25,5.5,3,6.25],"texture":"#0"}}},{"from":[7.74375,17.26245,3.42092],"to":[8.24375,18.26245,5.51901],"rotation":{"angle":0,"axis":"y","origin":[8.04375,12.80959,5.00051]},"faces":{"north":{"uv":[7.25,4,7.5,4.25],"texture":"#0"},"east":{"uv":[6,5.5,6.5,5.75],"texture":"#0"},"south":{"uv":[4.25,7.25,4.5,7.5],"texture":"#0"},"west":{"uv":[6,5.75,6.5,6],"texture":"#0"},"up":{"uv":[6.25,6.5,6,6],"texture":"#0"},"down":{"uv":[6.5,0.25,6.25,0.75],"texture":"#0"}}},{"from":[7.74375,18.26245,3.84592],"to":[8.24375,18.71245,4.86901],"rotation":{"angle":0,"axis":"y","origin":[8.04375,12.80959,5.00051]},"faces":{"north":{"uv":[7.25,4.25,7.5,4.5],"texture":"#0"},"east":{"uv":[4.5,7.25,4.75,7.5],"texture":"#0"},"south":{"uv":[7.25,4.5,7.5,4.75],"texture":"#0"},"west":{"uv":[4.75,7.25,5,7.5],"texture":"#0"},"up":{"uv":[7.5,5,7.25,4.75],"texture":"#0"},"down":{"uv":[5.25,7.25,5,7.5],"texture":"#0"}}},{"from":[7.75625,18.31973,4.2876],"to":[8.23125,19.24361,5.37028],"rotation":{"angle":45,"axis":"x","origin":[8.05625,18.54361,4.8876]},"faces":{"north":{"uv":[7.25,5,7.5,5.25],"texture":"#0"},"east":{"uv":[5.25,7.25,5.5,7.5],"texture":"#0"},"south":{"uv":[7.25,5.25,7.5,5.5],"texture":"#0"},"west":{"uv":[5.5,7.25,5.75,7.5],"texture":"#0"},"up":{"uv":[7.5,5.75,7.25,5.5],"texture":"#0"},"down":{"uv":[6,7.25,5.75,7.5],"texture":"#0"}}},{"from":[7.75625,18.83381,4.11977],"to":[8.23125,19.88736,4.97333],"rotation":{"angle":-22.5,"axis":"x","origin":[8.05625,19.28736,4.27333]},"faces":{"north":{"uv":[7.25,5.75,7.5,6],"texture":"#0"},"east":{"uv":[6,7.25,6.25,7.5],"texture":"#0"},"south":{"uv":[7.25,6,7.5,6.25],"texture":"#0"},"west":{"uv":[6.25,7.25,6.5,7.5],"texture":"#0"},"up":{"uv":[7.5,6.5,7.25,6.25],"texture":"#0"},"down":{"uv":[6.75,7.25,6.5,7.5],"texture":"#0"}}},{"from":[7.75625,19.78293,3.90185],"to":[8.23125,20.80957,4.69043],"rotation":{"angle":0,"axis":"y","origin":[8.05625,20.20957,3.99043]},"faces":{"north":{"uv":[7.25,6.5,7.5,6.75],"texture":"#0"},"east":{"uv":[6.75,7.25,7,7.5],"texture":"#0"},"south":{"uv":[7.25,6.75,7.5,7],"texture":"#0"},"west":{"uv":[7,7.25,7.25,7.5],"texture":"#0"},"up":{"uv":[7.5,7.25,7.25,7],"texture":"#0"},"down":{"uv":[7.5,7.25,7.25,7.5],"texture":"#0"}}},{"from":[7.75625,20.76806,4.05343],"to":[8.23125,21.76984,4.78198],"rotation":{"angle":22.5,"axis":"x","origin":[8.05625,21.16984,4.08198]},"faces":{"north":{"uv":[0,7.5,0.25,7.75],"texture":"#0"},"east":{"uv":[7.5,0,7.75,0.25],"texture":"#0"},"south":{"uv":[0.25,7.5,0.5,7.75],"texture":"#0"},"west":{"uv":[7.5,0.25,7.75,0.5],"texture":"#0"},"up":{"uv":[0.75,7.75,0.5,7.5],"texture":"#0"},"down":{"uv":[7.75,0.5,7.5,0.75],"texture":"#0"}}},{"from":[7.75625,21.64316,4.56095],"to":[8.23125,22.62197,5.23405],"rotation":{"angle":45,"axis":"x","origin":[8.05625,22.02197,4.53405]},"faces":{"north":{"uv":[0.75,7.5,1,7.75],"texture":"#0"},"east":{"uv":[7.5,0.75,7.75,1],"texture":"#0"},"south":{"uv":[1,7.5,1.25,7.75],"texture":"#0"},"west":{"uv":[7.5,1,7.75,1.25],"texture":"#0"},"up":{"uv":[1.5,7.75,1.25,7.5],"texture":"#0"},"down":{"uv":[7.75,1.25,7.5,1.5],"texture":"#0"}}},{"from":[7.75625,21.93624,4.92021],"to":[8.23125,22.5581,6.07779],"rotation":{"angle":-22.5,"axis":"x","origin":[8.05625,22.63624,5.27779]},"faces":{"north":{"uv":[1.5,7.5,1.75,7.75],"texture":"#0"},"east":{"uv":[7.5,1.5,7.75,1.75],"texture":"#0"},"south":{"uv":[1.75,7.5,2,7.75],"texture":"#0"},"west":{"uv":[7.5,1.75,7.75,2],"texture":"#0"},"up":{"uv":[2.25,7.75,2,7.5],"texture":"#0"},"down":{"uv":[7.75,2,7.5,2.25],"texture":"#0"}}},{"from":[7.73125,24.4,4.6],"to":[8.25625,25.4,7.1],"rotation":{"angle":22.5,"axis":"x","origin":[8.43125,25.4,7.1]},"faces":{"north":{"uv":[2.25,7.5,2.5,7.75],"texture":"#0"},"east":{"uv":[5.5,0.75,6.25,1],"texture":"#0"},"south":{"uv":[7.5,2.25,7.75,2.5],"texture":"#0"},"west":{"uv":[5.5,3.5,6.25,3.75],"texture":"#0"},"up":{"uv":[3.5,6.25,3.25,5.5],"texture":"#0"},"down":{"uv":[3.75,5.5,3.5,6.25],"texture":"#0"}}},{"from":[7.71875,25.81551,4.8315],"to":[8.26875,27.81551,5.3315],"rotation":{"angle":-22.5,"axis":"x","origin":[8.44375,25.81551,5.3315]},"faces":{"north":{"uv":[6.25,0.75,6.5,1.25],"texture":"#0"},"east":{"uv":[6.25,1.25,6.5,1.75],"texture":"#0"},"south":{"uv":[6.25,1.75,6.5,2.25],"texture":"#0"},"west":{"uv":[2.25,6.25,2.5,6.75],"texture":"#0"},"up":{"uv":[2.75,7.75,2.5,7.5],"texture":"#0"},"down":{"uv":[7.75,2.5,7.5,2.75],"texture":"#0"}}},{"from":[7.71875,25.43283,3.30076],"to":[8.26875,27.43283,3.80076],"rotation":{"angle":22.5,"axis":"x","origin":[8.44375,25.43283,3.80076]},"faces":{"north":{"uv":[6.25,2.25,6.5,2.75],"texture":"#0"},"east":{"uv":[6.25,2.75,6.5,3.25],"texture":"#0"},"south":{"uv":[3,6.25,3.25,6.75],"texture":"#0"},"west":{"uv":[3.25,6.25,3.5,6.75],"texture":"#0"},"up":{"uv":[3,7.75,2.75,7.5],"texture":"#0"},"down":{"uv":[7.75,2.75,7.5,3],"texture":"#0"}}},{"from":[7.73125,24.01862,1.88655],"to":[8.25625,26.01862,2.38655],"rotation":{"angle":45,"axis":"x","origin":[8.43125,24.01862,2.38655]},"faces":{"north":{"uv":[6.25,3.25,6.5,3.75],"texture":"#0"},"east":{"uv":[3.5,6.25,3.75,6.75],"texture":"#0"},"south":{"uv":[6.25,3.75,6.5,4.25],"texture":"#0"},"west":{"uv":[4,6.25,4.25,6.75],"texture":"#0"},"up":{"uv":[3.25,7.75,3,7.5],"texture":"#0"},"down":{"uv":[7.75,3,7.5,3.25],"texture":"#0"}}},{"from":[7.7625,23.21023,2.22434],"to":[8.2375,24.41023,3.47434],"rotation":{"angle":-22.5,"axis":"x","origin":[8.4375,23.91023,2.22434]},"faces":{"north":{"uv":[3.25,7.5,3.5,7.75],"texture":"#0"},"east":{"uv":[7.5,3.25,7.75,3.5],"texture":"#0"},"south":{"uv":[3.5,7.5,3.75,7.75],"texture":"#0"},"west":{"uv":[7.5,3.5,7.75,3.75],"texture":"#0"},"up":{"uv":[4,7.75,3.75,7.5],"texture":"#0"},"down":{"uv":[7.75,3.75,7.5,4],"texture":"#0"}}},{"from":[7.75625,22.10157,2.30088],"to":[8.23125,23.85157,3.20088],"rotation":{"angle":22.5,"axis":"x","origin":[8.43125,22.80157,2.30088]},"faces":{"north":{"uv":[4.25,6.25,4.5,6.75],"texture":"#0"},"east":{"uv":[6.25,4.25,6.5,4.75],"texture":"#0"},"south":{"uv":[4.75,6.25,5,6.75],"texture":"#0"},"west":{"uv":[5,6.25,5.25,6.75],"texture":"#0"},"up":{"uv":[4.25,7.75,4,7.5],"texture":"#0"},"down":{"uv":[7.75,4,7.5,4.25],"texture":"#0"}}},{"from":[7.74375,18.09292,2.22434],"to":[8.24375,22.19292,3.82434],"rotation":{"angle":-22.5,"axis":"x","origin":[8.44375,21.69292,2.22434]},"faces":{"north":{"uv":[4.25,4.5,4.5,5.5],"texture":"#0"},"east":{"uv":[3.5,3.5,4,4.5],"texture":"#0"},"south":{"uv":[4.75,0,5,1],"texture":"#0"},"west":{"uv":[4,3.5,3.5,4.5],"texture":"#0"},"up":{"uv":[6.5,5.5,6.25,5],"texture":"#0"},"down":{"uv":[5.75,6.25,5.5,6.75],"texture":"#0"}}},{"from":[7.71875,11.92311,3.75507],"to":[8.26875,19.59811,4.15507],"rotation":{"angle":22.5,"axis":"x","origin":[8.44375,19.09811,3.75507]},"faces":{"north":{"uv":[0,4,0.25,6],"texture":"#0"},"east":{"uv":[4,0,4.25,2],"texture":"#0"},"south":{"uv":[0.25,4,0.5,6],"texture":"#0"},"west":{"uv":[4,0,4.25,2],"texture":"#0"},"up":{"uv":[4.5,7.75,4.25,7.5],"texture":"#0"},"down":{"uv":[7.75,4.25,7.5,4.5],"texture":"#0"}}},{"from":[7.2,0.15,7.2],"to":[8.8,4.65,8.8],"rotation":{"angle":0,"axis":"y","origin":[8,0,8]},"faces":{"north":{"uv":[2.5,0.75,3,2],"texture":"#0"},"east":{"uv":[2.5,2,3,3.25],"texture":"#0"},"south":{"uv":[3,0.75,3.5,2],"texture":"#0"},"west":{"uv":[1,3,1.5,4.25],"texture":"#0"},"up":{"uv":[1.25,5.25,0.75,4.75],"texture":"#0"},"down":{"uv":[5.25,2,4.75,2.5],"texture":"#0"}}},{"from":[7.1391,0.30615,7.225],"to":[7.5641,2.30615,8.775],"rotation":{"angle":22.5,"axis":"z","origin":[7.9391,0.30615,8]},"faces":{"north":{"uv":[5.75,6.25,6,6.75],"texture":"#0"},"east":{"uv":[4.75,2.5,5.25,3],"texture":"#0"},"south":{"uv":[6.25,6,6.5,6.5],"texture":"#0"},"west":{"uv":[3,4.75,3.5,5.25],"texture":"#0"},"up":{"uv":[0.25,7,0,6.5],"texture":"#0"},"down":{"uv":[6.75,0,6.5,0.5],"texture":"#0"}}},{"from":[6.20032,1.28207,7.2],"to":[7.30032,2.38207,8.8],"rotation":{"angle":-45,"axis":"z","origin":[7.00032,1.28207,8]},"faces":{"north":{"uv":[4.5,7.5,4.75,7.75],"texture":"#0"},"east":{"uv":[0.25,6.5,0.75,6.75],"texture":"#0"},"south":{"uv":[7.5,4.5,7.75,4.75],"texture":"#0"},"west":{"uv":[6.5,0.5,7,0.75],"texture":"#0"},"up":{"uv":[1,7,0.75,6.5],"texture":"#0"},"down":{"uv":[6.75,0.75,6.5,1.25],"texture":"#0"}}},{"from":[8.4359,0.30615,7.225],"to":[8.8609,2.30615,8.775],"rotation":{"angle":-22.5,"axis":"z","origin":[8.0609,0.30615,8]},"faces":{"north":{"uv":[1,6.5,1.25,7],"texture":"#0"},"east":{"uv":[4.75,3,5.25,3.5],"texture":"#0"},"south":{"uv":[1.25,6.5,1.5,7],"texture":"#0"},"west":{"uv":[3.5,4.75,4,5.25],"texture":"#0"},"up":{"uv":[6.75,1.75,6.5,1.25],"texture":"#0"},"down":{"uv":[1.75,6.5,1.5,7],"texture":"#0"}}},{"from":[8.69968,1.28207,7.2],"to":[9.79968,2.38207,8.8],"rotation":{"angle":45,"axis":"z","origin":[8.99968,1.28207,8]},"faces":{"north":{"uv":[4.75,7.5,5,7.75],"texture":"#0"},"east":{"uv":[1.75,6.5,2.25,6.75],"texture":"#0"},"south":{"uv":[7.5,4.75,7.75,5],"texture":"#0"},"west":{"uv":[6.5,1.75,7,2],"texture":"#0"},"up":{"uv":[6.75,2.5,6.5,2],"texture":"#0"},"down":{"uv":[2.75,6.5,2.5,7],"texture":"#0"}}},{"from":[7.225,0.30615,8.4359],"to":[8.775,2.30615,8.8609],"rotation":{"angle":22.5,"axis":"x","origin":[8,0.30615,8.0609]},"faces":{"north":{"uv":[4.75,3.75,5.25,4.25],"texture":"#0"},"east":{"uv":[6.5,2.5,6.75,3],"texture":"#0"},"south":{"uv":[4.75,4.25,5.25,4.75],"texture":"#0"},"west":{"uv":[2.75,6.5,3,7],"texture":"#0"},"up":{"uv":[7,3.25,6.5,3],"texture":"#0"},"down":{"uv":[7,3.25,6.5,3.5],"texture":"#0"}}},{"from":[7.2,1.28207,8.69968],"to":[8.8,2.38207,9.79968],"rotation":{"angle":-45,"axis":"x","origin":[8,1.28207,8.99968]},"faces":{"north":{"uv":[6.5,3.5,7,3.75],"texture":"#0"},"east":{"uv":[5,7.5,5.25,7.75],"texture":"#0"},"south":{"uv":[6.5,3.75,7,4],"texture":"#0"},"west":{"uv":[7.5,5,7.75,5.25],"texture":"#0"},"up":{"uv":[7,4.25,6.5,4],"texture":"#0"},"down":{"uv":[7,4.25,6.5,4.5],"texture":"#0"}}},{"from":[7.2,1.28207,6.20032],"to":[8.8,2.38207,7.30032],"rotation":{"angle":45,"axis":"x","origin":[8,1.28207,7.00032]},"faces":{"north":{"uv":[6.5,4.5,7,4.75],"texture":"#0"},"east":{"uv":[5.25,7.5,5.5,7.75],"texture":"#0"},"south":{"uv":[6.5,4.75,7,5],"texture":"#0"},"west":{"uv":[7.5,5.25,7.75,5.5],"texture":"#0"},"up":{"uv":[7,5.25,6.5,5],"texture":"#0"},"down":{"uv":[7,5.25,6.5,5.5],"texture":"#0"}}},{"from":[7.225,0.30615,7.1391],"to":[8.775,2.30615,7.5641],"rotation":{"angle":-22.5,"axis":"x","origin":[8,0.30615,7.9391]},"faces":{"north":{"uv":[4.75,3,5.25,3.5],"texture":"#0"},"east":{"uv":[4.5,6.5,4.75,7],"texture":"#0"},"south":{"uv":[5.25,6.5,5.5,7],"texture":"#0"},"west":{"uv":[6.5,5.5,6.75,6],"texture":"#0"},"up":{"uv":[5.75,7.75,5.5,7.5],"texture":"#0"},"down":{"uv":[7.75,5.5,7.5,5.75],"texture":"#0"}}}],"display":{"thirdperson_righthand":{"translation":[0,-2,1]},"thirdperson_lefthand":{"translation":[0,-2,1]},"ground":{"translation":[0,5,0]},"gui":{"rotation":[-90,67.5,90],"translation":[2.25,-3.25,0],"scale":[0.6,0.6,0.6]},"fixed":{"rotation":[0,90,0],"translation":[0,-4,0],"scale":[0.7,0.7,0.7]}},"groups":[{"name":"axe","origin":[8,8,8],"color":0,"children":[0,1,2,3,4,5,6,7,8,9,10,11,12,13,14,15,16,17,18,19,20,21,22,23,24,25,26,27,28,29,30,31,32,33,34,35,36,37,38,39,40,41,42,43,44,45,46,47,48,49,50,51,52,53,54,55,56,57,58,59,60,61,62,63,64,65]}]}