{"credit":"Made with Blockbench","texture_size":[32,32],"textures":{"0":"item/axes/scifiaxe_texture","particle":"item/axes/scifiaxe_texture"},"elements":[{"from":[7.3,0,7],"to":[8.7,17,9],"rotation":{"angle":0,"axis":"y","origin":[7,0,7]},"faces":{"north":{"uv":[2,0,2.5,8.5],"texture":"#0"},"east":{"uv":[2,0,1,8.5],"texture":"#0"},"south":{"uv":[2.5,0,3,8.5],"texture":"#0"},"west":{"uv":[1,0,2,8.5],"texture":"#0"},"up":{"uv":[9.5,1.5,9,0.5],"texture":"#0"},"down":{"uv":[9.5,5.5,9,6.5],"texture":"#0"}}},{"from":[6.9,20.4,6],"to":[9.1,21,10],"rotation":{"angle":0,"axis":"y","origin":[7,4,7.5]},"faces":{"north":{"uv":[11,4,12,4.5],"texture":"#0"},"east":{"uv":[8,0.5,6,1],"texture":"#0"},"south":{"uv":[6,11,7,11.5],"texture":"#0"},"west":{"uv":[6,0.5,8,1],"texture":"#0"},"up":{"uv":[4,2,3,0],"texture":"#0"},"down":{"uv":[4,2,3,4],"texture":"#0"}}},{"from":[6.9,17.6,6],"to":[9.1,20.4,6.6],"rotation":{"angle":0,"axis":"y","origin":[7,19,7.5]},"faces":{"north":{"uv":[3,4,4,5.5],"texture":"#0"},"east":{"uv":[9,2.5,9.5,4],"texture":"#0"},"south":{"uv":[4,4,5,5.5],"texture":"#0"},"west":{"uv":[9,2.5,9.5,4],"texture":"#0"},"up":{"uv":[12,7.5,11,7],"texture":"#0"},"down":{"uv":[8.5,11,7.5,11.5],"texture":"#0"}}},{"from":[7.6,17.4,3.8],"to":[8.4,20.6,6],"rotation":{"angle":0,"axis":"y","origin":[6.5,19,7.5]},"faces":{"north":{"uv":[3,9,3.5,10.5],"texture":"#0"},"east":{"uv":[5,0,6,1.5],"texture":"#0"},"south":{"uv":[3.5,9,4,10.5],"texture":"#0"},"west":{"uv":[5,1.5,6,3],"texture":"#0"},"up":{"uv":[11.5,8.5,11,7.5],"texture":"#0"},"down":{"uv":[9,11,8.5,12],"texture":"#0"}}},{"from":[7.575,17.4,10],"to":[8.425,20.6,11],"rotation":{"angle":0,"axis":"y","origin":[6.5,19,13.7]},"faces":{"north":{"uv":[4,9,4.5,10.5],"texture":"#0"},"east":{"uv":[8,9,8.5,10.5],"texture":"#0"},"south":{"uv":[7.5,9,8,10.5],"texture":"#0"},"west":{"uv":[8,9,8.5,10.5],"texture":"#0"},"up":{"uv":[7,6,6.5,5.5],"texture":"#0"},"down":{"uv":[8.5,1.5,8,2],"texture":"#0"}}},{"from":[7.575,19.48218,11.91145],"to":[8.425,19.78218,15.71145],"rotation":{"angle":22.5,"axis":"x","origin":[6.5,22.48218,13.51145]},"faces":{"north":{"uv":[9,4,9.5,4.5],"texture":"#0"},"east":{"uv":[8,1.5,6,2],"texture":"#0"},"south":{"uv":[11,10,11.5,10.5],"texture":"#0"},"west":{"uv":[6,1.5,8,2],"texture":"#0"},"up":{"uv":[6.5,4,6,2],"texture":"#0"},"down":{"uv":[6.5,4,6,6],"texture":"#0"}}},{"from":[7.575,17.73065,9.46228],"to":[8.425,18.03065,13.26228],"rotation":{"angle":-22.5,"axis":"x","origin":[6.5,21.43065,11.06228]},"faces":{"north":{"uv":[11.5,6.5,12,7],"texture":"#0"},"east":{"uv":[6.5,2,8.5,2.5],"texture":"#0"},"south":{"uv":[13,8,13.5,8.5],"texture":"#0"},"west":{"uv":[6.5,2,8.5,2.5],"texture":"#0"},"up":{"uv":[7,4.5,6.5,2.5],"texture":"#0"},"down":{"uv":[5.5,6.5,5,8.5],"texture":"#0"}}},{"from":[7.6,18.8542,13.76074],"to":[8.4,19.1458,14.51074],"rotation":{"angle":0,"axis":"y","origin":[6.5,22.5458,12.31074]},"faces":{"north":{"uv":[8.5,13,9,13.5],"texture":"#0"},"east":{"uv":[13,8.5,13.5,9],"texture":"#0"},"south":{"uv":[9,13,9.5,13.5],"texture":"#0"},"west":{"uv":[13,9,13.5,9.5],"texture":"#0"},"up":{"uv":[10,13.5,9.5,13],"texture":"#0"},"down":{"uv":[13.5,9.5,13,10],"texture":"#0"}}},{"from":[7.6,18.5542,13.01074],"to":[8.4,19.4458,13.76074],"rotation":{"angle":0,"axis":"y","origin":[6.5,22.5458,12.31074]},"faces":{"north":{"uv":[11,13,11.5,13.5],"texture":"#0"},"east":{"uv":[13,11,13.5,11.5],"texture":"#0"},"south":{"uv":[13,11.5,13.5,12],"texture":"#0"},"west":{"uv":[12,13,12.5,13.5],"texture":"#0"},"up":{"uv":[13,13.5,12.5,13],"texture":"#0"},"down":{"uv":[13.5,12.5,13,13],"texture":"#0"}}},{"from":[7.6,18.2542,12.31074],"to":[8.4,19.7458,13.01074],"rotation":{"angle":0,"axis":"y","origin":[6.5,22.5458,12.31074]},"faces":{"north":{"uv":[13,13,13.5,13.5],"texture":"#0"},"east":{"uv":[0,13.5,0.5,14],"texture":"#0"},"south":{"uv":[0.5,13.5,1,14],"texture":"#0"},"west":{"uv":[1,13.5,1.5,14],"texture":"#0"},"up":{"uv":[14,1.5,13.5,1],"texture":"#0"},"down":{"uv":[2,13.5,1.5,14],"texture":"#0"}}},{"from":[7.6,17.9542,11.56074],"to":[8.4,20.0458,12.31074],"rotation":{"angle":0,"axis":"y","origin":[6.5,22.5458,12.31074]},"faces":{"north":{"uv":[11,9,11.5,10],"texture":"#0"},"east":{"uv":[9.5,11,10,12],"texture":"#0"},"south":{"uv":[10,11,10.5,12],"texture":"#0"},"west":{"uv":[10.5,11,11,12],"texture":"#0"},"up":{"uv":[2.5,14,2,13.5],"texture":"#0"},"down":{"uv":[3,13.5,2.5,14],"texture":"#0"}}},{"from":[7.6,17.7042,10.98574],"to":[8.4,20.2958,11.56074],"rotation":{"angle":0,"axis":"y","origin":[6.5,22.5458,12.31074]},"faces":{"north":{"uv":[8.5,9,9,10.5],"texture":"#0"},"east":{"uv":[9,9,9.5,10.5],"texture":"#0"},"south":{"uv":[0,9.5,0.5,11],"texture":"#0"},"west":{"uv":[0.5,9.5,1,11],"texture":"#0"},"up":{"uv":[3.5,14,3,13.5],"texture":"#0"},"down":{"uv":[4,13.5,3.5,14],"texture":"#0"}}},{"from":[7.5,17.3,4.7],"to":[8.5,20.7,6],"rotation":{"angle":0,"axis":"y","origin":[6.5,19,7.5]},"faces":{"north":{"uv":[9.5,0.5,10,2],"texture":"#0"},"east":{"uv":[1,9.5,1.5,11],"texture":"#0"},"south":{"uv":[1.5,9.5,2,11],"texture":"#0"},"west":{"uv":[2,9.5,2.5,11],"texture":"#0"},"up":{"uv":[4.5,14,4,13.5],"texture":"#0"},"down":{"uv":[5,13.5,4.5,14],"texture":"#0"}}},{"from":[7.6,20,-0.5],"to":[8.4,20.6,3.8],"rotation":{"angle":0,"axis":"y","origin":[6.5,19,7]},"faces":{"north":{"uv":[13.5,4.5,14,5],"texture":"#0"},"east":{"uv":[8.5,5,6.5,5.5],"texture":"#0"},"south":{"uv":[5,13.5,5.5,14],"texture":"#0"},"west":{"uv":[6.5,5,8.5,5.5],"texture":"#0"},"up":{"uv":[6,8.5,5.5,6.5],"texture":"#0"},"down":{"uv":[6.5,6.5,6,8.5],"texture":"#0"}}},{"from":[5.58162,18,0.7],"to":[5.88162,20,1],"rotation":{"angle":-45,"axis":"y","origin":[4.18162,19,4.7]},"faces":{"north":{"uv":[11,11,11.5,12],"texture":"#0"},"east":{"uv":[0,11.5,0.5,12.5],"texture":"#0"},"south":{"uv":[11.5,0,12,1],"texture":"#0"},"west":{"uv":[0.5,11.5,1,12.5],"texture":"#0"},"up":{"uv":[6,14,5.5,13.5],"texture":"#0"},"down":{"uv":[6.5,13.5,6,14],"texture":"#0"}}},{"from":[5.58162,17.9,-0.1],"to":[5.88162,20,0.2],"rotation":{"angle":-45,"axis":"y","origin":[4.18162,19,3.9]},"faces":{"north":{"uv":[1,11.5,1.5,12.5],"texture":"#0"},"east":{"uv":[11.5,2.5,12,3.5],"texture":"#0"},"south":{"uv":[11.5,5.5,12,6.5],"texture":"#0"},"west":{"uv":[6,11.5,6.5,12.5],"texture":"#0"},"up":{"uv":[14,6.5,13.5,6],"texture":"#0"},"down":{"uv":[7,13.5,6.5,14],"texture":"#0"}}},{"from":[5.58162,17.6,-0.9],"to":[5.88162,20,-0.6],"rotation":{"angle":-45,"axis":"y","origin":[4.18162,19,3.1]},"faces":{"north":{"uv":[6.5,11.5,7,12.5],"texture":"#0"},"east":{"uv":[7,11.5,7.5,12.5],"texture":"#0"},"south":{"uv":[7.5,11.5,8,12.5],"texture":"#0"},"west":{"uv":[11.5,7.5,12,8.5],"texture":"#0"},"up":{"uv":[14,7,13.5,6.5],"texture":"#0"},"down":{"uv":[7.5,13.5,7,14],"texture":"#0"}}},{"from":[5.58162,17.3,-1.7],"to":[5.88162,19.6,-1.4],"rotation":{"angle":-45,"axis":"y","origin":[4.18162,18.6,2.3]},"faces":{"north":{"uv":[8,11.5,8.5,12.5],"texture":"#0"},"east":{"uv":[11.5,9,12,10],"texture":"#0"},"south":{"uv":[11.5,10,12,11],"texture":"#0"},"west":{"uv":[11.5,11,12,12],"texture":"#0"},"up":{"uv":[14,7.5,13.5,7],"texture":"#0"},"down":{"uv":[8,13.5,7.5,14],"texture":"#0"}}},{"from":[7.6,21.49205,0.00104],"to":[8.4,22.09205,2.10104],"rotation":{"angle":-22.5,"axis":"x","origin":[6.5,20.49205,5.80104]},"faces":{"north":{"uv":[13.5,7.5,14,8],"texture":"#0"},"east":{"uv":[11.5,1,12.5,1.5],"texture":"#0"},"south":{"uv":[8,13.5,8.5,14],"texture":"#0"},"west":{"uv":[11.5,3.5,12.5,4],"texture":"#0"},"up":{"uv":[12.5,1,12,0],"texture":"#0"},"down":{"uv":[12.5,2.5,12,3.5],"texture":"#0"}}},{"from":[7.6,15.5,-0.5],"to":[8.4,20,-0.3],"rotation":{"angle":0,"axis":"y","origin":[6.5,19,7]},"faces":{"north":{"uv":[3,5.5,3.5,8],"texture":"#0"},"east":{"uv":[3.5,5.5,4,8],"texture":"#0"},"south":{"uv":[4,5.5,4.5,8],"texture":"#0"},"west":{"uv":[4.5,5.5,5,8],"texture":"#0"},"up":{"uv":[14,8.5,13.5,8],"texture":"#0"},"down":{"uv":[9,13.5,8.5,14],"texture":"#0"}}},{"from":[7.6,16.55,-0.3],"to":[8.4,20,0.1],"rotation":{"angle":0,"axis":"y","origin":[6.5,19,7]},"faces":{"north":{"uv":[9.5,2,10,3.5],"texture":"#0"},"east":{"uv":[2.5,9.5,3,11],"texture":"#0"},"south":{"uv":[9.5,3.5,10,5],"texture":"#0"},"west":{"uv":[5,9.5,5.5,11],"texture":"#0"},"up":{"uv":[14,9,13.5,8.5],"texture":"#0"},"down":{"uv":[9.5,13.5,9,14],"texture":"#0"}}},{"from":[7.6,19.85,0.1],"to":[8.4,20,0.425],"rotation":{"angle":0,"axis":"y","origin":[6.5,19,7]},"faces":{"north":{"uv":[13.5,9,14,9.5],"texture":"#0"},"east":{"uv":[9.5,13.5,10,14],"texture":"#0"},"south":{"uv":[13.5,9.5,14,10],"texture":"#0"},"west":{"uv":[10,13.5,10.5,14],"texture":"#0"},"up":{"uv":[14,10.5,13.5,10],"texture":"#0"},"down":{"uv":[11,13.5,10.5,14],"texture":"#0"}}},{"from":[2.92599,16.55,-3.26447],"to":[3.49167,19.45,-2.69878],"rotation":{"angle":-45,"axis":"y","origin":[1.88457,19,4.34264]},"faces":{"north":{"uv":[9.5,5,10,6.5],"texture":"#0"},"east":{"uv":[5.5,9.5,6,11],"texture":"#0"},"south":{"uv":[6,9.5,6.5,11],"texture":"#0"},"west":{"uv":[6.5,9.5,7,11],"texture":"#0"},"up":{"uv":[14,11,13.5,10.5],"texture":"#0"},"down":{"uv":[11.5,13.5,11,14],"texture":"#0"}}},{"from":[7.6,14.99659,0.13205],"to":[8.4,16.79659,0.33205],"rotation":{"angle":45,"axis":"x","origin":[6.5,16.01124,0.62369]},"faces":{"north":{"uv":[3,12,3.5,13],"texture":"#0"},"east":{"uv":[3.5,12,4,13],"texture":"#0"},"south":{"uv":[4,12,4.5,13],"texture":"#0"},"west":{"uv":[12,4,12.5,5],"texture":"#0"},"up":{"uv":[14,11.5,13.5,11],"texture":"#0"},"down":{"uv":[12,13.5,11.5,14],"texture":"#0"}}},{"from":[7.6,15.19659,-0.14295],"to":[8.4,16.79659,0.13205],"rotation":{"angle":45,"axis":"x","origin":[6.5,16.01124,0.62369]},"faces":{"north":{"uv":[4.5,12,5,13],"texture":"#0"},"east":{"uv":[12,5,12.5,6],"texture":"#0"},"south":{"uv":[12,6,12.5,7],"texture":"#0"},"west":{"uv":[12,7,12.5,8],"texture":"#0"},"up":{"uv":[14,12,13.5,11.5],"texture":"#0"},"down":{"uv":[12.5,13.5,12,14],"texture":"#0"}}},{"from":[7.575,15.47159,-0.41795],"to":[8.425,16.79659,-0.14295],"rotation":{"angle":45,"axis":"x","origin":[6.5,16.01124,0.62369]},"faces":{"north":{"uv":[13.5,12,14,12.5],"texture":"#0"},"east":{"uv":[12.5,13.5,13,14],"texture":"#0"},"south":{"uv":[13.5,12.5,14,13],"texture":"#0"},"west":{"uv":[13,13.5,13.5,14],"texture":"#0"},"up":{"uv":[14,13.5,13.5,13],"texture":"#0"},"down":{"uv":[14,13.5,13.5,14],"texture":"#0"}}},{"from":[7.6,17.31393,0.8],"to":[8.4,17.58893,2.9],"rotation":{"angle":-22.5,"axis":"x","origin":[6.5,16.54728,1.33966]},"faces":{"north":{"uv":[0,14,0.5,14.5],"texture":"#0"},"east":{"uv":[12,8,13,8.5],"texture":"#0"},"south":{"uv":[14,0,14.5,0.5],"texture":"#0"},"west":{"uv":[8.5,12,9.5,12.5],"texture":"#0"},"up":{"uv":[12.5,9.5,12,8.5],"texture":"#0"},"down":{"uv":[10,12,9.5,13],"texture":"#0"}}},{"from":[7.6,17.20378,0.86829],"to":[8.4,17.47878,2.79329],"rotation":{"angle":-22.5,"axis":"x","origin":[6.5,16.71213,1.68294]},"faces":{"north":{"uv":[0.5,14,1,14.5],"texture":"#0"},"east":{"uv":[12,9.5,13,10],"texture":"#0"},"south":{"uv":[14,0.5,14.5,1],"texture":"#0"},"west":{"uv":[10,12,11,12.5],"texture":"#0"},"up":{"uv":[12.5,11,12,10],"texture":"#0"},"down":{"uv":[11.5,12,11,13],"texture":"#0"}}},{"from":[7.6,17.13993,0.94228],"to":[8.4,17.33993,2.74228],"rotation":{"angle":-22.5,"axis":"x","origin":[6.5,16.84828,1.95693]},"faces":{"north":{"uv":[1,14,1.5,14.5],"texture":"#0"},"east":{"uv":[12,11,13,11.5],"texture":"#0"},"south":{"uv":[14,1,14.5,1.5],"texture":"#0"},"west":{"uv":[11.5,12,12.5,12.5],"texture":"#0"},"up":{"uv":[0.5,13.5,0,12.5],"texture":"#0"},"down":{"uv":[13,0,12.5,1],"texture":"#0"}}},{"from":[7.6,17.40304,2.38261],"to":[8.4,18.10676,3.81935],"rotation":{"angle":0,"axis":"y","origin":[6.5,17.1114,3.50901]},"faces":{"north":{"uv":[1.5,14,2,14.5],"texture":"#0"},"east":{"uv":[15.5,3,14.5,4],"texture":"#0"},"south":{"uv":[2,14,2.5,14.5],"texture":"#0"},"west":{"uv":[14.5,3,15.5,4],"texture":"#0"},"up":{"uv":[3,14.5,2.5,14],"texture":"#0"},"down":{"uv":[14.5,2.5,14,3],"texture":"#0"}}},{"from":[7.04505,17.6,6.92919],"to":[7.64505,20.4,7.42919],"rotation":{"angle":22.5,"axis":"y","origin":[6.14505,19,7.12919]},"faces":{"north":{"uv":[9.5,6.5,10,8],"texture":"#0"},"east":{"uv":[9.5,8,10,9.5],"texture":"#0"},"south":{"uv":[9.5,9.5,10,11],"texture":"#0"},"west":{"uv":[10,0,10.5,1.5],"texture":"#0"},"up":{"uv":[3.5,14.5,3,14],"texture":"#0"},"down":{"uv":[14.5,3,14,3.5],"texture":"#0"}}},{"from":[7.04505,17.6,8.57081],"to":[7.64505,20.4,9.07081],"rotation":{"angle":-22.5,"axis":"y","origin":[6.14505,19,8.87081]},"faces":{"north":{"uv":[10,1.5,10.5,3],"texture":"#0"},"east":{"uv":[10,3,10.5,4.5],"texture":"#0"},"south":{"uv":[10,4.5,10.5,6],"texture":"#0"},"west":{"uv":[10,6,10.5,7.5],"texture":"#0"},"up":{"uv":[4,14.5,3.5,14],"texture":"#0"},"down":{"uv":[14.5,3.5,14,4],"texture":"#0"}}},{"from":[8.35495,17.6,6.92919],"to":[8.95495,20.4,7.42919],"rotation":{"angle":-22.5,"axis":"y","origin":[9.85495,19,7.12919]},"faces":{"north":{"uv":[7,10,7.5,11.5],"texture":"#0"},"east":{"uv":[10,0,10.5,1.5],"texture":"#0"},"south":{"uv":[10,9,10.5,10.5],"texture":"#0"},"west":{"uv":[10.5,0,11,1.5],"texture":"#0"},"up":{"uv":[4.5,14.5,4,14],"texture":"#0"},"down":{"uv":[14.5,4,14,4.5],"texture":"#0"}}},{"from":[8.35495,17.6,8.57081],"to":[8.95495,20.4,9.07081],"rotation":{"angle":22.5,"axis":"y","origin":[9.85495,19,8.87081]},"faces":{"north":{"uv":[10.5,1.5,11,3],"texture":"#0"},"east":{"uv":[10,6,10.5,7.5],"texture":"#0"},"south":{"uv":[10.5,3,11,4.5],"texture":"#0"},"west":{"uv":[3.5,10.5,4,12],"texture":"#0"},"up":{"uv":[5,14.5,4.5,14],"texture":"#0"},"down":{"uv":[14.5,4.5,14,5],"texture":"#0"}}},{"from":[6.9,17.6,9.4],"to":[9.1,20.4,10],"rotation":{"angle":0,"axis":"y","origin":[7,4,10.5]},"faces":{"north":{"uv":[5,3,6,4.5],"texture":"#0"},"east":{"uv":[4.5,10.5,5,12],"texture":"#0"},"south":{"uv":[5,4.5,6,6],"texture":"#0"},"west":{"uv":[4.5,10.5,5,12],"texture":"#0"},"up":{"uv":[13,12,12,11.5],"texture":"#0"},"down":{"uv":[1.5,12.5,0.5,13],"texture":"#0"}}},{"from":[7.1,18,7],"to":[8.9,20,9],"rotation":{"angle":0,"axis":"y","origin":[7,4,9.5]},"faces":{"north":{"uv":[6.5,6.5,7.5,7.5],"texture":"#0"},"east":{"uv":[7,2.5,8,3.5],"texture":"#0"},"south":{"uv":[7,3.5,8,4.5],"texture":"#0"},"west":{"uv":[7,5.5,8,6.5],"texture":"#0"},"up":{"uv":[7.5,8.5,6.5,7.5],"texture":"#0"},"down":{"uv":[8.5,6.5,7.5,7.5],"texture":"#0"}}},{"from":[6.9,17,6],"to":[9.1,17.6,10],"rotation":{"angle":0,"axis":"y","origin":[7,18,7.5]},"faces":{"north":{"uv":[12.5,1,13.5,1.5],"texture":"#0"},"east":{"uv":[10,0,8,0.5],"texture":"#0"},"south":{"uv":[1.5,12.5,2.5,13],"texture":"#0"},"west":{"uv":[8,0,10,0.5],"texture":"#0"},"up":{"uv":[5,2,4,0],"texture":"#0"},"down":{"uv":[5,2,4,4],"texture":"#0"}}},{"from":[7.00698,17.73785,6.6],"to":[7.60698,18.33785,9.4],"rotation":{"angle":-22.5,"axis":"z","origin":[6.60698,17.93785,7.5]},"faces":{"north":{"uv":[5,14,5.5,14.5],"texture":"#0"},"east":{"uv":[10.5,4.5,12,5],"texture":"#0"},"south":{"uv":[14,5,14.5,5.5],"texture":"#0"},"west":{"uv":[10.5,5,12,5.5],"texture":"#0"},"up":{"uv":[11,7,10.5,5.5],"texture":"#0"},"down":{"uv":[11,7,10.5,8.5],"texture":"#0"}}},{"from":[8.39302,17.73785,6.6],"to":[8.99302,18.33785,9.4],"rotation":{"angle":22.5,"axis":"z","origin":[9.39302,17.93785,7.5]},"faces":{"north":{"uv":[5.5,14,6,14.5],"texture":"#0"},"east":{"uv":[12,5,10.5,5.5],"texture":"#0"},"south":{"uv":[14,5.5,14.5,6],"texture":"#0"},"west":{"uv":[10.5,8.5,12,9],"texture":"#0"},"up":{"uv":[9.5,12,9,10.5],"texture":"#0"},"down":{"uv":[11,9,10.5,10.5],"texture":"#0"}}},{"from":[8.39302,19.66215,6.6],"to":[8.99302,20.26215,9.4],"rotation":{"angle":-22.5,"axis":"z","origin":[9.39302,20.06215,7.5]},"faces":{"north":{"uv":[6,14,6.5,14.5],"texture":"#0"},"east":{"uv":[12.5,2,11,2.5],"texture":"#0"},"south":{"uv":[14,6,14.5,6.5],"texture":"#0"},"west":{"uv":[0,11,1.5,11.5],"texture":"#0"},"up":{"uv":[11.5,1.5,11,0],"texture":"#0"},"down":{"uv":[2,11,1.5,12.5],"texture":"#0"}}},{"from":[7.00698,19.66215,6.6],"to":[7.60698,20.26215,9.4],"rotation":{"angle":22.5,"axis":"z","origin":[6.60698,20.06215,7.5]},"faces":{"north":{"uv":[6.5,14,7,14.5],"texture":"#0"},"east":{"uv":[11,1.5,12.5,2],"texture":"#0"},"south":{"uv":[14,6.5,14.5,7],"texture":"#0"},"west":{"uv":[11,2,12.5,2.5],"texture":"#0"},"up":{"uv":[2.5,12.5,2,11],"texture":"#0"},"down":{"uv":[3,11,2.5,12.5],"texture":"#0"}}},{"from":[7.275,-1.83848,8.83848],"to":[8.725,0,9],"rotation":{"angle":0,"axis":"y","origin":[7,0,7]},"faces":{"north":{"uv":[12.5,1.5,13,2.5],"texture":"#0"},"east":{"uv":[2.5,12.5,3,13.5],"texture":"#0"},"south":{"uv":[12.5,2.5,13,3.5],"texture":"#0"},"west":{"uv":[12.5,3.5,13,4.5],"texture":"#0"},"up":{"uv":[7.5,14.5,7,14],"texture":"#0"},"down":{"uv":[14.5,7,14,7.5],"texture":"#0"}}},{"from":[7.3,-1.56348,8.56348],"to":[8.7,-1.3,8.83848],"rotation":{"angle":0,"axis":"y","origin":[7,0,7]},"faces":{"north":{"uv":[7.5,14,8,14.5],"texture":"#0"},"east":{"uv":[14,7.5,14.5,8],"texture":"#0"},"south":{"uv":[8,14,8.5,14.5],"texture":"#0"},"west":{"uv":[14,8,14.5,8.5],"texture":"#0"},"up":{"uv":[9,14.5,8.5,14],"texture":"#0"},"down":{"uv":[14.5,8.5,14,9],"texture":"#0"}}},{"from":[7.3,-1.3,8.31348],"to":[8.7,-1.05,8.83848],"rotation":{"angle":0,"axis":"y","origin":[7,0,7]},"faces":{"north":{"uv":[9,14,9.5,14.5],"texture":"#0"},"east":{"uv":[14,9,14.5,9.5],"texture":"#0"},"south":{"uv":[9.5,14,10,14.5],"texture":"#0"},"west":{"uv":[14,9.5,14.5,10],"texture":"#0"},"up":{"uv":[10.5,14.5,10,14],"texture":"#0"},"down":{"uv":[14.5,10,14,10.5],"texture":"#0"}}},{"from":[7.3,-1.05,8.06348],"to":[8.7,-0.8,8.83848],"rotation":{"angle":0,"axis":"y","origin":[7,0,7]},"faces":{"north":{"uv":[10.5,14,11,14.5],"texture":"#0"},"east":{"uv":[14,10.5,14.5,11],"texture":"#0"},"south":{"uv":[11,14,11.5,14.5],"texture":"#0"},"west":{"uv":[14,11,14.5,11.5],"texture":"#0"},"up":{"uv":[12,14.5,11.5,14],"texture":"#0"},"down":{"uv":[14.5,11.5,14,12],"texture":"#0"}}},{"from":[7.3,-0.8,7.81348],"to":[8.7,-0.55,8.83848],"rotation":{"angle":0,"axis":"y","origin":[7,0,7]},"faces":{"north":{"uv":[12,14,12.5,14.5],"texture":"#0"},"east":{"uv":[14,12,14.5,12.5],"texture":"#0"},"south":{"uv":[12.5,14,13,14.5],"texture":"#0"},"west":{"uv":[14,12.5,14.5,13],"texture":"#0"},"up":{"uv":[13.5,14.5,13,14],"texture":"#0"},"down":{"uv":[14.5,13,14,13.5],"texture":"#0"}}},{"from":[7.3,-0.55,7.56348],"to":[8.7,-0.3,8.83848],"rotation":{"angle":0,"axis":"y","origin":[7,0,7]},"faces":{"north":{"uv":[13.5,14,14,14.5],"texture":"#0"},"east":{"uv":[14,13.5,14.5,14],"texture":"#0"},"south":{"uv":[14,14,14.5,14.5],"texture":"#0"},"west":{"uv":[0,14.5,0.5,15],"texture":"#0"},"up":{"uv":[15,0.5,14.5,0],"texture":"#0"},"down":{"uv":[1,14.5,0.5,15],"texture":"#0"}}},{"from":[7.3,-0.3,7.36348],"to":[8.7,-0.1,8.83848],"rotation":{"angle":0,"axis":"y","origin":[7,0,7]},"faces":{"north":{"uv":[14.5,0.5,15,1],"texture":"#0"},"east":{"uv":[1,14.5,1.5,15],"texture":"#0"},"south":{"uv":[14.5,1,15,1.5],"texture":"#0"},"west":{"uv":[1.5,14.5,2,15],"texture":"#0"},"up":{"uv":[15,2,14.5,1.5],"texture":"#0"},"down":{"uv":[2.5,14.5,2,15],"texture":"#0"}}},{"from":[7.3,-0.1,7.26348],"to":[8.7,0,8.83848],"rotation":{"angle":0,"axis":"y","origin":[7,0,7]},"faces":{"north":{"uv":[14.5,2,15,2.5],"texture":"#0"},"east":{"uv":[12.5,4.5,13.5,5],"texture":"#0"},"south":{"uv":[2.5,14.5,3,15],"texture":"#0"},"west":{"uv":[5,12.5,6,13],"texture":"#0"},"up":{"uv":[13,6,12.5,5],"texture":"#0"},"down":{"uv":[6.5,12.5,6,13.5],"texture":"#0"}}},{"from":[7.275,-3.87279,7.52721],"to":[8.725,-1.27279,7.72721],"rotation":{"angle":-45,"axis":"x","origin":[7,-1.27279,5.72721]},"faces":{"north":{"uv":[11,2.5,11.5,4],"texture":"#0"},"east":{"uv":[5,11,5.5,12.5],"texture":"#0"},"south":{"uv":[5.5,11,6,12.5],"texture":"#0"},"west":{"uv":[11,5.5,11.5,7],"texture":"#0"},"up":{"uv":[15,3,14.5,2.5],"texture":"#0"},"down":{"uv":[3.5,14.5,3,15],"texture":"#0"}}},{"from":[7,18.84087,7.2],"to":[9,19.15913,8.8],"rotation":{"angle":-45,"axis":"x","origin":[8,19,8]},"faces":{"north":{"uv":[12.5,6,13.5,6.5],"texture":"#0"},"east":{"uv":[6.5,12.5,7.5,13],"texture":"#0"},"south":{"uv":[12.5,6.5,13.5,7],"texture":"#0"},"west":{"uv":[12.5,7,13.5,7.5],"texture":"#0"},"up":{"uv":[9,1.5,8,0.5],"texture":"#0"},"down":{"uv":[9,2.5,8,3.5],"texture":"#0"}}},{"from":[7,18.2,7.84087],"to":[9,19.8,8.15913],"rotation":{"angle":22.5,"axis":"x","origin":[8,19,8]},"faces":{"north":{"uv":[3,8,4,9],"texture":"#0"},"east":{"uv":[7.5,12.5,8,13.5],"texture":"#0"},"south":{"uv":[8,3.5,9,4.5],"texture":"#0"},"west":{"uv":[8,12.5,8.5,13.5],"texture":"#0"},"up":{"uv":[13.5,8,12.5,7.5],"texture":"#0"},"down":{"uv":[9.5,12.5,8.5,13],"texture":"#0"}}},{"from":[7,18.2,7.84087],"to":[9,19.8,8.15913],"rotation":{"angle":0,"axis":"y","origin":[8,19,8]},"faces":{"north":{"uv":[4,8,5,9],"texture":"#0"},"east":{"uv":[12.5,8.5,13,9.5],"texture":"#0"},"south":{"uv":[8,5.5,9,6.5],"texture":"#0"},"west":{"uv":[10,12.5,10.5,13.5],"texture":"#0"},"up":{"uv":[13.5,10.5,12.5,10],"texture":"#0"},"down":{"uv":[13.5,10.5,12.5,11],"texture":"#0"}}},{"from":[7,18.2,7.84087],"to":[9,19.8,8.15913],"rotation":{"angle":-22.5,"axis":"x","origin":[8,19,8]},"faces":{"north":{"uv":[7.5,8,8.5,9],"texture":"#0"},"east":{"uv":[10.5,12.5,11,13.5],"texture":"#0"},"south":{"uv":[0,8.5,1,9.5],"texture":"#0"},"west":{"uv":[11.5,12.5,12,13.5],"texture":"#0"},"up":{"uv":[13,13,12,12.5],"texture":"#0"},"down":{"uv":[13.5,12,12.5,12.5],"texture":"#0"}}},{"from":[7,18.84087,7.2],"to":[9,19.15913,8.8],"rotation":{"angle":45,"axis":"x","origin":[8,19,8]},"faces":{"north":{"uv":[13,0,14,0.5],"texture":"#0"},"east":{"uv":[0.5,13,1.5,13.5],"texture":"#0"},"south":{"uv":[13,0.5,14,1],"texture":"#0"},"west":{"uv":[1.5,13,2.5,13.5],"texture":"#0"},"up":{"uv":[2,9.5,1,8.5],"texture":"#0"},"down":{"uv":[9.5,1.5,8.5,2.5],"texture":"#0"}}},{"from":[7,18.84087,7.2],"to":[9,19.15913,8.8],"rotation":{"angle":22.5,"axis":"x","origin":[8,19,8]},"faces":{"north":{"uv":[13,1.5,14,2],"texture":"#0"},"east":{"uv":[13,2,14,2.5],"texture":"#0"},"south":{"uv":[13,2.5,14,3],"texture":"#0"},"west":{"uv":[3,13,4,13.5],"texture":"#0"},"up":{"uv":[3,9.5,2,8.5],"texture":"#0"},"down":{"uv":[9.5,4.5,8.5,5.5],"texture":"#0"}}},{"from":[7,18.84087,7.2],"to":[9,19.15913,8.8],"rotation":{"angle":0,"axis":"y","origin":[8,19,8]},"faces":{"north":{"uv":[13,3,14,3.5],"texture":"#0"},"east":{"uv":[13,3.5,14,4],"texture":"#0"},"south":{"uv":[4,13,5,13.5],"texture":"#0"},"west":{"uv":[13,4,14,4.5],"texture":"#0"},"up":{"uv":[6,9.5,5,8.5],"texture":"#0"},"down":{"uv":[7,8.5,6,9.5],"texture":"#0"}}},{"from":[7,18.84087,7.2],"to":[9,19.15913,8.8],"rotation":{"angle":-22.5,"axis":"x","origin":[8,19,8]},"faces":{"north":{"uv":[5,13,6,13.5],"texture":"#0"},"east":{"uv":[13,5,14,5.5],"texture":"#0"},"south":{"uv":[13,5.5,14,6],"texture":"#0"},"west":{"uv":[6.5,13,7.5,13.5],"texture":"#0"},"up":{"uv":[9.5,7.5,8.5,6.5],"texture":"#0"},"down":{"uv":[9.5,8,8.5,9],"texture":"#0"}}}],"display":{"thirdperson_righthand":{"translation":[0,0,1.5]},"thirdperson_lefthand":{"translation":[0,0,1.5]},"ground":{"translation":[0,7,0]},"gui":{"rotation":[-90,67.5,90],"translation":[3,-1.75,0],"scale":[0.7,0.7,0.7]},"fixed":{"rotation":[0,90,0],"translation":[0.5,-1.5,0],"scale":[0.8,0.8,0.8]}},"groups":[{"name":"axe","origin":[8,8,8],"color":0,"children":[0,1,2,3,4,5,6,7,8,9,10,11,12,13,14,15,16,17,18,19,20,21,22,23,24,25,26,27,28,29,30,31,32,33,34,35,36,37,38,39,40,41,42,43,44,45,46,47,48,49,50,51,52,53,54,55,56,57]}]}