{"credit":"Made with Blockbench","texture_size":[32,32],"textures":{"0":"item/axes/spearaxe_texture","particle":"item/axes/spearaxe_texture"},"elements":[{"from":[7.2,-8,7.2],"to":[8.8,12,8.8],"rotation":{"angle":0,"axis":"y","origin":[8,0,8]},"faces":{"north":{"uv":[0,0,1,10],"texture":"#0"},"east":{"uv":[1,0,2,10],"texture":"#0"},"south":{"uv":[2,0,3,10],"texture":"#0"},"west":{"uv":[3,0,4,10],"texture":"#0"},"up":{"uv":[9.5,1,8.5,0],"texture":"#0"},"down":{"uv":[9.5,1,8.5,2],"texture":"#0"}}},{"from":[7,8,7],"to":[9,8.8,9],"rotation":{"angle":0,"axis":"y","origin":[8,0,8]},"faces":{"north":{"uv":[0.5,11,1.5,11.5],"texture":"#0"},"east":{"uv":[1.5,11,2.5,11.5],"texture":"#0"},"south":{"uv":[11,1.5,12,2],"texture":"#0"},"west":{"uv":[11,2,12,2.5],"texture":"#0"},"up":{"uv":[9.5,3,8.5,2],"texture":"#0"},"down":{"uv":[9.5,3,8.5,4],"texture":"#0"}}},{"from":[7,11,7],"to":[9,11.8,9],"rotation":{"angle":0,"axis":"y","origin":[8,0,8]},"faces":{"north":{"uv":[2.5,11,3.5,11.5],"texture":"#0"},"east":{"uv":[11,2.5,12,3],"texture":"#0"},"south":{"uv":[11,3,12,3.5],"texture":"#0"},"west":{"uv":[11,3.5,12,4],"texture":"#0"},"up":{"uv":[9.5,5,8.5,4],"texture":"#0"},"down":{"uv":[9.5,5,8.5,6],"texture":"#0"}}},{"from":[7.1,11.8,7.1],"to":[8.9,21,8.9],"rotation":{"angle":0,"axis":"y","origin":[8,0,8]},"faces":{"north":{"uv":[4,0,5,4.5],"texture":"#0"},"east":{"uv":[4,4.5,5,9],"texture":"#0"},"south":{"uv":[5,0,6,4.5],"texture":"#0"},"west":{"uv":[5,4.5,6,9],"texture":"#0"},"up":{"uv":[9.5,7,8.5,6],"texture":"#0"},"down":{"uv":[9.5,7,8.5,8],"texture":"#0"}}},{"from":[7.4,13.91537,8.9],"to":[8.6,18.13463,11.9],"rotation":{"angle":0,"axis":"y","origin":[8,17,8]},"faces":{"north":{"uv":[8.5,8,9,10],"texture":"#0"},"east":{"uv":[7,0,8.5,2],"texture":"#0"},"south":{"uv":[4,9,4.5,11],"texture":"#0"},"west":{"uv":[7,2,8.5,4],"texture":"#0"},"up":{"uv":[4,11.5,3.5,10],"texture":"#0"},"down":{"uv":[10.5,7,10,8.5],"texture":"#0"}}},{"from":[7.4,13.51537,10.8],"to":[8.6,13.91537,11.9],"rotation":{"angle":0,"axis":"y","origin":[8,17,8]},"faces":{"north":{"uv":[6,11.5,6.5,12],"texture":"#0"},"east":{"uv":[0,12,0.5,12.5],"texture":"#0"},"south":{"uv":[5,12,5.5,12.5],"texture":"#0"},"west":{"uv":[12,9.5,12.5,10],"texture":"#0"},"up":{"uv":[10.5,12.5,10,12],"texture":"#0"},"down":{"uv":[12.5,10,12,10.5],"texture":"#0"}}},{"from":[7.4,13.01537,11.3],"to":[8.6,13.51537,11.9],"rotation":{"angle":0,"axis":"y","origin":[8,17,8]},"faces":{"north":{"uv":[10.5,12,11,12.5],"texture":"#0"},"east":{"uv":[12,10.5,12.5,11],"texture":"#0"},"south":{"uv":[11,12,11.5,12.5],"texture":"#0"},"west":{"uv":[11.5,12,12,12.5],"texture":"#0"},"up":{"uv":[12.5,12.5,12,12],"texture":"#0"},"down":{"uv":[0.5,12.5,0,13],"texture":"#0"}}},{"from":[7.4,12.61537,11.7],"to":[8.6,13.01537,11.9],"rotation":{"angle":0,"axis":"y","origin":[8,17,8]},"faces":{"north":{"uv":[0.5,12.5,1,13],"texture":"#0"},"east":{"uv":[1,12.5,1.5,13],"texture":"#0"},"south":{"uv":[12.5,1,13,1.5],"texture":"#0"},"west":{"uv":[1.5,12.5,2,13],"texture":"#0"},"up":{"uv":[2.5,13,2,12.5],"texture":"#0"},"down":{"uv":[3,12.5,2.5,13],"texture":"#0"}}},{"from":[7.375,16.85349,12.391],"to":[8.625,17.87932,13.91228],"rotation":{"angle":-22.5,"axis":"x","origin":[8,16.74195,11.50271]},"faces":{"north":{"uv":[3,12.5,3.5,13],"texture":"#0"},"east":{"uv":[4,11,5,11.5],"texture":"#0"},"south":{"uv":[3.5,12.5,4,13],"texture":"#0"},"west":{"uv":[11,4,12,4.5],"texture":"#0"},"up":{"uv":[11.5,5.5,11,4.5],"texture":"#0"},"down":{"uv":[5.5,11,5,12],"texture":"#0"}}},{"from":[7.375,17.45571,13.96905],"to":[8.625,18.40459,15.85173],"rotation":{"angle":-45,"axis":"x","origin":[8,17.26996,13.45173]},"faces":{"north":{"uv":[4,12.5,4.5,13],"texture":"#0"},"east":{"uv":[5.5,11,6.5,11.5],"texture":"#0"},"south":{"uv":[4.5,12.5,5,13],"texture":"#0"},"west":{"uv":[11,5.5,12,6],"texture":"#0"},"up":{"uv":[11.5,7,11,6],"texture":"#0"},"down":{"uv":[7,11,6.5,12],"texture":"#0"}}},{"from":[7.4,19.05007,13.9157],"to":[8.6,21.00362,15.96925],"rotation":{"angle":22.5,"axis":"x","origin":[8,18.50362,15.05033]},"faces":{"north":{"uv":[11,7,11.5,8],"texture":"#0"},"east":{"uv":[4.5,9,5.5,10],"texture":"#0"},"south":{"uv":[9,11,9.5,12],"texture":"#0"},"west":{"uv":[9,8,10,9],"texture":"#0"},"up":{"uv":[10,12,9.5,11],"texture":"#0"},"down":{"uv":[10.5,11,10,12],"texture":"#0"}}},{"from":[7.4,21.00362,14.3157],"to":[8.6,21.40362,15.96925],"rotation":{"angle":22.5,"axis":"x","origin":[8,18.50362,15.05033]},"faces":{"north":{"uv":[12.5,4.5,13,5],"texture":"#0"},"east":{"uv":[11,8,12,8.5],"texture":"#0"},"south":{"uv":[5,12.5,5.5,13],"texture":"#0"},"west":{"uv":[11,10.5,12,11],"texture":"#0"},"up":{"uv":[11.5,12,11,11],"texture":"#0"},"down":{"uv":[12,0,11.5,1],"texture":"#0"}}},{"from":[7.4,21.40362,14.7157],"to":[8.6,21.80362,15.96925],"rotation":{"angle":22.5,"axis":"x","origin":[8,18.50362,15.05033]},"faces":{"north":{"uv":[12.5,5,13,5.5],"texture":"#0"},"east":{"uv":[5.5,12.5,6,13],"texture":"#0"},"south":{"uv":[6,12.5,6.5,13],"texture":"#0"},"west":{"uv":[12.5,6,13,6.5],"texture":"#0"},"up":{"uv":[7,13,6.5,12.5],"texture":"#0"},"down":{"uv":[13,6.5,12.5,7],"texture":"#0"}}},{"from":[7.4,21.80362,15.1157],"to":[8.6,22.20362,15.96925],"rotation":{"angle":22.5,"axis":"x","origin":[8,18.50362,15.05033]},"faces":{"north":{"uv":[7,12.5,7.5,13],"texture":"#0"},"east":{"uv":[12.5,7,13,7.5],"texture":"#0"},"south":{"uv":[7.5,12.5,8,13],"texture":"#0"},"west":{"uv":[12.5,7.5,13,8],"texture":"#0"},"up":{"uv":[8.5,13,8,12.5],"texture":"#0"},"down":{"uv":[9,12.5,8.5,13],"texture":"#0"}}},{"from":[7.4,22.20362,15.5157],"to":[8.6,22.60362,15.96925],"rotation":{"angle":22.5,"axis":"x","origin":[8,18.50362,15.05033]},"faces":{"north":{"uv":[12.5,8.5,13,9],"texture":"#0"},"east":{"uv":[9,12.5,9.5,13],"texture":"#0"},"south":{"uv":[12.5,9,13,9.5],"texture":"#0"},"west":{"uv":[9.5,12.5,10,13],"texture":"#0"},"up":{"uv":[13,10,12.5,9.5],"texture":"#0"},"down":{"uv":[10.5,12.5,10,13],"texture":"#0"}}},{"from":[7.375,20.68948,15.46149],"to":[8.625,20.98948,18.46149],"rotation":{"angle":-22.5,"axis":"x","origin":[8,19.85485,14.56149]},"faces":{"north":{"uv":[12.5,10,13,10.5],"texture":"#0"},"east":{"uv":[10,8.5,11.5,9],"texture":"#0"},"south":{"uv":[10.5,12.5,11,13],"texture":"#0"},"west":{"uv":[10,9,11.5,9.5],"texture":"#0"},"up":{"uv":[8.5,11.5,8,10],"texture":"#0"},"down":{"uv":[9,10,8.5,11.5],"texture":"#0"}}},{"from":[7.4,19.11841,17.52022],"to":[8.6,22.11841,17.84522],"rotation":{"angle":22.5,"axis":"x","origin":[8.6,22.11841,17.84522]},"faces":{"north":{"uv":[10,9.5,10.5,11],"texture":"#0"},"east":{"uv":[7,10.5,7.5,12],"texture":"#0"},"south":{"uv":[10.5,7,11,8.5],"texture":"#0"},"west":{"uv":[7.5,10.5,8,12],"texture":"#0"},"up":{"uv":[13,11,12.5,10.5],"texture":"#0"},"down":{"uv":[11.5,12.5,11,13],"texture":"#0"}}},{"from":[7.425,18.13043,14.0559],"to":[8.575,19.46158,16.72],"rotation":{"angle":0,"axis":"y","origin":[8.6,19.46158,16.72]},"faces":{"north":{"uv":[12.5,11,13,11.5],"texture":"#0"},"east":{"uv":[10.5,9.5,12,10],"texture":"#0"},"south":{"uv":[11.5,12.5,12,13],"texture":"#0"},"west":{"uv":[10.5,10,12,10.5],"texture":"#0"},"up":{"uv":[11,12,10.5,10.5],"texture":"#0"},"down":{"uv":[11.5,0,11,1.5],"texture":"#0"}}},{"from":[7.4,17.57638,15.59717],"to":[8.6,18.57638,16.69717],"rotation":{"angle":-22.5,"axis":"x","origin":[8.6,18.57638,16.69717]},"faces":{"north":{"uv":[12.5,11.5,13,12],"texture":"#0"},"east":{"uv":[12,12.5,12.5,13],"texture":"#0"},"south":{"uv":[12.5,12,13,12.5],"texture":"#0"},"west":{"uv":[12.5,12.5,13,13],"texture":"#0"},"up":{"uv":[0.5,13.5,0,13],"texture":"#0"},"down":{"uv":[13.5,0,13,0.5],"texture":"#0"}}},{"from":[7.4,16.74983,16.51482],"to":[8.6,17.84983,17.01482],"rotation":{"angle":-45,"axis":"x","origin":[8.6,17.74983,17.01482]},"faces":{"north":{"uv":[0.5,13,1,13.5],"texture":"#0"},"east":{"uv":[13,0.5,13.5,1],"texture":"#0"},"south":{"uv":[1,13,1.5,13.5],"texture":"#0"},"west":{"uv":[13,1,13.5,1.5],"texture":"#0"},"up":{"uv":[2,13.5,1.5,13],"texture":"#0"},"down":{"uv":[13.5,1.5,13,2],"texture":"#0"}}},{"from":[7.4,11.04272,15.72193],"to":[8.6,17.04272,17.72193],"rotation":{"angle":22.5,"axis":"x","origin":[8.6,17.04272,17.72193]},"faces":{"north":{"uv":[8,4,8.5,7],"texture":"#0"},"east":{"uv":[7,7,6,10],"texture":"#0"},"south":{"uv":[8,7,8.5,10],"texture":"#0"},"west":{"uv":[6,7,7,10],"texture":"#0"},"up":{"uv":[1,12.5,0.5,11.5],"texture":"#0"},"down":{"uv":[1.5,11.5,1,12.5],"texture":"#0"}}},{"from":[7.375,6.49945,15.12582],"to":[8.625,7.04945,15.42582],"rotation":{"angle":45,"axis":"x","origin":[8.6,11.49945,15.42582]},"faces":{"north":{"uv":[2,13,2.5,13.5],"texture":"#0"},"east":{"uv":[13,2,13.5,2.5],"texture":"#0"},"south":{"uv":[2.5,13,3,13.5],"texture":"#0"},"west":{"uv":[13,2.5,13.5,3],"texture":"#0"},"up":{"uv":[3.5,13.5,3,13],"texture":"#0"},"down":{"uv":[13.5,3,13,3.5],"texture":"#0"}}},{"from":[7.375,7.04945,14.62582],"to":[8.625,11.49945,15.42582],"rotation":{"angle":45,"axis":"x","origin":[8.6,11.49945,15.42582]},"faces":{"north":{"uv":[5.5,9,6,11],"texture":"#0"},"east":{"uv":[9.5,2,10,4],"texture":"#0"},"south":{"uv":[9.5,0,10,2],"texture":"#0"},"west":{"uv":[9.5,2,10,4],"texture":"#0"},"up":{"uv":[4,13.5,3.5,13],"texture":"#0"},"down":{"uv":[13.5,3.5,13,4],"texture":"#0"}}},{"from":[7.375,8.17605,11.67816],"to":[8.625,12.17605,12.07816],"rotation":{"angle":0,"axis":"y","origin":[8.6,14.17605,11.97816]},"faces":{"north":{"uv":[9.5,4,10,6],"texture":"#0"},"east":{"uv":[0,10,0.5,12],"texture":"#0"},"south":{"uv":[9.5,9,10,11],"texture":"#0"},"west":{"uv":[0,10,0.5,12],"texture":"#0"},"up":{"uv":[4.5,13.5,4,13],"texture":"#0"},"down":{"uv":[13.5,4,13,4.5],"texture":"#0"}}},{"from":[7.4,9.27605,12.07816],"to":[8.6,10.37605,13.17816],"rotation":{"angle":0,"axis":"y","origin":[8.6,14.17605,11.97816]},"faces":{"north":{"uv":[4.5,13,5,13.5],"texture":"#0"},"east":{"uv":[13,4.5,13.5,5],"texture":"#0"},"south":{"uv":[5,13,5.5,13.5],"texture":"#0"},"west":{"uv":[13,5,13.5,5.5],"texture":"#0"},"up":{"uv":[6,13.5,5.5,13],"texture":"#0"},"down":{"uv":[13.5,5.5,13,6],"texture":"#0"}}},{"from":[7.4,10.37605,12.07816],"to":[8.6,11.47605,14.27816],"rotation":{"angle":0,"axis":"y","origin":[8.6,14.17605,11.97816]},"faces":{"north":{"uv":[6,13,6.5,13.5],"texture":"#0"},"east":{"uv":[11.5,1,12.5,1.5],"texture":"#0"},"south":{"uv":[13,6,13.5,6.5],"texture":"#0"},"west":{"uv":[1.5,11.5,2.5,12],"texture":"#0"},"up":{"uv":[3,12.5,2.5,11.5],"texture":"#0"},"down":{"uv":[3.5,11.5,3,12.5],"texture":"#0"}}},{"from":[7.4,11.47605,11.88813],"to":[8.6,18.13268,14.18813],"rotation":{"angle":0,"axis":"y","origin":[8.6,14.17605,11.97816]},"faces":{"north":{"uv":[7,7,7.5,10.5],"texture":"#0"},"east":{"uv":[7,3.5,6,7],"texture":"#0"},"south":{"uv":[7.5,7,8,10.5],"texture":"#0"},"west":{"uv":[6,3.5,7,7],"texture":"#0"},"up":{"uv":[4,12.5,3.5,11.5],"texture":"#0"},"down":{"uv":[4.5,11.5,4,12.5],"texture":"#0"}}},{"from":[7.4,11.47605,14.18813],"to":[8.6,12.03268,14.63813],"rotation":{"angle":0,"axis":"y","origin":[8.6,14.17605,11.97816]},"faces":{"north":{"uv":[6.5,13,7,13.5],"texture":"#0"},"east":{"uv":[13,6.5,13.5,7],"texture":"#0"},"south":{"uv":[7,13,7.5,13.5],"texture":"#0"},"west":{"uv":[13,7,13.5,7.5],"texture":"#0"},"up":{"uv":[8,13.5,7.5,13],"texture":"#0"},"down":{"uv":[13.5,7.5,13,8],"texture":"#0"}}},{"from":[7.375,11.68105,9.38206],"to":[8.625,12.71932,9.77445],"rotation":{"angle":-22.5,"axis":"x","origin":[8.6,17.71932,9.68206]},"faces":{"north":{"uv":[8,13,8.5,13.5],"texture":"#0"},"east":{"uv":[13,8,13.5,8.5],"texture":"#0"},"south":{"uv":[8.5,13,9,13.5],"texture":"#0"},"west":{"uv":[13,8.5,13.5,9],"texture":"#0"},"up":{"uv":[9.5,13.5,9,13],"texture":"#0"},"down":{"uv":[13.5,9,13,9.5],"texture":"#0"}}},{"from":[7.375,11.30721,7.05283],"to":[8.625,12.34257,7.43819],"rotation":{"angle":-45,"axis":"x","origin":[8.6,17.34257,7.35283]},"faces":{"north":{"uv":[9.5,13,10,13.5],"texture":"#0"},"east":{"uv":[13,9.5,13.5,10],"texture":"#0"},"south":{"uv":[10,13,10.5,13.5],"texture":"#0"},"west":{"uv":[13,10,13.5,10.5],"texture":"#0"},"up":{"uv":[11,13.5,10.5,13],"texture":"#0"},"down":{"uv":[13.5,10.5,13,11],"texture":"#0"}}},{"from":[7.375,15.80313,10.34509],"to":[8.625,16.18199,11.37776],"rotation":{"angle":22.5,"axis":"x","origin":[8.6,16.10313,5.34509]},"faces":{"north":{"uv":[11,13,11.5,13.5],"texture":"#0"},"east":{"uv":[13,11,13.5,11.5],"texture":"#0"},"south":{"uv":[11.5,13,12,13.5],"texture":"#0"},"west":{"uv":[13,11.5,13.5,12],"texture":"#0"},"up":{"uv":[12.5,13.5,12,13],"texture":"#0"},"down":{"uv":[13.5,12,13,12.5],"texture":"#0"}}},{"from":[7.375,11.59361,9.02121],"to":[8.625,11.89361,9.72121],"rotation":{"angle":-22.5,"axis":"x","origin":[8.6,11.89361,3.72121]},"faces":{"north":{"uv":[12.5,13,13,13.5],"texture":"#0"},"east":{"uv":[13,12.5,13.5,13],"texture":"#0"},"south":{"uv":[13,13,13.5,13.5],"texture":"#0"},"west":{"uv":[0,13.5,0.5,14],"texture":"#0"},"up":{"uv":[14,0.5,13.5,0],"texture":"#0"},"down":{"uv":[1,13.5,0.5,14],"texture":"#0"}}},{"from":[7.4,18.35098,8.43275],"to":[8.6,19.35098,10.43275],"rotation":{"angle":22.5,"axis":"x","origin":[8,17.95098,7.53275]},"faces":{"north":{"uv":[13.5,0.5,14,1],"texture":"#0"},"east":{"uv":[11.5,4.5,12.5,5],"texture":"#0"},"south":{"uv":[1,13.5,1.5,14],"texture":"#0"},"west":{"uv":[11.5,5,12.5,5.5],"texture":"#0"},"up":{"uv":[5,12.5,4.5,11.5],"texture":"#0"},"down":{"uv":[6,11.5,5.5,12.5],"texture":"#0"}}},{"from":[7,12.2,7],"to":[9,13,9],"rotation":{"angle":0,"axis":"y","origin":[8,0,8]},"faces":{"north":{"uv":[11.5,6,12.5,6.5],"texture":"#0"},"east":{"uv":[11.5,6.5,12.5,7],"texture":"#0"},"south":{"uv":[11.5,7,12.5,7.5],"texture":"#0"},"west":{"uv":[11.5,7.5,12.5,8],"texture":"#0"},"up":{"uv":[11,1,10,0],"texture":"#0"},"down":{"uv":[1.5,10,0.5,11],"texture":"#0"}}},{"from":[7,-8.8,7],"to":[9,-8,9],"rotation":{"angle":0,"axis":"y","origin":[8,-21,8]},"faces":{"north":{"uv":[8,11.5,9,12],"texture":"#0"},"east":{"uv":[11.5,8.5,12.5,9],"texture":"#0"},"south":{"uv":[11.5,9,12.5,9.5],"texture":"#0"},"west":{"uv":[11.5,11,12.5,11.5],"texture":"#0"},"up":{"uv":[11,2,10,1],"texture":"#0"},"down":{"uv":[2.5,10,1.5,11],"texture":"#0"}}},{"from":[7.1,-9.2,7.1],"to":[8.9,-8.8,8.9],"rotation":{"angle":0,"axis":"y","origin":[8,-21,8]},"faces":{"north":{"uv":[11.5,11.5,12.5,12],"texture":"#0"},"east":{"uv":[12,0,13,0.5],"texture":"#0"},"south":{"uv":[12,0.5,13,1],"texture":"#0"},"west":{"uv":[1.5,12,2.5,12.5],"texture":"#0"},"up":{"uv":[11,3,10,2],"texture":"#0"},"down":{"uv":[3.5,10,2.5,11],"texture":"#0"}}},{"from":[7,-10,7],"to":[9,-9.2,9],"rotation":{"angle":0,"axis":"y","origin":[8,-21,8]},"faces":{"north":{"uv":[12,1.5,13,2],"texture":"#0"},"east":{"uv":[12,2,13,2.5],"texture":"#0"},"south":{"uv":[12,2.5,13,3],"texture":"#0"},"west":{"uv":[12,3,13,3.5],"texture":"#0"},"up":{"uv":[11,4,10,3],"texture":"#0"},"down":{"uv":[11,4,10,5],"texture":"#0"}}},{"from":[7,19.6,7],"to":[9,20.4,9],"rotation":{"angle":0,"axis":"y","origin":[8,0,8]},"faces":{"north":{"uv":[12,3.5,13,4],"texture":"#0"},"east":{"uv":[12,4,13,4.5],"texture":"#0"},"south":{"uv":[12,5.5,13,6],"texture":"#0"},"west":{"uv":[6,12,7,12.5],"texture":"#0"},"up":{"uv":[5.5,11,4.5,10],"texture":"#0"},"down":{"uv":[11,5,10,6],"texture":"#0"}}},{"from":[7,21,7],"to":[9,22,9],"rotation":{"angle":0,"axis":"y","origin":[8,0,8]},"faces":{"north":{"uv":[7,12,8,12.5],"texture":"#0"},"east":{"uv":[8,12,9,12.5],"texture":"#0"},"south":{"uv":[12,8,13,8.5],"texture":"#0"},"west":{"uv":[9,12,10,12.5],"texture":"#0"},"up":{"uv":[7,11,6,10],"texture":"#0"},"down":{"uv":[11,6,10,7],"texture":"#0"}}},{"from":[7,22,7.4],"to":[7.6,23,8.6],"rotation":{"angle":-22.5,"axis":"z","origin":[7,22,7]},"faces":{"north":{"uv":[13.5,1,14,1.5],"texture":"#0"},"east":{"uv":[1.5,13.5,2,14],"texture":"#0"},"south":{"uv":[13.5,1.5,14,2],"texture":"#0"},"west":{"uv":[2,13.5,2.5,14],"texture":"#0"},"up":{"uv":[14,2.5,13.5,2],"texture":"#0"},"down":{"uv":[3,13.5,2.5,14],"texture":"#0"}}},{"from":[7.4,23.19448,7.50491],"to":[8.61732,24.0675,8.37793],"rotation":{"angle":45,"axis":"x","origin":[8.01732,23.20672,7.11716]},"faces":{"north":{"uv":[13.5,2.5,14,3],"texture":"#0"},"east":{"uv":[3,13.5,3.5,14],"texture":"#0"},"south":{"uv":[13.5,3,14,3.5],"texture":"#0"},"west":{"uv":[3.5,13.5,4,14],"texture":"#0"},"up":{"uv":[14,4,13.5,3.5],"texture":"#0"},"down":{"uv":[4.5,13.5,4,14],"texture":"#0"}}},{"from":[7.62207,23.19448,7.39134],"to":[8.49509,24.0675,8.60866],"rotation":{"angle":45,"axis":"z","origin":[8.88284,23.20672,8.00866]},"faces":{"north":{"uv":[13.5,4,14,4.5],"texture":"#0"},"east":{"uv":[4.5,13.5,5,14],"texture":"#0"},"south":{"uv":[13.5,4.5,14,5],"texture":"#0"},"west":{"uv":[5,13.5,5.5,14],"texture":"#0"},"up":{"uv":[14,5.5,13.5,5],"texture":"#0"},"down":{"uv":[6,13.5,5.5,14],"texture":"#0"}}},{"from":[8.4,22,7.4],"to":[9,23,8.6],"rotation":{"angle":22.5,"axis":"z","origin":[9,22,7]},"faces":{"north":{"uv":[13.5,5.5,14,6],"texture":"#0"},"east":{"uv":[6,13.5,6.5,14],"texture":"#0"},"south":{"uv":[13.5,6,14,6.5],"texture":"#0"},"west":{"uv":[6.5,13.5,7,14],"texture":"#0"},"up":{"uv":[14,7,13.5,6.5],"texture":"#0"},"down":{"uv":[7.5,13.5,7,14],"texture":"#0"}}},{"from":[7.4,22,7],"to":[8.6,23,7.6],"rotation":{"angle":22.5,"axis":"x","origin":[9,22,7]},"faces":{"north":{"uv":[13.5,7,14,7.5],"texture":"#0"},"east":{"uv":[7.5,13.5,8,14],"texture":"#0"},"south":{"uv":[13.5,7.5,14,8],"texture":"#0"},"west":{"uv":[8,13.5,8.5,14],"texture":"#0"},"up":{"uv":[14,8.5,13.5,8],"texture":"#0"},"down":{"uv":[9,13.5,8.5,14],"texture":"#0"}}},{"from":[7.4,22,8.4],"to":[8.6,23,9],"rotation":{"angle":-22.5,"axis":"x","origin":[9,22,9]},"faces":{"north":{"uv":[13.5,8.5,14,9],"texture":"#0"},"east":{"uv":[9,13.5,9.5,14],"texture":"#0"},"south":{"uv":[13.5,9,14,9.5],"texture":"#0"},"west":{"uv":[9.5,13.5,10,14],"texture":"#0"},"up":{"uv":[14,10,13.5,9.5],"texture":"#0"},"down":{"uv":[10.5,13.5,10,14],"texture":"#0"}}}],"display":{"thirdperson_righthand":{"rotation":[0,-180,0],"translation":[0,8.5,1]},"thirdperson_lefthand":{"translation":[0,8.5,1]},"firstperson_righthand":{"rotation":[0,-180,0],"translation":[0,11,0]},"firstperson_lefthand":{"translation":[0,11,0]},"ground":{"translation":[0,14.5,0]},"gui":{"rotation":[-90,67.25,90],"translation":[-0.5,0.25,0],"scale":[0.45,0.45,0.45]},"fixed":{"rotation":[0,90,0],"translation":[0,1.25,0],"scale":[0.5,0.5,0.5]}},"groups":[{"name":"axe","origin":[8,8,8],"color":0,"children":[0,1,2,3,4,5,6,7,8,9,10,11,12,13,14,15,16,17,18,19,20,21,22,23,24,25,26,27,28,29,30,31,32,33,34,35,36,37,38,39,40,41,42,43,44]}]}