{"credit":"Made with Blockbench","texture_size":[64,64],"textures":{"0":"item/axes/warrioraxe_texture","particle":"item/axes/warrioraxe_texture"},"elements":[{"from":[7.2,0,7.2],"to":[8.8,18,8.8],"rotation":{"angle":0,"axis":"y","origin":[8,-7,8]},"faces":{"north":{"uv":[0,0,0.5,4.5],"texture":"#0"},"east":{"uv":[0.5,8.5,0,13.25],"texture":"#0"},"south":{"uv":[1,0,1.5,4.5],"texture":"#0"},"west":{"uv":[0,8.5,0.5,13.25],"texture":"#0"},"up":{"uv":[5,4.25,4.5,3.75],"texture":"#0"},"down":{"uv":[5,4.25,4.5,4.75],"texture":"#0"}}},{"from":[7.5,24.275,7.25],"to":[8.5,28,8.8],"rotation":{"angle":0,"axis":"y","origin":[8,23,8]},"faces":{"north":{"uv":[2.75,4.5,3,5.5],"texture":"#0"},"east":{"uv":[4,3,3.5,4],"texture":"#0"},"south":{"uv":[4.75,0,5,1],"texture":"#0"},"west":{"uv":[3.5,3,4,4],"texture":"#0"},"up":{"uv":[4,6,3.75,5.5],"texture":"#0"},"down":{"uv":[4.25,5.5,4,6],"texture":"#0"}}},{"from":[7.5,21.275,8.8],"to":[8.5,28,9.1],"rotation":{"angle":0,"axis":"y","origin":[8,23,8]},"faces":{"north":{"uv":[4.25,3,4.5,4.75],"texture":"#0"},"east":{"uv":[0,4.5,0.25,6.25],"texture":"#0"},"south":{"uv":[0.25,4.5,0.5,6.25],"texture":"#0"},"west":{"uv":[0.5,4.5,0.75,6.25],"texture":"#0"},"up":{"uv":[2.75,6.25,2.5,6],"texture":"#0"},"down":{"uv":[4.25,6,4,6.25],"texture":"#0"}}},{"from":[7.5,21.25155,6.97032],"to":[8.5,22.07655,7.27032],"rotation":{"angle":22.5,"axis":"x","origin":[8,17.07655,6.17032]},"faces":{"north":{"uv":[1,6.25,1.25,6.5],"texture":"#0"},"east":{"uv":[6.5,4.75,6.75,5],"texture":"#0"},"south":{"uv":[5,6.5,5.25,6.75],"texture":"#0"},"west":{"uv":[6.5,5,6.75,5.25],"texture":"#0"},"up":{"uv":[5.5,6.75,5.25,6.5],"texture":"#0"},"down":{"uv":[5.75,6.5,5.5,6.75],"texture":"#0"}}},{"from":[7.5,27.7,9.4903],"to":[8.5,28,11.8],"rotation":{"angle":0,"axis":"y","origin":[8,28,11]},"faces":{"north":{"uv":[5.75,6.5,6,6.75],"texture":"#0"},"east":{"uv":[5.5,4.25,6,4.5],"texture":"#0"},"south":{"uv":[6,6.5,6.25,6.75],"texture":"#0"},"west":{"uv":[5.5,4.25,6,4.5],"texture":"#0"},"up":{"uv":[5.75,5.5,5.5,5],"texture":"#0"},"down":{"uv":[5.75,5.5,5.5,6],"texture":"#0"}}},{"from":[7.5,27.4,9.4903],"to":[8.5,27.7,11.025],"rotation":{"angle":0,"axis":"y","origin":[8,28,11]},"faces":{"north":{"uv":[6.5,6,6.75,6.25],"texture":"#0"},"east":{"uv":[5.75,0,6.25,0.25],"texture":"#0"},"south":{"uv":[6.25,6.5,6.5,6.75],"texture":"#0"},"west":{"uv":[5.75,0.25,6.25,0.5],"texture":"#0"},"up":{"uv":[6,1.5,5.75,1],"texture":"#0"},"down":{"uv":[6,1.5,5.75,2],"texture":"#0"}}},{"from":[7.5,27.175,9.4903],"to":[8.5,27.4,10.3],"rotation":{"angle":0,"axis":"y","origin":[8,28,11]},"faces":{"north":{"uv":[6.5,6.25,6.75,6.5],"texture":"#0"},"east":{"uv":[6.5,6.5,6.75,6.75],"texture":"#0"},"south":{"uv":[0,6.75,0.25,7],"texture":"#0"},"west":{"uv":[6.75,0,7,0.25],"texture":"#0"},"up":{"uv":[0.5,7,0.25,6.75],"texture":"#0"},"down":{"uv":[7,0.25,6.75,0.5],"texture":"#0"}}},{"from":[7.5,27.05,9.4903],"to":[8.5,27.175,9.75],"rotation":{"angle":0,"axis":"y","origin":[8,28,11]},"faces":{"north":{"uv":[0.5,6.75,0.75,7],"texture":"#0"},"east":{"uv":[6.75,0.5,7,0.75],"texture":"#0"},"south":{"uv":[0.75,6.75,1,7],"texture":"#0"},"west":{"uv":[1,6.75,1.25,7],"texture":"#0"},"up":{"uv":[7,1.25,6.75,1],"texture":"#0"},"down":{"uv":[1.5,6.75,1.25,7],"texture":"#0"}}},{"from":[7.5,26.74329,8.8],"to":[8.5,28,9.4903],"rotation":{"angle":0,"axis":"y","origin":[8,27.05,11]},"faces":{"north":{"uv":[6.75,1.25,7,1.5],"texture":"#0"},"east":{"uv":[1.5,6.75,1.75,7],"texture":"#0"},"south":{"uv":[1.75,6.75,2,7],"texture":"#0"},"west":{"uv":[2,6.75,2.25,7],"texture":"#0"},"up":{"uv":[2.5,7,2.25,6.75],"texture":"#0"},"down":{"uv":[2.75,6.75,2.5,7],"texture":"#0"}}},{"from":[7.5,26.74329,9.1],"to":[8.5,26.94329,9.8],"rotation":{"angle":22.5,"axis":"x","origin":[7.5,26.94329,8.8]},"faces":{"north":{"uv":[6.75,2.5,7,2.75],"texture":"#0"},"east":{"uv":[2.75,6.75,3,7],"texture":"#0"},"south":{"uv":[3,6.75,3.25,7],"texture":"#0"},"west":{"uv":[3.25,6.75,3.5,7],"texture":"#0"},"up":{"uv":[7,3.5,6.75,3.25],"texture":"#0"},"down":{"uv":[3.75,6.75,3.5,7],"texture":"#0"}}},{"from":[7.5,26.37583,9.09734],"to":[8.5,26.57583,9.64734],"rotation":{"angle":0,"axis":"y","origin":[7.5,26.57583,8.64734]},"faces":{"north":{"uv":[3.75,6.75,4,7],"texture":"#0"},"east":{"uv":[4,6.75,4.25,7],"texture":"#0"},"south":{"uv":[4.25,6.75,4.5,7],"texture":"#0"},"west":{"uv":[4.5,6.75,4.75,7],"texture":"#0"},"up":{"uv":[7,4.75,6.75,4.5],"texture":"#0"},"down":{"uv":[5,6.75,4.75,7],"texture":"#0"}}},{"from":[7.5,26.57583,8.79734],"to":[8.5,26.72583,9.17234],"rotation":{"angle":0,"axis":"y","origin":[7.5,26.57583,8.64734]},"faces":{"north":{"uv":[6.75,4.75,7,5],"texture":"#0"},"east":{"uv":[5,6.75,5.25,7],"texture":"#0"},"south":{"uv":[6.75,5,7,5.25],"texture":"#0"},"west":{"uv":[5.25,6.75,5.5,7],"texture":"#0"},"up":{"uv":[7,5.5,6.75,5.25],"texture":"#0"},"down":{"uv":[5.75,6.75,5.5,7],"texture":"#0"}}},{"from":[7.5,26.24329,9.1],"to":[8.5,26.44329,9.8],"rotation":{"angle":22.5,"axis":"x","origin":[7.5,26.44329,8.8]},"faces":{"north":{"uv":[6.75,5.5,7,5.75],"texture":"#0"},"east":{"uv":[5.75,6.75,6,7],"texture":"#0"},"south":{"uv":[6.75,5.75,7,6],"texture":"#0"},"west":{"uv":[6,6.75,6.25,7],"texture":"#0"},"up":{"uv":[7,6.25,6.75,6],"texture":"#0"},"down":{"uv":[6.5,6.75,6.25,7],"texture":"#0"}}},{"from":[7.5,25.87583,9.09734],"to":[8.5,26.07583,9.64734],"rotation":{"angle":0,"axis":"y","origin":[7.5,26.07583,8.64734]},"faces":{"north":{"uv":[6.75,6.25,7,6.5],"texture":"#0"},"east":{"uv":[6.5,6.75,6.75,7],"texture":"#0"},"south":{"uv":[6.75,6.5,7,6.75],"texture":"#0"},"west":{"uv":[6.75,6.75,7,7],"texture":"#0"},"up":{"uv":[0.25,7.25,0,7],"texture":"#0"},"down":{"uv":[7.25,0,7,0.25],"texture":"#0"}}},{"from":[7.5,26.07583,9.09734],"to":[8.5,26.22583,9.17234],"rotation":{"angle":0,"axis":"y","origin":[7.5,26.07583,8.64734]},"faces":{"north":{"uv":[0.25,7,0.5,7.25],"texture":"#0"},"east":{"uv":[7,0.25,7.25,0.5],"texture":"#0"},"south":{"uv":[0.5,7,0.75,7.25],"texture":"#0"},"west":{"uv":[7,0.5,7.25,0.75],"texture":"#0"},"up":{"uv":[1,7.25,0.75,7],"texture":"#0"},"down":{"uv":[7.25,0.75,7,1],"texture":"#0"}}},{"from":[7.5,25.57583,9.09734],"to":[8.5,25.72583,9.17234],"rotation":{"angle":0,"axis":"y","origin":[7.5,25.57583,8.64734]},"faces":{"north":{"uv":[1,7,1.25,7.25],"texture":"#0"},"east":{"uv":[7,1,7.25,1.25],"texture":"#0"},"south":{"uv":[1.25,7,1.5,7.25],"texture":"#0"},"west":{"uv":[7,1.25,7.25,1.5],"texture":"#0"},"up":{"uv":[1.75,7.25,1.5,7],"texture":"#0"},"down":{"uv":[7.25,1.5,7,1.75],"texture":"#0"}}},{"from":[7.5,24.87583,9.09734],"to":[8.5,25.07583,9.64734],"rotation":{"angle":0,"axis":"y","origin":[7.5,25.07583,8.64734]},"faces":{"north":{"uv":[1.75,7,2,7.25],"texture":"#0"},"east":{"uv":[7,1.75,7.25,2],"texture":"#0"},"south":{"uv":[2,7,2.25,7.25],"texture":"#0"},"west":{"uv":[7,2,7.25,2.25],"texture":"#0"},"up":{"uv":[2.5,7.25,2.25,7],"texture":"#0"},"down":{"uv":[7.25,2.25,7,2.5],"texture":"#0"}}},{"from":[7.5,25.37583,9.09734],"to":[8.5,25.57583,9.64734],"rotation":{"angle":0,"axis":"y","origin":[7.5,25.57583,8.64734]},"faces":{"north":{"uv":[2.5,7,2.75,7.25],"texture":"#0"},"east":{"uv":[7,2.5,7.25,2.75],"texture":"#0"},"south":{"uv":[2.75,7,3,7.25],"texture":"#0"},"west":{"uv":[7,2.75,7.25,3],"texture":"#0"},"up":{"uv":[3.25,7.25,3,7],"texture":"#0"},"down":{"uv":[7.25,3,7,3.25],"texture":"#0"}}},{"from":[7.5,25.74329,9.1],"to":[8.5,25.94329,9.8],"rotation":{"angle":22.5,"axis":"x","origin":[7.5,25.94329,8.8]},"faces":{"north":{"uv":[3.25,7,3.5,7.25],"texture":"#0"},"east":{"uv":[7,3.25,7.25,3.5],"texture":"#0"},"south":{"uv":[3.5,7,3.75,7.25],"texture":"#0"},"west":{"uv":[7,3.5,7.25,3.75],"texture":"#0"},"up":{"uv":[4,7.25,3.75,7],"texture":"#0"},"down":{"uv":[7.25,3.75,7,4],"texture":"#0"}}},{"from":[7.5,25.24329,9.1],"to":[8.5,25.44329,9.8],"rotation":{"angle":22.5,"axis":"x","origin":[7.5,25.44329,8.8]},"faces":{"north":{"uv":[4,7,4.25,7.25],"texture":"#0"},"east":{"uv":[7,4,7.25,4.25],"texture":"#0"},"south":{"uv":[4.25,7,4.5,7.25],"texture":"#0"},"west":{"uv":[7,4.25,7.25,4.5],"texture":"#0"},"up":{"uv":[4.75,7.25,4.5,7],"texture":"#0"},"down":{"uv":[7.25,4.5,7,4.75],"texture":"#0"}}},{"from":[7.5,25.07583,9.09734],"to":[8.5,25.22583,9.17234],"rotation":{"angle":0,"axis":"y","origin":[7.5,25.07583,8.64734]},"faces":{"north":{"uv":[4.75,7,5,7.25],"texture":"#0"},"east":{"uv":[7,4.75,7.25,5],"texture":"#0"},"south":{"uv":[5,7,5.25,7.25],"texture":"#0"},"west":{"uv":[7,5,7.25,5.25],"texture":"#0"},"up":{"uv":[5.5,7.25,5.25,7],"texture":"#0"},"down":{"uv":[7.25,5.25,7,5.5],"texture":"#0"}}},{"from":[7.5,24.57583,9.09734],"to":[8.5,24.72583,9.17234],"rotation":{"angle":0,"axis":"y","origin":[7.5,24.57583,8.64734]},"faces":{"north":{"uv":[5.5,7,5.75,7.25],"texture":"#0"},"east":{"uv":[7,5.5,7.25,5.75],"texture":"#0"},"south":{"uv":[5.75,7,6,7.25],"texture":"#0"},"west":{"uv":[7,5.75,7.25,6],"texture":"#0"},"up":{"uv":[6.25,7.25,6,7],"texture":"#0"},"down":{"uv":[7.25,6,7,6.25],"texture":"#0"}}},{"from":[7.5,24.07583,9.09734],"to":[8.5,24.22583,9.17234],"rotation":{"angle":0,"axis":"y","origin":[7.5,24.07583,8.64734]},"faces":{"north":{"uv":[6.25,7,6.5,7.25],"texture":"#0"},"east":{"uv":[7,6.25,7.25,6.5],"texture":"#0"},"south":{"uv":[6.5,7,6.75,7.25],"texture":"#0"},"west":{"uv":[7,6.5,7.25,6.75],"texture":"#0"},"up":{"uv":[7,7.25,6.75,7],"texture":"#0"},"down":{"uv":[7.25,6.75,7,7],"texture":"#0"}}},{"from":[7.5,23.87583,9.09734],"to":[8.5,24.07583,9.64734],"rotation":{"angle":0,"axis":"y","origin":[7.5,24.07583,8.64734]},"faces":{"north":{"uv":[7,7,7.25,7.25],"texture":"#0"},"east":{"uv":[0,7.25,0.25,7.5],"texture":"#0"},"south":{"uv":[7.25,0,7.5,0.25],"texture":"#0"},"west":{"uv":[0.25,7.25,0.5,7.5],"texture":"#0"},"up":{"uv":[7.5,0.5,7.25,0.25],"texture":"#0"},"down":{"uv":[0.75,7.25,0.5,7.5],"texture":"#0"}}},{"from":[7.5,24.24329,9.1],"to":[8.5,24.44329,9.8],"rotation":{"angle":22.5,"axis":"x","origin":[7.5,24.44329,8.8]},"faces":{"north":{"uv":[7.25,0.5,7.5,0.75],"texture":"#0"},"east":{"uv":[0.75,7.25,1,7.5],"texture":"#0"},"south":{"uv":[7.25,0.75,7.5,1],"texture":"#0"},"west":{"uv":[1,7.25,1.25,7.5],"texture":"#0"},"up":{"uv":[7.5,1.25,7.25,1],"texture":"#0"},"down":{"uv":[1.5,7.25,1.25,7.5],"texture":"#0"}}},{"from":[7.5,24.74329,9.1],"to":[8.5,24.94329,9.8],"rotation":{"angle":22.5,"axis":"x","origin":[7.5,24.94329,8.8]},"faces":{"north":{"uv":[7.25,1.25,7.5,1.5],"texture":"#0"},"east":{"uv":[1.5,7.25,1.75,7.5],"texture":"#0"},"south":{"uv":[7.25,1.5,7.5,1.75],"texture":"#0"},"west":{"uv":[1.75,7.25,2,7.5],"texture":"#0"},"up":{"uv":[7.5,2,7.25,1.75],"texture":"#0"},"down":{"uv":[2.25,7.25,2,7.5],"texture":"#0"}}},{"from":[7.5,24.37583,9.09734],"to":[8.5,24.57583,9.64734],"rotation":{"angle":0,"axis":"y","origin":[7.5,24.57583,8.64734]},"faces":{"north":{"uv":[7.25,2,7.5,2.25],"texture":"#0"},"east":{"uv":[2.25,7.25,2.5,7.5],"texture":"#0"},"south":{"uv":[7.25,2.25,7.5,2.5],"texture":"#0"},"west":{"uv":[2.5,7.25,2.75,7.5],"texture":"#0"},"up":{"uv":[7.5,2.75,7.25,2.5],"texture":"#0"},"down":{"uv":[3,7.25,2.75,7.5],"texture":"#0"}}},{"from":[7.5,23.57583,9.09734],"to":[8.5,23.72583,9.17234],"rotation":{"angle":0,"axis":"y","origin":[7.5,23.57583,8.64734]},"faces":{"north":{"uv":[7.25,2.75,7.5,3],"texture":"#0"},"east":{"uv":[3,7.25,3.25,7.5],"texture":"#0"},"south":{"uv":[7.25,3,7.5,3.25],"texture":"#0"},"west":{"uv":[3.25,7.25,3.5,7.5],"texture":"#0"},"up":{"uv":[7.5,3.5,7.25,3.25],"texture":"#0"},"down":{"uv":[3.75,7.25,3.5,7.5],"texture":"#0"}}},{"from":[7.5,23.07583,9.09734],"to":[8.5,23.22583,9.17234],"rotation":{"angle":0,"axis":"y","origin":[7.5,23.07583,8.64734]},"faces":{"north":{"uv":[7.25,3.5,7.5,3.75],"texture":"#0"},"east":{"uv":[3.75,7.25,4,7.5],"texture":"#0"},"south":{"uv":[7.25,3.75,7.5,4],"texture":"#0"},"west":{"uv":[4,7.25,4.25,7.5],"texture":"#0"},"up":{"uv":[7.5,4.25,7.25,4],"texture":"#0"},"down":{"uv":[4.5,7.25,4.25,7.5],"texture":"#0"}}},{"from":[7.5,22.87583,9.09734],"to":[8.5,23.07583,9.64734],"rotation":{"angle":0,"axis":"y","origin":[7.5,23.07583,8.64734]},"faces":{"north":{"uv":[7.25,4.25,7.5,4.5],"texture":"#0"},"east":{"uv":[4.5,7.25,4.75,7.5],"texture":"#0"},"south":{"uv":[7.25,4.5,7.5,4.75],"texture":"#0"},"west":{"uv":[4.75,7.25,5,7.5],"texture":"#0"},"up":{"uv":[7.5,5,7.25,4.75],"texture":"#0"},"down":{"uv":[5.25,7.25,5,7.5],"texture":"#0"}}},{"from":[7.5,23.24329,9.1],"to":[8.5,23.44329,9.8],"rotation":{"angle":22.5,"axis":"x","origin":[7.5,23.44329,8.8]},"faces":{"north":{"uv":[7.25,5,7.5,5.25],"texture":"#0"},"east":{"uv":[5.25,7.25,5.5,7.5],"texture":"#0"},"south":{"uv":[7.25,5.25,7.5,5.5],"texture":"#0"},"west":{"uv":[5.5,7.25,5.75,7.5],"texture":"#0"},"up":{"uv":[7.5,5.75,7.25,5.5],"texture":"#0"},"down":{"uv":[6,7.25,5.75,7.5],"texture":"#0"}}},{"from":[7.5,23.74329,9.1],"to":[8.5,23.94329,9.8],"rotation":{"angle":22.5,"axis":"x","origin":[7.5,23.94329,8.8]},"faces":{"north":{"uv":[7.25,5.75,7.5,6],"texture":"#0"},"east":{"uv":[6,7.25,6.25,7.5],"texture":"#0"},"south":{"uv":[7.25,6,7.5,6.25],"texture":"#0"},"west":{"uv":[6.25,7.25,6.5,7.5],"texture":"#0"},"up":{"uv":[7.5,6.5,7.25,6.25],"texture":"#0"},"down":{"uv":[6.75,7.25,6.5,7.5],"texture":"#0"}}},{"from":[7.5,23.37583,9.09734],"to":[8.5,23.57583,9.64734],"rotation":{"angle":0,"axis":"y","origin":[7.5,23.57583,8.64734]},"faces":{"north":{"uv":[7.25,6.5,7.5,6.75],"texture":"#0"},"east":{"uv":[6.75,7.25,7,7.5],"texture":"#0"},"south":{"uv":[7.25,6.75,7.5,7],"texture":"#0"},"west":{"uv":[7,7.25,7.25,7.5],"texture":"#0"},"up":{"uv":[7.5,7.25,7.25,7],"texture":"#0"},"down":{"uv":[7.5,7.25,7.25,7.5],"texture":"#0"}}},{"from":[7.5,22.57583,9.09734],"to":[8.5,22.72583,9.17234],"rotation":{"angle":0,"axis":"y","origin":[7.5,22.57583,8.64734]},"faces":{"north":{"uv":[0,7.5,0.25,7.75],"texture":"#0"},"east":{"uv":[7.5,0,7.75,0.25],"texture":"#0"},"south":{"uv":[0.25,7.5,0.5,7.75],"texture":"#0"},"west":{"uv":[7.5,0.25,7.75,0.5],"texture":"#0"},"up":{"uv":[0.75,7.75,0.5,7.5],"texture":"#0"},"down":{"uv":[7.75,0.5,7.5,0.75],"texture":"#0"}}},{"from":[7.5,22.07583,9.09734],"to":[8.5,22.22583,9.17234],"rotation":{"angle":0,"axis":"y","origin":[7.5,22.07583,8.64734]},"faces":{"north":{"uv":[0.75,7.5,1,7.75],"texture":"#0"},"east":{"uv":[7.5,0.75,7.75,1],"texture":"#0"},"south":{"uv":[1,7.5,1.25,7.75],"texture":"#0"},"west":{"uv":[7.5,1,7.75,1.25],"texture":"#0"},"up":{"uv":[1.5,7.75,1.25,7.5],"texture":"#0"},"down":{"uv":[7.75,1.25,7.5,1.5],"texture":"#0"}}},{"from":[7.5,21.87583,9.09734],"to":[8.5,22.07583,9.64734],"rotation":{"angle":0,"axis":"y","origin":[7.5,22.07583,8.64734]},"faces":{"north":{"uv":[1.5,7.5,1.75,7.75],"texture":"#0"},"east":{"uv":[7.5,1.5,7.75,1.75],"texture":"#0"},"south":{"uv":[1.75,7.5,2,7.75],"texture":"#0"},"west":{"uv":[7.5,1.75,7.75,2],"texture":"#0"},"up":{"uv":[2.25,7.75,2,7.5],"texture":"#0"},"down":{"uv":[7.75,2,7.5,2.25],"texture":"#0"}}},{"from":[7.5,22.24329,9.1],"to":[8.5,22.44329,9.8],"rotation":{"angle":22.5,"axis":"x","origin":[7.5,22.44329,8.8]},"faces":{"north":{"uv":[2.25,7.5,2.5,7.75],"texture":"#0"},"east":{"uv":[7.5,2.25,7.75,2.5],"texture":"#0"},"south":{"uv":[2.5,7.5,2.75,7.75],"texture":"#0"},"west":{"uv":[7.5,2.5,7.75,2.75],"texture":"#0"},"up":{"uv":[3,7.75,2.75,7.5],"texture":"#0"},"down":{"uv":[7.75,2.75,7.5,3],"texture":"#0"}}},{"from":[7.5,21.74329,9.1],"to":[8.5,21.94329,9.8],"rotation":{"angle":22.5,"axis":"x","origin":[7.5,21.94329,8.8]},"faces":{"north":{"uv":[3,7.5,3.25,7.75],"texture":"#0"},"east":{"uv":[7.5,3,7.75,3.25],"texture":"#0"},"south":{"uv":[3.25,7.5,3.5,7.75],"texture":"#0"},"west":{"uv":[7.5,3.25,7.75,3.5],"texture":"#0"},"up":{"uv":[3.75,7.75,3.5,7.5],"texture":"#0"},"down":{"uv":[7.75,3.5,7.5,3.75],"texture":"#0"}}},{"from":[7.5,21.37583,9.09734],"to":[8.5,21.57583,9.64734],"rotation":{"angle":0,"axis":"y","origin":[7.5,21.57583,8.64734]},"faces":{"north":{"uv":[3.75,7.5,4,7.75],"texture":"#0"},"east":{"uv":[7.5,3.75,7.75,4],"texture":"#0"},"south":{"uv":[4,7.5,4.25,7.75],"texture":"#0"},"west":{"uv":[7.5,4,7.75,4.25],"texture":"#0"},"up":{"uv":[4.5,7.75,4.25,7.5],"texture":"#0"},"down":{"uv":[7.75,4.25,7.5,4.5],"texture":"#0"}}},{"from":[7.5,21.57583,9.09734],"to":[8.5,21.72583,9.17234],"rotation":{"angle":0,"axis":"y","origin":[7.5,21.57583,8.64734]},"faces":{"north":{"uv":[4.5,7.5,4.75,7.75],"texture":"#0"},"east":{"uv":[7.5,4.5,7.75,4.75],"texture":"#0"},"south":{"uv":[4.75,7.5,5,7.75],"texture":"#0"},"west":{"uv":[7.5,4.75,7.75,5],"texture":"#0"},"up":{"uv":[5.25,7.75,5,7.5],"texture":"#0"},"down":{"uv":[7.75,5,7.5,5.25],"texture":"#0"}}},{"from":[7.5,22.74329,9.1],"to":[8.5,22.94329,9.8],"rotation":{"angle":22.5,"axis":"x","origin":[7.5,22.94329,8.8]},"faces":{"north":{"uv":[5.25,7.5,5.5,7.75],"texture":"#0"},"east":{"uv":[7.5,5.25,7.75,5.5],"texture":"#0"},"south":{"uv":[5.5,7.5,5.75,7.75],"texture":"#0"},"west":{"uv":[7.5,5.5,7.75,5.75],"texture":"#0"},"up":{"uv":[6,7.75,5.75,7.5],"texture":"#0"},"down":{"uv":[7.75,5.75,7.5,6],"texture":"#0"}}},{"from":[7.5,22.37583,9.09734],"to":[8.5,22.57583,9.64734],"rotation":{"angle":0,"axis":"y","origin":[7.5,22.57583,8.64734]},"faces":{"north":{"uv":[6,7.5,6.25,7.75],"texture":"#0"},"east":{"uv":[7.5,6,7.75,6.25],"texture":"#0"},"south":{"uv":[6.25,7.5,6.5,7.75],"texture":"#0"},"west":{"uv":[7.5,6.25,7.75,6.5],"texture":"#0"},"up":{"uv":[6.75,7.75,6.5,7.5],"texture":"#0"},"down":{"uv":[7.75,6.5,7.5,6.75],"texture":"#0"}}},{"from":[7.5,27.37102,9.24609],"to":[8.5,27.67102,11.74609],"rotation":{"angle":-22.5,"axis":"x","origin":[8,27.67102,10.94609]},"faces":{"north":{"uv":[6.75,7.5,7,7.75],"texture":"#0"},"east":{"uv":[5,4.5,5.75,4.75],"texture":"#0"},"south":{"uv":[7.5,6.75,7.75,7],"texture":"#0"},"west":{"uv":[5,4.75,5.75,5],"texture":"#0"},"up":{"uv":[5.25,5.75,5,5],"texture":"#0"},"down":{"uv":[5.5,0,5.25,0.75],"texture":"#0"}}},{"from":[7.5,24.275,1.55],"to":[8.5,28,4.75],"rotation":{"angle":0,"axis":"y","origin":[8,23,8]},"faces":{"north":{"uv":[4.75,1,5,2],"texture":"#0"},"east":{"uv":[3.75,1,3,2],"texture":"#0"},"south":{"uv":[4.75,2,5,3],"texture":"#0"},"west":{"uv":[3,1,3.75,2],"texture":"#0"},"up":{"uv":[1.5,6,1.25,5.25],"texture":"#0"},"down":{"uv":[1.75,5.25,1.5,6],"texture":"#0"}}},{"from":[7.5,20.03045,1.54598],"to":[8.5,24.29351,2.13732],"rotation":{"angle":0,"axis":"y","origin":[8,23.26851,8.74598]},"faces":{"north":{"uv":[3,4.75,3.25,5.75],"texture":"#0"},"east":{"uv":[4.5,4.75,4.75,5.75],"texture":"#0"},"south":{"uv":[4.25,4.75,4.5,5.75],"texture":"#0"},"west":{"uv":[4.5,4.75,4.75,5.75],"texture":"#0"},"up":{"uv":[7.25,7.75,7,7.5],"texture":"#0"},"down":{"uv":[7.75,7,7.5,7.25],"texture":"#0"}}},{"from":[12.44472,20.03045,-0.91641],"to":[13.14898,28,-0.20646],"rotation":{"angle":45,"axis":"y","origin":[12.94472,23.26851,6.28359]},"faces":{"north":{"uv":[3.75,0,4,2],"texture":"#0"},"east":{"uv":[3.75,0,4,2],"texture":"#0"},"south":{"uv":[4,2,4.25,4],"texture":"#0"},"west":{"uv":[3.5,4,3.75,6],"texture":"#0"},"up":{"uv":[7.5,7.75,7.25,7.5],"texture":"#0"},"down":{"uv":[7.75,7.25,7.5,7.5],"texture":"#0"}}},{"from":[7.5,20.86851,2.12098],"to":[8.5,21.56851,2.47098],"rotation":{"angle":0,"axis":"y","origin":[8,23.26851,8.74598]},"faces":{"north":{"uv":[7.5,7.5,7.75,7.75],"texture":"#0"},"east":{"uv":[0,7.75,0.25,8],"texture":"#0"},"south":{"uv":[7.75,0,8,0.25],"texture":"#0"},"west":{"uv":[0.25,7.75,0.5,8],"texture":"#0"},"up":{"uv":[8,0.5,7.75,0.25],"texture":"#0"},"down":{"uv":[0.75,7.75,0.5,8],"texture":"#0"}}},{"from":[7.5,21.56851,2.12098],"to":[8.5,22.34351,2.77098],"rotation":{"angle":0,"axis":"y","origin":[8,23.26851,8.74598]},"faces":{"north":{"uv":[7.75,0.5,8,0.75],"texture":"#0"},"east":{"uv":[0.75,7.75,1,8],"texture":"#0"},"south":{"uv":[7.75,0.75,8,1],"texture":"#0"},"west":{"uv":[1,7.75,1.25,8],"texture":"#0"},"up":{"uv":[8,1.25,7.75,1],"texture":"#0"},"down":{"uv":[1.5,7.75,1.25,8],"texture":"#0"}}},{"from":[7.5,22.34351,2.12098],"to":[8.5,24.29351,3.07098],"rotation":{"angle":0,"axis":"y","origin":[8,23.26851,8.74598]},"faces":{"north":{"uv":[5.75,2,6,2.5],"texture":"#0"},"east":{"uv":[5.75,2.75,6,3.25],"texture":"#0"},"south":{"uv":[3,5.75,3.25,6.25],"texture":"#0"},"west":{"uv":[3.25,5.75,3.5,6.25],"texture":"#0"},"up":{"uv":[8,1.5,7.75,1.25],"texture":"#0"},"down":{"uv":[1.75,7.75,1.5,8],"texture":"#0"}}},{"from":[7.5,22.2,6.7],"to":[8.5,23.2,7.7],"rotation":{"angle":-22.5,"axis":"x","origin":[8,23,7.7]},"faces":{"north":{"uv":[7.75,1.5,8,1.75],"texture":"#0"},"east":{"uv":[1.75,7.75,2,8],"texture":"#0"},"south":{"uv":[7.75,1.75,8,2],"texture":"#0"},"west":{"uv":[2,7.75,2.25,8],"texture":"#0"},"up":{"uv":[8,2.25,7.75,2],"texture":"#0"},"down":{"uv":[2.5,7.75,2.25,8],"texture":"#0"}}},{"from":[7.5,23.09691,6.41133],"to":[8.5,24.27191,8.48633],"rotation":{"angle":-45,"axis":"x","origin":[8,23.39691,7.41133]},"faces":{"north":{"uv":[7.75,2.25,8,2.5],"texture":"#0"},"east":{"uv":[5.75,0.5,6.25,0.75],"texture":"#0"},"south":{"uv":[2.5,7.75,2.75,8],"texture":"#0"},"west":{"uv":[5.75,3.25,6.25,3.5],"texture":"#0"},"up":{"uv":[4.5,6.25,4.25,5.75],"texture":"#0"},"down":{"uv":[4.75,5.75,4.5,6.25],"texture":"#0"}}},{"from":[7.5,23.00669,5.93919],"to":[8.5,24.43169,6.93919],"rotation":{"angle":22.5,"axis":"x","origin":[8,24.00669,6.63919]},"faces":{"north":{"uv":[7.75,2.5,8,2.75],"texture":"#0"},"east":{"uv":[2.75,7.75,3,8],"texture":"#0"},"south":{"uv":[7.75,2.75,8,3],"texture":"#0"},"west":{"uv":[3,7.75,3.25,8],"texture":"#0"},"up":{"uv":[8,3.25,7.75,3],"texture":"#0"},"down":{"uv":[3.5,7.75,3.25,8],"texture":"#0"}}},{"from":[7.5,23.00669,3.04576],"to":[8.5,24.40669,4.04576],"rotation":{"angle":-22.5,"axis":"x","origin":[8,24.00669,3.34576]},"faces":{"north":{"uv":[7.75,3.25,8,3.5],"texture":"#0"},"east":{"uv":[3.5,7.75,3.75,8],"texture":"#0"},"south":{"uv":[7.75,3.5,8,3.75],"texture":"#0"},"west":{"uv":[3.75,7.75,4,8],"texture":"#0"},"up":{"uv":[8,4,7.75,3.75],"texture":"#0"},"down":{"uv":[4.25,7.75,4,8],"texture":"#0"}}},{"from":[7.5,23.29691,2.57362],"to":[8.5,24.09691,3.57362],"rotation":{"angle":45,"axis":"x","origin":[8,23.39691,2.57362]},"faces":{"north":{"uv":[7.75,4,8,4.25],"texture":"#0"},"east":{"uv":[4.25,7.75,4.5,8],"texture":"#0"},"south":{"uv":[7.75,4.25,8,4.5],"texture":"#0"},"west":{"uv":[4.5,7.75,4.75,8],"texture":"#0"},"up":{"uv":[8,4.75,7.75,4.5],"texture":"#0"},"down":{"uv":[5,7.75,4.75,8],"texture":"#0"}}},{"from":[7.475,20.23806,2.76861],"to":[8.525,23.23806,3.09361],"rotation":{"angle":22.5,"axis":"x","origin":[8,22.53806,2.09361]},"faces":{"north":{"uv":[1.75,5.25,2,6],"texture":"#0"},"east":{"uv":[2.25,5.25,2.5,6],"texture":"#0"},"south":{"uv":[5.25,2,5.5,2.75],"texture":"#0"},"west":{"uv":[2.25,5.25,2.5,6],"texture":"#0"},"up":{"uv":[8,5,7.75,4.75],"texture":"#0"},"down":{"uv":[5.25,7.75,5,8],"texture":"#0"}}},{"from":[7.5,23.27457,3.99248],"to":[8.5,24.27457,5.99248],"rotation":{"angle":0,"axis":"y","origin":[8,24.27457,5.69248]},"faces":{"north":{"uv":[7.75,5,8,5.25],"texture":"#0"},"east":{"uv":[5.75,4.5,6.25,4.75],"texture":"#0"},"south":{"uv":[5.25,7.75,5.5,8],"texture":"#0"},"west":{"uv":[4.75,5.75,5.25,6],"texture":"#0"},"up":{"uv":[6,5.25,5.75,4.75],"texture":"#0"},"down":{"uv":[5.5,5.75,5.25,6.25],"texture":"#0"}}},{"from":[7.2,18.5,8.025],"to":[8.8,21.5,8.8],"rotation":{"angle":0,"axis":"y","origin":[8,26.5,8]},"faces":{"north":{"uv":[1.25,4.5,1.75,5.25],"texture":"#0"},"east":{"uv":[9.5,2.75,9,3.5],"texture":"#0"},"south":{"uv":[1.75,4.5,2.25,5.25],"texture":"#0"},"west":{"uv":[9,2.75,9.5,3.5],"texture":"#0"},"up":{"uv":[6.25,5.5,5.75,5.25],"texture":"#0"},"down":{"uv":[6.25,5.5,5.75,5.75],"texture":"#0"}}},{"from":[7.2,21.5,8.32283],"to":[8.8,25.00069,8.8],"rotation":{"angle":0,"axis":"y","origin":[8,26.5,8]},"faces":{"north":{"uv":[3.75,4,4.25,5],"texture":"#0"},"east":{"uv":[5,0,5.25,1],"texture":"#0"},"south":{"uv":[4.25,0,4.75,1],"texture":"#0"},"west":{"uv":[5,0,5.25,1],"texture":"#0"},"up":{"uv":[6.25,6,5.75,5.75],"texture":"#0"},"down":{"uv":[6.5,0.75,6,1],"texture":"#0"}}},{"from":[7.225,21.475,7.82283],"to":[8.775,23.70069,8.32283],"rotation":{"angle":0,"axis":"y","origin":[8,26.5,8]},"faces":{"north":{"uv":[5,1,5.5,1.5],"texture":"#0"},"east":{"uv":[1.25,6,1.5,6.5],"texture":"#0"},"south":{"uv":[5,1.5,5.5,2],"texture":"#0"},"west":{"uv":[1.25,6,1.5,6.5],"texture":"#0"},"up":{"uv":[2,6.25,1.5,6],"texture":"#0"},"down":{"uv":[6.5,1.5,6,1.75],"texture":"#0"}}},{"from":[7.225,21.475,7.39783],"to":[8.775,22.50069,7.82283],"rotation":{"angle":0,"axis":"y","origin":[8,26.5,8]},"faces":{"north":{"uv":[6,1.75,6.5,2],"texture":"#0"},"east":{"uv":[7.75,5.25,8,5.5],"texture":"#0"},"south":{"uv":[2,6,2.5,6.25],"texture":"#0"},"west":{"uv":[5.5,7.75,5.75,8],"texture":"#0"},"up":{"uv":[6.5,2.25,6,2],"texture":"#0"},"down":{"uv":[6.5,2.25,6,2.5],"texture":"#0"}}},{"from":[7.2,21.22415,8.80488],"to":[8.8,25.02415,9.30488],"rotation":{"angle":22.5,"axis":"x","origin":[8,26.22415,8.50488]},"faces":{"north":{"uv":[4.25,1,4.75,2],"texture":"#0"},"east":{"uv":[5,3,5.25,4],"texture":"#0"},"south":{"uv":[4.25,2,4.75,3],"texture":"#0"},"west":{"uv":[5,3,5.25,4],"texture":"#0"},"up":{"uv":[6.5,3,6,2.75],"texture":"#0"},"down":{"uv":[6.5,3,6,3.25],"texture":"#0"}}},{"from":[7.1,7,8.4],"to":[8.9,18,8.9],"rotation":{"angle":0,"axis":"y","origin":[8,-7,8]},"faces":{"north":{"uv":[2,0,2.5,2.75],"texture":"#0"},"east":{"uv":[3.25,2,3.5,4.75],"texture":"#0"},"south":{"uv":[2.5,0,3,2.75],"texture":"#0"},"west":{"uv":[3.25,2,3.5,4.75],"texture":"#0"},"up":{"uv":[4,6.25,3.5,6],"texture":"#0"},"down":{"uv":[6.5,3.5,6,3.75],"texture":"#0"}}},{"from":[7.1,6.275,8.7],"to":[8.9,7,8.9],"rotation":{"angle":0,"axis":"y","origin":[8,7,8.3]},"faces":{"north":{"uv":[6,3.75,6.5,4],"texture":"#0"},"east":{"uv":[7.75,5.5,8,5.75],"texture":"#0"},"south":{"uv":[6,4,6.5,4.25],"texture":"#0"},"west":{"uv":[5.75,7.75,6,8],"texture":"#0"},"up":{"uv":[6.5,4.5,6,4.25],"texture":"#0"},"down":{"uv":[5.25,6,4.75,6.25],"texture":"#0"}}},{"from":[7.1,6.8,8.6],"to":[8.9,7,8.7],"rotation":{"angle":0,"axis":"y","origin":[8,7,8.3]},"faces":{"north":{"uv":[6,4.75,6.5,5],"texture":"#0"},"east":{"uv":[7.75,5.75,8,6],"texture":"#0"},"south":{"uv":[6,5,6.5,5.25],"texture":"#0"},"west":{"uv":[6,7.75,6.25,8],"texture":"#0"},"up":{"uv":[6,6.25,5.5,6],"texture":"#0"},"down":{"uv":[6.5,6,6,6.25],"texture":"#0"}}},{"from":[7.1,6.02404,8.43778],"to":[8.9,6.80866,8.63806],"rotation":{"angle":-22.5,"axis":"x","origin":[8,6.80866,7.93806]},"faces":{"north":{"uv":[0,6.25,0.5,6.5],"texture":"#0"},"east":{"uv":[7.75,6,8,6.25],"texture":"#0"},"south":{"uv":[6.25,0,6.75,0.25],"texture":"#0"},"west":{"uv":[6.25,7.75,6.5,8],"texture":"#0"},"up":{"uv":[6.75,0.5,6.25,0.25],"texture":"#0"},"down":{"uv":[1,6.25,0.5,6.5],"texture":"#0"}}},{"from":[7.1,11.5,7.1],"to":[8.9,18,7.6],"rotation":{"angle":0,"axis":"y","origin":[8,-7,6.7]},"faces":{"north":{"uv":[2,2.75,2.5,4.5],"texture":"#0"},"east":{"uv":[1,4.5,1.25,6.25],"texture":"#0"},"south":{"uv":[2.5,2.75,3,4.5],"texture":"#0"},"west":{"uv":[1,4.5,1.25,6.25],"texture":"#0"},"up":{"uv":[6.75,0.75,6.25,0.5],"texture":"#0"},"down":{"uv":[6.75,1,6.25,1.25],"texture":"#0"}}},{"from":[7.1,11,7.6],"to":[8.9,11.5,8.4],"rotation":{"angle":0,"axis":"y","origin":[8,-7,8]},"faces":{"north":{"uv":[6.25,1.25,6.75,1.5],"texture":"#0"},"east":{"uv":[7.75,6.25,8,6.5],"texture":"#0"},"south":{"uv":[1.5,6.25,2,6.5],"texture":"#0"},"west":{"uv":[6.5,7.75,6.75,8],"texture":"#0"},"up":{"uv":[2.5,6.5,2,6.25],"texture":"#0"},"down":{"uv":[3,6.25,2.5,6.5],"texture":"#0"}}},{"from":[7.1,11,6.89289],"to":[8.9,11.5,7.6],"rotation":{"angle":45,"axis":"x","origin":[7.1,11,7.6]},"faces":{"north":{"uv":[6.25,2.5,6.75,2.75],"texture":"#0"},"east":{"uv":[7.75,6.5,8,6.75],"texture":"#0"},"south":{"uv":[3,6.25,3.5,6.5],"texture":"#0"},"west":{"uv":[6.75,7.75,7,8],"texture":"#0"},"up":{"uv":[6.75,3.5,6.25,3.25],"texture":"#0"},"down":{"uv":[4,6.25,3.5,6.5],"texture":"#0"}}},{"from":[7.1,17.64645,7.45355],"to":[8.9,18.14645,8.16066],"rotation":{"angle":-45,"axis":"x","origin":[7.1,17.64645,7.45355]},"faces":{"north":{"uv":[4,6.25,4.5,6.5],"texture":"#0"},"east":{"uv":[7.75,6.75,8,7],"texture":"#0"},"south":{"uv":[4.5,6.25,5,6.5],"texture":"#0"},"west":{"uv":[7,7.75,7.25,8],"texture":"#0"},"up":{"uv":[6.75,4.75,6.25,4.5],"texture":"#0"},"down":{"uv":[5.5,6.25,5,6.5],"texture":"#0"}}},{"from":[7.225,18.49497,7.82635],"to":[8.775,21.49497,8.02635],"rotation":{"angle":0,"axis":"y","origin":[8,19.02635,7.22635]},"faces":{"north":{"uv":[4.25,8.25,4.75,9.75],"texture":"#0"},"east":{"uv":[9.5,1,9.75,2.5],"texture":"#0"},"south":{"uv":[4.5,3,5,3.75],"texture":"#0"},"west":{"uv":[9.5,1,9.75,2.5],"texture":"#0"},"up":{"uv":[6.75,5.5,6.25,5.25],"texture":"#0"},"down":{"uv":[6,6.25,5.5,6.5],"texture":"#0"}}},{"from":[7.2,17.98787,7.1065],"to":[8.8,18.18787,7.31924],"rotation":{"angle":0,"axis":"y","origin":[8,18.78787,6.98787]},"faces":{"north":{"uv":[6.25,5.5,6.75,5.75],"texture":"#0"},"east":{"uv":[7.75,7,8,7.25],"texture":"#0"},"south":{"uv":[6.25,5.75,6.75,6],"texture":"#0"},"west":{"uv":[7.25,7.75,7.5,8],"texture":"#0"},"up":{"uv":[6.5,6.5,6,6.25],"texture":"#0"},"down":{"uv":[0.5,6.5,0,6.75],"texture":"#0"}}},{"from":[7.225,20.48995,6.86863],"to":[8.775,20.78995,7.56863],"rotation":{"angle":45,"axis":"x","origin":[8,19.88995,7.2]},"faces":{"north":{"uv":[0.5,6.5,1,6.75],"texture":"#0"},"east":{"uv":[7.5,8.5,7,8.25],"texture":"#0"},"south":{"uv":[6.5,0.75,7,1],"texture":"#0"},"west":{"uv":[7,8.25,7.5,8.5],"texture":"#0"},"up":{"uv":[1.5,6.75,1,6.5],"texture":"#0"},"down":{"uv":[2,6.5,1.5,6.75],"texture":"#0"}}},{"from":[7.225,20.48995,6.86863],"to":[8.775,21.48995,7.83137],"rotation":{"angle":0,"axis":"y","origin":[8,19.88995,7.2]},"faces":{"north":{"uv":[6.5,1.5,7,1.75],"texture":"#0"},"east":{"uv":[8.25,8.25,7.75,8.75],"texture":"#0"},"south":{"uv":[6.5,1.75,7,2],"texture":"#0"},"west":{"uv":[7.75,8.25,8.25,8.75],"texture":"#0"},"up":{"uv":[2.5,6.75,2,6.5],"texture":"#0"},"down":{"uv":[7,2,6.5,2.25],"texture":"#0"}}},{"from":[7.175,18.36863,7.8],"to":[8.825,19.36863,8],"rotation":{"angle":45,"axis":"x","origin":[8,19,7.2]},"faces":{"north":{"uv":[6.5,2.25,7,2.5],"texture":"#0"},"east":{"uv":[0,8,0.25,8.25],"texture":"#0"},"south":{"uv":[2.5,6.5,3,6.75],"texture":"#0"},"west":{"uv":[8,0,8.25,0.25],"texture":"#0"},"up":{"uv":[7,3,6.5,2.75],"texture":"#0"},"down":{"uv":[3.5,6.5,3,6.75],"texture":"#0"}}},{"from":[7.1,18,7.6],"to":[8.9,18.5,8.9],"rotation":{"angle":0,"axis":"y","origin":[8,0,8]},"faces":{"north":{"uv":[6.5,3,7,3.25],"texture":"#0"},"east":{"uv":[0.25,8,0.5,8.25],"texture":"#0"},"south":{"uv":[3.5,6.5,4,6.75],"texture":"#0"},"west":{"uv":[8,0.25,8.25,0.5],"texture":"#0"},"up":{"uv":[7,3.75,6.5,3.5],"texture":"#0"},"down":{"uv":[7,3.75,6.5,4],"texture":"#0"}}},{"from":[7.1,-0.6,7.1],"to":[8.9,0,8.9],"rotation":{"angle":0,"axis":"y","origin":[8,0,8]},"faces":{"north":{"uv":[4,6.5,4.5,6.75],"texture":"#0"},"east":{"uv":[6.5,4,7,4.25],"texture":"#0"},"south":{"uv":[6.5,4.25,7,4.5],"texture":"#0"},"west":{"uv":[4.5,6.5,5,6.75],"texture":"#0"},"up":{"uv":[4.25,5.5,3.75,5],"texture":"#0"},"down":{"uv":[5.5,4,5,4.5],"texture":"#0"}}},{"from":[7.5,25.48223,4.35],"to":[8.5,26.51777,4.95],"rotation":{"angle":45,"axis":"x","origin":[8,26,6]},"faces":{"north":{"uv":[0.5,8,0.75,8.25],"texture":"#0"},"east":{"uv":[9,4,8.5,4.75],"texture":"#0"},"south":{"uv":[0.75,8,1,8.25],"texture":"#0"},"west":{"uv":[8.5,4,9,4.75],"texture":"#0"},"up":{"uv":[1.25,8.25,1,8],"texture":"#0"},"down":{"uv":[8.25,1,8,1.25],"texture":"#0"}}},{"from":[7.5,27.05,4.75],"to":[8.5,28,7.25],"rotation":{"angle":0,"axis":"y","origin":[8,26,6]},"faces":{"north":{"uv":[1.25,8,1.5,8.25],"texture":"#0"},"east":{"uv":[8.75,0.5,9.75,0],"texture":"#0"},"south":{"uv":[8,1.25,8.25,1.5],"texture":"#0"},"west":{"uv":[8.75,0.5,9.75,0],"texture":"#0"},"up":{"uv":[5.75,1.75,5.5,1],"texture":"#0"},"down":{"uv":[5.75,1.75,5.5,2.5],"texture":"#0"}}},{"from":[7.5,27.05,5.48223],"to":[8.5,27.65,6.51777],"rotation":{"angle":45,"axis":"x","origin":[8,26,6]},"faces":{"north":{"uv":[1.5,8,1.75,8.25],"texture":"#0"},"east":{"uv":[8.75,1,9.75,0.5],"texture":"#0"},"south":{"uv":[1.75,8,2,8.25],"texture":"#0"},"west":{"uv":[8.75,1,9.75,0.5],"texture":"#0"},"up":{"uv":[2.25,8.25,2,8],"texture":"#0"},"down":{"uv":[8.25,2,8,2.25],"texture":"#0"}}},{"from":[7.5,24.275,4.75],"to":[8.5,24.95,7.25],"rotation":{"angle":0,"axis":"y","origin":[8,26,6]},"faces":{"north":{"uv":[2.25,8,2.5,8.25],"texture":"#0"},"east":{"uv":[8.75,0,9.75,0.5],"texture":"#0"},"south":{"uv":[8,2.25,8.25,2.5],"texture":"#0"},"west":{"uv":[8.75,0,9.75,0.5],"texture":"#0"},"up":{"uv":[3,6.25,2.75,5.5],"texture":"#0"},"down":{"uv":[5.75,2.75,5.5,3.5],"texture":"#0"}}},{"from":[7.5,24.35,5.48223],"to":[8.5,24.95,6.51777],"rotation":{"angle":45,"axis":"x","origin":[8,26,6]},"faces":{"north":{"uv":[2.5,8,2.75,8.25],"texture":"#0"},"east":{"uv":[8.75,0.5,9.75,1],"texture":"#0"},"south":{"uv":[2.75,8,3,8.25],"texture":"#0"},"west":{"uv":[8.75,0.5,9.75,1],"texture":"#0"},"up":{"uv":[3.25,8.25,3,8],"texture":"#0"},"down":{"uv":[8.25,3,8,3.25],"texture":"#0"}}},{"from":[7.5,25.48223,7.05],"to":[8.5,26.51777,7.25],"rotation":{"angle":0,"axis":"y","origin":[8,26,6]},"faces":{"north":{"uv":[3.25,8,3.5,8.25],"texture":"#0"},"east":{"uv":[8,3.25,8.25,3.5],"texture":"#0"},"south":{"uv":[3.5,8,3.75,8.25],"texture":"#0"},"west":{"uv":[8,3.5,8.25,3.75],"texture":"#0"},"up":{"uv":[4,8.25,3.75,8],"texture":"#0"},"down":{"uv":[8.25,3.75,8,4],"texture":"#0"}}},{"from":[7.5,25.48223,7.05],"to":[8.5,26.51777,7.65],"rotation":{"angle":45,"axis":"x","origin":[8,26,6]},"faces":{"north":{"uv":[4,8,4.25,8.25],"texture":"#0"},"east":{"uv":[8.5,4,9,4.75],"texture":"#0"},"south":{"uv":[4.25,8,4.5,8.25],"texture":"#0"},"west":{"uv":[9,4,8.5,4.75],"texture":"#0"},"up":{"uv":[4.75,8.25,4.5,8],"texture":"#0"},"down":{"uv":[8.25,4.5,8,4.75],"texture":"#0"}}},{"from":[7.5,25.48223,4.75],"to":[8.5,26.51777,4.95],"rotation":{"angle":0,"axis":"y","origin":[8,26,6]},"faces":{"north":{"uv":[4.75,8,5,8.25],"texture":"#0"},"east":{"uv":[8,4.75,8.25,5],"texture":"#0"},"south":{"uv":[5,8,5.25,8.25],"texture":"#0"},"west":{"uv":[8,5,8.25,5.25],"texture":"#0"},"up":{"uv":[5.5,8.25,5.25,8],"texture":"#0"},"down":{"uv":[8.25,5.25,8,5.5],"texture":"#0"}}},{"from":[7.5,18.76079,7.725],"to":[8.5,19.71421,7.925],"rotation":{"angle":45,"axis":"x","origin":[8,19.3,6.925]},"faces":{"north":{"uv":[5.5,8,5.75,8.25],"texture":"#0"},"east":{"uv":[8,5.5,8.25,5.75],"texture":"#0"},"south":{"uv":[5.75,8,6,8.25],"texture":"#0"},"west":{"uv":[8,5.75,8.25,6],"texture":"#0"},"up":{"uv":[6.25,8.25,6,8],"texture":"#0"},"down":{"uv":[8.25,6,8,6.25],"texture":"#0"}}},{"from":[7.5,20.56967,7.08475],"to":[8.5,20.71967,7.36317],"rotation":{"angle":45,"axis":"x","origin":[8,20.76967,6.89896]},"faces":{"north":{"uv":[6.25,8,6.5,8.25],"texture":"#0"},"east":{"uv":[8,6.25,8.25,6.5],"texture":"#0"},"south":{"uv":[6.5,8,6.75,8.25],"texture":"#0"},"west":{"uv":[8,6.5,8.25,6.75],"texture":"#0"},"up":{"uv":[7,8.25,6.75,8],"texture":"#0"},"down":{"uv":[8.25,6.75,8,7],"texture":"#0"}}},{"from":[7.5,20.3,7.08579],"to":[8.5,20.5,7.38921],"rotation":{"angle":0,"axis":"y","origin":[8,19.5,6.925]},"faces":{"north":{"uv":[7,8,7.25,8.25],"texture":"#0"},"east":{"uv":[8,7,8.25,7.25],"texture":"#0"},"south":{"uv":[7.25,8,7.5,8.25],"texture":"#0"},"west":{"uv":[8,7.25,8.25,7.5],"texture":"#0"},"up":{"uv":[7.75,8.25,7.5,8],"texture":"#0"},"down":{"uv":[8.25,7.5,8,7.75],"texture":"#0"}}},{"from":[7.5,20.375,6.51079],"to":[8.5,20.575,7.33921],"rotation":{"angle":45,"axis":"x","origin":[8,19.5,6.925]},"faces":{"north":{"uv":[7.75,8,8,8.25],"texture":"#0"},"east":{"uv":[8,7.75,8.25,8],"texture":"#0"},"south":{"uv":[8,8,8.25,8.25],"texture":"#0"},"west":{"uv":[0,8.25,0.25,8.5],"texture":"#0"},"up":{"uv":[8.5,0.25,8.25,0],"texture":"#0"},"down":{"uv":[0.5,8.25,0.25,8.5],"texture":"#0"}}},{"from":[7.5,18.18787,7.1094],"to":[8.5,18.35303,7.25511],"rotation":{"angle":0,"axis":"y","origin":[8,19.15858,6.78358]},"faces":{"north":{"uv":[8.25,0.25,8.5,0.5],"texture":"#0"},"east":{"uv":[0.5,8.25,0.75,8.5],"texture":"#0"},"south":{"uv":[8.25,0.5,8.5,0.75],"texture":"#0"},"west":{"uv":[0.75,8.25,1,8.5],"texture":"#0"},"up":{"uv":[8.5,1,8.25,0.75],"texture":"#0"},"down":{"uv":[1.25,8.25,1,8.5],"texture":"#0"}}},{"from":[7.5,18.78579,7.625],"to":[8.5,20.03921,7.825],"rotation":{"angle":0,"axis":"y","origin":[8,19.5,6.925]},"faces":{"north":{"uv":[8.25,1,8.5,1.25],"texture":"#0"},"east":{"uv":[1.25,8.25,1.5,8.5],"texture":"#0"},"south":{"uv":[8.25,1.25,8.5,1.5],"texture":"#0"},"west":{"uv":[1.5,8.25,1.75,8.5],"texture":"#0"},"up":{"uv":[8.5,1.75,8.25,1.5],"texture":"#0"},"down":{"uv":[2,8.25,1.75,8.5],"texture":"#0"}}}],"display":{"thirdperson_righthand":{"translation":[0,2,1.5]},"thirdperson_lefthand":{"translation":[0,2,1.5]},"ground":{"translation":[0,6,0]},"gui":{"rotation":[-90,67.75,90],"translation":[2.5,-2.75,0],"scale":[0.5,0.5,0.5]},"fixed":{"rotation":[0,90,0],"translation":[0,-3.5,0],"scale":[0.6,0.6,0.6]}},"groups":[{"name":"axe","origin":[8,8,8],"color":0,"children":[0,1,2,3,4,5,6,7,8,9,10,11,12,13,14,15,16,17,18,19,20,21,22,23,24,25,26,27,28,29,30,31,32,33,34,35,36,37,38,39,40,41,42,43,44,45,46,47,48,49,50,51,52,53,54,55,56,57,58,59,60,61,62,63,64,65,66,67,68,69,70,71,72,73,74,75,76,77,78,79,80,81,82,83,84,85,86,87,88,89]}]}