{"credit":"Made with Blockbench","texture_size":[64,64],"textures":{"4":"item/halloween/bat_axe"},"elements":[{"from":[6,18.06875,9.69134],"to":[8,20.06875,11.69134],"rotation":{"angle":0,"axis":"y","origin":[8,8,8]},"faces":{"north":{"uv":[7.5,5.75,8,6.25],"texture":"#4"},"east":{"uv":[7.5,6.5,8,7],"texture":"#4"},"south":{"uv":[7.5,7.25,8,7.75],"texture":"#4"},"west":{"uv":[7.5,5,8,5.5],"texture":"#4"},"up":{"uv":[8.25,3,7.75,2.5],"rotation":270,"texture":"#4"},"down":{"uv":[8.25,3.25,7.75,3.75],"rotation":90,"texture":"#4"}}},{"from":[7,19.46875,9.29134],"to":[7,21.54375,10.29134],"rotation":{"angle":0,"axis":"y","origin":[8,8,8]},"faces":{"north":{"uv":[3.75,7.25,3.75,7.75],"texture":"#4"},"east":{"uv":[8.5,3,8.75,3.5],"texture":"#4"},"south":{"uv":[8.5,7.75,8.5,8.25],"texture":"#4"},"west":{"uv":[1,8.5,1.25,9],"texture":"#4"},"up":{"uv":[8,4.75,7.75,4.75],"rotation":270,"texture":"#4"},"down":{"uv":[8.75,4.5,8.5,4.5],"rotation":90,"texture":"#4"}}},{"from":[7,19.46875,11.09134],"to":[7,21.54375,12.09134],"rotation":{"angle":0,"axis":"y","origin":[8,8,8]},"faces":{"north":{"uv":[8.25,8.5,8.25,9],"texture":"#4"},"east":{"uv":[8.5,3.75,8.75,4.25],"texture":"#4"},"south":{"uv":[8.5,8.5,8.5,9],"texture":"#4"},"west":{"uv":[3.75,8.5,4,9],"texture":"#4"},"up":{"uv":[1.75,8.75,1.5,8.75],"rotation":270,"texture":"#4"},"down":{"uv":[9,7.75,8.75,7.75],"rotation":90,"texture":"#4"}}},{"from":[6.6,16.06875,9.69134],"to":[7.6,18.06875,11.69134],"rotation":{"angle":0,"axis":"y","origin":[8,8,8]},"faces":{"north":{"uv":[4.25,8.5,4.5,9],"texture":"#4"},"east":{"uv":[5,7.75,5.5,8.25],"texture":"#4"},"south":{"uv":[4.75,8.5,5,9],"texture":"#4"},"west":{"uv":[7.75,4,8.25,4.5],"texture":"#4"},"up":{"uv":[2,4.75,1.5,4.5],"rotation":270,"texture":"#4"},"down":{"uv":[4.5,5,4,5.25],"rotation":90,"texture":"#4"}}},{"from":[7.6,14.16239,14.91992],"to":[7.6,17.16239,18.91992],"rotation":{"angle":-22.5,"axis":"x","origin":[8,8,8]},"faces":{"north":{"uv":[2,8.75,2,9.5],"texture":"#4"},"east":{"uv":[6,2.5,7,3.25],"texture":"#4"},"south":{"uv":[8.75,8,8.75,8.75],"texture":"#4"},"west":{"uv":[6,1.5,7,2.25],"texture":"#4"},"up":{"uv":[10,3,9,3],"rotation":270,"texture":"#4"},"down":{"uv":[10,3.25,9,3.25],"rotation":90,"texture":"#4"}}},{"from":[7.6,16.22225,2.05303],"to":[7.6,19.22225,6.05303],"rotation":{"angle":22.5,"axis":"x","origin":[8,8,8]},"faces":{"north":{"uv":[0,9,0,9.75],"texture":"#4"},"east":{"uv":[6,4.5,7,5.25],"texture":"#4"},"south":{"uv":[0.25,9,0.25,9.75],"texture":"#4"},"west":{"uv":[6,3.5,7,4.25],"texture":"#4"},"up":{"uv":[10,3.5,9,3.5],"rotation":270,"texture":"#4"},"down":{"uv":[10,3.75,9,3.75],"rotation":90,"texture":"#4"}}},{"from":[6.5,-2.56434,1.24179],"to":[10.5,0.43566,4.24179],"rotation":{"angle":-45,"axis":"x","origin":[8,8,8]},"faces":{"north":{"uv":[1.5,6.25,2.5,7],"texture":"#4"},"east":{"uv":[2.25,7.25,3,8],"texture":"#4"},"south":{"uv":[2.75,6.25,3.75,7],"texture":"#4"},"west":{"uv":[7.25,1.5,8,2.25],"texture":"#4"},"up":{"uv":[7.25,6.5,6.5,5.5],"rotation":270,"texture":"#4"},"down":{"uv":[4.75,6.75,4,7.75],"rotation":90,"texture":"#4"}}},{"from":[7.5,-3.00625,9.69134],"to":[9.5,15.99375,11.69134],"rotation":{"angle":0,"axis":"y","origin":[8,8,8]},"faces":{"north":{"uv":[0,3,0.5,7.75],"texture":"#4"},"east":{"uv":[3,0,3.5,4.75],"texture":"#4"},"south":{"uv":[0.75,3,1.25,7.75],"texture":"#4"},"west":{"uv":[2.25,0,2.75,4.75],"texture":"#4"},"up":{"uv":[6.25,8.25,5.75,7.75],"rotation":270,"texture":"#4"},"down":{"uv":[7,7.75,6.5,8.25],"rotation":90,"texture":"#4"}}},{"from":[8.5,-7.00625,8.69134],"to":[8.5,-2.00625,12.69134],"rotation":{"angle":0,"axis":"y","origin":[8,8,8]},"faces":{"north":{"uv":[0.5,9,0.5,10.25],"texture":"#4"},"east":{"uv":[4.75,1.5,5.75,2.75],"texture":"#4"},"south":{"uv":[0.75,9,0.75,10.25],"texture":"#4"},"west":{"uv":[4.75,0,5.75,1.25],"texture":"#4"},"up":{"uv":[10,4,9,4],"rotation":270,"texture":"#4"},"down":{"uv":[10,4.25,9,4.25],"rotation":90,"texture":"#4"}}},{"from":[6.5,7.89375,8.69134],"to":[10.5,8.89375,12.69134],"rotation":{"angle":0,"axis":"y","origin":[8,8,8]},"faces":{"north":{"uv":[3.75,8,4.75,8.25],"texture":"#4"},"east":{"uv":[7.25,8,8.25,8.25],"texture":"#4"},"south":{"uv":[8.25,0,9.25,0.25],"texture":"#4"},"west":{"uv":[0,8,1,8.25],"texture":"#4"},"up":{"uv":[5.75,4,4.75,3],"rotation":270,"texture":"#4"},"down":{"uv":[5.75,4.25,4.75,5.25],"rotation":90,"texture":"#4"}}},{"from":[6.5,-0.10625,8.69134],"to":[10.5,0.89375,12.69134],"rotation":{"angle":0,"axis":"y","origin":[8,8,8]},"faces":{"north":{"uv":[8.25,1,9.25,1.25],"texture":"#4"},"east":{"uv":[8.25,1.5,9.25,1.75],"texture":"#4"},"south":{"uv":[8.25,2,9.25,2.25],"texture":"#4"},"west":{"uv":[8.25,0.5,9.25,0.75],"texture":"#4"},"up":{"uv":[2.5,6,1.5,5],"rotation":270,"texture":"#4"},"down":{"uv":[3.75,5,2.75,6],"rotation":90,"texture":"#4"}}},{"from":[6.5,15.89375,8.69134],"to":[10.5,16.89375,12.69134],"rotation":{"angle":0,"axis":"y","origin":[8,8,8]},"faces":{"north":{"uv":[8.25,5.25,9.25,5.5],"texture":"#4"},"east":{"uv":[8.25,5.75,9.25,6],"texture":"#4"},"south":{"uv":[8.25,6.25,9.25,6.5],"texture":"#4"},"west":{"uv":[8.25,4.75,9.25,5],"texture":"#4"},"up":{"uv":[5,6.5,4,5.5],"rotation":270,"texture":"#4"},"down":{"uv":[6.25,5.5,5.25,6.5],"rotation":90,"texture":"#4"}}},{"from":[8,17.06875,3.19134],"to":[10,22.06875,11.19134],"rotation":{"angle":0,"axis":"y","origin":[8,8,8]},"faces":{"north":{"uv":[1.5,3,2,4.25],"texture":"#4"},"east":{"uv":[0,1.5,2,2.75],"texture":"#4"},"south":{"uv":[1.5,7.25,2,8.5],"texture":"#4"},"west":{"uv":[0,0,2,1.25],"texture":"#4"},"up":{"uv":[8,0.5,6,0],"rotation":270,"texture":"#4"},"down":{"uv":[8,0.75,6,1.25],"rotation":90,"texture":"#4"}}},{"from":[8.5,12.06875,2.19134],"to":[9.5,15.06875,6.19134],"rotation":{"angle":0,"axis":"y","origin":[8,8,8]},"faces":{"north":{"uv":[2.25,8.25,2.5,9],"texture":"#4"},"east":{"uv":[6.25,6.75,7.25,7.5],"texture":"#4"},"south":{"uv":[2.75,8.25,3,9],"texture":"#4"},"west":{"uv":[5,6.75,6,7.5],"texture":"#4"},"up":{"uv":[9.25,7,8.25,6.75],"rotation":270,"texture":"#4"},"down":{"uv":[9.25,7.25,8.25,7.5],"rotation":90,"texture":"#4"}}},{"from":[8.5,15.06875,5.19134],"to":[9.5,16.06875,6.19134],"rotation":{"angle":0,"axis":"y","origin":[8,8,8]},"faces":{"north":{"uv":[5.75,8.5,6,8.75],"texture":"#4"},"east":{"uv":[6.25,8.5,6.5,8.75],"texture":"#4"},"south":{"uv":[6.75,8.5,7,8.75],"texture":"#4"},"west":{"uv":[5.25,8.5,5.5,8.75],"texture":"#4"},"up":{"uv":[7.5,8.75,7.25,8.5],"rotation":270,"texture":"#4"},"down":{"uv":[8,8.5,7.75,8.75],"rotation":90,"texture":"#4"}}},{"from":[8.5,15.06875,1.19134],"to":[9.5,24.06875,4.19134],"rotation":{"angle":0,"axis":"y","origin":[8,8,8]},"faces":{"north":{"uv":[7.25,2.5,7.5,4.75],"texture":"#4"},"east":{"uv":[3.75,2.5,4.5,4.75],"texture":"#4"},"south":{"uv":[3.25,7.25,3.5,9.5],"texture":"#4"},"west":{"uv":[3.75,0,4.5,2.25],"texture":"#4"},"up":{"uv":[0.75,8.75,0,8.5],"rotation":270,"texture":"#4"},"down":{"uv":[9.25,2.5,8.5,2.75],"rotation":90,"texture":"#4"}}}],"gui_light":"front","display":{"thirdperson_righthand":{"translation":[0,0.5,0.75],"scale":[0.63,0.63,0.63]},"thirdperson_lefthand":{"translation":[0,0.5,0.75],"scale":[0.63,0.63,0.63]},"firstperson_righthand":{"translation":[2,-3.25,0],"scale":[0.9,0.9,0.9]},"firstperson_lefthand":{"rotation":[0,-180,0],"translation":[2,-3.25,0],"scale":[0.9,0.9,0.9]},"ground":{"rotation":[-45,0,0],"translation":[0,3.25,0],"scale":[0.5,0.5,0.5]},"gui":{"rotation":[-90,135,90],"translation":[-0.25,-0.75,-0.75],"scale":[0.54,0.54,0.54]},"head":{"rotation":[90,-38,-90],"translation":[-1.25,-14,5],"scale":[0.88,0.88,0.88]},"fixed":{"rotation":[-90,-135,-90],"translation":[1,-1,-0.75],"scale":[0.69,0.69,0.69]}},"groups":[{"name":"group","origin":[2.30866,17.56875,7.6],"color":0,"children":[{"name":"group","origin":[2.30866,17.56875,7.6],"color":0,"children":[0,1,2,3,4,5,{"name":"group","origin":[5.30866,19.06875,8],"color":0,"children":[6,7,8,9,10,11,12,13,14,15]}]}]}]}