{"credit":"Made with Blockbench","texture_size":[64,64],"textures":{"5":"item/halloween/bat_pickaxe"},"elements":[{"from":[8,18.06875,7],"to":[10,20.06875,9],"rotation":{"angle":0,"axis":"y","origin":[8,8,8]},"faces":{"north":{"uv":[8,3,8.5,3.5],"texture":"#5"},"east":{"uv":[1.5,8,2,8.5],"texture":"#5"},"south":{"uv":[2.25,8,2.75,8.5],"texture":"#5"},"west":{"uv":[3,8,3.5,8.5],"texture":"#5"},"up":{"uv":[4.25,8.5,3.75,8],"rotation":90,"texture":"#5"},"down":{"uv":[8.5,3.75,8,4.25],"rotation":270,"texture":"#5"}}},{"from":[9,19.46875,8.4],"to":[9,21.54375,9.4],"rotation":{"angle":0,"axis":"y","origin":[8,8,8]},"faces":{"north":{"uv":[7,8.75,7,9.25],"texture":"#5"},"east":{"uv":[4.25,8.75,4.5,9.25],"texture":"#5"},"south":{"uv":[8.75,6.5,8.75,7],"texture":"#5"},"west":{"uv":[8.75,4.5,9,5],"texture":"#5"},"up":{"uv":[5.75,4.75,5.5,4.75],"rotation":90,"texture":"#5"},"down":{"uv":[6.25,4.75,6,4.75],"rotation":270,"texture":"#5"}}},{"from":[9,19.46875,6.6],"to":[9,21.54375,7.6],"rotation":{"angle":0,"axis":"y","origin":[8,8,8]},"faces":{"north":{"uv":[8.75,7.75,8.75,8.25],"texture":"#5"},"east":{"uv":[4.75,8.75,5,9.25],"texture":"#5"},"south":{"uv":[7.25,8.75,7.25,9.25],"texture":"#5"},"west":{"uv":[5.25,8.75,5.5,9.25],"texture":"#5"},"up":{"uv":[6.75,4.75,6.5,4.75],"rotation":90,"texture":"#5"},"down":{"uv":[7.25,5.75,7,5.75],"rotation":270,"texture":"#5"}}},{"from":[8.4,16.06875,7],"to":[9.4,18.06875,9],"rotation":{"angle":0,"axis":"y","origin":[8,8,8]},"faces":{"north":{"uv":[8.75,5.75,9,6.25],"texture":"#5"},"east":{"uv":[8,4.5,8.5,5],"texture":"#5"},"south":{"uv":[5.75,8.75,6,9.25],"texture":"#5"},"west":{"uv":[6,8,6.5,8.5],"texture":"#5"},"up":{"uv":[7.75,3.25,7.25,3],"rotation":90,"texture":"#5"},"down":{"uv":[6.75,8.75,6.25,9],"rotation":270,"texture":"#5"}}},{"from":[8.4,15.19232,12.43344],"to":[8.4,18.19232,16.43344],"rotation":{"angle":-22.5,"axis":"x","origin":[8,8,8]},"faces":{"north":{"uv":[0,9,0,9.75],"texture":"#5"},"east":{"uv":[6,2.5,7,3.25],"texture":"#5"},"south":{"uv":[8.75,8.5,8.75,9.25],"texture":"#5"},"west":{"uv":[3.75,6,4.75,6.75],"texture":"#5"},"up":{"uv":[1.25,9,0.25,9],"rotation":90,"texture":"#5"},"down":{"uv":[10,6.5,9,6.5],"rotation":270,"texture":"#5"}}},{"from":[8.4,15.19232,-0.43344],"to":[8.4,18.19232,3.56656],"rotation":{"angle":22.5,"axis":"x","origin":[8,8,8]},"faces":{"north":{"uv":[7.75,9,7.75,9.75],"texture":"#5"},"east":{"uv":[5,6,6,6.75],"texture":"#5"},"south":{"uv":[7.5,9,7.5,9.75],"texture":"#5"},"west":{"uv":[6.25,6,7.25,6.75],"texture":"#5"},"up":{"uv":[10,6.75,9,6.75],"rotation":90,"texture":"#5"},"down":{"uv":[10,7,9,7],"rotation":270,"texture":"#5"}}},{"from":[5.5,-0.66127,13.66127],"to":[9.5,2.33873,16.66127],"rotation":{"angle":45,"axis":"x","origin":[8,8,8]},"faces":{"north":{"uv":[3.75,7,4.75,7.75],"texture":"#5"},"east":{"uv":[6,7,6.75,7.75],"texture":"#5"},"south":{"uv":[6.75,3.5,7.75,4.25],"texture":"#5"},"west":{"uv":[7,7,7.75,7.75],"texture":"#5"},"up":{"uv":[7.75,5.5,7,4.5],"rotation":90,"texture":"#5"},"down":{"uv":[5.75,7,5,8],"rotation":270,"texture":"#5"}}},{"from":[6.5,-2.00625,7],"to":[8.5,16.99375,9],"rotation":{"angle":0,"axis":"y","origin":[8,8,8]},"faces":{"north":{"uv":[2.25,0,2.75,4.75],"texture":"#5"},"east":{"uv":[0,0,0.5,4.75],"texture":"#5"},"south":{"uv":[0.75,0,1.25,4.75],"texture":"#5"},"west":{"uv":[1.5,0,2,4.75],"texture":"#5"},"up":{"uv":[8.5,7,8,6.5],"rotation":90,"texture":"#5"},"down":{"uv":[7.25,8,6.75,8.5],"rotation":270,"texture":"#5"}}},{"from":[7.5,-7.00625,6],"to":[7.5,-2.00625,10],"rotation":{"angle":0,"axis":"y","origin":[8,8,8]},"faces":{"north":{"uv":[8,9,8,10.25],"texture":"#5"},"east":{"uv":[3,3.5,4,4.75],"texture":"#5"},"south":{"uv":[9,7.75,9,9],"texture":"#5"},"west":{"uv":[4.25,3.5,5.25,4.75],"texture":"#5"},"up":{"uv":[1.25,9.25,0.25,9.25],"rotation":90,"texture":"#5"},"down":{"uv":[2.5,9.25,1.5,9.25],"rotation":270,"texture":"#5"}}},{"from":[5.5,7.89375,6],"to":[9.5,8.89375,10],"rotation":{"angle":0,"axis":"y","origin":[8,8,8]},"faces":{"north":{"uv":[4.5,8.25,5.5,8.5],"texture":"#5"},"east":{"uv":[8,5.25,9,5.5],"texture":"#5"},"south":{"uv":[8,7.25,9,7.5],"texture":"#5"},"west":{"uv":[7.5,8,8.5,8.25],"texture":"#5"},"up":{"uv":[6.5,4.5,5.5,3.5],"rotation":90,"texture":"#5"},"down":{"uv":[1,6,0,7],"rotation":270,"texture":"#5"}}},{"from":[5.5,-0.10625,6],"to":[9.5,0.89375,10],"rotation":{"angle":0,"axis":"y","origin":[8,8,8]},"faces":{"north":{"uv":[8.5,1.5,9.5,1.75],"texture":"#5"},"east":{"uv":[8.5,0,9.5,0.25],"texture":"#5"},"south":{"uv":[8.5,0.5,9.5,0.75],"texture":"#5"},"west":{"uv":[8.5,1,9.5,1.25],"texture":"#5"},"up":{"uv":[7,1,6,0],"rotation":90,"texture":"#5"},"down":{"uv":[2.25,6,1.25,7],"rotation":270,"texture":"#5"}}},{"from":[5.5,15.89375,6],"to":[9.5,16.89375,10],"rotation":{"angle":0,"axis":"y","origin":[8,8,8]},"faces":{"north":{"uv":[1.5,8.75,2.5,9],"texture":"#5"},"east":{"uv":[8.5,2,9.5,2.25],"texture":"#5"},"south":{"uv":[8.5,2.5,9.5,2.75],"texture":"#5"},"west":{"uv":[7.5,8.5,8.5,8.75],"texture":"#5"},"up":{"uv":[7,2.25,6,1.25],"rotation":90,"texture":"#5"},"down":{"uv":[3.5,6,2.5,7],"rotation":270,"texture":"#5"}}},{"from":[6,17.06875,2.5],"to":[8,20.06875,13.5],"rotation":{"angle":0,"axis":"y","origin":[8,8,8]},"faces":{"north":{"uv":[0.75,8,1.25,8.75],"texture":"#5"},"east":{"uv":[3,0,5.75,0.75],"texture":"#5"},"south":{"uv":[0,8,0.5,8.75],"texture":"#5"},"west":{"uv":[3,1,5.75,1.75],"texture":"#5"},"up":{"uv":[5.75,2.5,3,2],"rotation":90,"texture":"#5"},"down":{"uv":[5.75,2.75,3,3.25],"rotation":270,"texture":"#5"}}},{"from":[6.025,18.47244,3.22405],"to":[8.025,20.47244,7.22405],"rotation":{"angle":-22.5,"axis":"x","origin":[8,8,8]},"faces":{"north":{"uv":[8.75,3,9.25,3.5],"texture":"#5"},"east":{"uv":[0,7.25,1,7.75],"texture":"#5"},"south":{"uv":[2.75,8.75,3.25,9.25],"texture":"#5"},"west":{"uv":[7.25,0,8.25,0.5],"texture":"#5"},"up":{"uv":[8.25,1.25,7.25,0.75],"rotation":90,"texture":"#5"},"down":{"uv":[2.25,7.25,1.25,7.75],"rotation":270,"texture":"#5"}}},{"from":[7.5,17.47244,8.77595],"to":[7.5,20.47244,14.77595],"rotation":{"angle":22.5,"axis":"x","origin":[8,8,8]},"faces":{"north":{"uv":[8.5,9,8.5,9.75],"texture":"#5"},"east":{"uv":[0,5,1.5,5.75],"texture":"#5"},"south":{"uv":[8.25,9,8.25,9.75],"texture":"#5"},"west":{"uv":[1.75,5,3.25,5.75],"texture":"#5"},"up":{"uv":[10.75,4.5,9.25,4.5],"rotation":90,"texture":"#5"},"down":{"uv":[10.75,4.75,9.25,4.75],"rotation":270,"texture":"#5"}}},{"from":[7.5,17.47244,1.22405],"to":[7.5,20.47244,7.22405],"rotation":{"angle":-22.5,"axis":"x","origin":[8,8,8]},"faces":{"north":{"uv":[6.25,9.25,6.25,10],"texture":"#5"},"east":{"uv":[3.5,5,5,5.75],"texture":"#5"},"south":{"uv":[9.25,5,9.25,5.75],"texture":"#5"},"west":{"uv":[5.25,5,6.75,5.75],"texture":"#5"},"up":{"uv":[10.75,6,9.25,6],"rotation":90,"texture":"#5"},"down":{"uv":[10.75,6.25,9.25,6.25],"rotation":270,"texture":"#5"}}},{"from":[6.025,18.47244,8.77595],"to":[8.025,20.47244,12.77595],"rotation":{"angle":22.5,"axis":"x","origin":[8,8,8]},"faces":{"north":{"uv":[8.75,3.75,9.25,4.25],"texture":"#5"},"east":{"uv":[7.25,1.5,8.25,2],"texture":"#5"},"south":{"uv":[3.5,8.75,4,9.25],"texture":"#5"},"west":{"uv":[7.25,2.25,8.25,2.75],"texture":"#5"},"up":{"uv":[3.5,7.75,2.5,7.25],"rotation":90,"texture":"#5"},"down":{"uv":[8.5,5.75,7.5,6.25],"rotation":270,"texture":"#5"}}}],"gui_light":"front","display":{"thirdperson_righthand":{"rotation":[0,-180,0],"translation":[0,0.5,0.75],"scale":[0.63,0.63,0.63]},"thirdperson_lefthand":{"translation":[0,0.5,0.75],"scale":[0.63,0.63,0.63]},"firstperson_righthand":{"rotation":[0,-180,0],"translation":[2,-0.25,0],"scale":[0.76,0.76,0.76]},"firstperson_lefthand":{"translation":[2,-0.25,0],"scale":[0.76,0.76,0.76]},"ground":{"rotation":[-45,0,0],"translation":[0,3.25,0],"scale":[0.5,0.5,0.5]},"gui":{"rotation":[-90,-45,-90],"translation":[-0.75,-0.75,-0.75],"scale":[0.52,0.52,0.52]},"head":{"rotation":[90,-38,-90],"translation":[-1.25,-14,5],"scale":[0.88,0.88,0.88]},"fixed":{"rotation":[-90,45,90],"translation":[0.25,-1,-0.5],"scale":[0.64,0.64,0.64]}},"groups":[{"name":"group","origin":[5,17.56875,7.6],"color":0,"children":[{"name":"group","origin":[5,17.56875,7.6],"color":0,"children":[0,1,2,3,4,5,{"name":"group","origin":[8,19.06875,8],"color":0,"children":[6,7,8,9,10,11,12,13,14,15,16]}]}]}]}