{"credit":"Made with Blockbench","texture_size":[64,64],"textures":{"6":"item/halloween/bat_shovel"},"elements":[{"from":[6.25,17.7875,7],"to":[8.25,19.7875,9],"rotation":{"angle":0,"axis":"y","origin":[8,8,8]},"faces":{"north":{"uv":[5,7.75,5.5,8.25],"texture":"#6"},"east":{"uv":[7.75,5.5,8.25,6],"texture":"#6"},"south":{"uv":[5.75,7.75,6.25,8.25],"texture":"#6"},"west":{"uv":[7.75,4.75,8.25,5.25],"texture":"#6"},"up":{"uv":[8.25,6.75,7.75,6.25],"rotation":270,"texture":"#6"},"down":{"uv":[7.5,7.75,7,8.25],"rotation":90,"texture":"#6"}}},{"from":[7.25,19.1875,6.6],"to":[7.25,21.2625,7.6],"rotation":{"angle":0,"axis":"y","origin":[8,8,8]},"faces":{"north":{"uv":[6.75,8.25,6.75,8.75],"texture":"#6"},"east":{"uv":[3.25,8,3.5,8.5],"texture":"#6"},"south":{"uv":[8.5,2.75,8.5,3.25],"texture":"#6"},"west":{"uv":[4,1.5,4.25,2],"texture":"#6"},"up":{"uv":[5.5,1.25,5.25,1.25],"rotation":270,"texture":"#6"},"down":{"uv":[2.75,7.25,2.5,7.25],"rotation":90,"texture":"#6"}}},{"from":[7.25,19.1875,8.4],"to":[7.25,21.2625,9.4],"rotation":{"angle":0,"axis":"y","origin":[8,8,8]},"faces":{"north":{"uv":[8.5,4.25,8.5,4.75],"texture":"#6"},"east":{"uv":[0,8.25,0.25,8.75],"texture":"#6"},"south":{"uv":[5,8.5,5,9],"texture":"#6"},"west":{"uv":[8,3.25,8.25,3.75],"texture":"#6"},"up":{"uv":[4,7.5,3.75,7.5],"rotation":270,"texture":"#6"},"down":{"uv":[8.5,7.5,8.25,7.5],"rotation":90,"texture":"#6"}}},{"from":[6.85,15.7875,7],"to":[7.85,17.7875,9],"rotation":{"angle":0,"axis":"y","origin":[8,8,8]},"faces":{"north":{"uv":[0.5,8.25,0.75,8.75],"texture":"#6"},"east":{"uv":[2.5,8,3,8.5],"texture":"#6"},"south":{"uv":[1,8.25,1.25,8.75],"texture":"#6"},"west":{"uv":[7.75,7.75,8.25,8.25],"texture":"#6"},"up":{"uv":[2,8.5,1.5,8.25],"rotation":270,"texture":"#6"},"down":{"uv":[4.25,8.25,3.75,8.5],"rotation":90,"texture":"#6"}}},{"from":[7.85,14.93248,-0.32581],"to":[7.85,17.93248,3.67419],"rotation":{"angle":22.5,"axis":"x","origin":[8,8,8]},"faces":{"north":{"uv":[8.5,5,8.5,5.75],"texture":"#6"},"east":{"uv":[3,6.5,4,7.25],"texture":"#6"},"south":{"uv":[5.25,8.5,5.25,9.25],"texture":"#6"},"west":{"uv":[5.75,4.5,6.75,5.25],"texture":"#6"},"up":{"uv":[9.5,3.5,8.5,3.5],"rotation":270,"texture":"#6"},"down":{"uv":[9.5,3.75,8.5,3.75],"rotation":90,"texture":"#6"}}},{"from":[7.85,14.93248,12.32581],"to":[7.85,17.93248,16.32581],"rotation":{"angle":-22.5,"axis":"x","origin":[8,8,8]},"faces":{"north":{"uv":[5.5,8.5,5.5,9.25],"texture":"#6"},"east":{"uv":[4.25,6.75,5.25,7.5],"texture":"#6"},"south":{"uv":[5.75,8.5,5.75,9.25],"texture":"#6"},"west":{"uv":[6.75,3.25,7.75,4],"texture":"#6"},"up":{"uv":[9.5,6,8.5,6],"rotation":270,"texture":"#6"},"down":{"uv":[9.5,6.25,8.5,6.25],"rotation":90,"texture":"#6"}}},{"from":[6.75,-0.86015,-0.86014],"to":[10.75,2.13985,2.13986],"rotation":{"angle":-45,"axis":"x","origin":[8,8,8]},"faces":{"north":{"uv":[5.75,1.25,6.75,2],"texture":"#6"},"east":{"uv":[6.75,5.5,7.5,6.25],"texture":"#6"},"south":{"uv":[5.75,2.25,6.75,3],"texture":"#6"},"west":{"uv":[5.5,6.75,6.25,7.5],"texture":"#6"},"up":{"uv":[6.5,4.25,5.75,3.25],"rotation":270,"texture":"#6"},"down":{"uv":[7.25,0,6.5,1],"rotation":90,"texture":"#6"}}},{"from":[7.75,-2.2875,7],"to":[9.75,16.7125,9],"rotation":{"angle":0,"axis":"y","origin":[8,8,8]},"faces":{"north":{"uv":[0.75,2.25,1.25,7],"texture":"#6"},"east":{"uv":[1.5,2.25,2,7],"texture":"#6"},"south":{"uv":[2.25,2.25,2.75,7],"texture":"#6"},"west":{"uv":[0,2.25,0.5,7],"texture":"#6"},"up":{"uv":[7.5,5.25,7,4.75],"rotation":270,"texture":"#6"},"down":{"uv":[7.5,6.5,7,7],"rotation":90,"texture":"#6"}}},{"from":[8.75,-7.2875,6],"to":[8.75,-2.2875,10],"rotation":{"angle":0,"axis":"y","origin":[8,8,8]},"faces":{"north":{"uv":[2.25,8.25,2.25,9.5],"texture":"#6"},"east":{"uv":[4.5,1.5,5.5,2.75],"texture":"#6"},"south":{"uv":[4.5,8.25,4.5,9.5],"texture":"#6"},"west":{"uv":[4,0,5,1.25],"texture":"#6"},"up":{"uv":[8.5,2.5,7.5,2.5],"rotation":270,"texture":"#6"},"down":{"uv":[8.75,7,7.75,7],"rotation":90,"texture":"#6"}}},{"from":[6.75,15.6125,6],"to":[10.75,16.6125,10],"rotation":{"angle":0,"axis":"y","origin":[8,8,8]},"faces":{"north":{"uv":[1.25,7.25,2.25,7.5],"texture":"#6"},"east":{"uv":[7,7.25,8,7.5],"texture":"#6"},"south":{"uv":[7.5,0,8.5,0.25],"texture":"#6"},"west":{"uv":[0,7.25,1,7.5],"texture":"#6"},"up":{"uv":[5.5,4,4.5,3],"rotation":270,"texture":"#6"},"down":{"uv":[5.5,4.25,4.5,5.25],"rotation":90,"texture":"#6"}}},{"from":[6.75,7.6125,6],"to":[10.75,8.6125,10],"rotation":{"angle":0,"axis":"y","origin":[8,8,8]},"faces":{"north":{"uv":[7.5,1,8.5,1.25],"texture":"#6"},"east":{"uv":[7.5,1.5,8.5,1.75],"texture":"#6"},"south":{"uv":[7.5,2,8.5,2.25],"texture":"#6"},"west":{"uv":[7.5,0.5,8.5,0.75],"texture":"#6"},"up":{"uv":[6.25,1,5.25,0],"rotation":270,"texture":"#6"},"down":{"uv":[4,5.25,3,6.25],"rotation":90,"texture":"#6"}}},{"from":[6.75,-0.3875,6],"to":[10.75,0.6125,10],"rotation":{"angle":0,"axis":"y","origin":[8,8,8]},"faces":{"north":{"uv":[0,7.75,1,8],"texture":"#6"},"east":{"uv":[1.25,7.75,2.25,8],"texture":"#6"},"south":{"uv":[3.75,7.75,4.75,8],"texture":"#6"},"west":{"uv":[2.5,7.5,3.5,7.75],"texture":"#6"},"up":{"uv":[5.25,6.5,4.25,5.5],"rotation":270,"texture":"#6"},"down":{"uv":[6.5,5.5,5.5,6.5],"rotation":90,"texture":"#6"}}},{"from":[8.25,16.7875,5.5],"to":[9.25,21.7875,10.5],"rotation":{"angle":0,"axis":"y","origin":[8,8,8]},"faces":{"north":{"uv":[6.5,6.75,6.75,8],"texture":"#6"},"east":{"uv":[3,3.75,4.25,5],"texture":"#6"},"south":{"uv":[7,1.25,7.25,2.5],"texture":"#6"},"west":{"uv":[3,2.25,4.25,3.5],"texture":"#6"},"up":{"uv":[8.25,3,7,2.75],"rotation":270,"texture":"#6"},"down":{"uv":[8.25,4.25,7,4.5],"rotation":90,"texture":"#6"}}},{"from":[8.75,16.7875,4.5],"to":[8.75,24.7875,11.5],"rotation":{"angle":0,"axis":"y","origin":[8,8,8]},"faces":{"north":{"uv":[4.75,8.25,4.75,10.25],"texture":"#6"},"east":{"uv":[2,0,3.75,2],"texture":"#6"},"south":{"uv":[6.5,8.25,6.5,10.25],"texture":"#6"},"west":{"uv":[0,0,1.75,2],"texture":"#6"},"up":{"uv":[9.75,4,8,4],"rotation":270,"texture":"#6"},"down":{"uv":[10,7.25,8.25,7.25],"rotation":90,"texture":"#6"}}}],"gui_light":"front","display":{"thirdperson_righthand":{"translation":[0,0.5,0.75],"scale":[0.63,0.63,0.63]},"thirdperson_lefthand":{"rotation":[0,-180,0],"translation":[0,0.5,0.75],"scale":[0.63,0.63,0.63]},"firstperson_righthand":{"translation":[2,-3.25,0],"scale":[0.9,0.9,0.9]},"firstperson_lefthand":{"rotation":[0,-180,0],"translation":[2,-3.25,0],"scale":[0.9,0.9,0.9]},"ground":{"rotation":[-45,0,0],"translation":[0,3.25,0],"scale":[0.5,0.5,0.5]},"gui":{"rotation":[-90,135,90],"translation":[-0.25,-0.75,-0.75],"scale":[0.61,0.61,0.61]},"head":{"rotation":[90,-38,-90],"translation":[-1.25,-14,5],"scale":[0.88,0.88,0.88]},"fixed":{"rotation":[-90,-135,-90],"translation":[0.25,-0.75,-0.75],"scale":[0.69,0.69,0.69]}},"groups":[{"name":"group","origin":[5,10.69632,7.1],"color":0,"children":[0,1,2,3,4,5]},{"name":"group","origin":[8,18.7875,8.25],"color":0,"children":[6,7,8,9,10,11,12,13]}]}