{"credit":"Made with Blockbench","texture_size":[32,32],"textures":{"0":"item/easter/texture5","1":"item/easter/texture4","3":"item/easter/texture6","4":"item/easter/texture7","5":"item/easter/eggjump","particle":"item/easter/texture5"},"elements":[{"from":[15,14,2],"to":[15,18,6],"rotation":{"angle":0,"axis":"y","origin":[16,0,0]},"faces":{"north":{"uv":[2,11,2,15],"texture":"#5"},"east":{"uv":[6,11,2,15],"texture":"#5"},"south":{"uv":[2,11,2,15],"texture":"#5"},"west":{"uv":[6,11,2,15],"texture":"#5"},"up":{"uv":[2.5,11.5,6.5,11.5],"rotation":90,"texture":"#5"},"down":{"uv":[2.5,11.5,6.5,11.5],"rotation":270,"texture":"#5"}}},{"from":[15,14,6],"to":[15,18,10],"rotation":{"angle":0,"axis":"y","origin":[16,0,0]},"faces":{"north":{"uv":[2,11,2,15],"texture":"#5"},"east":{"uv":[6,11,2,15],"texture":"#5"},"south":{"uv":[2,11,2,15],"texture":"#5"},"west":{"uv":[6,11,2,15],"texture":"#5"},"up":{"uv":[2.5,11.5,6.5,11.5],"rotation":90,"texture":"#5"},"down":{"uv":[2.5,11.5,6.5,11.5],"rotation":270,"texture":"#5"}}},{"from":[15,14,10],"to":[15,18,14],"rotation":{"angle":0,"axis":"y","origin":[16,0,0]},"faces":{"north":{"uv":[2,11,2,15],"texture":"#5"},"east":{"uv":[6,11,2,15],"texture":"#5"},"south":{"uv":[2,11,2,15],"texture":"#5"},"west":{"uv":[6,11,2,15],"texture":"#5"},"up":{"uv":[2.5,11.5,6.5,11.5],"rotation":90,"texture":"#5"},"down":{"uv":[2.5,11.5,6.5,11.5],"rotation":270,"texture":"#5"}}},{"from":[1,14,2],"to":[1,18,6],"faces":{"north":{"uv":[2,11,2,15],"texture":"#5"},"east":{"uv":[2,11,6,15],"texture":"#5"},"south":{"uv":[2,11,2,15],"texture":"#5"},"west":{"uv":[2,11,6,15],"texture":"#5"},"up":{"uv":[2.5,11.5,6.5,11.5],"rotation":90,"texture":"#5"},"down":{"uv":[2.5,11.5,6.5,11.5],"rotation":270,"texture":"#5"}}},{"from":[1,14,6],"to":[1,18,10],"faces":{"north":{"uv":[2,11,2,15],"texture":"#5"},"east":{"uv":[2,11,6,15],"texture":"#5"},"south":{"uv":[2,11,2,15],"texture":"#5"},"west":{"uv":[2,11,6,15],"texture":"#5"},"up":{"uv":[2.5,11.5,6.5,11.5],"rotation":90,"texture":"#5"},"down":{"uv":[2.5,11.5,6.5,11.5],"rotation":270,"texture":"#5"}}},{"from":[1,14,10],"to":[1,18,14],"faces":{"north":{"uv":[2,11,2,15],"texture":"#5"},"east":{"uv":[2,11,6,15],"texture":"#5"},"south":{"uv":[2,11,2,15],"texture":"#5"},"west":{"uv":[2,11,6,15],"texture":"#5"},"up":{"uv":[2.5,11.5,6.5,11.5],"rotation":90,"texture":"#5"},"down":{"uv":[2.5,11.5,6.5,11.5],"rotation":270,"texture":"#5"}}},{"from":[5,16,3],"to":[11,17,9],"faces":{"north":{"uv":[4.5,10.5,7.5,11],"texture":"#3"},"east":{"uv":[7.5,11,8,14],"rotation":90,"texture":"#3"},"south":{"uv":[8.5,11,9,14],"rotation":90,"texture":"#3"},"west":{"uv":[7.5,11,8,14],"rotation":90,"texture":"#3"},"up":{"uv":[4.5,11,7.5,14],"texture":"#3"},"down":{"uv":[4.5,11,7.5,14],"texture":"#3"}}},{"from":[5.2,19,3.6],"to":[10.8,20.5,9.2],"rotation":{"angle":0,"axis":"y","origin":[8,5.5,8]},"faces":{"north":{"uv":[11,7,12,11],"rotation":90,"texture":"#1"},"east":{"uv":[11,7,12,11],"rotation":90,"texture":"#1"},"south":{"uv":[11,7,12,11],"rotation":90,"texture":"#1"},"west":{"uv":[11,7,12,11],"rotation":90,"texture":"#1"},"up":{"uv":[12,7,16,11],"texture":"#1"},"down":{"uv":[12,7,16,11],"texture":"#1"}}},{"from":[5.9,20.5,4.3],"to":[10.1,21,8.5],"rotation":{"angle":0,"axis":"y","origin":[8,6.2,8]},"faces":{"north":{"uv":[2.75,5.75,4.75,6],"texture":"#1"},"east":{"uv":[4.75,3.75,5,5.75],"rotation":90,"texture":"#1"},"south":{"uv":[2.75,5.75,4.75,6],"texture":"#1"},"west":{"uv":[4.75,3.75,5,5.75],"rotation":90,"texture":"#1"},"up":{"uv":[2.75,3.75,4.75,5.75],"texture":"#1"},"down":{"uv":[2.75,3.75,4.75,5.75],"texture":"#1"}}},{"from":[6.6,21,5],"to":[9.4,21.5,7.8],"rotation":{"angle":0,"axis":"y","origin":[8,6.9,8]},"faces":{"north":{"uv":[0,0,1.5,0.25],"texture":"#1"},"east":{"uv":[0,0,1.5,0.25],"texture":"#1"},"south":{"uv":[0,0,1.5,0.25],"texture":"#1"},"west":{"uv":[1.5,0.25,1.75,1.75],"rotation":90,"texture":"#1"},"up":{"uv":[0,0.25,1.5,1.75],"texture":"#1"},"down":{"uv":[0,0.25,1.5,1.75],"texture":"#1"}}},{"from":[4.5,17,2.9],"to":[11.5,19,9.9],"rotation":{"angle":0,"axis":"y","origin":[8,3.3,8]},"faces":{"north":{"uv":[6.25,1.75,9.75,2.75],"texture":"#1"},"east":{"uv":[6.25,1.75,9.75,2.75],"texture":"#1"},"south":{"uv":[6.25,1.75,9.75,2.75],"texture":"#1"},"west":{"uv":[6.25,1.75,9.75,2.75],"texture":"#1"},"up":{"uv":[12.5,0,16,3.5],"texture":"#1"},"down":{"uv":[0,0,3.5,3.5],"texture":"#0"}}},{"from":[4,13,2],"to":[12,15,11],"faces":{"north":{"uv":[8,4.5,12,5.5],"texture":"#3"},"east":{"uv":[12,4.5,13,0],"rotation":90,"texture":"#3"},"south":{"uv":[8,5.5,12,6.5],"texture":"#3"},"west":{"uv":[12,0,13,4.5],"rotation":90,"texture":"#3"},"up":{"uv":[8,0,12,4.5],"texture":"#3"},"down":{"uv":[12,4.5,16,9],"texture":"#3"}}},{"from":[5,12,2],"to":[11,13,11],"faces":{"north":{"uv":[4.5,4.5,7.5,5],"texture":"#3"},"east":{"uv":[7.5,4.5,8,0],"rotation":90,"texture":"#3"},"south":{"uv":[4.5,4.5,7.5,5],"texture":"#3"},"west":{"uv":[7.5,0,8,4.5],"rotation":90,"texture":"#3"},"up":{"uv":[4.5,0,7.5,4.5],"texture":"#3"},"down":{"uv":[4.5,0,7.5,4.5],"texture":"#3"}}},{"from":[5,11,3],"to":[11,12,12],"faces":{"north":{"uv":[0,9,3,9.5],"texture":"#3"},"east":{"uv":[3,4.5,3.5,9],"rotation":90,"texture":"#3"},"south":{"uv":[0,9,3,9.5],"texture":"#3"},"west":{"uv":[3,9,3.5,4.5],"rotation":90,"texture":"#3"},"up":{"uv":[0,4.5,3,9],"texture":"#3"},"down":{"uv":[0,4.5,3,9],"texture":"#3"}}},{"from":[4,15,2],"to":[12,16,10],"faces":{"north":{"uv":[0,11.5,4,12],"texture":"#3"},"east":{"uv":[4,16,4.5,12],"rotation":90,"texture":"#3"},"south":{"uv":[8,10,8.5,14],"rotation":90,"texture":"#3"},"west":{"uv":[4,12,4.5,16],"rotation":90,"texture":"#3"},"up":{"uv":[0,12,4,16],"texture":"#3"},"down":{"uv":[0,12,4,16],"texture":"#3"}}},{"from":[5,13,-1],"to":[11,14,2],"faces":{"north":{"uv":[4.5,14,7.5,14.5],"texture":"#3"},"east":{"uv":[7.5,16,8,14.5],"rotation":90,"texture":"#3"},"south":{"uv":[4.5,14,7.5,14.5],"texture":"#3"},"west":{"uv":[7.5,14.5,8,16],"rotation":90,"texture":"#3"},"up":{"uv":[3.5,5,6.5,6.5],"texture":"#3"},"down":{"uv":[4.5,14.5,7.5,16],"texture":"#3"}}},{"from":[7,14,-1],"to":[9,15,2],"faces":{"north":{"uv":[1,10.5,2,11],"texture":"#3"},"east":{"uv":[2.5,11,1,11.5],"texture":"#3"},"south":{"uv":[1,10.5,2,11],"texture":"#3"},"west":{"uv":[1,11,2.5,11.5],"texture":"#3"},"up":{"uv":[0,10,1,11.5],"texture":"#3"},"down":{"uv":[0,10,1,11.5],"texture":"#3"}}},{"from":[5.5,12,-1],"to":[8,13,2],"faces":{"north":{"uv":[2.5,9.5,3.75,10],"texture":"#3"},"east":{"uv":[3.75,10,4.25,11.5],"rotation":90,"texture":"#3"},"south":{"uv":[2.5,9.5,3.75,10],"texture":"#3"},"west":{"uv":[3.75,10,4.25,11.5],"rotation":90,"texture":"#3"},"up":{"uv":[2.5,10,3.75,11.5],"texture":"#3"},"down":{"uv":[2.5,10,3.75,11.5],"texture":"#3"}}},{"from":[4.5,15.5,9.8],"to":[11.5,17,9.8],"rotation":{"angle":0,"axis":"y","origin":[0,16,0]},"faces":{"north":{"uv":[0,4.25,3.5,3.5],"texture":"#0"},"east":{"uv":[0,1.25,0,0],"texture":"#0"},"south":{"uv":[3.5,4.25,0,3.5],"texture":"#0"},"west":{"uv":[0,1.25,0,0],"texture":"#0"},"up":{"uv":[0,0,3.5,0],"texture":"#0"},"down":{"uv":[0,0,3.5,0],"texture":"#0"}}},{"from":[4.5,15.5,2.9],"to":[4.5,17,9.9],"rotation":{"angle":0,"axis":"y","origin":[8,11.75,8]},"faces":{"north":{"uv":[0,1.25,0,0],"texture":"#0"},"east":{"uv":[0,4.25,3.5,3.5],"texture":"#0"},"south":{"uv":[0,1.25,0,0],"texture":"#0"},"west":{"uv":[3.5,4.25,0,3.5],"texture":"#0"},"up":{"uv":[3.5,0,0,0],"rotation":270,"texture":"#0"},"down":{"uv":[3.5,0,0,0],"rotation":90,"texture":"#0"}}},{"from":[11.5,15.5,2.9],"to":[11.5,17,9.9],"rotation":{"angle":0,"axis":"y","origin":[8,11.75,8]},"faces":{"north":{"uv":[0,1.25,0,0],"texture":"#0"},"east":{"uv":[0,4.25,3.5,3.5],"texture":"#0"},"south":{"uv":[0,1.25,0,0],"texture":"#0"},"west":{"uv":[3.5,4.25,0,3.5],"texture":"#0"},"up":{"uv":[3.5,0,0,0],"rotation":270,"texture":"#0"},"down":{"uv":[3.5,0,0,0],"rotation":90,"texture":"#0"}}},{"from":[4.5,15.5,2.9],"to":[11.5,17,2.9],"rotation":{"angle":0,"axis":"y","origin":[0,16,0]},"faces":{"north":{"uv":[0,4.25,3.5,3.5],"texture":"#0"},"east":{"uv":[0,1.25,0,0],"texture":"#0"},"south":{"uv":[3.5,4.25,0,3.5],"texture":"#0"},"west":{"uv":[0,1.25,0,0],"texture":"#0"},"up":{"uv":[0,0,3.5,0],"texture":"#0"},"down":{"uv":[0,0,3.5,0],"texture":"#0"}}},{"from":[8,12,-1],"to":[10.5,13,2],"rotation":{"angle":0,"axis":"y","origin":[16,0,0]},"faces":{"north":{"uv":[3.75,9.5,2.5,10],"texture":"#3"},"east":{"uv":[3.75,11.5,4.25,10],"rotation":90,"texture":"#3"},"south":{"uv":[3.75,9.5,2.5,10],"texture":"#3"},"west":{"uv":[3.75,11.5,4.25,10],"rotation":90,"texture":"#3"},"up":{"uv":[3.75,10,2.5,11.5],"texture":"#3"},"down":{"uv":[3.75,10,2.5,11.5],"texture":"#3"}}},{"from":[4,16,7],"to":[4,23,15],"faces":{"north":{"uv":[0,0,0,3.5],"texture":"#3"},"east":{"uv":[16,12.5,12,16],"texture":"#3"},"south":{"uv":[0,0,0,3.5],"texture":"#3"},"west":{"uv":[12,12.5,16,16],"texture":"#3"},"up":{"uv":[0,0,0,4],"texture":"#3"},"down":{"uv":[0,0,0,4],"texture":"#3"}}},{"from":[12,16,7],"to":[12,23,15],"rotation":{"angle":0,"axis":"y","origin":[16,0,0]},"faces":{"north":{"uv":[0,0,0,3.5],"texture":"#3"},"east":{"uv":[16,12.5,12,16],"texture":"#3"},"south":{"uv":[0,0,0,3.5],"texture":"#3"},"west":{"uv":[12,12.5,16,16],"texture":"#3"},"up":{"uv":[0,0,0,4],"texture":"#3"},"down":{"uv":[0,0,0,4],"texture":"#3"}}},{"from":[8,0,0],"to":[17,1,16],"faces":{"north":{"uv":[0,0,4.5,0.5],"texture":"#4"},"east":{"uv":[4.5,0.5,5,8.5],"rotation":90,"texture":"#4"},"south":{"uv":[4.5,0,0,0.5],"texture":"#4"},"west":{"uv":[4.5,0.5,5,8.5],"rotation":90,"texture":"#4"},"up":{"uv":[0,0.5,4.5,8.5],"texture":"#4"},"down":{"uv":[5,0.5,9.5,8.5],"texture":"#4"}}},{"from":[8,7,3],"to":[13,11,13],"faces":{"north":{"uv":[2.5,4.5,5,6.5],"texture":"#0"},"east":{"uv":[2.5,4.5,7.5,6.5],"texture":"#0"},"south":{"uv":[5,4.5,2.5,6.5],"texture":"#0"},"west":{"uv":[2.5,4.5,7.5,6.5],"texture":"#0"},"up":{"uv":[2.5,6.5,5,11.5],"texture":"#0"},"down":{"uv":[2.5,6.5,5,11.5],"texture":"#0"}}},{"from":[15,1,3.5],"to":[16,3,12.5],"rotation":{"angle":0,"axis":"y","origin":[16,0,0]},"faces":{"north":{"uv":[2.5,13,2,14],"texture":"#0"},"east":{"uv":[7,13.5,2.5,14.5],"texture":"#0"},"south":{"uv":[2.5,13,2,14],"texture":"#0"},"west":{"uv":[7,13.5,2.5,14.5],"texture":"#0"},"up":{"uv":[2.5,13.5,7,13],"rotation":90,"texture":"#0"},"down":{"uv":[2.5,13.5,7,13],"rotation":90,"texture":"#0"}}},{"from":[15,13,3],"to":[16,14,13],"rotation":{"angle":0,"axis":"y","origin":[16,0,0]},"faces":{"north":{"uv":[2.5,11,2,11.5],"texture":"#0"},"east":{"uv":[7,12.5,2,13],"texture":"#0"},"south":{"uv":[2.5,11,2,11.5],"texture":"#0"},"west":{"uv":[7,12.5,2,13],"texture":"#0"},"up":{"uv":[2,12.5,7,12],"rotation":90,"texture":"#0"},"down":{"uv":[2,12,7,11.5],"rotation":90,"texture":"#0"}}},{"from":[15,12,11.5],"to":[16,13,13.5],"rotation":{"angle":0,"axis":"y","origin":[16,0,0]},"faces":{"north":{"uv":[3.5,4,3,4.5],"texture":"#3"},"east":{"uv":[4,5,4.5,4],"rotation":90,"texture":"#3"},"south":{"uv":[3.5,4,3,4.5],"texture":"#3"},"west":{"uv":[4,5,4.5,4],"rotation":90,"texture":"#3"},"up":{"uv":[4,4,3.5,5],"texture":"#3"},"down":{"uv":[4,4,3.5,5],"texture":"#3"}}},{"from":[15,11,12],"to":[16,12,14],"rotation":{"angle":0,"axis":"y","origin":[16,0,0]},"faces":{"north":{"uv":[1,10,0.5,10.5],"texture":"#0"},"east":{"uv":[1.5,10.5,0.5,11],"texture":"#0"},"south":{"uv":[1.5,10,1,10.5],"texture":"#0"},"west":{"uv":[1.5,10.5,0.5,11],"texture":"#0"},"up":{"uv":[2,10,1.5,11],"texture":"#0"},"down":{"uv":[2.5,10,2,11],"texture":"#0"}}},{"from":[15,7,3.5],"to":[16,8,12.5],"rotation":{"angle":0,"axis":"y","origin":[16,0,0]},"faces":{"north":{"uv":[2.5,14,2,14.5],"texture":"#0"},"east":{"uv":[6.5,15.5,2,16],"texture":"#0"},"south":{"uv":[2.5,14,2,14.5],"texture":"#0"},"west":{"uv":[6.5,15.5,2,16],"texture":"#0"},"up":{"uv":[2,15,6.5,14.5],"rotation":90,"texture":"#0"},"down":{"uv":[2,15.5,6.5,15],"rotation":90,"texture":"#0"}}},{"from":[15,1,1.5],"to":[16,11,3.5],"rotation":{"angle":0,"axis":"y","origin":[16,0,0]},"faces":{"north":{"uv":[0.5,11,0,16],"texture":"#0"},"east":{"uv":[1.5,11,0.5,16],"texture":"#0"},"south":{"uv":[2,11,1.5,16],"texture":"#0"},"west":{"uv":[1.5,11,0.5,16],"texture":"#0"},"up":{"uv":[0.5,10,0,11],"texture":"#0"},"down":{"uv":[0.5,10,0,11],"texture":"#0"}}},{"from":[13,13,3],"to":[15,14,13],"rotation":{"angle":0,"axis":"y","origin":[16,0,0]},"faces":{"north":{"uv":[6.5,5.5,7.5,6],"texture":"#3"},"east":{"uv":[9,6.5,9.5,11.5],"rotation":90,"texture":"#3"},"south":{"uv":[7.5,5.5,6.5,6],"texture":"#3"},"west":{"uv":[9,6.5,9.5,11.5],"rotation":90,"texture":"#3"},"up":{"uv":[9.5,6.5,10.5,11.5],"texture":"#3"},"down":{"uv":[9.5,6.5,10.5,11.5],"texture":"#3"}}},{"from":[13,12,2.5],"to":[15,13,13.5],"rotation":{"angle":0,"axis":"y","origin":[16,0,0]},"faces":{"north":{"uv":[6.5,5,7.5,5.5],"texture":"#3"},"east":{"uv":[10.5,6.5,11,12],"rotation":90,"texture":"#3"},"south":{"uv":[7.5,5,6.5,5.5],"texture":"#3"},"west":{"uv":[10.5,6.5,11,12],"rotation":90,"texture":"#3"},"up":{"uv":[11,6.5,12,12],"texture":"#3"},"down":{"uv":[11,6.5,12,12],"texture":"#3"}}},{"from":[13,11,2],"to":[15,12,14],"rotation":{"angle":0,"axis":"y","origin":[16,0,0]},"faces":{"north":{"uv":[7.5,10.5,8.5,11],"texture":"#0"},"east":{"uv":[8.5,4.5,9,10.5],"rotation":90,"texture":"#0"},"south":{"uv":[8.5,10.5,7.5,11],"texture":"#0"},"west":{"uv":[8.5,4.5,9,10.5],"rotation":90,"texture":"#0"},"up":{"uv":[7.5,4.5,8.5,10.5],"texture":"#0"},"down":{"uv":[7.5,4.5,8.5,10.5],"texture":"#0"}}},{"from":[13,1,1.5],"to":[15,11,14.5],"rotation":{"angle":0,"axis":"y","origin":[16,0,0]},"faces":{"north":{"uv":[4,4.5,9,3.5],"rotation":90,"texture":"#0"},"east":{"uv":[9,10,14,3.5],"rotation":90,"texture":"#0"},"south":{"uv":[4,3.5,9,4.5],"rotation":90,"texture":"#0"},"west":{"uv":[9,10,14,3.5],"rotation":90,"texture":"#0"},"up":{"uv":[6.5,16,13,15],"rotation":90,"texture":"#0"},"down":{"uv":[6.5,16,13,15],"rotation":90,"texture":"#0"}}},{"from":[8,1,2],"to":[13,7,3],"faces":{"north":{"uv":[3.5,6.5,6,9.5],"texture":"#3"},"east":{"uv":[8.5,6.5,9,9.5],"texture":"#3"},"south":{"uv":[3.5,6.5,6,9.5],"texture":"#3"},"west":{"uv":[8.5,6.5,9,9.5],"texture":"#3"},"up":{"uv":[3.75,9.5,6.25,10],"texture":"#3"},"down":{"uv":[3.75,9.5,6.25,10],"texture":"#3"}}},{"from":[15,1,12.5],"to":[16,11,14.5],"rotation":{"angle":0,"axis":"y","origin":[16,0,16]},"faces":{"north":{"uv":[1.5,11,2,16],"texture":"#0"},"east":{"uv":[0.5,11,1.5,16],"texture":"#0"},"south":{"uv":[0,11,0.5,16],"texture":"#0"},"west":{"uv":[0.5,11,1.5,16],"texture":"#0"},"up":{"uv":[0.5,11,0,10],"texture":"#0"},"down":{"uv":[0.5,11,0,10],"texture":"#0"}}},{"from":[15,11,2],"to":[16,12,4],"rotation":{"angle":0,"axis":"y","origin":[16,0,16]},"faces":{"north":{"uv":[1,10,1.5,10.5],"texture":"#0"},"east":{"uv":[0.5,10.5,1.5,11],"texture":"#0"},"south":{"uv":[0.5,10,1,10.5],"texture":"#0"},"west":{"uv":[0.5,10.5,1.5,11],"texture":"#0"},"up":{"uv":[2,11,1.5,10],"texture":"#0"},"down":{"uv":[2.5,11,2,10],"texture":"#0"}}},{"from":[15,12,2.5],"to":[16,13,4.5],"rotation":{"angle":0,"axis":"y","origin":[16,0,16]},"faces":{"north":{"uv":[3,4,3.5,4.5],"texture":"#3"},"east":{"uv":[4,4,4.5,5],"rotation":90,"texture":"#3"},"south":{"uv":[3,4,3.5,4.5],"texture":"#3"},"west":{"uv":[4,4,4.5,5],"rotation":90,"texture":"#3"},"up":{"uv":[4,5,3.5,4],"texture":"#3"},"down":{"uv":[4,5,3.5,4],"texture":"#3"}}},{"from":[0,12,2.5],"to":[1,13,4.5],"rotation":{"angle":0,"axis":"y","origin":[0,0,16]},"faces":{"north":{"uv":[3.5,4,3,4.5],"texture":"#3"},"east":{"uv":[4,5,4.5,4],"rotation":90,"texture":"#3"},"south":{"uv":[3.5,4,3,4.5],"texture":"#3"},"west":{"uv":[4,5,4.5,4],"rotation":90,"texture":"#3"},"up":{"uv":[3.5,5,4,4],"texture":"#3"},"down":{"uv":[3.5,5,4,4],"texture":"#3"}}},{"from":[0,11,2],"to":[1,12,4],"rotation":{"angle":0,"axis":"y","origin":[0,0,16]},"faces":{"north":{"uv":[1.5,10,1,10.5],"texture":"#0"},"east":{"uv":[1.5,10.5,0.5,11],"texture":"#0"},"south":{"uv":[1,10,0.5,10.5],"texture":"#0"},"west":{"uv":[1.5,10.5,0.5,11],"texture":"#0"},"up":{"uv":[1.5,11,2,10],"texture":"#0"},"down":{"uv":[2,11,2.5,10],"texture":"#0"}}},{"from":[0,1,12.5],"to":[1,11,14.5],"rotation":{"angle":0,"axis":"y","origin":[0,0,16]},"faces":{"north":{"uv":[2,11,1.5,16],"texture":"#0"},"east":{"uv":[1.5,11,0.5,16],"texture":"#0"},"south":{"uv":[0.5,11,0,16],"texture":"#0"},"west":{"uv":[1.5,11,0.5,16],"texture":"#0"},"up":{"uv":[0,11,0.5,10],"texture":"#0"},"down":{"uv":[0,11,0.5,10],"texture":"#0"}}},{"from":[0,1,1.5],"to":[1,11,3.5],"faces":{"north":{"uv":[0,11,0.5,16],"texture":"#0"},"east":{"uv":[0.5,11,1.5,16],"texture":"#0"},"south":{"uv":[1.5,11,2,16],"texture":"#0"},"west":{"uv":[0.5,11,1.5,16],"texture":"#0"},"up":{"uv":[0,10,0.5,11],"texture":"#0"},"down":{"uv":[0,10,0.5,11],"texture":"#0"}}},{"from":[0,7,3.5],"to":[1,8,12.5],"faces":{"north":{"uv":[2,14,2.5,14.5],"texture":"#0"},"east":{"uv":[2,15.5,6.5,16],"texture":"#0"},"south":{"uv":[2,14,2.5,14.5],"texture":"#0"},"west":{"uv":[2,15.5,6.5,16],"texture":"#0"},"up":{"uv":[2,14.5,6.5,15],"rotation":90,"texture":"#0"},"down":{"uv":[2,15,6.5,15.5],"rotation":90,"texture":"#0"}}},{"from":[0,11,12],"to":[1,12,14],"faces":{"north":{"uv":[0.5,10,1,10.5],"texture":"#0"},"east":{"uv":[0.5,10.5,1.5,11],"texture":"#0"},"south":{"uv":[1,10,1.5,10.5],"texture":"#0"},"west":{"uv":[0.5,10.5,1.5,11],"texture":"#0"},"up":{"uv":[1.5,10,2,11],"texture":"#0"},"down":{"uv":[2,10,2.5,11],"texture":"#0"}}},{"from":[0,12,11.5],"to":[1,13,13.5],"faces":{"north":{"uv":[3,4,3.5,4.5],"texture":"#3"},"east":{"uv":[4,4,4.5,5],"rotation":90,"texture":"#3"},"south":{"uv":[3,4,3.5,4.5],"texture":"#3"},"west":{"uv":[4,4,4.5,5],"rotation":90,"texture":"#3"},"up":{"uv":[3.5,4,4,5],"texture":"#3"},"down":{"uv":[3.5,4,4,5],"texture":"#3"}}},{"from":[0,13,3],"to":[1,14,13],"faces":{"north":{"uv":[2,11,2.5,11.5],"texture":"#0"},"east":{"uv":[2,12.5,7,13],"texture":"#0"},"south":{"uv":[2,11,2.5,11.5],"texture":"#0"},"west":{"uv":[2,12.5,7,13],"texture":"#0"},"up":{"uv":[2,12,7,12.5],"rotation":90,"texture":"#0"},"down":{"uv":[2,11.5,7,12],"rotation":90,"texture":"#0"}}},{"from":[0,1,3.5],"to":[1,3,12.5],"faces":{"north":{"uv":[2,13,2.5,14],"texture":"#0"},"east":{"uv":[2.5,13.5,7,14.5],"texture":"#0"},"south":{"uv":[2,13,2.5,14],"texture":"#0"},"west":{"uv":[2.5,13.5,7,14.5],"texture":"#0"},"up":{"uv":[2.5,13,7,13.5],"rotation":90,"texture":"#0"},"down":{"uv":[2.5,13,7,13.5],"rotation":90,"texture":"#0"}}},{"from":[8,1,13],"to":[13,7,14],"rotation":{"angle":0,"axis":"y","origin":[0,0,16]},"faces":{"north":{"uv":[8.5,6.5,6,9.5],"texture":"#3"},"east":{"uv":[9,6.5,8.5,9.5],"texture":"#3"},"south":{"uv":[8.5,6.5,6,9.5],"texture":"#3"},"west":{"uv":[9,6.5,8.5,9.5],"texture":"#3"},"up":{"uv":[6.25,10,8.75,9.5],"texture":"#3"},"down":{"uv":[6.25,10,8.75,9.5],"texture":"#3"}}},{"from":[1,1,1.5],"to":[3,11,14.5],"faces":{"north":{"uv":[4,3.5,9,4.5],"rotation":90,"texture":"#0"},"east":{"uv":[9,3.5,14,10],"rotation":90,"texture":"#0"},"south":{"uv":[4,4.5,9,3.5],"rotation":90,"texture":"#0"},"west":{"uv":[9,3.5,14,10],"rotation":90,"texture":"#0"},"up":{"uv":[6.5,15,13,16],"rotation":90,"texture":"#0"},"down":{"uv":[6.5,15,13,16],"rotation":90,"texture":"#0"}}},{"from":[1,11,2],"to":[3,12,14],"faces":{"north":{"uv":[8.5,10.5,7.5,11],"texture":"#0"},"east":{"uv":[8.5,10.5,9,4.5],"rotation":90,"texture":"#0"},"south":{"uv":[8.5,10.5,7.5,11],"texture":"#0"},"west":{"uv":[8.5,10.5,9,4.5],"rotation":90,"texture":"#0"},"up":{"uv":[8.5,4.5,7.5,10.5],"texture":"#0"},"down":{"uv":[8.5,4.5,7.5,10.5],"texture":"#0"}}},{"from":[1,12,2.5],"to":[3,13,13.5],"faces":{"north":{"uv":[7.5,5,6.5,5.5],"texture":"#3"},"east":{"uv":[10.5,12,11,6.5],"rotation":90,"texture":"#3"},"south":{"uv":[7.5,5,6.5,5.5],"texture":"#3"},"west":{"uv":[10.5,12,11,6.5],"rotation":90,"texture":"#3"},"up":{"uv":[12,6.5,11,12],"texture":"#3"},"down":{"uv":[12,6.5,11,12],"texture":"#3"}}},{"from":[1,13,3],"to":[3,14,13],"faces":{"north":{"uv":[7.5,5.5,6.5,6],"texture":"#3"},"east":{"uv":[9,11.5,9.5,6.5],"rotation":90,"texture":"#3"},"south":{"uv":[7.5,5.5,6.5,6],"texture":"#3"},"west":{"uv":[9,11.5,9.5,6.5],"rotation":90,"texture":"#3"},"up":{"uv":[10.5,6.5,9.5,11.5],"texture":"#3"},"down":{"uv":[10.5,6.5,9.5,11.5],"texture":"#3"}}},{"from":[-1,0,0],"to":[8,1,16],"rotation":{"angle":0,"axis":"y","origin":[16,0,0]},"faces":{"north":{"uv":[4.5,0,0,0.5],"texture":"#4"},"east":{"uv":[4.5,8.5,5,0.5],"rotation":90,"texture":"#4"},"south":{"uv":[0,0,4.5,0.5],"texture":"#4"},"west":{"uv":[4.5,8.5,5,0.5],"rotation":90,"texture":"#4"},"up":{"uv":[4.5,0.5,0,8.5],"texture":"#4"},"down":{"uv":[9.5,0.5,5,8.5],"texture":"#4"}}},{"from":[3,1,2],"to":[8,7,3],"rotation":{"angle":0,"axis":"y","origin":[16,0,0]},"faces":{"north":{"uv":[6,6.5,3.5,9.5],"texture":"#3"},"east":{"uv":[9,6.5,8.5,9.5],"texture":"#3"},"south":{"uv":[6,6.5,3.5,9.5],"texture":"#3"},"west":{"uv":[9,6.5,8.5,9.5],"texture":"#3"},"up":{"uv":[6.25,9.5,3.75,10],"texture":"#3"},"down":{"uv":[6.25,9.5,3.75,10],"texture":"#3"}}},{"from":[3,1,13],"to":[8,7,14],"rotation":{"angle":0,"axis":"y","origin":[16,0,16]},"faces":{"north":{"uv":[6,6.5,8.5,9.5],"texture":"#3"},"east":{"uv":[8.5,6.5,9,9.5],"texture":"#3"},"south":{"uv":[6,6.5,8.5,9.5],"texture":"#3"},"west":{"uv":[8.5,6.5,9,9.5],"texture":"#3"},"up":{"uv":[8.75,10,6.25,9.5],"texture":"#3"},"down":{"uv":[8.75,10,6.25,9.5],"texture":"#3"}}},{"from":[3,7,3],"to":[8,11,13],"rotation":{"angle":0,"axis":"y","origin":[16,0,0]},"faces":{"north":{"uv":[5,4.5,2.5,6.5],"texture":"#0"},"east":{"uv":[7.5,4.5,2.5,6.5],"texture":"#0"},"south":{"uv":[2.5,4.5,5,6.5],"texture":"#0"},"west":{"uv":[2.5,4.5,7.5,6.5],"texture":"#0"},"up":{"uv":[5,6.5,2.5,11.5],"texture":"#0"},"down":{"uv":[5,6.5,2.5,11.5],"texture":"#0"}}},{"from":[6,4,1],"to":[10,8,3],"faces":{"north":{"uv":[0,8.5,2,10.5],"texture":"#4"},"east":{"uv":[3,8.5,2,10.5],"texture":"#4"},"south":{"uv":[0,8.5,2,10.5],"texture":"#4"},"west":{"uv":[2,8.5,3,10.5],"texture":"#4"},"up":{"uv":[0,10.5,2,11.5],"texture":"#4"},"down":{"uv":[0,14.5,2,13.5],"texture":"#4"}}},{"from":[10,7,1],"to":[11,8,3],"rotation":{"angle":0,"axis":"y","origin":[8,6,1.5]},"faces":{"north":{"uv":[0,2.25,0.5,2.75],"rotation":180,"texture":"#1"},"east":{"uv":[0.5,2.75,1.5,3.25],"rotation":180,"texture":"#1"},"south":{"uv":[0,2.25,0.5,2.75],"rotation":180,"texture":"#1"},"west":{"uv":[0.5,2.75,1.5,3.25],"rotation":180,"texture":"#1"},"up":{"uv":[0.5,3.25,1.5,3.75],"rotation":90,"texture":"#1"},"down":{"uv":[0.5,3.25,1.5,3.75],"rotation":270,"texture":"#1"}}},{"from":[5,7,1],"to":[6,8,3],"rotation":{"angle":0,"axis":"y","origin":[8,6,1.5]},"faces":{"north":{"uv":[0.5,2.25,0,2.75],"rotation":180,"texture":"#1"},"east":{"uv":[1.5,2.75,0.5,3.25],"rotation":180,"texture":"#1"},"south":{"uv":[0.5,2.25,0,2.75],"rotation":180,"texture":"#1"},"west":{"uv":[1.5,2.75,0.5,3.25],"rotation":180,"texture":"#1"},"up":{"uv":[0.5,3.75,1.5,3.25],"rotation":90,"texture":"#1"},"down":{"uv":[0.5,3.75,1.5,3.25],"rotation":270,"texture":"#1"}}}],"display":{"thirdperson_righthand":{"rotation":[0,95,0],"translation":[0,3.75,1.75],"scale":[0.5,0.5,0.5]},"thirdperson_lefthand":{"rotation":[0,95,0],"translation":[0,3.75,1.75],"scale":[0.5,0.5,0.5]},"firstperson_righthand":{"rotation":[0,92,0],"translation":[0.5,2.75,2.25],"scale":[0.5,0.5,0.5]},"firstperson_lefthand":{"rotation":[0,95,0],"translation":[0,3.75,1.75],"scale":[0.5,0.5,0.5]},"ground":{"translation":[0,5.25,0],"scale":[0.5,0.5,0.5]},"gui":{"rotation":[88,45,-88],"translation":[-1.5,-2.25,-2],"scale":[0.5,0.5,0.5]},"head":{"translation":[0,-15.25,0],"scale":[2,2,2]},"fixed":{"translation":[0,-1,-4.5],"scale":[0.7,0.7,0.7]}},"groups":[{"name":"group","origin":[8,6,1.5],"color":0,"children":[0,1,2,3,4,5,6,7,8,9,10,11,12,13,14,15,16,17,18,19,20,21,22,23,24,25,26,27,28,29,30,31,32,33,34,35,36,37,38,39,40,41,42,43,44,45,46,47,48,49,50,51,52,53,54,55,56,57,58,59,60,61]}]}