{"credit":"Made with Blockbench","texture_size":[32,32],"textures":{"3":"item/easter/texture4","8":"item/easter/texture9","9":"item/easter/texture10","11":"item/easter/circle","particle":"item/easter/texture1"},"elements":[{"from":[4.5,-0.5,8],"to":[5,9,8],"rotation":{"angle":22.5,"axis":"z","origin":[6.75,3.25,8]},"faces":{"north":{"uv":[9.5,13.625,9.75,8.875],"rotation":180,"texture":"#9"},"east":{"uv":[5.25,0,0,0],"rotation":270,"texture":"#9"},"south":{"uv":[9.5,8.875,9.75,13.625],"texture":"#9"},"west":{"uv":[5.25,0,0,0],"rotation":270,"texture":"#9"},"up":{"uv":[0,0,0,0.25],"rotation":270,"texture":"#9"},"down":{"uv":[0,0,0,0.25],"rotation":270,"texture":"#9"}}},{"from":[13.5,4.5,7],"to":[20.5,11.5,7],"rotation":{"angle":0,"axis":"y","origin":[17,8.5,7]},"faces":{"north":{"uv":[0.5,7.25,7.5,0.25],"rotation":270,"texture":"#11"},"east":{"uv":[0.5,0.25,7.5,0.25],"rotation":270,"texture":"#11"},"south":{"uv":[0.5,7.25,7.5,0.25],"rotation":90,"texture":"#11"},"west":{"uv":[0.5,0.25,7.5,0.25],"rotation":270,"texture":"#11"},"up":{"uv":[0.5,0.25,0.5,7.25],"rotation":270,"texture":"#11"},"down":{"uv":[0.5,0.25,0.5,7.25],"rotation":270,"texture":"#11"}}},{"from":[13.5,4.5,9],"to":[20.5,11.5,9],"rotation":{"angle":0,"axis":"y","origin":[17,8.5,9]},"faces":{"north":{"uv":[0.5,0.25,7.5,7.25],"rotation":90,"texture":"#11"},"east":{"uv":[0.5,0.25,7.5,0.25],"rotation":270,"texture":"#11"},"south":{"uv":[0.5,0.25,7.5,7.25],"rotation":270,"texture":"#11"},"west":{"uv":[0.5,0.25,7.5,0.25],"rotation":270,"texture":"#11"},"up":{"uv":[0.5,0.25,0.5,7.25],"rotation":270,"texture":"#11"},"down":{"uv":[0.5,0.25,0.5,7.25],"rotation":270,"texture":"#11"}}},{"from":[4.5,7,8],"to":[5,16.5,8],"rotation":{"angle":-22.5,"axis":"z","origin":[6.75,12.75,8]},"faces":{"north":{"uv":[9.5,8.875,9.75,13.625],"rotation":180,"texture":"#9"},"east":{"uv":[0,0,5.25,0],"rotation":270,"texture":"#9"},"south":{"uv":[9.5,13.625,9.75,8.875],"texture":"#9"},"west":{"uv":[0,0,5.25,0],"rotation":270,"texture":"#9"},"up":{"uv":[0,0,0,0.25],"rotation":270,"texture":"#9"},"down":{"uv":[0,0,0,0.25],"rotation":270,"texture":"#9"}}},{"from":[15.3,2.5,7],"to":[17.3,4.5,9],"rotation":{"angle":45,"axis":"z","origin":[5.4,-7.5,7.4]},"faces":{"north":{"uv":[4.25,12.375,3.25,13.375],"texture":"#8"},"east":{"uv":[2.25,13.375,3.25,12.375],"rotation":270,"texture":"#8"},"south":{"uv":[3.25,13.375,4.25,12.375],"rotation":270,"texture":"#8"},"west":{"uv":[2.25,12.375,1.25,13.375],"texture":"#8"},"up":{"uv":[3.25,12.375,2.25,13.375],"rotation":180,"texture":"#8"},"down":{"uv":[1.25,13.375,2.25,12.375],"rotation":270,"texture":"#8"}}},{"from":[-0.6,2.7,8],"to":[6.4,8.7,8],"rotation":{"angle":0,"axis":"y","origin":[13.4,0,16.6]},"faces":{"north":{"uv":[15,3.5,12,0],"rotation":90,"texture":"#8"},"east":{"uv":[0,0,3,0],"rotation":270,"texture":"#8"},"south":{"uv":[12,3.5,15,0],"rotation":270,"texture":"#8"},"west":{"uv":[0,0,3,0],"rotation":270,"texture":"#8"},"up":{"uv":[0,3.5,0,0],"rotation":270,"texture":"#8"},"down":{"uv":[0,3.5,0,0],"rotation":270,"texture":"#8"}}},{"from":[-0.6,7.2,8],"to":[6.4,13.2,8],"rotation":{"angle":0,"axis":"y","origin":[13.4,16,16.6]},"faces":{"north":{"uv":[12,3.5,15,0],"rotation":90,"texture":"#8"},"east":{"uv":[3,0,0,0],"rotation":270,"texture":"#8"},"south":{"uv":[15,3.5,12,0],"rotation":270,"texture":"#8"},"west":{"uv":[3,0,0,0],"rotation":270,"texture":"#8"},"up":{"uv":[0,3.5,0,0],"rotation":270,"texture":"#8"},"down":{"uv":[0,3.5,0,0],"rotation":270,"texture":"#8"}}},{"from":[2,7.7,7.7],"to":[10,8.2,8.2],"rotation":{"angle":0,"axis":"y","origin":[14,0,0]},"faces":{"north":{"uv":[7.5,12.625,3.5,12.875],"texture":"#9"},"east":{"uv":[2.5,14.375,2.25,14.625],"texture":"#9"},"south":{"uv":[3.5,12.625,7.5,12.875],"texture":"#9"},"west":{"uv":[2.5,14.375,2.25,14.625],"texture":"#9"},"up":{"uv":[7.5,12.375,3.5,12.625],"texture":"#9"},"down":{"uv":[7.5,12.375,3.5,12.625],"texture":"#9"}}},{"from":[10,7.7,7.7],"to":[18,8.2,8.2],"rotation":{"angle":0,"axis":"y","origin":[-2,0,0]},"faces":{"north":{"uv":[3.5,12.625,7.5,12.875],"texture":"#9"},"east":{"uv":[2.25,14.375,2.5,14.625],"texture":"#9"},"south":{"uv":[7.5,12.875,3.5,12.625],"texture":"#9"},"west":{"uv":[2.25,14.375,2.5,14.625],"texture":"#9"},"up":{"uv":[3.5,12.375,7.5,12.625],"texture":"#9"},"down":{"uv":[3.5,12.375,7.5,12.625],"texture":"#9"}}},{"from":[17,6.5,8],"to":[25,9.5,8],"rotation":{"angle":0,"axis":"y","origin":[-2,14,8.6]},"faces":{"north":{"uv":[9.25,1.5,5.25,0],"rotation":180,"texture":"#3"},"east":{"uv":[1.5,0,0,0],"rotation":270,"texture":"#3"},"south":{"uv":[9.25,0,5.25,1.5],"texture":"#3"},"west":{"uv":[1.5,0,0,0],"rotation":270,"texture":"#3"},"up":{"uv":[0,3,0,0],"rotation":270,"texture":"#3"},"down":{"uv":[0,3,0,0],"rotation":270,"texture":"#3"}}},{"from":[8.4,17.5,6.4],"to":[10.4,19.5,8.4],"rotation":{"angle":-45,"axis":"z","origin":[6.4,23.5,7.4]},"faces":{"north":{"uv":[4.25,13.375,3.25,12.375],"texture":"#8"},"east":{"uv":[3.25,13.375,2.25,12.375],"rotation":270,"texture":"#8"},"south":{"uv":[4.25,13.375,3.25,12.375],"rotation":270,"texture":"#8"},"west":{"uv":[2.25,13.375,1.25,12.375],"texture":"#8"},"up":{"uv":[2.25,13.375,1.25,12.375],"rotation":270,"texture":"#8"},"down":{"uv":[3.25,13.375,2.25,12.375],"rotation":180,"texture":"#8"}}},{"from":[8.4,-3.5,6.4],"to":[10.4,-1.5,8.4],"rotation":{"angle":45,"axis":"z","origin":[6.4,-7.5,7.4]},"faces":{"north":{"uv":[4.25,12.375,3.25,13.375],"texture":"#8"},"east":{"uv":[2.25,13.375,3.25,12.375],"rotation":270,"texture":"#8"},"south":{"uv":[3.25,13.375,4.25,12.375],"rotation":270,"texture":"#8"},"west":{"uv":[2.25,12.375,1.25,13.375],"texture":"#8"},"up":{"uv":[3.25,12.375,2.25,13.375],"rotation":180,"texture":"#8"},"down":{"uv":[1.25,13.375,2.25,12.375],"rotation":270,"texture":"#8"}}},{"from":[5.1,-4,8],"to":[11.1,-1,8],"rotation":{"angle":0,"axis":"y","origin":[11.1,5,8]},"faces":{"north":{"uv":[11,7,9.5,4],"rotation":90,"texture":"#3"},"east":{"uv":[12.25,2.75,8.75,2.75],"rotation":270,"texture":"#3"},"south":{"uv":[9.5,7,11,4],"rotation":270,"texture":"#3"},"west":{"uv":[12.25,2.75,8.75,2.75],"rotation":270,"texture":"#3"},"up":{"uv":[8.75,5.75,8.75,2.75],"rotation":270,"texture":"#3"},"down":{"uv":[8.75,5.75,8.75,2.75],"rotation":270,"texture":"#3"}}},{"from":[13.25,14.75,7.5],"to":[19.25,15.75,8.5],"rotation":{"angle":-45,"axis":"z","origin":[14,15.25,8]},"faces":{"north":{"uv":[15.5,10.25,16,13.25],"rotation":90,"texture":"#8"},"east":{"uv":[15.5,9.75,16,10.25],"rotation":90,"texture":"#8"},"south":{"uv":[15.5,10.25,16,13.25],"rotation":270,"texture":"#8"},"west":{"uv":[15,9.75,15.5,10.25],"rotation":90,"texture":"#8"},"up":{"uv":[15,10.25,15.5,13.25],"rotation":270,"texture":"#8"},"down":{"uv":[15,10.25,15.5,13.25],"rotation":270,"texture":"#8"}}},{"from":[13.61487,14.84165,7.6],"to":[14.61487,16.34165,8.4],"rotation":{"angle":22.5,"axis":"z","origin":[14,15.25,8]},"faces":{"north":{"uv":[16,13.75,15.5,14.5],"rotation":180,"texture":"#8"},"east":{"uv":[15.5,13.75,15,14.5],"rotation":180,"texture":"#8"},"south":{"uv":[15.5,13.75,16,14.5],"rotation":180,"texture":"#8"},"west":{"uv":[15.5,13.75,15,14.5],"rotation":180,"texture":"#8"},"up":{"uv":[16,13.25,15.5,13.75],"texture":"#8"},"down":{"uv":[16,13.25,15.5,13.75],"texture":"#8"}}},{"from":[12.90835,14.63513,7.6],"to":[14.40835,15.63513,8.4],"rotation":{"angle":-22.5,"axis":"z","origin":[14,15.25,8]},"faces":{"north":{"uv":[16,14.5,15.5,13.75],"rotation":90,"texture":"#8"},"east":{"uv":[16,13.75,15.5,13.25],"rotation":90,"texture":"#8"},"south":{"uv":[15.5,14.5,16,13.75],"rotation":270,"texture":"#8"},"west":{"uv":[16,13.75,15.5,13.25],"rotation":90,"texture":"#8"},"up":{"uv":[15.5,14.5,15,13.75],"rotation":270,"texture":"#8"},"down":{"uv":[15.5,14.5,15,13.75],"rotation":270,"texture":"#8"}}},{"from":[10.25,14.25,7.5],"to":[13.25,16.25,8.5],"rotation":{"angle":-45,"axis":"z","origin":[14,15.25,8]},"faces":{"north":{"uv":[6,12,7,13.5],"rotation":90,"texture":"#3"},"east":{"uv":[6,11.5,7,12],"rotation":90,"texture":"#3"},"south":{"uv":[6,12,7,13.5],"rotation":270,"texture":"#3"},"west":{"uv":[6,11.5,7,12],"rotation":90,"texture":"#3"},"up":{"uv":[5.5,12,6,13.5],"rotation":270,"texture":"#3"},"down":{"uv":[5.5,12,6,13.5],"rotation":270,"texture":"#3"}}},{"from":[5.1,17,8],"to":[11.1,20,8],"rotation":{"angle":0,"axis":"y","origin":[11.1,11,8]},"faces":{"north":{"uv":[9.5,7,11,4],"rotation":90,"texture":"#3"},"east":{"uv":[8.75,2.75,12.25,2.75],"rotation":270,"texture":"#3"},"south":{"uv":[11,7,9.5,4],"rotation":270,"texture":"#3"},"west":{"uv":[8.75,2.75,12.25,2.75],"rotation":270,"texture":"#3"},"up":{"uv":[8.75,5.75,8.75,2.75],"rotation":270,"texture":"#3"},"down":{"uv":[8.75,5.75,8.75,2.75],"rotation":270,"texture":"#3"}}},{"from":[4.5,17,7.7],"to":[11.5,18,8.3],"rotation":{"angle":0,"axis":"y","origin":[7,-1.5,8]},"faces":{"north":{"uv":[15.25,0,15.75,3.5],"rotation":270,"texture":"#8"},"east":{"uv":[15.75,9.5,15.25,9.75],"rotation":90,"texture":"#8"},"south":{"uv":[15.75,0,15.25,3.5],"rotation":90,"texture":"#8"},"west":{"uv":[15.75,9.5,15.25,9.75],"rotation":90,"texture":"#8"},"up":{"uv":[15,0,15.3,3.5],"rotation":90,"texture":"#8"},"down":{"uv":[15.75,0,16.05,3.5],"rotation":90,"texture":"#8"}}},{"from":[4.5,-2,7.7],"to":[11.5,-1,8.3],"rotation":{"angle":0,"axis":"y","origin":[7,17.5,8]},"faces":{"north":{"uv":[15.75,0,15.25,3.5],"rotation":270,"texture":"#8"},"east":{"uv":[15.25,9.5,15.75,9.75],"rotation":90,"texture":"#8"},"south":{"uv":[15.25,0,15.75,3.5],"rotation":90,"texture":"#8"},"west":{"uv":[15.25,9.5,15.75,9.75],"rotation":90,"texture":"#8"},"up":{"uv":[16.05,0,15.75,3.5],"rotation":90,"texture":"#8"},"down":{"uv":[15.3,0,15,3.5],"rotation":90,"texture":"#8"}}},{"from":[18.5,1.6,7],"to":[21.5,4.6,9],"rotation":{"angle":45,"axis":"z","origin":[7.4,4,7.4]},"faces":{"north":{"uv":[9,16,7.5,14.5],"rotation":270,"texture":"#8"},"east":{"uv":[10,16,9,14.5],"texture":"#8"},"south":{"uv":[9,16,7.5,14.5],"texture":"#8"},"west":{"uv":[9,14.5,7.5,13.5],"rotation":90,"texture":"#8"},"up":{"uv":[10,16,9,14.5],"rotation":270,"texture":"#8"},"down":{"uv":[9,14.5,7.5,13.5],"rotation":180,"texture":"#8"}}},{"from":[18.5,11.4,7],"to":[21.5,14.4,9],"rotation":{"angle":-45,"axis":"z","origin":[7.4,12,7.4]},"faces":{"north":{"uv":[7.5,16,9,14.5],"rotation":270,"texture":"#8"},"east":{"uv":[10,14.5,9,16],"texture":"#8"},"south":{"uv":[9,14.5,7.5,16],"texture":"#8"},"west":{"uv":[7.5,14.5,9,13.5],"rotation":90,"texture":"#8"},"up":{"uv":[9,13.5,7.5,14.5],"rotation":180,"texture":"#8"},"down":{"uv":[9,16,10,14.5],"rotation":270,"texture":"#8"}}},{"from":[10.25,-0.25,7.5],"to":[13.25,1.75,8.5],"rotation":{"angle":45,"axis":"z","origin":[14,0.75,8]},"faces":{"north":{"uv":[7,12,6,13.5],"rotation":90,"texture":"#3"},"east":{"uv":[7,11.5,6,12],"rotation":90,"texture":"#3"},"south":{"uv":[7,12,6,13.5],"rotation":270,"texture":"#3"},"west":{"uv":[7,11.5,6,12],"rotation":90,"texture":"#3"},"up":{"uv":[6,12,5.5,13.5],"rotation":270,"texture":"#3"},"down":{"uv":[6,12,5.5,13.5],"rotation":270,"texture":"#3"}}},{"from":[12.90835,0.36487,7.6],"to":[14.40835,1.36487,8.4],"rotation":{"angle":22.5,"axis":"z","origin":[14,0.75,8]},"faces":{"north":{"uv":[15.5,14.5,16,13.75],"rotation":90,"texture":"#8"},"east":{"uv":[15.5,13.75,16,13.25],"rotation":90,"texture":"#8"},"south":{"uv":[16,14.5,15.5,13.75],"rotation":270,"texture":"#8"},"west":{"uv":[15.5,13.75,16,13.25],"rotation":90,"texture":"#8"},"up":{"uv":[15,14.5,15.5,13.75],"rotation":270,"texture":"#8"},"down":{"uv":[15,14.5,15.5,13.75],"rotation":270,"texture":"#8"}}},{"from":[13.61487,-0.34165,7.6],"to":[14.61487,1.15835,8.4],"rotation":{"angle":-22.5,"axis":"z","origin":[14,0.75,8]},"faces":{"north":{"uv":[16,14.5,15.5,13.75],"rotation":180,"texture":"#8"},"east":{"uv":[15.5,14.5,15,13.75],"rotation":180,"texture":"#8"},"south":{"uv":[15.5,14.5,16,13.75],"rotation":180,"texture":"#8"},"west":{"uv":[15.5,14.5,15,13.75],"rotation":180,"texture":"#8"},"up":{"uv":[16,13.75,15.5,13.25],"texture":"#8"},"down":{"uv":[16,13.75,15.5,13.25],"texture":"#8"}}},{"from":[13.25,0.25,7.5],"to":[19.25,1.25,8.5],"rotation":{"angle":45,"axis":"z","origin":[14,0.75,8]},"faces":{"north":{"uv":[16,10.25,15.5,13.25],"rotation":90,"texture":"#8"},"east":{"uv":[16,9.75,15.5,10.25],"rotation":90,"texture":"#8"},"south":{"uv":[16,10.25,15.5,13.25],"rotation":270,"texture":"#8"},"west":{"uv":[15.5,9.75,15,10.25],"rotation":90,"texture":"#8"},"up":{"uv":[15.5,10.25,15,13.25],"rotation":270,"texture":"#8"},"down":{"uv":[15.5,10.25,15,13.25],"rotation":270,"texture":"#8"}}},{"from":[14.05,1.45,7.6],"to":[16.55,2.45,8.4],"rotation":{"angle":-45,"axis":"z","origin":[19.2,4.85,7.5]},"faces":{"north":{"uv":[4.25,7.375,3.75,6.125],"rotation":90,"texture":"#3"},"east":{"uv":[2.75,7.875,3.25,7.375],"rotation":270,"texture":"#3"},"south":{"uv":[3.75,7.375,4.25,6.125],"rotation":270,"texture":"#3"},"west":{"uv":[2.75,7.875,3.25,7.375],"rotation":270,"texture":"#3"},"up":{"uv":[3.25,7.375,3.75,6.125],"rotation":270,"texture":"#3"},"down":{"uv":[2.75,7.375,3.25,6.125],"rotation":270,"texture":"#3"}}},{"from":[14.95,4.35,7.5],"to":[18.45,5.35,8.5],"rotation":{"angle":0,"axis":"y","origin":[10.95,3.35,7.5]},"faces":{"north":{"uv":[5.75,7.875,5.25,6.125],"rotation":90,"texture":"#3"},"east":{"uv":[3.75,7.875,4.25,7.375],"rotation":270,"texture":"#3"},"south":{"uv":[5.25,7.875,5.75,6.125],"rotation":270,"texture":"#3"},"west":{"uv":[3.75,7.875,4.25,7.375],"rotation":270,"texture":"#3"},"up":{"uv":[4.75,7.875,5.25,6.125],"rotation":270,"texture":"#3"},"down":{"uv":[4.25,7.875,4.75,6.125],"rotation":270,"texture":"#3"}}},{"from":[18.15,4.65,7.6],"to":[20.65,5.65,8.4],"rotation":{"angle":45,"axis":"z","origin":[18.7,4.85,7.5]},"faces":{"north":{"uv":[5.625,5.5,5.125,4.25],"rotation":90,"texture":"#3"},"east":{"uv":[5.125,4.25,5.625,3.75],"rotation":270,"texture":"#3"},"south":{"uv":[5.125,5.5,5.625,4.25],"rotation":270,"texture":"#3"},"west":{"uv":[5.125,4.25,5.625,3.75],"rotation":270,"texture":"#3"},"up":{"uv":[6.125,5.5,6.625,4.25],"rotation":270,"texture":"#3"},"down":{"uv":[5.625,5.5,6.125,4.25],"rotation":270,"texture":"#3"}}},{"from":[14.05,13.45,7.6],"to":[16.55,14.45,8.4],"rotation":{"angle":45,"axis":"z","origin":[19.2,11.05,7.5]},"faces":{"north":{"uv":[3.75,7.375,4.25,6.125],"rotation":90,"texture":"#3"},"east":{"uv":[3.25,7.875,2.75,7.375],"rotation":270,"texture":"#3"},"south":{"uv":[4.25,7.375,3.75,6.125],"rotation":270,"texture":"#3"},"west":{"uv":[3.25,7.875,2.75,7.375],"rotation":270,"texture":"#3"},"up":{"uv":[3.25,7.375,2.75,6.125],"rotation":270,"texture":"#3"},"down":{"uv":[3.75,7.375,3.25,6.125],"rotation":270,"texture":"#3"}}},{"from":[14.95,10.55,7.5],"to":[18.45,11.55,8.5],"rotation":{"angle":0,"axis":"y","origin":[10.95,12.55,7.5]},"faces":{"north":{"uv":[5.25,7.875,5.75,6.125],"rotation":90,"texture":"#3"},"east":{"uv":[4.25,7.875,3.75,7.375],"rotation":270,"texture":"#3"},"south":{"uv":[5.75,7.875,5.25,6.125],"rotation":270,"texture":"#3"},"west":{"uv":[4.25,7.875,3.75,7.375],"rotation":270,"texture":"#3"},"up":{"uv":[4.75,7.875,4.25,6.125],"rotation":270,"texture":"#3"},"down":{"uv":[5.25,7.875,4.75,6.125],"rotation":270,"texture":"#3"}}},{"from":[18.15,10.25,7.6],"to":[20.65,11.25,8.4],"rotation":{"angle":-45,"axis":"z","origin":[18.7,11.05,7.5]},"faces":{"north":{"uv":[5.125,5.5,5.625,4.25],"rotation":90,"texture":"#3"},"east":{"uv":[5.625,4.25,5.125,3.75],"rotation":270,"texture":"#3"},"south":{"uv":[5.625,5.5,5.125,4.25],"rotation":270,"texture":"#3"},"west":{"uv":[5.625,4.25,5.125,3.75],"rotation":270,"texture":"#3"},"up":{"uv":[6.125,5.5,5.625,4.25],"rotation":270,"texture":"#3"},"down":{"uv":[6.625,5.5,6.125,4.25],"rotation":270,"texture":"#3"}}},{"from":[19.45,5.75,7.5],"to":[20.45,10.25,8.5],"rotation":{"angle":0,"axis":"y","origin":[18.7,11.25,7.5]},"faces":{"north":{"uv":[5.5,10.125,6,7.875],"texture":"#3"},"east":{"uv":[6.25,7.875,5.75,5.625],"texture":"#3"},"south":{"uv":[6,10.125,5.5,7.875],"texture":"#3"},"west":{"uv":[6.5,10.125,6,7.875],"texture":"#3"},"up":{"uv":[5.625,6,5.125,5.5],"texture":"#3"},"down":{"uv":[5.125,5.5,5.625,6],"texture":"#3"}}}],"display":{"thirdperson_righthand":{"rotation":[0,110,0],"translation":[1.75,-1.75,3.75],"scale":[0.7,0.7,0.7]},"thirdperson_lefthand":{"rotation":[0,-70,0],"translation":[0,3,1.75],"scale":[0.7,0.7,0.7]},"firstperson_righthand":{"rotation":[-167.94,74.86,171.51],"translation":[0.5,5,0.5],"scale":[0.5,0.5,0.5]},"firstperson_lefthand":{"rotation":[7.75,-73.56,2.44],"translation":[0.5,5,0.5],"scale":[0.5,0.5,0.5]},"ground":{"translation":[0,9.75,0],"scale":[0.5,0.5,0.5]},"gui":{"rotation":[0,-180,20],"translation":[1.5,-0.5,-2],"scale":[0.5,0.5,0.5]},"head":{"rotation":[-135.5,0,0],"translation":[0,20.5,4.75],"scale":[0.7,0.7,0.7]},"fixed":{"rotation":[1,180,-49],"translation":[0.25,-1,-2.25],"scale":[0.7,0.7,0.7]}},"groups":[{"name":"group","origin":[1.5,15.5,9.7],"color":0,"children":[0,1,2,3,4,5,6,7,8,9,10,11,12,13,14,15,16,17,18,19,20,21,22,23,24,25,26,27,28,29,30,31,32]}]}