{"credit":"Made with Blockbench","texture_size":[32,32],"textures":{"1":"item/easter/texture4","2":"item/easter/texture3","3":"item/easter/texture5","4":"item/easter/texture6","particle":"item/easter/texture1"},"elements":[{"from":[6,13.5,6],"to":[10,14,10],"rotation":{"angle":0,"axis":"y","origin":[8,0,8]},"faces":{"north":{"uv":[10,10.75,12,11],"texture":"#2"},"east":{"uv":[10,10.5,12,10.75],"texture":"#2"},"south":{"uv":[10,10.75,12,11],"texture":"#2"},"west":{"uv":[10,10.5,12,10.75],"texture":"#2"},"up":{"uv":[12,9,14,11],"texture":"#2"},"down":{"uv":[12,9,14,11],"texture":"#2"}}},{"from":[6.6,24,6.6],"to":[9.4,24.5,9.4],"rotation":{"angle":0,"axis":"y","origin":[8,6.9,8]},"faces":{"north":{"uv":[0,0,1.5,0.25],"texture":"#1"},"east":{"uv":[0,0,1.5,0.25],"texture":"#1"},"south":{"uv":[0,0,1.5,0.25],"texture":"#1"},"west":{"uv":[1.5,0.25,1.75,1.75],"rotation":90,"texture":"#1"},"up":{"uv":[0,0.25,1.5,1.75],"texture":"#1"},"down":{"uv":[0,0.25,1.5,1.75],"texture":"#1"}}},{"from":[5.9,23.5,5.9],"to":[10.1,24,10.1],"rotation":{"angle":0,"axis":"y","origin":[8,6.2,8]},"faces":{"north":{"uv":[2.75,5.75,4.75,6],"texture":"#1"},"east":{"uv":[4.75,3.75,5,5.75],"rotation":90,"texture":"#1"},"south":{"uv":[2.75,5.75,4.75,6],"texture":"#1"},"west":{"uv":[4.75,3.75,5,5.75],"rotation":90,"texture":"#1"},"up":{"uv":[2.75,3.75,4.75,5.75],"texture":"#1"},"down":{"uv":[2.75,3.75,4.75,5.75],"texture":"#1"}}},{"from":[5.2,22,5.2],"to":[10.8,23.5,10.8],"rotation":{"angle":0,"axis":"y","origin":[8,5.5,8]},"faces":{"north":{"uv":[11,7,12,11],"rotation":90,"texture":"#1"},"east":{"uv":[11,7,12,11],"rotation":90,"texture":"#1"},"south":{"uv":[11,7,12,11],"rotation":90,"texture":"#1"},"west":{"uv":[11,7,12,11],"rotation":90,"texture":"#1"},"up":{"uv":[12,7,16,11],"texture":"#1"},"down":{"uv":[12,7,16,11],"texture":"#1"}}},{"from":[4.5,20,4.5],"to":[11.5,22,11.5],"rotation":{"angle":0,"axis":"y","origin":[8,3.3,8]},"faces":{"north":{"uv":[6.25,1.75,9.75,2.75],"texture":"#1"},"east":{"uv":[6.25,1.75,9.75,2.75],"texture":"#1"},"south":{"uv":[6.25,1.75,9.75,2.75],"texture":"#1"},"west":{"uv":[6.25,1.75,9.75,2.75],"texture":"#1"},"up":{"uv":[12.5,0,16,3.5],"texture":"#1"},"down":{"uv":[0,0,3.5,3.5],"texture":"#3"}}},{"from":[4.5,18.5,11.4],"to":[11.5,20,11.4],"rotation":{"angle":0,"axis":"y","origin":[0,16,0]},"faces":{"north":{"uv":[0,4.25,3.5,3.5],"texture":"#3"},"east":{"uv":[0,1.25,0,0],"texture":"#3"},"south":{"uv":[3.5,4.25,0,3.5],"texture":"#3"},"west":{"uv":[0,1.25,0,0],"texture":"#3"},"up":{"uv":[0,0,3.5,0],"texture":"#3"},"down":{"uv":[0,0,3.5,0],"texture":"#3"}}},{"from":[11.5,18.5,4.5],"to":[11.5,20,11.5],"rotation":{"angle":0,"axis":"y","origin":[8,11.75,8]},"faces":{"north":{"uv":[0,1.25,0,0],"texture":"#3"},"east":{"uv":[0,4.25,3.5,3.5],"texture":"#3"},"south":{"uv":[0,1.25,0,0],"texture":"#3"},"west":{"uv":[3.5,4.25,0,3.5],"texture":"#3"},"up":{"uv":[3.5,0,0,0],"rotation":270,"texture":"#3"},"down":{"uv":[3.5,0,0,0],"rotation":90,"texture":"#3"}}},{"from":[4.5,18.5,4.5],"to":[4.5,20,11.5],"rotation":{"angle":0,"axis":"y","origin":[8,11.75,8]},"faces":{"north":{"uv":[0,1.25,0,0],"texture":"#3"},"east":{"uv":[0,4.25,3.5,3.5],"texture":"#3"},"south":{"uv":[0,1.25,0,0],"texture":"#3"},"west":{"uv":[3.5,4.25,0,3.5],"texture":"#3"},"up":{"uv":[3.5,0,0,0],"rotation":270,"texture":"#3"},"down":{"uv":[3.5,0,0,0],"rotation":90,"texture":"#3"}}},{"from":[4.5,18.5,4.5],"to":[11.5,20,4.5],"rotation":{"angle":0,"axis":"y","origin":[0,16,0]},"faces":{"north":{"uv":[0,4.25,3.5,3.5],"texture":"#3"},"east":{"uv":[0,1.25,0,0],"texture":"#3"},"south":{"uv":[3.5,4.25,0,3.5],"texture":"#3"},"west":{"uv":[0,1.25,0,0],"texture":"#3"},"up":{"uv":[0,0,3.5,0],"texture":"#3"},"down":{"uv":[0,0,3.5,0],"texture":"#3"}}},{"from":[4.5,16.5,4.5],"to":[11.5,18,4.5],"faces":{"north":{"uv":[0,3.5,3.5,4.25],"texture":"#3"},"east":{"uv":[0,0,0,1.25],"texture":"#3"},"south":{"uv":[3.5,3.5,0,4.25],"texture":"#3"},"west":{"uv":[0,0,0,1.25],"texture":"#3"},"up":{"uv":[0,0,3.5,0],"texture":"#3"},"down":{"uv":[0,0,3.5,0],"texture":"#3"}}},{"from":[4.5,16.5,4.5],"to":[4.5,18,11.5],"rotation":{"angle":0,"axis":"y","origin":[8,4.25,8]},"faces":{"north":{"uv":[0,0,0,1.25],"texture":"#3"},"east":{"uv":[0,3.5,3.5,4.25],"texture":"#3"},"south":{"uv":[0,0,0,1.25],"texture":"#3"},"west":{"uv":[3.5,3.5,0,4.25],"texture":"#3"},"up":{"uv":[0,0,3.5,0],"rotation":90,"texture":"#3"},"down":{"uv":[0,0,3.5,0],"rotation":270,"texture":"#3"}}},{"from":[11.5,16.5,4.5],"to":[11.5,18,11.5],"rotation":{"angle":0,"axis":"y","origin":[8,4.25,8]},"faces":{"north":{"uv":[0,0,0,1.25],"texture":"#3"},"east":{"uv":[0,3.5,3.5,4.25],"texture":"#3"},"south":{"uv":[0,0,0,1.25],"texture":"#3"},"west":{"uv":[3.5,3.5,0,4.25],"texture":"#3"},"up":{"uv":[0,0,3.5,0],"rotation":90,"texture":"#3"},"down":{"uv":[0,0,3.5,0],"rotation":270,"texture":"#3"}}},{"from":[4.5,16.5,11.4],"to":[11.5,18,11.4],"faces":{"north":{"uv":[0,3.5,3.5,4.25],"texture":"#3"},"east":{"uv":[0,0,0,1.25],"texture":"#3"},"south":{"uv":[3.5,3.5,0,4.25],"texture":"#3"},"west":{"uv":[0,0,0,1.25],"texture":"#3"},"up":{"uv":[0,0,3.5,0],"texture":"#3"},"down":{"uv":[0,0,3.5,0],"texture":"#3"}}},{"from":[5.2,14,5.2],"to":[10.8,14.5,10.8],"rotation":{"angle":0,"axis":"y","origin":[8,0.7,8]},"faces":{"north":{"uv":[14.75,6,15,8.75],"rotation":90,"texture":"#2"},"east":{"uv":[12,8.75,14.75,9],"texture":"#2"},"south":{"uv":[14.75,6,15,8.75],"rotation":90,"texture":"#2"},"west":{"uv":[12,8.75,14.75,9],"texture":"#2"},"up":{"uv":[12,6,14.75,8.75],"texture":"#2"},"down":{"uv":[12,6,14.75,8.75],"texture":"#2"}}},{"from":[4.5,14.5,4.5],"to":[11.5,16.5,11.5],"rotation":{"angle":0,"axis":"y","origin":[8,1.5,8]},"faces":{"north":{"uv":[6.25,2.75,9.75,3.75],"texture":"#1"},"east":{"uv":[6.25,2.75,9.75,3.75],"texture":"#1"},"south":{"uv":[6.25,2.75,9.75,3.75],"texture":"#1"},"west":{"uv":[6.25,2.75,9.75,3.75],"texture":"#1"},"up":{"uv":[0,0,3.5,3.5],"texture":"#3"},"down":{"uv":[12.5,3.5,16,7],"texture":"#1"}}},{"from":[5.2,5.5,5.2],"to":[10.8,7,10.8],"rotation":{"angle":0,"axis":"y","origin":[8,5.5,8]},"faces":{"north":{"uv":[11,7,12,11],"rotation":90,"texture":"#1"},"east":{"uv":[11,7,12,11],"rotation":90,"texture":"#1"},"south":{"uv":[11,7,12,11],"rotation":90,"texture":"#1"},"west":{"uv":[11,7,12,11],"rotation":90,"texture":"#1"},"up":{"uv":[12,7,16,11],"texture":"#1"},"down":{"uv":[12,7,16,11],"texture":"#1"}}},{"from":[5.9,7,5.9],"to":[10.1,7.5,10.1],"rotation":{"angle":0,"axis":"y","origin":[8,6.2,8]},"faces":{"north":{"uv":[2.75,5.875,4.85,6.125],"texture":"#1"},"east":{"uv":[4.875,3.75,5.125,5.85],"rotation":90,"texture":"#1"},"south":{"uv":[2.75,5.875,4.85,6.125],"texture":"#1"},"west":{"uv":[4.875,3.75,5.125,5.85],"rotation":90,"texture":"#1"},"up":{"uv":[2.75,3.75,4.85,5.85],"texture":"#1"},"down":{"uv":[2.75,3.75,4.85,5.85],"texture":"#1"}}},{"from":[6.6,7.5,6.6],"to":[9.4,8,9.4],"rotation":{"angle":0,"axis":"y","origin":[8,6.9,8]},"faces":{"north":{"uv":[0,0,1.5,0.25],"texture":"#1"},"east":{"uv":[0,0,1.5,0.25],"texture":"#1"},"south":{"uv":[0,0,1.5,0.25],"texture":"#1"},"west":{"uv":[1.5,0.25,1.75,1.75],"rotation":90,"texture":"#1"},"up":{"uv":[0,0.25,1.5,1.75],"texture":"#1"},"down":{"uv":[0,0.25,1.5,1.75],"texture":"#1"}}},{"from":[8,14,7],"to":[10,20,9],"rotation":{"angle":0,"axis":"y","origin":[8,-0.3,8]},"faces":{"north":{"uv":[15,5,16,8],"rotation":180,"texture":"#3"},"east":{"uv":[14,5,15,8],"rotation":180,"texture":"#3"},"south":{"uv":[16,5,15,8],"rotation":180,"texture":"#3"},"west":{"uv":[14,5,15,8],"rotation":180,"texture":"#3"},"up":{"uv":[15,4,16,5],"rotation":180,"texture":"#3"},"down":{"uv":[15,4,16,5],"rotation":180,"texture":"#3"}}},{"from":[6,14,7],"to":[8,20,9],"rotation":{"angle":0,"axis":"y","origin":[8,-0.3,8]},"faces":{"north":{"uv":[16,5,15,8],"rotation":180,"texture":"#3"},"east":{"uv":[15,5,14,8],"rotation":180,"texture":"#3"},"south":{"uv":[15,5,16,8],"rotation":180,"texture":"#3"},"west":{"uv":[15,5,14,8],"rotation":180,"texture":"#3"},"up":{"uv":[16,4,15,5],"rotation":180,"texture":"#3"},"down":{"uv":[16,4,15,5],"rotation":180,"texture":"#3"}}},{"from":[4.5,3.5,4.5],"to":[11.5,5.5,11.5],"rotation":{"angle":0,"axis":"y","origin":[8,3.3,8]},"faces":{"north":{"uv":[6.25,1.75,9.75,2.75],"texture":"#1"},"east":{"uv":[6.25,1.75,9.75,2.75],"texture":"#1"},"south":{"uv":[6.25,1.75,9.75,2.75],"texture":"#1"},"west":{"uv":[6.25,1.75,9.75,2.75],"texture":"#1"},"up":{"uv":[12.5,0,16,3.5],"texture":"#1"},"down":{"uv":[12.5,0,16,3.5],"texture":"#1"}}},{"from":[5,13.5,5],"to":[11,14.5,11],"rotation":{"angle":0,"axis":"y","origin":[0,16,0]},"faces":{"north":{"uv":[3.5,0.5,6.5,0],"texture":"#3"},"east":{"uv":[7,0.5,6.5,3.5],"rotation":90,"texture":"#3"},"south":{"uv":[3.5,0.5,6.5,0],"texture":"#3"},"west":{"uv":[7,0.5,6.5,3.5],"rotation":90,"texture":"#3"},"up":{"uv":[3.5,3.5,6.5,0.5],"texture":"#3"},"down":{"uv":[3.5,3.5,6.5,0.5],"texture":"#3"}}},{"from":[5.5,11.5,5.5],"to":[10.5,13.5,10.5],"rotation":{"angle":0,"axis":"y","origin":[0,16,0]},"faces":{"north":{"uv":[7.125,1,9.625,0],"texture":"#3"},"east":{"uv":[10.625,1,9.625,3.5],"rotation":90,"texture":"#3"},"south":{"uv":[7.125,1,9.625,0],"texture":"#3"},"west":{"uv":[10.625,1,9.625,3.5],"rotation":90,"texture":"#3"},"up":{"uv":[7.125,3.5,9.625,1],"texture":"#3"},"down":{"uv":[7.125,3.5,9.625,1],"texture":"#3"}}},{"from":[6,9.5,6],"to":[10,11.5,10],"rotation":{"angle":0,"axis":"y","origin":[0,16,0]},"faces":{"north":{"uv":[10.625,1,12.625,0],"texture":"#3"},"east":{"uv":[13.625,1,12.625,3],"rotation":90,"texture":"#3"},"south":{"uv":[10.625,1,12.625,0],"texture":"#3"},"west":{"uv":[13.625,1,12.625,3],"rotation":90,"texture":"#3"},"up":{"uv":[10.625,3,12.625,1],"texture":"#3"},"down":{"uv":[10.625,3,12.625,1],"texture":"#3"}}},{"from":[6.5,7.5,6.5],"to":[9.5,9.5,9.5],"rotation":{"angle":0,"axis":"y","origin":[0,16,0]},"faces":{"north":{"uv":[14.5,1,16,0],"texture":"#3"},"east":{"uv":[16,2.5,15,4],"rotation":90,"texture":"#3"},"south":{"uv":[14.5,1,16,0],"texture":"#3"},"west":{"uv":[16,2.5,15,4],"rotation":90,"texture":"#3"},"up":{"uv":[14.5,2.5,16,1],"texture":"#3"},"down":{"uv":[14.5,2.5,16,1],"texture":"#3"}}},{"from":[10,17.5,7.5],"to":[15,20,8.5],"faces":{"north":{"uv":[10.5,14.75,8,16],"texture":"#4"},"east":{"uv":[10.5,14.75,11,16],"texture":"#4"},"south":{"uv":[8,14.75,10.5,16],"texture":"#4"},"west":{"uv":[10.5,14.75,11,16],"texture":"#4"},"up":{"uv":[8,14.25,10.5,14.75],"texture":"#4"},"down":{"uv":[8,14.25,10.5,14.75],"texture":"#4"}}},{"from":[10,16.5,7.5],"to":[14,17.5,8.5],"faces":{"north":{"uv":[7.5,6.5,8,4.5],"rotation":90,"texture":"#4"},"east":{"uv":[6.5,6,7,6.5],"texture":"#4"},"south":{"uv":[7.5,4.5,8,6.5],"rotation":90,"texture":"#4"},"west":{"uv":[6.5,6,7,6.5],"texture":"#4"},"up":{"uv":[0,9.5,2,10],"texture":"#4"},"down":{"uv":[4.5,10,6.5,10.5],"texture":"#4"}}},{"from":[7,5.5,7],"to":[9,7.5,9],"rotation":{"angle":0,"axis":"y","origin":[0,16,0]},"faces":{"north":{"uv":[12.625,1,13.625,0],"texture":"#3"},"east":{"uv":[14,3.5,15,2.5],"texture":"#3"},"south":{"uv":[12.625,1,13.625,0],"texture":"#3"},"west":{"uv":[14,3.5,15,2.5],"texture":"#3"},"up":{"uv":[9.625,1,10.625,0],"texture":"#3"},"down":{"uv":[9.625,1,10.625,0],"texture":"#3"}}}],"display":{"thirdperson_righthand":{"rotation":[0,110,0],"translation":[0,0.75,1.75],"scale":[0.5,0.5,0.5]},"thirdperson_lefthand":{"rotation":[180,-110,180],"translation":[0,3.25,1.75],"scale":[0.7,0.7,0.7]},"firstperson_righthand":{"rotation":[-175.56,80,170],"translation":[0.5,1,2.25],"scale":[0.5,0.5,0.5]},"firstperson_lefthand":{"rotation":[-177.85,-68.75,-172.39],"translation":[0.5,5.5,2.25],"scale":[0.5,0.5,0.5]},"ground":{"translation":[0,9.75,0],"scale":[0.5,0.5,0.5]},"gui":{"rotation":[0,0,-45],"translation":[-0.75,-0.5,-2],"scale":[0.34,0.34,0.5]},"head":{"rotation":[-135.5,0,0],"translation":[0,20.5,4.75],"scale":[0.7,0.7,0.7]},"fixed":{"rotation":[-179.03,0.22,143],"translation":[2,1.5,-2.25],"scale":[0.7,0.7,0.7]}},"groups":[{"name":"group","origin":[0,0,0],"color":0,"children":[0,1,2,3,4,5,6,7,8,9,10,11,12,13,14,15,16,17,18,19,20,21,22,23,24,25,26]},27]}