{"credit":"Made with Blockbench","texture_size":[32,32],"textures":{"0":"item/easter/texture4","1":"item/easter/texture9","2":"item/easter/circle","particle":"item/easter/texture4"},"elements":[{"from":[7.2,15.1,7],"to":[9.7,16.6,8],"rotation":{"angle":22.5,"axis":"z","origin":[8.5,15.75,7.4]},"faces":{"north":{"uv":[8.375,8.125,9.625,8.875],"texture":"#1"},"east":{"uv":[8.75,10.5,9.25,11.25],"texture":"#1"},"south":{"uv":[9.625,8.125,8.375,8.875],"texture":"#1"},"west":{"uv":[8.75,10.5,9.25,11.25],"texture":"#1"},"up":{"uv":[8.375,8.875,9.625,9.375],"texture":"#1"},"down":{"uv":[8.375,8.875,9.625,9.375],"texture":"#1"}}},{"from":[6.9,-0.5,6.4],"to":[7.9,2.5,8.4],"rotation":{"angle":0,"axis":"y","origin":[7.4,5,6.9]},"faces":{"north":{"uv":[6,12,5.5,13.5],"texture":"#0"},"east":{"uv":[7,12,6,13.5],"texture":"#0"},"south":{"uv":[6,12,5.5,13.5],"texture":"#0"},"west":{"uv":[7,12,6,13.5],"texture":"#0"},"up":{"uv":[7,11.5,6,12],"rotation":270,"texture":"#0"},"down":{"uv":[7,11.5,6,12],"rotation":90,"texture":"#0"}}},{"from":[6.9,-6.5,6.9],"to":[7.9,-0.5,7.9],"rotation":{"angle":0,"axis":"y","origin":[7.4,2,6.4]},"faces":{"north":{"uv":[15.5,10.25,15,13.25],"texture":"#1"},"east":{"uv":[16,10.25,15.5,13.25],"texture":"#1"},"south":{"uv":[15.5,10.25,15,13.25],"texture":"#1"},"west":{"uv":[16,10.25,15.5,13.25],"texture":"#1"},"up":{"uv":[15.5,9.75,15,10.25],"rotation":270,"texture":"#1"},"down":{"uv":[16,9.75,15.5,10.25],"rotation":90,"texture":"#1"}}},{"from":[7.1,2,7],"to":[7.7,16,8],"rotation":{"angle":0,"axis":"y","origin":[9,4,15.4]},"faces":{"north":{"uv":[16.05,0,15.75,7],"texture":"#1"},"east":{"uv":[15.75,0,15.25,7],"texture":"#1"},"south":{"uv":[15,0,15.3,7],"texture":"#1"},"west":{"uv":[15.25,0,15.75,7],"texture":"#1"},"up":{"uv":[15.25,9.5,15.75,9.75],"rotation":90,"texture":"#1"},"down":{"uv":[15.25,9.5,15.75,9.75],"rotation":270,"texture":"#1"}}},{"from":[7,-1.9,6.2],"to":[7.8,-0.4,7.2],"rotation":{"angle":-22.5,"axis":"x","origin":[7.4,0.1,6.5]},"faces":{"north":{"uv":[15.5,14.5,15,13.75],"texture":"#1"},"east":{"uv":[16,14.5,15.5,13.75],"texture":"#1"},"south":{"uv":[15.5,14.5,15,13.75],"texture":"#1"},"west":{"uv":[15.5,14.5,16,13.75],"texture":"#1"},"up":{"uv":[16,13.75,15.5,13.25],"rotation":270,"texture":"#1"},"down":{"uv":[16,13.75,15.5,13.25],"rotation":90,"texture":"#1"}}},{"from":[7,-1.9,7.6],"to":[7.8,-0.4,8.6],"rotation":{"angle":22.5,"axis":"x","origin":[7.4,0.1,8.3]},"faces":{"north":{"uv":[15,14.5,15.5,13.75],"texture":"#1"},"east":{"uv":[15.5,14.5,16,13.75],"texture":"#1"},"south":{"uv":[15,14.5,15.5,13.75],"texture":"#1"},"west":{"uv":[16,14.5,15.5,13.75],"texture":"#1"},"up":{"uv":[15.5,13.75,16,13.25],"rotation":270,"texture":"#1"},"down":{"uv":[15.5,13.75,16,13.25],"rotation":90,"texture":"#1"}}},{"from":[6.4,4.5,-0.1],"to":[8.4,7.5,2.9],"rotation":{"angle":-45,"axis":"x","origin":[7.4,12,7.4]},"faces":{"north":{"uv":[10,14.5,9,16],"texture":"#1"},"east":{"uv":[9,14.5,7.5,16],"texture":"#1"},"south":{"uv":[7.5,14.5,9,13.5],"rotation":90,"texture":"#1"},"west":{"uv":[7.5,16,9,14.5],"rotation":270,"texture":"#1"},"up":{"uv":[9,13.5,7.5,14.5],"rotation":90,"texture":"#1"},"down":{"uv":[9,16,10,14.5],"texture":"#1"}}},{"from":[7.3,4,6.4],"to":[7.3,11,12.4],"rotation":{"angle":0,"axis":"y","origin":[15.4,19,-0.6]},"faces":{"north":{"uv":[0,3.5,0,0],"texture":"#1"},"east":{"uv":[12,3.5,15,0],"texture":"#1"},"south":{"uv":[0,3.5,0,0],"texture":"#1"},"west":{"uv":[15,3.5,12,0],"texture":"#1"},"up":{"uv":[0,0,3,0],"rotation":270,"texture":"#1"},"down":{"uv":[0,0,3,0],"rotation":90,"texture":"#1"}}},{"from":[6.8,5,6],"to":[6.8,13,9],"rotation":{"angle":0,"axis":"y","origin":[6.8,8,7.4]},"faces":{"north":{"uv":[0,0,0,3],"texture":"#0"},"east":{"uv":[9.25,0,5.25,1.5],"rotation":270,"texture":"#0"},"south":{"uv":[0,0,0,3],"texture":"#0"},"west":{"uv":[9.25,1.5,5.25,0],"rotation":270,"texture":"#0"},"up":{"uv":[1.5,0,0,0],"rotation":90,"texture":"#0"},"down":{"uv":[1.5,0,0,0],"rotation":270,"texture":"#0"}}},{"from":[8,4,4],"to":[8,11,11],"rotation":{"angle":0,"axis":"y","origin":[15.4,7,-0.6]},"faces":{"north":{"uv":[0.5,0.25,0.5,7.25],"texture":"#2"},"east":{"uv":[0.5,0.25,7.5,7.25],"texture":"#2"},"south":{"uv":[0.5,0.25,0.5,7.25],"texture":"#2"},"west":{"uv":[0.5,0.25,7.5,7.25],"texture":"#2"},"up":{"uv":[0.5,0.25,7.5,0.25],"rotation":90,"texture":"#2"},"down":{"uv":[0.5,0.25,7.5,0.25],"rotation":270,"texture":"#2"}}},{"from":[7,14.5,6],"to":[8,16.5,9],"rotation":{"angle":0,"axis":"y","origin":[0,3,0]},"faces":{"north":{"uv":[8.25,10.5,8.75,11.5],"texture":"#1"},"east":{"uv":[7.75,12,9.25,13],"texture":"#1"},"south":{"uv":[8.25,10.5,8.75,11.5],"texture":"#1"},"west":{"uv":[7.75,9.5,9.25,10.5],"texture":"#1"},"up":{"uv":[7.75,10.5,8.25,12],"texture":"#1"},"down":{"uv":[7.75,10.5,8.25,12],"texture":"#1"}}},{"from":[7,16.5,5.5],"to":[12,17,9.5],"rotation":{"angle":0,"axis":"y","origin":[0,3,0]},"faces":{"north":{"uv":[12.5,13.75,15,14],"texture":"#1"},"east":{"uv":[5.625,0,5.875,2],"rotation":90,"texture":"#1"},"south":{"uv":[15,13.75,12.5,14],"texture":"#1"},"west":{"uv":[5.625,0,5.875,2],"rotation":90,"texture":"#1"},"up":{"uv":[12.5,14,15,16],"texture":"#1"},"down":{"uv":[5.875,0,8.375,2],"texture":"#1"}}},{"from":[11.9,16.5,5.6],"to":[13.9,17,9.4],"rotation":{"angle":-22.5,"axis":"z","origin":[12,16.75,7.5]},"faces":{"north":{"uv":[4.25,13,5.25,13.25],"texture":"#1"},"east":{"uv":[4.625,2,4.875,4],"rotation":90,"texture":"#1"},"south":{"uv":[5.25,13,4.25,13.25],"texture":"#1"},"west":{"uv":[4.625,2,4.875,4],"rotation":90,"texture":"#1"},"up":{"uv":[13,7.125,15,8.125],"rotation":90,"texture":"#1"},"down":{"uv":[4.625,0,5.625,2],"texture":"#1"}}},{"from":[7.3,4,2.6],"to":[7.3,11,8.6],"rotation":{"angle":0,"axis":"y","origin":[15.4,19,16.6]},"faces":{"north":{"uv":[0,3.5,0,0],"texture":"#1"},"east":{"uv":[15,3.5,12,0],"texture":"#1"},"south":{"uv":[0,3.5,0,0],"texture":"#1"},"west":{"uv":[12,3.5,15,0],"texture":"#1"},"up":{"uv":[3,0,0,0],"rotation":270,"texture":"#1"},"down":{"uv":[3,0,0,0],"rotation":90,"texture":"#1"}}},{"from":[7.2,17,5.7],"to":[10.7,17,9.2],"rotation":{"angle":0,"axis":"y","origin":[0.4,3,15.4]},"faces":{"north":{"uv":[0,0,0,2],"rotation":90,"texture":"#1"},"east":{"uv":[2,0,0,0],"rotation":180,"texture":"#1"},"south":{"uv":[0,0,0,2],"rotation":270,"texture":"#1"},"west":{"uv":[2,0,0,0],"texture":"#1"},"up":{"uv":[10,13.75,12.25,16],"rotation":270,"texture":"#1"},"down":{"uv":[10,13.75,12.25,16],"rotation":270,"texture":"#1"}}},{"from":[6.4,-7.5,5.4],"to":[8.4,-5.5,7.4],"rotation":{"angle":45,"axis":"x","origin":[7.4,-7.5,7.4]},"faces":{"north":{"uv":[2.25,13.375,3.25,12.375],"rotation":270,"texture":"#1"},"east":{"uv":[3.25,13.375,4.25,12.375],"rotation":270,"texture":"#1"},"south":{"uv":[2.25,12.375,1.25,13.375],"texture":"#1"},"west":{"uv":[4.25,12.375,3.25,13.375],"texture":"#1"},"up":{"uv":[3.25,12.375,2.25,13.375],"rotation":90,"texture":"#1"},"down":{"uv":[1.25,13.375,2.25,12.375],"texture":"#1"}}}],"display":{"thirdperson_righthand":{"rotation":[0,110,0],"translation":[0,4.5,2.25],"scale":[0.7,0.7,0.7]},"thirdperson_lefthand":{"rotation":[180,-110,180],"translation":[0,3.25,1.75],"scale":[0.7,0.7,0.7]},"firstperson_righthand":{"rotation":[-175.56,80,170],"translation":[0.5,5.5,0.5],"scale":[0.5,0.5,0.5]},"firstperson_lefthand":{"rotation":[-175.56,-80,-170],"translation":[0.5,5,0.5],"scale":[0.5,0.5,0.5]},"ground":{"translation":[0,9.75,0],"scale":[0.5,0.5,0.5]},"gui":{"rotation":[-55,-40,-70],"translation":[0.75,1.25,-2],"scale":[0.7,0.7,0.7]},"head":{"rotation":[-135.5,0,0],"translation":[0,20.5,4.75],"scale":[0.7,0.7,0.7]},"fixed":{"rotation":[-179.03,0.22,143],"translation":[2,1.5,-2.25],"scale":[0.7,0.7,0.7]}},"groups":[{"name":"group","origin":[7,-8,8],"color":0,"children":[0,1,2,3,4,5,6,7,8,9,10,11,12,13,14,15]}]}