{"credit":"Made with Blockbench","texture_size":[32,32],"textures":{"0":"item/easter/texture4","1":"item/easter/texture9","2":"item/easter/circle","particle":"item/easter/texture4"},"elements":[{"from":[6.9,-0.5,6.4],"to":[7.9,2.5,8.4],"rotation":{"angle":0,"axis":"y","origin":[7.4,5,6.9]},"faces":{"north":{"uv":[6,12,5.5,13.5],"texture":"#0"},"east":{"uv":[7,12,6,13.5],"texture":"#0"},"south":{"uv":[6,12,5.5,13.5],"texture":"#0"},"west":{"uv":[7,12,6,13.5],"texture":"#0"},"up":{"uv":[7,11.5,6,12],"rotation":270,"texture":"#0"},"down":{"uv":[7,11.5,6,12],"rotation":90,"texture":"#0"}}},{"from":[6.9,-6.5,6.9],"to":[7.9,-0.5,7.9],"rotation":{"angle":0,"axis":"y","origin":[7.4,2,6.4]},"faces":{"north":{"uv":[15.5,10.25,15,13.25],"texture":"#1"},"east":{"uv":[16,10.25,15.5,13.25],"texture":"#1"},"south":{"uv":[15.5,10.25,15,13.25],"texture":"#1"},"west":{"uv":[16,10.25,15.5,13.25],"texture":"#1"},"up":{"uv":[15.5,9.75,15,10.25],"rotation":270,"texture":"#1"},"down":{"uv":[16,9.75,15.5,10.25],"rotation":90,"texture":"#1"}}},{"from":[6.9,15,5.2],"to":[7.9,16,9.7],"rotation":{"angle":0,"axis":"y","origin":[7.9,10.25,10.7]},"faces":{"north":{"uv":[5.625,5.5,5.125,6],"rotation":90,"texture":"#0"},"east":{"uv":[6,10.125,5.5,7.875],"rotation":270,"texture":"#0"},"south":{"uv":[5.125,6,5.625,5.5],"rotation":90,"texture":"#0"},"west":{"uv":[5.5,10.125,6,7.875],"rotation":90,"texture":"#0"},"up":{"uv":[5.75,7.875,6.25,5.625],"rotation":180,"texture":"#0"},"down":{"uv":[6,10.125,6.5,7.875],"texture":"#0"}}},{"from":[7,-1.9,6.2],"to":[7.8,-0.4,7.2],"rotation":{"angle":-22.5,"axis":"x","origin":[7.4,0.1,6.5]},"faces":{"north":{"uv":[15.5,14.5,15,13.75],"texture":"#1"},"east":{"uv":[16,14.5,15.5,13.75],"texture":"#1"},"south":{"uv":[15.5,14.5,15,13.75],"texture":"#1"},"west":{"uv":[15.5,14.5,16,13.75],"texture":"#1"},"up":{"uv":[16,13.75,15.5,13.25],"rotation":270,"texture":"#1"},"down":{"uv":[16,13.75,15.5,13.25],"rotation":90,"texture":"#1"}}},{"from":[7,-1.9,7.6],"to":[7.8,-0.4,8.6],"rotation":{"angle":22.5,"axis":"x","origin":[7.4,0.1,8.3]},"faces":{"north":{"uv":[15,14.5,15.5,13.75],"texture":"#1"},"east":{"uv":[15.5,14.5,16,13.75],"texture":"#1"},"south":{"uv":[15,14.5,15.5,13.75],"texture":"#1"},"west":{"uv":[16,14.5,15.5,13.75],"texture":"#1"},"up":{"uv":[15.5,13.75,16,13.25],"rotation":270,"texture":"#1"},"down":{"uv":[15.5,13.75,16,13.25],"rotation":90,"texture":"#1"}}},{"from":[7,13.7,4.1],"to":[7.8,16.2,5.1],"rotation":{"angle":45,"axis":"x","origin":[7.9,14.25,4.3]},"faces":{"north":{"uv":[5.625,4.25,6.125,5.5],"texture":"#0"},"east":{"uv":[5.625,4.25,5.125,5.5],"texture":"#0"},"south":{"uv":[6.125,4.25,6.625,5.5],"texture":"#0"},"west":{"uv":[5.125,4.25,5.625,5.5],"texture":"#0"},"up":{"uv":[5.125,3.75,5.625,4.25],"rotation":90,"texture":"#0"},"down":{"uv":[5.125,3.75,5.625,4.25],"rotation":270,"texture":"#0"}}},{"from":[6.9,10.5,3.8],"to":[7.9,14,4.8],"rotation":{"angle":0,"axis":"y","origin":[7.9,6.5,2.8]},"faces":{"north":{"uv":[4.25,6.125,4.75,7.875],"texture":"#0"},"east":{"uv":[5.75,6.125,5.25,7.875],"texture":"#0"},"south":{"uv":[4.75,6.125,5.25,7.875],"texture":"#0"},"west":{"uv":[5.25,6.125,5.75,7.875],"texture":"#0"},"up":{"uv":[3.75,7.375,4.25,7.875],"rotation":90,"texture":"#0"},"down":{"uv":[3.75,7.375,4.25,7.875],"rotation":270,"texture":"#0"}}},{"from":[7,9.6,0.9],"to":[7.8,12.1,1.9],"rotation":{"angle":-45,"axis":"x","origin":[7.9,14.75,4.3]},"faces":{"north":{"uv":[2.75,6.125,3.25,7.375],"texture":"#0"},"east":{"uv":[4.25,6.125,3.75,7.375],"texture":"#0"},"south":{"uv":[3.25,6.125,3.75,7.375],"texture":"#0"},"west":{"uv":[3.75,6.125,4.25,7.375],"texture":"#0"},"up":{"uv":[2.75,7.375,3.25,7.875],"rotation":90,"texture":"#0"},"down":{"uv":[2.75,7.375,3.25,7.875],"rotation":270,"texture":"#0"}}},{"from":[7,9.6,12.9],"to":[7.8,12.1,13.9],"rotation":{"angle":45,"axis":"x","origin":[7.9,14.75,10.5]},"faces":{"north":{"uv":[3.75,6.125,3.25,7.375],"texture":"#0"},"east":{"uv":[3.75,6.125,4.25,7.375],"texture":"#0"},"south":{"uv":[3.25,6.125,2.75,7.375],"texture":"#0"},"west":{"uv":[4.25,6.125,3.75,7.375],"texture":"#0"},"up":{"uv":[3.25,7.375,2.75,7.875],"rotation":90,"texture":"#0"},"down":{"uv":[3.25,7.375,2.75,7.875],"rotation":270,"texture":"#0"}}},{"from":[6.9,10.5,10],"to":[7.9,14,11],"rotation":{"angle":0,"axis":"y","origin":[7.9,6.5,12]},"faces":{"north":{"uv":[5.25,6.125,4.75,7.875],"texture":"#0"},"east":{"uv":[5.25,6.125,5.75,7.875],"texture":"#0"},"south":{"uv":[4.75,6.125,4.25,7.875],"texture":"#0"},"west":{"uv":[5.75,6.125,5.25,7.875],"texture":"#0"},"up":{"uv":[4.25,7.375,3.75,7.875],"rotation":90,"texture":"#0"},"down":{"uv":[4.25,7.375,3.75,7.875],"rotation":270,"texture":"#0"}}},{"from":[7,13.7,9.7],"to":[7.8,16.2,10.7],"rotation":{"angle":-45,"axis":"x","origin":[7.9,14.25,10.5]},"faces":{"north":{"uv":[6.625,4.25,6.125,5.5],"texture":"#0"},"east":{"uv":[5.125,4.25,5.625,5.5],"texture":"#0"},"south":{"uv":[6.125,4.25,5.625,5.5],"texture":"#0"},"west":{"uv":[5.625,4.25,5.125,5.5],"texture":"#0"},"up":{"uv":[5.625,3.75,5.125,4.25],"rotation":90,"texture":"#0"},"down":{"uv":[5.625,3.75,5.125,4.25],"rotation":270,"texture":"#0"}}},{"from":[6.8,10,6],"to":[6.8,18,9],"rotation":{"angle":0,"axis":"y","origin":[6.8,10,7.4]},"faces":{"north":{"uv":[0,0,0,3],"texture":"#0"},"east":{"uv":[9.25,0,5.25,1.5],"rotation":270,"texture":"#0"},"south":{"uv":[0,0,0,3],"texture":"#0"},"west":{"uv":[9.25,1.5,5.25,0],"rotation":270,"texture":"#0"},"up":{"uv":[1.5,0,0,0],"rotation":90,"texture":"#0"},"down":{"uv":[1.5,0,0,0],"rotation":270,"texture":"#0"}}},{"from":[8.25,16,9.05],"to":[10.75,22,9.05],"rotation":{"angle":0,"axis":"y","origin":[6.8,18.2,-9.45]},"faces":{"north":{"uv":[9.5,4,10.75,7],"texture":"#0"},"east":{"uv":[8.75,2.75,8.75,5.75],"texture":"#0"},"south":{"uv":[10.75,4,9.5,7],"texture":"#0"},"west":{"uv":[8.75,2.75,8.75,5.75],"texture":"#0"},"up":{"uv":[8.75,2.75,12.25,2.75],"rotation":180,"texture":"#0"},"down":{"uv":[8.75,2.75,12.25,2.75],"rotation":180,"texture":"#0"}}},{"from":[8.25,16,5.95],"to":[10.75,22,5.95],"rotation":{"angle":0,"axis":"y","origin":[6.8,18.2,25.45]},"faces":{"north":{"uv":[9.5,4,10.75,7],"texture":"#0"},"east":{"uv":[8.75,2.75,8.75,5.75],"texture":"#0"},"south":{"uv":[10.75,4,9.5,7],"texture":"#0"},"west":{"uv":[8.75,2.75,8.75,5.75],"texture":"#0"},"up":{"uv":[8.75,2.75,12.25,2.75],"rotation":180,"texture":"#0"},"down":{"uv":[8.75,2.75,12.25,2.75],"rotation":180,"texture":"#0"}}},{"from":[6.4,9.5,-0.1],"to":[8.4,12.5,2.9],"rotation":{"angle":-45,"axis":"x","origin":[7.4,17,7.4]},"faces":{"north":{"uv":[10,14.5,9,16],"texture":"#1"},"east":{"uv":[9,14.5,7.5,16],"texture":"#1"},"south":{"uv":[7.5,14.5,9,13.5],"rotation":90,"texture":"#1"},"west":{"uv":[7.5,16,9,14.5],"rotation":270,"texture":"#1"},"up":{"uv":[9,13.5,7.5,14.5],"rotation":90,"texture":"#1"},"down":{"uv":[9,16,10,14.5],"texture":"#1"}}},{"from":[6.9,10.8,4.9],"to":[7.9,13.8,9.9],"rotation":{"angle":0,"axis":"y","origin":[7.4,21,7.4]},"faces":{"north":{"uv":[6,13.5,7.5,13],"rotation":90,"texture":"#1"},"east":{"uv":[6,16,7.5,13.5],"rotation":270,"texture":"#1"},"south":{"uv":[6,13.5,7.5,13],"rotation":90,"texture":"#1"},"west":{"uv":[7.5,16,6,13.5],"rotation":90,"texture":"#1"},"up":{"uv":[5.5,16,6,13.5],"rotation":180,"texture":"#1"},"down":{"uv":[5.5,16,6,13.5],"texture":"#1"}}},{"from":[7.7,16.4,5.4],"to":[7.7,20.9,9.9],"rotation":{"angle":0,"axis":"y","origin":[0.4,5,15.4]},"faces":{"north":{"uv":[0,0,0,2],"texture":"#1"},"east":{"uv":[10,13.75,12.25,16],"texture":"#1"},"south":{"uv":[0,0,0,2],"texture":"#1"},"west":{"uv":[10,13.75,12.25,16],"texture":"#1"},"up":{"uv":[2,0,0,0],"rotation":90,"texture":"#1"},"down":{"uv":[2,0,0,0],"rotation":270,"texture":"#1"}}},{"from":[7.9,16,5.5],"to":[8.4,23,9.5],"rotation":{"angle":0,"axis":"y","origin":[-0.6,6,-0.5]},"faces":{"north":{"uv":[4.875,6,4.625,9.5],"texture":"#1"},"east":{"uv":[4.875,9.5,8.375,7.5],"rotation":90,"texture":"#1"},"south":{"uv":[4.875,6,4.625,9.5],"texture":"#1"},"west":{"uv":[4.875,7.5,8.375,5.5],"rotation":90,"texture":"#1"},"up":{"uv":[8.625,5.5,8.375,7.5],"rotation":180,"texture":"#1"},"down":{"uv":[8.625,5.5,8.375,7.5],"texture":"#1"}}},{"from":[7.4,16,9.5],"to":[8.4,23,10],"rotation":{"angle":0,"axis":"y","origin":[-0.6,6,-0.5]},"faces":{"north":{"uv":[8.625,6,12.125,5.5],"rotation":90,"texture":"#1"},"east":{"uv":[8.625,6.75,12.125,6.5],"rotation":90,"texture":"#1"},"south":{"uv":[13,3.625,12.5,7.125],"texture":"#1"},"west":{"uv":[8.625,6.25,12.125,6],"rotation":90,"texture":"#1"},"up":{"uv":[5.5,15,5.7,14.5],"rotation":90,"texture":"#1"},"down":{"uv":[5.5,15,5.7,14.5],"rotation":270,"texture":"#1"}}},{"from":[7.4,16,5],"to":[8.4,23,5.5],"rotation":{"angle":0,"axis":"y","origin":[-0.6,6,16.5]},"faces":{"north":{"uv":[12.5,3.625,13,7.125],"texture":"#1"},"east":{"uv":[8.625,6.5,12.125,6.75],"rotation":90,"texture":"#1"},"south":{"uv":[8.625,5.5,12.125,6],"rotation":90,"texture":"#1"},"west":{"uv":[8.625,6,12.125,6.25],"rotation":90,"texture":"#1"},"up":{"uv":[5.7,15,5.5,14.5],"rotation":90,"texture":"#1"},"down":{"uv":[5.7,15,5.5,14.5],"rotation":270,"texture":"#1"}}},{"from":[7.95,16.75,5.5],"to":[8.95,17.25,9.5],"rotation":{"angle":-22.5,"axis":"z","origin":[8.15,18.5,7.5]},"faces":{"north":{"uv":[8.625,8,8.375,7.5],"rotation":270,"texture":"#1"},"east":{"uv":[10.625,7.75,8.625,8],"texture":"#1"},"south":{"uv":[8.375,8,8.625,7.5],"rotation":90,"texture":"#1"},"west":{"uv":[10.625,7.75,8.625,8],"rotation":180,"texture":"#1"},"up":{"uv":[8.625,7.75,10.625,7.25],"rotation":90,"texture":"#1"},"down":{"uv":[8.625,7.25,10.625,6.75],"rotation":90,"texture":"#1"}}},{"from":[6.4,-7.5,5.4],"to":[8.4,-5.5,7.4],"rotation":{"angle":45,"axis":"x","origin":[7.4,-7.5,7.4]},"faces":{"north":{"uv":[2.25,13.375,3.25,12.375],"rotation":270,"texture":"#1"},"east":{"uv":[3.25,13.375,4.25,12.375],"rotation":270,"texture":"#1"},"south":{"uv":[2.25,12.375,1.25,13.375],"texture":"#1"},"west":{"uv":[4.25,12.375,3.25,13.375],"texture":"#1"},"up":{"uv":[3.25,12.375,2.25,13.375],"rotation":90,"texture":"#1"},"down":{"uv":[1.25,13.375,2.25,12.375],"texture":"#1"}}},{"from":[6.4,10,7.5],"to":[12.4,17,7.5],"rotation":{"angle":0,"axis":"y","origin":[15.4,21,-0.6]},"faces":{"north":{"uv":[12,3.5,15,0],"texture":"#1"},"east":{"uv":[0,3.5,0,0],"texture":"#1"},"south":{"uv":[15,3.5,12,0],"texture":"#1"},"west":{"uv":[0,3.5,0,0],"texture":"#1"},"up":{"uv":[0,0,3,0],"rotation":180,"texture":"#1"},"down":{"uv":[0,0,3,0],"rotation":180,"texture":"#1"}}},{"from":[6.5,9,3.9],"to":[6.5,16,10.9],"rotation":{"angle":0,"axis":"y","origin":[15.4,9,-0.6]},"faces":{"north":{"uv":[0.5,0.25,0.5,7.25],"texture":"#2"},"east":{"uv":[0.5,0.25,7.5,7.25],"texture":"#2"},"south":{"uv":[0.5,0.25,0.5,7.25],"texture":"#2"},"west":{"uv":[0.5,0.25,7.5,7.25],"texture":"#2"},"up":{"uv":[0.5,0.25,7.5,0.25],"rotation":90,"texture":"#2"},"down":{"uv":[0.5,0.25,7.5,0.25],"rotation":270,"texture":"#2"}}}],"display":{"thirdperson_righthand":{"rotation":[0,110,0],"translation":[0,4.5,2.25],"scale":[0.7,0.7,0.7]},"thirdperson_lefthand":{"rotation":[180,-110,180],"translation":[0,3.25,1.75],"scale":[0.7,0.7,0.7]},"firstperson_righthand":{"rotation":[-175.56,80,170],"translation":[0.5,5.5,0.5],"scale":[0.5,0.5,0.5]},"firstperson_lefthand":{"rotation":[-175.56,-80,-170],"translation":[0.5,5,0.5],"scale":[0.5,0.5,0.5]},"ground":{"translation":[0,9.75,0],"scale":[0.5,0.5,0.5]},"gui":{"rotation":[90,45,-90],"translation":[-0.75,-0.5,-2],"scale":[0.6,0.6,0.6]},"head":{"rotation":[-135.5,0,0],"translation":[0,20.5,4.75],"scale":[0.7,0.7,0.7]},"fixed":{"rotation":[-179.03,0.22,143],"translation":[2,1.5,-2.25],"scale":[0.7,0.7,0.7]}},"groups":[{"name":"group","origin":[7,-8,8],"color":0,"children":[0,1,2,3,4,5,6,7,8,9,10,11,12,13,14,15,16,17,18,19,20,21,22,23]}]}