{"credit":"Made with Blockbench","texture_size":[32,32],"textures":{"0":"item/easter/texture1","9":"item/easter/texture10","10":"item/easter/powerup","particle":"item/easter/texture1"},"elements":[{"from":[10.3,11.5,7.5],"to":[11.3,16.5,8.5],"rotation":{"angle":45,"axis":"z","origin":[12.4,19.25,19.5]},"faces":{"north":{"uv":[2,16,1.5,13.5],"texture":"#0"},"east":{"uv":[1.5,16,1,13.5],"texture":"#0"},"south":{"uv":[2,16,1.5,13.5],"texture":"#0"},"west":{"uv":[1.5,16,1,13.5],"texture":"#0"},"up":{"uv":[1,13.5,0.5,13],"texture":"#0"},"down":{"uv":[1,13,0.5,12.5],"texture":"#0"}}},{"from":[7,17.5,8],"to":[16,22.5,8],"rotation":{"angle":-22.5,"axis":"z","origin":[8,19.5,8.5]},"faces":{"north":{"uv":[13.5,0,16,4.5],"rotation":270,"texture":"#0"},"east":{"uv":[1,0,3.5,0],"rotation":90,"texture":"#0"},"south":{"uv":[16,0,13.5,4.5],"rotation":90,"texture":"#0"},"west":{"uv":[1,0,3.5,0],"rotation":90,"texture":"#0"},"up":{"uv":[2.5,0,2.5,4.5],"rotation":90,"texture":"#0"},"down":{"uv":[2.5,0,2.5,4.5],"rotation":90,"texture":"#0"}}},{"from":[4.5,-1.5,8],"to":[5,9,8],"rotation":{"angle":22.5,"axis":"z","origin":[5.75,2.75,8]},"faces":{"north":{"uv":[9.75,16,10,10.75],"rotation":180,"texture":"#9"},"east":{"uv":[5.25,0,0,0],"rotation":270,"texture":"#9"},"south":{"uv":[9.75,10.75,10,16],"texture":"#9"},"west":{"uv":[5.25,0,0,0],"rotation":270,"texture":"#9"},"up":{"uv":[0,0,0,0.25],"rotation":270,"texture":"#9"},"down":{"uv":[0,0,0,0.25],"rotation":270,"texture":"#9"}}},{"from":[-1,8.3,7.9],"to":[6,12.3,7.9],"rotation":{"angle":0,"axis":"y","origin":[5.5,4.7,7.9]},"faces":{"north":{"uv":[9.75,12.5,7.75,16],"rotation":90,"texture":"#0"},"east":{"uv":[2.5,0,0,0],"rotation":270,"texture":"#0"},"south":{"uv":[7.75,12.5,9.75,16],"rotation":270,"texture":"#0"},"west":{"uv":[2.5,0,0,0],"rotation":270,"texture":"#0"},"up":{"uv":[0,0,0,3.5],"rotation":270,"texture":"#0"},"down":{"uv":[0,0,0,3.5],"rotation":270,"texture":"#0"}}},{"from":[-1,3.7,7.9],"to":[6,7.7,7.9],"rotation":{"angle":0,"axis":"y","origin":[5.5,11.3,7.9]},"faces":{"north":{"uv":[7.75,12.5,9.75,16],"rotation":90,"texture":"#0"},"east":{"uv":[0,0,2.5,0],"rotation":270,"texture":"#0"},"south":{"uv":[9.75,12.5,7.75,16],"rotation":270,"texture":"#0"},"west":{"uv":[0,0,2.5,0],"rotation":270,"texture":"#0"},"up":{"uv":[0,0,0,3.5],"rotation":270,"texture":"#0"},"down":{"uv":[0,0,0,3.5],"rotation":270,"texture":"#0"}}},{"from":[3,7.7,7.7],"to":[11,8.2,8.2],"rotation":{"angle":0,"axis":"y","origin":[16,0,0]},"faces":{"north":{"uv":[4,15.75,0,16],"texture":"#9"},"east":{"uv":[2.25,14.375,2,14.625],"texture":"#9"},"south":{"uv":[4,15.75,0,16],"texture":"#9"},"west":{"uv":[2.25,14.375,2,14.625],"texture":"#9"},"up":{"uv":[4,15.5,0,15.75],"texture":"#9"},"down":{"uv":[4,15.5,0,15.75],"texture":"#9"}}},{"from":[17,4.5,7.9],"to":[23,8,7.9],"faces":{"north":{"uv":[9.625,14.25,6.625,16],"texture":"#9"},"east":{"uv":[0,0,0,1.75],"texture":"#9"},"south":{"uv":[6.625,14.25,9.625,16],"texture":"#9"},"west":{"uv":[0,0,0,1.75],"texture":"#9"},"up":{"uv":[0,0,2.5,0],"texture":"#9"},"down":{"uv":[0,0,2.5,0],"texture":"#9"}}},{"from":[17,8,7.9],"to":[23,11.5,7.9],"rotation":{"angle":0,"axis":"y","origin":[0,16,0]},"faces":{"north":{"uv":[9.625,16,6.625,14.25],"texture":"#9"},"east":{"uv":[0,1.75,0,0],"texture":"#9"},"south":{"uv":[6.625,16,9.625,14.25],"texture":"#9"},"west":{"uv":[0,1.75,0,0],"texture":"#9"},"up":{"uv":[0,0,2.5,0],"texture":"#9"},"down":{"uv":[0,0,2.5,0],"texture":"#9"}}},{"from":[11,7.7,7.7],"to":[19,8.2,8.2],"faces":{"north":{"uv":[0,15.75,4,16],"texture":"#9"},"east":{"uv":[2,14.375,2.25,14.625],"texture":"#9"},"south":{"uv":[0,15.75,4,16],"texture":"#9"},"west":{"uv":[2,14.375,2.25,14.625],"texture":"#9"},"up":{"uv":[0,15.5,4,15.75],"texture":"#9"},"down":{"uv":[0,15.5,4,15.75],"texture":"#9"}}},{"from":[4.5,7,8],"to":[5,17.5,8],"rotation":{"angle":-22.5,"axis":"z","origin":[5.75,13.25,8]},"faces":{"north":{"uv":[9.75,10.75,10,16],"rotation":180,"texture":"#9"},"east":{"uv":[0,0,5.25,0],"rotation":270,"texture":"#9"},"south":{"uv":[9.75,16,10,10.75],"texture":"#9"},"west":{"uv":[0,0,5.25,0],"rotation":270,"texture":"#9"},"up":{"uv":[0,0,0,0.25],"rotation":270,"texture":"#9"},"down":{"uv":[0,0,0,0.25],"rotation":270,"texture":"#9"}}},{"from":[2.2,-0.4,7],"to":[4.2,1.6,9],"rotation":{"angle":45,"axis":"z","origin":[7.2,3.2,6.4]},"faces":{"north":{"uv":[2,1.875,3,2.875],"rotation":270,"texture":"#0"},"east":{"uv":[2,3.875,3,2.875],"rotation":180,"texture":"#0"},"south":{"uv":[3,1.875,2,2.875],"rotation":90,"texture":"#0"},"west":{"uv":[3,2.875,4,3.875],"rotation":270,"texture":"#0"},"up":{"uv":[3,2.875,2,3.875],"rotation":90,"texture":"#0"},"down":{"uv":[3,3.875,4,2.875],"texture":"#0"}}},{"from":[2.2,14.4,7],"to":[4.2,16.4,9],"rotation":{"angle":-45,"axis":"z","origin":[7.2,12.8,6.4]},"faces":{"north":{"uv":[3,1.875,2,2.875],"rotation":270,"texture":"#0"},"east":{"uv":[2,2.875,3,3.875],"rotation":180,"texture":"#0"},"south":{"uv":[2,1.875,3,2.875],"rotation":90,"texture":"#0"},"west":{"uv":[4,2.875,3,3.875],"rotation":270,"texture":"#0"},"up":{"uv":[3,2.875,4,3.875],"texture":"#0"},"down":{"uv":[2,2.875,3,3.875],"rotation":90,"texture":"#0"}}},{"from":[6.9,17,8],"to":[11.9,18,8.6],"rotation":{"angle":0,"axis":"y","origin":[7.4,8.5,8]},"faces":{"north":{"uv":[5.5,10,6,12.5],"rotation":90,"texture":"#0"},"east":{"uv":[6,9.75,5.5,10],"rotation":270,"texture":"#0"},"south":{"uv":[5.5,10,6,12.5],"rotation":270,"texture":"#0"},"west":{"uv":[6,9.75,5.5,10],"rotation":270,"texture":"#0"},"up":{"uv":[6,10,6.25,12.5],"rotation":270,"texture":"#0"},"down":{"uv":[6,10,6.25,12.5],"rotation":270,"texture":"#0"}}},{"from":[6.9,17,7.4],"to":[11.9,18,8],"rotation":{"angle":0,"axis":"y","origin":[7.4,8.5,8]},"faces":{"north":{"uv":[6,10,5.5,12.5],"rotation":90,"texture":"#0"},"east":{"uv":[5.5,9.75,6,10],"rotation":270,"texture":"#0"},"south":{"uv":[6,10,5.5,12.5],"rotation":270,"texture":"#0"},"west":{"uv":[5.5,9.75,6,10],"rotation":270,"texture":"#0"},"up":{"uv":[6.25,10,6,12.5],"rotation":270,"texture":"#0"},"down":{"uv":[6.25,10,6,12.5],"rotation":270,"texture":"#0"}}},{"from":[6.9,-2,7.4],"to":[11.9,-1,8],"rotation":{"angle":0,"axis":"y","origin":[7.4,7.5,8]},"faces":{"north":{"uv":[5.5,10,6,12.5],"rotation":90,"texture":"#0"},"east":{"uv":[6,9.75,5.5,10],"rotation":270,"texture":"#0"},"south":{"uv":[5.5,10,6,12.5],"rotation":270,"texture":"#0"},"west":{"uv":[6,9.75,5.5,10],"rotation":270,"texture":"#0"},"up":{"uv":[6,10,6.25,12.5],"rotation":270,"texture":"#0"},"down":{"uv":[6,10,6.25,12.5],"rotation":270,"texture":"#0"}}},{"from":[6.9,-2,8],"to":[11.9,-1,8.6],"rotation":{"angle":0,"axis":"y","origin":[7.4,7.5,8]},"faces":{"north":{"uv":[6,10,5.5,12.5],"rotation":90,"texture":"#0"},"east":{"uv":[5.5,9.75,6,10],"rotation":270,"texture":"#0"},"south":{"uv":[6,10,5.5,12.5],"rotation":270,"texture":"#0"},"west":{"uv":[5.5,9.75,6,10],"rotation":270,"texture":"#0"},"up":{"uv":[6.25,10,6,12.5],"rotation":270,"texture":"#0"},"down":{"uv":[6.25,10,6,12.5],"rotation":270,"texture":"#0"}}},{"from":[9.9,16.5,7.3],"to":[11.7,17,8.7],"rotation":{"angle":45,"axis":"z","origin":[12.4,19.25,19.5]},"faces":{"north":{"uv":[2,12.5,1.75,11.5],"rotation":90,"texture":"#0"},"east":{"uv":[2.25,12.5,2,11.75],"rotation":90,"texture":"#0"},"south":{"uv":[2,12.5,1.75,11.5],"rotation":90,"texture":"#0"},"west":{"uv":[2.25,12.5,2,11.75],"rotation":90,"texture":"#0"},"up":{"uv":[1.75,12.5,1,11.5],"rotation":90,"texture":"#0"},"down":{"uv":[1.75,12.5,1,11.5],"rotation":90,"texture":"#0"}}},{"from":[9.8,17,7.2],"to":[11.8,18,8.8],"rotation":{"angle":45,"axis":"z","origin":[12.4,19.25,19.5]},"faces":{"north":{"uv":[3,12.75,3.5,13.75],"rotation":270,"texture":"#0"},"east":{"uv":[4.25,14.625,3.75,13.875],"rotation":90,"texture":"#0"},"south":{"uv":[3.5,13.75,3,12.75],"rotation":90,"texture":"#0"},"west":{"uv":[4.25,14.625,3.75,13.875],"rotation":90,"texture":"#0"},"up":{"uv":[3,13.75,2.25,12.75],"rotation":90,"texture":"#0"},"down":{"uv":[3,13.75,2.25,12.75],"rotation":90,"texture":"#0"}}},{"from":[9.8,18,7.2],"to":[11.8,19,8.8],"rotation":{"angle":45,"axis":"z","origin":[12.4,19.25,19.5]},"faces":{"north":{"uv":[1.75,10.5,2.25,11.5],"rotation":270,"texture":"#0"},"east":{"uv":[1.5,10.5,1,9.75],"rotation":90,"texture":"#0"},"south":{"uv":[2.25,11.5,1.75,10.5],"rotation":90,"texture":"#0"},"west":{"uv":[1.5,10.5,1,9.75],"rotation":90,"texture":"#0"},"up":{"uv":[1,11.5,0.25,10.5],"rotation":90,"texture":"#0"},"down":{"uv":[1.75,11.5,1,10.5],"rotation":90,"texture":"#0"}}},{"from":[15.6,2.5,8.3],"to":[17.1,6,8.3],"rotation":{"angle":-22.5,"axis":"y","origin":[15.8,5,8.3]},"faces":{"north":{"uv":[0.875,1.75,0.125,0],"texture":"#0"},"east":{"uv":[0,1.5,0,0],"texture":"#0"},"south":{"uv":[0.125,1.75,0.875,0],"texture":"#0"},"west":{"uv":[0,1.5,0,0],"texture":"#0"},"up":{"uv":[0,0,6.75,0],"rotation":180,"texture":"#0"},"down":{"uv":[0,0,6.75,0],"rotation":180,"texture":"#0"}}},{"from":[16.9,2.5,8.3],"to":[18.4,6,8.3],"rotation":{"angle":22.5,"axis":"y","origin":[18.2,5,8.3]},"faces":{"north":{"uv":[0.125,1.75,0.875,0],"texture":"#0"},"east":{"uv":[0,1.5,0,0],"texture":"#0"},"south":{"uv":[0.875,1.75,0.125,0],"texture":"#0"},"west":{"uv":[0,1.5,0,0],"texture":"#0"},"up":{"uv":[6.75,0,0,0],"rotation":180,"texture":"#0"},"down":{"uv":[6.75,0,0,0],"rotation":180,"texture":"#0"}}},{"from":[15,2.5,8.2],"to":[16.5,6,8.2],"rotation":{"angle":-22.5,"axis":"y","origin":[15.6,4.5,8.3]},"faces":{"north":{"uv":[1.625,1.75,0.875,0],"texture":"#0"},"east":{"uv":[0,1.75,0,0],"texture":"#0"},"south":{"uv":[0.875,1.75,1.625,0],"texture":"#0"},"west":{"uv":[0,1.75,0,0],"texture":"#0"},"up":{"uv":[0,0,6.75,0],"rotation":180,"texture":"#0"},"down":{"uv":[0,0,6.75,0],"rotation":180,"texture":"#0"}}},{"from":[15.6,2.5,7.7],"to":[17.1,6,7.7],"rotation":{"angle":22.5,"axis":"y","origin":[15.8,5,7.7]},"faces":{"north":{"uv":[0.875,1.75,0.125,0],"texture":"#0"},"east":{"uv":[0,1.5,0,0],"texture":"#0"},"south":{"uv":[0.125,1.75,0.875,0],"texture":"#0"},"west":{"uv":[0,1.5,0,0],"texture":"#0"},"up":{"uv":[0,0,6.75,0],"rotation":180,"texture":"#0"},"down":{"uv":[0,0,6.75,0],"rotation":180,"texture":"#0"}}},{"from":[15,2.5,7.8],"to":[16.5,6,7.8],"rotation":{"angle":22.5,"axis":"y","origin":[15.6,4.5,7.7]},"faces":{"north":{"uv":[1.625,1.75,0.875,0],"texture":"#0"},"east":{"uv":[0,1.75,0,0],"texture":"#0"},"south":{"uv":[0.875,1.75,1.625,0],"texture":"#0"},"west":{"uv":[0,1.75,0,0],"texture":"#0"},"up":{"uv":[0,0,0.75,0],"rotation":180,"texture":"#0"},"down":{"uv":[0,0,0.75,0],"rotation":180,"texture":"#0"}}},{"from":[16.9,2.5,7.7],"to":[18.4,6,7.7],"rotation":{"angle":-22.5,"axis":"y","origin":[18.2,5,7.7]},"faces":{"north":{"uv":[0.125,1.75,0.875,0],"texture":"#0"},"east":{"uv":[0,1.5,0,0],"texture":"#0"},"south":{"uv":[0.875,1.75,0.125,0],"texture":"#0"},"west":{"uv":[0,1.5,0,0],"texture":"#0"},"up":{"uv":[6.75,0,0,0],"rotation":180,"texture":"#0"},"down":{"uv":[6.75,0,0,0],"rotation":180,"texture":"#0"}}},{"from":[17.5,2.5,7.8],"to":[19,6,7.8],"rotation":{"angle":-22.5,"axis":"y","origin":[18.4,4.5,7.7]},"faces":{"north":{"uv":[0.875,1.75,1.625,0],"texture":"#0"},"east":{"uv":[0,1.75,0,0],"texture":"#0"},"south":{"uv":[1.625,1.75,0.875,0],"texture":"#0"},"west":{"uv":[0,1.75,0,0],"texture":"#0"},"up":{"uv":[0.75,0,0,0],"rotation":180,"texture":"#0"},"down":{"uv":[0.75,0,0,0],"rotation":180,"texture":"#0"}}},{"from":[17.5,2.5,8.2],"to":[19,6,8.2],"rotation":{"angle":22.5,"axis":"y","origin":[18.4,4.5,8.3]},"faces":{"north":{"uv":[0.875,1.75,1.625,0],"texture":"#0"},"east":{"uv":[0,1.75,0,0],"texture":"#0"},"south":{"uv":[1.625,1.75,0.875,0],"texture":"#0"},"west":{"uv":[0,1.75,0,0],"texture":"#0"},"up":{"uv":[6.75,0,0,0],"rotation":180,"texture":"#0"},"down":{"uv":[6.75,0,0,0],"rotation":180,"texture":"#0"}}},{"from":[17.5,11,8.2],"to":[19,14.5,8.2],"rotation":{"angle":22.5,"axis":"y","origin":[18.4,12.5,8.3]},"faces":{"north":{"uv":[0.875,0,1.625,1.75],"texture":"#0"},"east":{"uv":[0,0,0,1.75],"texture":"#0"},"south":{"uv":[1.625,0,0.875,1.75],"texture":"#0"},"west":{"uv":[0,0,0,1.75],"texture":"#0"},"up":{"uv":[6.75,0,0,0],"rotation":180,"texture":"#0"},"down":{"uv":[6.75,0,0,0],"rotation":180,"texture":"#0"}}},{"from":[17.5,11,7.8],"to":[19,14.5,7.8],"rotation":{"angle":-22.5,"axis":"y","origin":[18.4,12.5,7.7]},"faces":{"north":{"uv":[0.875,0,1.625,1.75],"texture":"#0"},"east":{"uv":[0,0,0,1.75],"texture":"#0"},"south":{"uv":[1.625,0,0.875,1.75],"texture":"#0"},"west":{"uv":[0,0,0,1.75],"texture":"#0"},"up":{"uv":[0.75,0,0,0],"rotation":180,"texture":"#0"},"down":{"uv":[0.75,0,0,0],"rotation":180,"texture":"#0"}}},{"from":[16.9,11,7.7],"to":[18.4,14.5,7.7],"rotation":{"angle":-22.5,"axis":"y","origin":[18.2,12,7.7]},"faces":{"north":{"uv":[0.125,0,0.875,1.75],"texture":"#0"},"east":{"uv":[0,0,0,1.5],"texture":"#0"},"south":{"uv":[0.875,0,0.125,1.75],"texture":"#0"},"west":{"uv":[0,0,0,1.5],"texture":"#0"},"up":{"uv":[6.75,0,0,0],"rotation":180,"texture":"#0"},"down":{"uv":[6.75,0,0,0],"rotation":180,"texture":"#0"}}},{"from":[15,11,7.8],"to":[16.5,14.5,7.8],"rotation":{"angle":22.5,"axis":"y","origin":[15.6,12.5,7.7]},"faces":{"north":{"uv":[1.625,0,0.875,1.75],"texture":"#0"},"east":{"uv":[0,0,0,1.75],"texture":"#0"},"south":{"uv":[0.875,0,1.625,1.75],"texture":"#0"},"west":{"uv":[0,0,0,1.75],"texture":"#0"},"up":{"uv":[0,0,0.75,0],"rotation":180,"texture":"#0"},"down":{"uv":[0,0,0.75,0],"rotation":180,"texture":"#0"}}},{"from":[15.6,11,7.7],"to":[17.1,14.5,7.7],"rotation":{"angle":22.5,"axis":"y","origin":[15.8,12,7.7]},"faces":{"north":{"uv":[0.875,0,0.125,1.75],"texture":"#0"},"east":{"uv":[0,0,0,1.5],"texture":"#0"},"south":{"uv":[0.125,0,0.875,1.75],"texture":"#0"},"west":{"uv":[0,0,0,1.5],"texture":"#0"},"up":{"uv":[0,0,6.75,0],"rotation":180,"texture":"#0"},"down":{"uv":[0,0,6.75,0],"rotation":180,"texture":"#0"}}},{"from":[15,11,8.2],"to":[16.5,14.5,8.2],"rotation":{"angle":-22.5,"axis":"y","origin":[15.6,12.5,8.3]},"faces":{"north":{"uv":[1.625,0,0.875,1.75],"texture":"#0"},"east":{"uv":[0,0,0,1.75],"texture":"#0"},"south":{"uv":[0.875,0,1.625,1.75],"texture":"#0"},"west":{"uv":[0,0,0,1.75],"texture":"#0"},"up":{"uv":[0,0,6.75,0],"rotation":180,"texture":"#0"},"down":{"uv":[0,0,6.75,0],"rotation":180,"texture":"#0"}}},{"from":[16.9,11,8.3],"to":[18.4,14.5,8.3],"rotation":{"angle":22.5,"axis":"y","origin":[18.2,12,8.3]},"faces":{"north":{"uv":[0.125,0,0.875,1.75],"texture":"#0"},"east":{"uv":[0,0,0,1.5],"texture":"#0"},"south":{"uv":[0.875,0,0.125,1.75],"texture":"#0"},"west":{"uv":[0,0,0,1.5],"texture":"#0"},"up":{"uv":[6.75,0,0,0],"rotation":180,"texture":"#0"},"down":{"uv":[6.75,0,0,0],"rotation":180,"texture":"#0"}}},{"from":[15.6,11,8.3],"to":[17.1,14.5,8.3],"rotation":{"angle":-22.5,"axis":"y","origin":[15.8,12,8.3]},"faces":{"north":{"uv":[0.875,0,0.125,1.75],"texture":"#0"},"east":{"uv":[0,0,0,1.5],"texture":"#0"},"south":{"uv":[0.125,0,0.875,1.75],"texture":"#0"},"west":{"uv":[0,0,0,1.5],"texture":"#0"},"up":{"uv":[0,0,6.75,0],"rotation":180,"texture":"#0"},"down":{"uv":[0,0,6.75,0],"rotation":180,"texture":"#0"}}},{"from":[7,-6.5,8],"to":[16,-1.5,8],"rotation":{"angle":22.5,"axis":"z","origin":[8,-3.5,8.5]},"faces":{"north":{"uv":[16,0,13.5,4.5],"rotation":270,"texture":"#0"},"east":{"uv":[3.5,0,1,0],"rotation":90,"texture":"#0"},"south":{"uv":[13.5,0,16,4.5],"rotation":90,"texture":"#0"},"west":{"uv":[3.5,0,1,0],"rotation":90,"texture":"#0"},"up":{"uv":[2.5,0,2.5,4.5],"rotation":90,"texture":"#0"},"down":{"uv":[2.5,0,2.5,4.5],"rotation":90,"texture":"#0"}}},{"from":[9.8,-3,7.2],"to":[11.8,-2,8.8],"rotation":{"angle":-45,"axis":"z","origin":[12.4,-3.25,19.5]},"faces":{"north":{"uv":[2.25,10.5,1.75,11.5],"rotation":270,"texture":"#0"},"east":{"uv":[1,10.5,1.5,9.75],"rotation":90,"texture":"#0"},"south":{"uv":[1.75,11.5,2.25,10.5],"rotation":90,"texture":"#0"},"west":{"uv":[1,10.5,1.5,9.75],"rotation":90,"texture":"#0"},"up":{"uv":[1,11.5,1.75,10.5],"rotation":90,"texture":"#0"},"down":{"uv":[0.25,11.5,1,10.5],"rotation":90,"texture":"#0"}}},{"from":[9.8,-2,7.2],"to":[11.8,-1,8.8],"rotation":{"angle":-45,"axis":"z","origin":[12.4,-3.25,19.5]},"faces":{"north":{"uv":[3.5,12.75,3,13.75],"rotation":270,"texture":"#0"},"east":{"uv":[3.75,14.625,4.25,13.875],"rotation":90,"texture":"#0"},"south":{"uv":[3,13.75,3.5,12.75],"rotation":90,"texture":"#0"},"west":{"uv":[3.75,14.625,4.25,13.875],"rotation":90,"texture":"#0"},"up":{"uv":[2.25,13.75,3,12.75],"rotation":90,"texture":"#0"},"down":{"uv":[2.25,13.75,3,12.75],"rotation":90,"texture":"#0"}}},{"from":[9.9,-1,7.3],"to":[11.7,-0.5,8.7],"rotation":{"angle":-45,"axis":"z","origin":[12.4,-3.25,19.5]},"faces":{"north":{"uv":[1.75,12.5,2,11.5],"rotation":90,"texture":"#0"},"east":{"uv":[2,12.5,2.25,11.75],"rotation":90,"texture":"#0"},"south":{"uv":[1.75,12.5,2,11.5],"rotation":90,"texture":"#0"},"west":{"uv":[2,12.5,2.25,11.75],"rotation":90,"texture":"#0"},"up":{"uv":[1,12.5,1.75,11.5],"rotation":90,"texture":"#0"},"down":{"uv":[1,12.5,1.75,11.5],"rotation":90,"texture":"#0"}}},{"from":[10.3,-0.5,7.5],"to":[11.3,4.5,8.5],"rotation":{"angle":-45,"axis":"z","origin":[12.4,-3.25,19.5]},"faces":{"north":{"uv":[2,13.5,1.5,16],"texture":"#0"},"east":{"uv":[1.5,13.5,1,16],"texture":"#0"},"south":{"uv":[2,13.5,1.5,16],"texture":"#0"},"west":{"uv":[1.5,13.5,1,16],"texture":"#0"},"up":{"uv":[1,12.5,0.5,13],"texture":"#0"},"down":{"uv":[1,13,0.5,13.5],"texture":"#0"}}},{"from":[16,5.7,7.2],"to":[18,6.7,8.8],"rotation":{"angle":0,"axis":"y","origin":[16,17,8]},"faces":{"north":{"uv":[2.25,11.5,1.75,10.5],"rotation":90,"texture":"#0"},"east":{"uv":[1.5,10.5,1,9.75],"rotation":90,"texture":"#0"},"south":{"uv":[1.75,10.5,2.25,11.5],"rotation":270,"texture":"#0"},"west":{"uv":[1.5,10.5,1,9.75],"rotation":90,"texture":"#0"},"up":{"uv":[1,11.5,0.25,10.5],"rotation":270,"texture":"#0"},"down":{"uv":[1.75,11.5,1,10.5],"rotation":270,"texture":"#0"}}},{"from":[16,10.2,7.2],"to":[18,11.2,8.8],"rotation":{"angle":0,"axis":"y","origin":[16,-7,8]},"faces":{"north":{"uv":[1.75,11.5,2.25,10.5],"rotation":90,"texture":"#0"},"east":{"uv":[1,10.5,1.5,9.75],"rotation":90,"texture":"#0"},"south":{"uv":[2.25,10.5,1.75,11.5],"rotation":270,"texture":"#0"},"west":{"uv":[1,10.5,1.5,9.75],"rotation":90,"texture":"#0"},"up":{"uv":[1,11.5,1.75,10.5],"rotation":270,"texture":"#0"},"down":{"uv":[0.25,11.5,1,10.5],"rotation":270,"texture":"#0"}}},{"from":[12.5,3,8.1],"to":[16.5,13,8.1],"rotation":{"angle":0,"axis":"y","origin":[-3.5,8.4,7.9]},"faces":{"north":{"uv":[10.5,0,8.5,5],"texture":"#0"},"east":{"uv":[0,0,0,3.5],"texture":"#0"},"south":{"uv":[8.5,0,10.5,5],"texture":"#0"},"west":{"uv":[0,0,0,3.5],"texture":"#0"},"up":{"uv":[0,0,2,0],"rotation":180,"texture":"#0"},"down":{"uv":[0,0,2,0],"rotation":180,"texture":"#0"}}},{"from":[17.1,10.9,7.5],"to":[19.6,13.4,8.5],"rotation":{"angle":45,"axis":"z","origin":[21.4,8.9,8]},"faces":{"north":{"uv":[0,1.875,1.25,3.125],"rotation":90,"texture":"#0"},"east":{"uv":[1.25,1.875,1.75,3.125],"rotation":180,"texture":"#0"},"south":{"uv":[1.25,1.875,0,3.125],"rotation":270,"texture":"#0"},"west":{"uv":[0,3.125,1.25,3.625],"rotation":270,"texture":"#0"},"up":{"uv":[1.25,1.875,1.75,3.125],"rotation":270,"texture":"#0"},"down":{"uv":[0,3.125,1.25,3.625],"texture":"#0"}}},{"from":[9.1,-0.6,7.5],"to":[11.6,1.9,8.5],"rotation":{"angle":-45,"axis":"z","origin":[21.4,-4.1,8]},"faces":{"north":{"uv":[1.25,4.125,0,5.375],"rotation":90,"texture":"#0"},"east":{"uv":[1.25,5.375,1.75,4.125],"texture":"#0"},"south":{"uv":[0,4.125,1.25,5.375],"rotation":270,"texture":"#0"},"west":{"uv":[1.25,5.375,0,5.875],"rotation":270,"texture":"#0"},"up":{"uv":[2.25,4.125,1.75,5.375],"rotation":270,"texture":"#0"},"down":{"uv":[1.25,5.375,1.75,4.125],"rotation":270,"texture":"#0"}}},{"from":[16.6,10.4,7],"to":[18.6,12.4,9],"rotation":{"angle":45,"axis":"z","origin":[21.4,8.9,8]},"faces":{"north":{"uv":[2,1.875,3,2.875],"rotation":90,"texture":"#0"},"east":{"uv":[4,2.875,3,3.875],"rotation":270,"texture":"#0"},"south":{"uv":[3,1.875,2,2.875],"rotation":270,"texture":"#0"},"west":{"uv":[2,2.875,3,3.875],"rotation":270,"texture":"#0"},"up":{"uv":[3,2.875,4,3.875],"rotation":180,"texture":"#0"},"down":{"uv":[2,2.875,3,3.875],"rotation":270,"texture":"#0"}}},{"from":[6,2,7.1],"to":[22,8,7.1],"rotation":{"angle":0,"axis":"y","origin":[8,11,4.1]},"faces":{"north":{"uv":[8,0,2,16],"rotation":270,"texture":"#10"},"east":{"uv":[0,0,6,0],"rotation":90,"texture":"#10"},"south":{"uv":[2,0,8,16],"rotation":90,"texture":"#10"},"west":{"uv":[0,0,6,0],"rotation":90,"texture":"#10"},"up":{"uv":[0,0,0,16],"rotation":90,"texture":"#10"},"down":{"uv":[0,0,0,16],"rotation":90,"texture":"#10"}}},{"from":[6,8,7.1],"to":[22,14,7.1],"rotation":{"angle":0,"axis":"y","origin":[8,5,4.1]},"faces":{"north":{"uv":[2,0,8,16],"rotation":270,"texture":"#10"},"east":{"uv":[6,0,0,0],"rotation":90,"texture":"#10"},"south":{"uv":[8,0,2,16],"rotation":90,"texture":"#10"},"west":{"uv":[6,0,0,0],"rotation":90,"texture":"#10"},"up":{"uv":[0,0,0,16],"rotation":90,"texture":"#10"},"down":{"uv":[0,0,0,16],"rotation":90,"texture":"#10"}}},{"from":[6,8,8.9],"to":[22,14,8.9],"rotation":{"angle":0,"axis":"y","origin":[8,5,11.9]},"faces":{"north":{"uv":[8,16,2,0],"rotation":90,"texture":"#10"},"east":{"uv":[6,0,0,0],"rotation":90,"texture":"#10"},"south":{"uv":[2,16,8,0],"rotation":270,"texture":"#10"},"west":{"uv":[6,0,0,0],"rotation":90,"texture":"#10"},"up":{"uv":[0,0,0,16],"rotation":90,"texture":"#10"},"down":{"uv":[0,0,0,16],"rotation":90,"texture":"#10"}}},{"from":[6,2,8.9],"to":[22,8,8.9],"rotation":{"angle":0,"axis":"y","origin":[8,11,11.9]},"faces":{"north":{"uv":[2,16,8,0],"rotation":90,"texture":"#10"},"east":{"uv":[0,0,6,0],"rotation":90,"texture":"#10"},"south":{"uv":[8,16,2,0],"rotation":270,"texture":"#10"},"west":{"uv":[0,0,6,0],"rotation":90,"texture":"#10"},"up":{"uv":[0,0,0,16],"rotation":90,"texture":"#10"},"down":{"uv":[0,0,0,16],"rotation":90,"texture":"#10"}}}],"display":{"thirdperson_righthand":{"rotation":[0,110,0],"translation":[1.75,-1.75,3.75],"scale":[0.7,0.7,0.7]},"thirdperson_lefthand":{"rotation":[0,-70,0],"translation":[0,3,1.75],"scale":[0.7,0.7,0.7]},"firstperson_righthand":{"rotation":[-167.94,74.86,171.51],"translation":[0.5,5,0.5],"scale":[0.5,0.5,0.5]},"firstperson_lefthand":{"rotation":[7.75,-73.56,2.44],"translation":[0.5,5,0.5],"scale":[0.5,0.5,0.5]},"ground":{"translation":[0,9.75,0],"scale":[0.5,0.5,0.5]},"gui":{"rotation":[0,-180,20],"translation":[1.5,-0.5,-2],"scale":[0.5,0.5,0.5]},"head":{"rotation":[-135.5,0,0],"translation":[0,20.5,4.75],"scale":[0.7,0.7,0.7]},"fixed":{"rotation":[1,180,-49],"translation":[0.25,-1,-2.25],"scale":[0.7,0.7,0.7]}},"groups":[{"name":"group","origin":[1.5,15.5,9.7],"color":0,"children":[0,1,2,3,4,5,6,7,8,9,10,11,12,13,14,15,16,17,18,19,20,21,22,23,24,25,26,27,28,29,30,31,32,33,34,35,36,37,38,39,40,41,42,43,44,45,46,47,48,49]}]}