{"credit":"Made with Blockbench","texture_size":[32,32],"textures":{"0":"item/easter/texture1","1":"item/easter/powerup","particle":"item/easter/texture1"},"elements":[{"from":[7,3,6.9],"to":[13,19,6.9],"rotation":{"angle":0,"axis":"y","origin":[0,0,16]},"faces":{"north":{"uv":[8,0,2,16],"texture":"#1"},"east":{"uv":[0,0,0,16],"texture":"#1"},"south":{"uv":[2,0,8,16],"texture":"#1"},"west":{"uv":[0,0,0,16],"texture":"#1"},"up":{"uv":[0,0,6,0],"texture":"#1"},"down":{"uv":[0,0,6,0],"texture":"#1"}}},{"from":[7,2,7.2],"to":[9,3,8.8],"rotation":{"angle":0,"axis":"y","origin":[7,-4,8]},"faces":{"north":{"uv":[1.75,11.5,2.25,10.5],"rotation":90,"texture":"#0"},"east":{"uv":[1,10.5,1.5,9.75],"rotation":90,"texture":"#0"},"south":{"uv":[2.25,10.5,1.75,11.5],"rotation":270,"texture":"#0"},"west":{"uv":[1,10.5,1.5,9.75],"rotation":90,"texture":"#0"},"up":{"uv":[1,11.5,1.75,10.5],"rotation":270,"texture":"#0"},"down":{"uv":[0.25,11.5,1,10.5],"rotation":270,"texture":"#0"}}},{"from":[6.75,-4.5,7.2],"to":[9.25,-3.5,8.8],"rotation":{"angle":0,"axis":"y","origin":[7,-5,8]},"faces":{"north":{"uv":[2.75,15,3.25,13.75],"rotation":90,"texture":"#0"},"east":{"uv":[3.25,14.5,3.75,13.75],"rotation":90,"texture":"#0"},"south":{"uv":[3.25,13.75,2.75,15],"rotation":270,"texture":"#0"},"west":{"uv":[3.25,14.5,3.75,13.75],"rotation":90,"texture":"#0"},"up":{"uv":[2,15,2.75,13.75],"rotation":270,"texture":"#0"},"down":{"uv":[2.75,15,2,13.75],"rotation":270,"texture":"#0"}}},{"from":[7.5,-3,7.5],"to":[8.5,2,8.5],"rotation":{"angle":0,"axis":"y","origin":[8,4.5,8]},"faces":{"north":{"uv":[2,13.5,1.5,16],"texture":"#0"},"east":{"uv":[1.5,13.5,1,16],"texture":"#0"},"south":{"uv":[2,13.5,1.5,16],"texture":"#0"},"west":{"uv":[1.5,13.5,1,16],"texture":"#0"},"up":{"uv":[0.5,13,0,13.5],"rotation":180,"texture":"#0"},"down":{"uv":[1,13,0.5,13.5],"rotation":180,"texture":"#0"}}},{"from":[7,-3.5,7.3],"to":[9,-3,8.7],"rotation":{"angle":0,"axis":"y","origin":[7,-5,8]},"faces":{"north":{"uv":[2.75,16,3,15],"rotation":90,"texture":"#0"},"east":{"uv":[3,15.75,3.25,15],"rotation":90,"texture":"#0"},"south":{"uv":[3,15,2.75,16],"rotation":270,"texture":"#0"},"west":{"uv":[3,15.75,3.25,15],"rotation":90,"texture":"#0"},"up":{"uv":[2,16,2.75,15],"rotation":270,"texture":"#0"},"down":{"uv":[2,16,2.75,15],"rotation":270,"texture":"#0"}}},{"from":[7,-5,7.3],"to":[9,-4.5,8.7],"rotation":{"angle":0,"axis":"y","origin":[7,27,8]},"faces":{"north":{"uv":[2,13.5,1.75,12.5],"rotation":90,"texture":"#0"},"east":{"uv":[2.25,13.25,2,12.5],"rotation":90,"texture":"#0"},"south":{"uv":[1.75,12.5,2,13.5],"rotation":270,"texture":"#0"},"west":{"uv":[2.25,13.25,2,12.5],"rotation":90,"texture":"#0"},"up":{"uv":[1.75,13.5,1,12.5],"rotation":270,"texture":"#0"},"down":{"uv":[1.75,13.5,1,12.5],"rotation":270,"texture":"#0"}}},{"from":[7.5,-5.5,7.5],"to":[8.5,-5,8.5],"rotation":{"angle":0,"axis":"y","origin":[7,27,8]},"faces":{"north":{"uv":[4,15.125,3.75,14.625],"rotation":90,"texture":"#0"},"east":{"uv":[4.25,15.125,4,14.625],"rotation":90,"texture":"#0"},"south":{"uv":[3.75,14.625,4,15.125],"rotation":270,"texture":"#0"},"west":{"uv":[4.25,15.125,4,14.625],"rotation":90,"texture":"#0"},"up":{"uv":[3.75,15.125,3.25,14.625],"rotation":270,"texture":"#0"},"down":{"uv":[3.75,15.125,3.25,14.625],"rotation":270,"texture":"#0"}}},{"from":[9,2.3,7.7],"to":[10,2.8,8.3],"rotation":{"angle":0,"axis":"y","origin":[7,-4,8]},"faces":{"north":{"uv":[2.5,12,2.75,12.5],"rotation":90,"texture":"#0"},"east":{"uv":[2.25,12.75,2.5,12.5],"rotation":90,"texture":"#0"},"south":{"uv":[2.75,12,2.5,12.5],"rotation":270,"texture":"#0"},"west":{"uv":[2.25,12.75,2.5,12.5],"rotation":90,"texture":"#0"},"up":{"uv":[2.25,12.5,2.5,12],"rotation":270,"texture":"#0"},"down":{"uv":[2.75,12.5,3,12],"rotation":270,"texture":"#0"}}},{"from":[7.5,3,7.5],"to":[8.5,3.5,8.5],"rotation":{"angle":0,"axis":"y","origin":[8,4.5,8]},"faces":{"north":{"uv":[2.5,10.25,2,10.5],"texture":"#0"},"east":{"uv":[2,10.25,1.5,10.5],"texture":"#0"},"south":{"uv":[2.5,10.25,2,10.5],"texture":"#0"},"west":{"uv":[2,10.25,1.5,10.5],"texture":"#0"},"up":{"uv":[2,9.75,1.5,10.25],"rotation":180,"texture":"#0"},"down":{"uv":[2,9.75,1.5,10.25],"rotation":180,"texture":"#0"}}},{"from":[7,3.5,7.2],"to":[9,4.5,8.8],"rotation":{"angle":0,"axis":"y","origin":[7,-4,8]},"faces":{"north":{"uv":[3,13.75,3.5,12.75],"rotation":90,"texture":"#0"},"east":{"uv":[3.75,14.625,4.25,13.875],"rotation":90,"texture":"#0"},"south":{"uv":[3.5,12.75,3,13.75],"rotation":270,"texture":"#0"},"west":{"uv":[3.75,14.625,4.25,13.875],"rotation":90,"texture":"#0"},"up":{"uv":[2.25,13.75,3,12.75],"rotation":270,"texture":"#0"},"down":{"uv":[2.25,13.75,3,12.75],"rotation":270,"texture":"#0"}}},{"from":[7.1,4.5,7.3],"to":[8.9,5,8.7],"rotation":{"angle":0,"axis":"y","origin":[7,-5,8]},"faces":{"north":{"uv":[1.75,12.5,2,11.5],"rotation":90,"texture":"#0"},"east":{"uv":[2,12.5,2.25,11.75],"rotation":90,"texture":"#0"},"south":{"uv":[1.75,12.5,2,11.5],"rotation":90,"texture":"#0"},"west":{"uv":[2,12.5,2.25,11.75],"rotation":90,"texture":"#0"},"up":{"uv":[1,12.5,1.75,11.5],"rotation":270,"texture":"#0"},"down":{"uv":[1,12.5,1.75,11.5],"rotation":270,"texture":"#0"}}},{"from":[9.9,3.8,7.8],"to":[10.4,4.3,8.2],"rotation":{"angle":22.5,"axis":"z","origin":[10.25,4,8]},"faces":{"north":{"uv":[3.25,16,3.5,15.75],"rotation":90,"texture":"#0"},"east":{"uv":[3.5,16,3.75,15.75],"rotation":90,"texture":"#0"},"south":{"uv":[3.5,15.75,3.25,16],"rotation":270,"texture":"#0"},"west":{"uv":[3.5,16,3.75,15.75],"rotation":90,"texture":"#0"},"up":{"uv":[4.25,16,4.5,15.75],"rotation":270,"texture":"#0"},"down":{"uv":[3,16,3.25,15.75],"rotation":270,"texture":"#0"}}},{"from":[9,3.7,7.7],"to":[10,4.2,8.3],"rotation":{"angle":0,"axis":"y","origin":[7,-4,8]},"faces":{"north":{"uv":[3.75,15.625,3.5,15.125],"rotation":90,"texture":"#0"},"east":{"uv":[3.75,15.375,4,15.125],"rotation":90,"texture":"#0"},"south":{"uv":[3.5,15.125,3.75,15.625],"rotation":270,"texture":"#0"},"west":{"uv":[3.75,15.375,4,15.125],"rotation":90,"texture":"#0"},"up":{"uv":[4,15.625,4.25,15.125],"rotation":270,"texture":"#0"},"down":{"uv":[3.25,15.625,3.5,15.125],"rotation":270,"texture":"#0"}}},{"from":[9.95,4.05,7.9],"to":[10.45,4.55,8.1],"rotation":{"angle":-45,"axis":"z","origin":[10.25,4,8]},"faces":{"north":{"uv":[4.25,15.75,4,16],"texture":"#0"},"east":{"uv":[3.85,15.75,3.75,16],"texture":"#0"},"south":{"uv":[4,16,4.25,15.75],"texture":"#0"},"west":{"uv":[3.975,15.75,3.875,16],"texture":"#0"},"up":{"uv":[3.5,15.625,3.25,15.725],"rotation":180,"texture":"#0"},"down":{"uv":[3.5,15.625,3.25,15.725],"rotation":180,"texture":"#0"}}},{"from":[6,5,7.8],"to":[7.5,8.5,7.8],"rotation":{"angle":22.5,"axis":"y","origin":[6.6,6.5,7.7]},"faces":{"north":{"uv":[1.625,0,0.875,1.75],"texture":"#0"},"east":{"uv":[0,0,0,1.5],"texture":"#0"},"south":{"uv":[0.875,0,1.625,1.75],"texture":"#0"},"west":{"uv":[0,0,0,1.5],"texture":"#0"},"up":{"uv":[6.75,0,0,0],"texture":"#0"},"down":{"uv":[6.75,0,0,0],"texture":"#0"}}},{"from":[7.9,5.5,8.3],"to":[9.4,9,8.3],"rotation":{"angle":22.5,"axis":"y","origin":[9.2,6.5,8.3]},"faces":{"north":{"uv":[0.125,0,0.875,1.75],"texture":"#0"},"east":{"uv":[0,0,0,1.5],"texture":"#0"},"south":{"uv":[0.875,0,0.125,1.75],"texture":"#0"},"west":{"uv":[0,0,0,1.5],"texture":"#0"},"up":{"uv":[0,0,6.75,0],"texture":"#0"},"down":{"uv":[0,0,6.75,0],"texture":"#0"}}},{"from":[6.6,5.5,8.3],"to":[8.1,9,8.3],"rotation":{"angle":-22.5,"axis":"y","origin":[6.8,6.5,8.3]},"faces":{"north":{"uv":[0.875,0,0.125,1.75],"texture":"#0"},"east":{"uv":[0,0,0,1.5],"texture":"#0"},"south":{"uv":[0.125,0,0.875,1.75],"texture":"#0"},"west":{"uv":[0,0,0,1.5],"texture":"#0"},"up":{"uv":[6.75,0,0,0],"texture":"#0"},"down":{"uv":[6.75,0,0,0],"texture":"#0"}}},{"from":[6.6,5.5,7.7],"to":[8.1,9,7.7],"rotation":{"angle":22.5,"axis":"y","origin":[6.8,6.5,7.7]},"faces":{"north":{"uv":[0.875,0,0.125,1.75],"texture":"#0"},"east":{"uv":[0,0,0,1.5],"texture":"#0"},"south":{"uv":[0.125,0,0.875,1.75],"texture":"#0"},"west":{"uv":[0,0,0,1.5],"texture":"#0"},"up":{"uv":[6.75,0,0,0],"texture":"#0"},"down":{"uv":[6.75,0,0,0],"texture":"#0"}}},{"from":[7.9,5.5,7.7],"to":[9.4,9,7.7],"rotation":{"angle":-22.5,"axis":"y","origin":[9.2,6.5,7.7]},"faces":{"north":{"uv":[0.125,0,0.875,1.75],"texture":"#0"},"east":{"uv":[0,0,0,1.5],"texture":"#0"},"south":{"uv":[0.875,0,0.125,1.75],"texture":"#0"},"west":{"uv":[0,0,0,1.5],"texture":"#0"},"up":{"uv":[0,0,6.75,0],"texture":"#0"},"down":{"uv":[0,0,6.75,0],"texture":"#0"}}},{"from":[5.55,4.05,7.9],"to":[6.05,4.55,8.1],"rotation":{"angle":45,"axis":"z","origin":[5.75,4,8]},"faces":{"north":{"uv":[4,15.75,4.25,16],"texture":"#0"},"east":{"uv":[3.875,15.75,3.975,16],"texture":"#0"},"south":{"uv":[4.25,16,4,15.75],"texture":"#0"},"west":{"uv":[3.75,15.75,3.85,16],"texture":"#0"},"up":{"uv":[3.25,15.625,3.5,15.725],"rotation":180,"texture":"#0"},"down":{"uv":[3.25,15.625,3.5,15.725],"rotation":180,"texture":"#0"}}},{"from":[6,3.7,7.7],"to":[7,4.2,8.3],"rotation":{"angle":0,"axis":"y","origin":[9,-4,8]},"faces":{"north":{"uv":[3.75,15.125,3.5,15.625],"rotation":90,"texture":"#0"},"east":{"uv":[3.75,15.125,4,15.375],"rotation":90,"texture":"#0"},"south":{"uv":[3.5,15.625,3.75,15.125],"rotation":270,"texture":"#0"},"west":{"uv":[3.75,15.125,4,15.375],"rotation":90,"texture":"#0"},"up":{"uv":[4,15.125,4.25,15.625],"rotation":270,"texture":"#0"},"down":{"uv":[3.25,15.125,3.5,15.625],"rotation":270,"texture":"#0"}}},{"from":[5.6,3.8,7.8],"to":[6.1,4.3,8.2],"rotation":{"angle":-22.5,"axis":"z","origin":[5.75,4,8]},"faces":{"north":{"uv":[3.25,15.75,3.5,16],"rotation":90,"texture":"#0"},"east":{"uv":[3.5,15.75,3.75,16],"rotation":90,"texture":"#0"},"south":{"uv":[3.5,16,3.25,15.75],"rotation":270,"texture":"#0"},"west":{"uv":[3.5,15.75,3.75,16],"rotation":90,"texture":"#0"},"up":{"uv":[4.25,15.75,4.5,16],"rotation":270,"texture":"#0"},"down":{"uv":[3,15.75,3.25,16],"rotation":270,"texture":"#0"}}},{"from":[6,2.3,7.7],"to":[7,2.8,8.3],"rotation":{"angle":0,"axis":"y","origin":[9,-4,8]},"faces":{"north":{"uv":[2.5,12.5,2.75,12],"rotation":90,"texture":"#0"},"east":{"uv":[2.25,12.5,2.5,12.75],"rotation":90,"texture":"#0"},"south":{"uv":[2.75,12.5,2.5,12],"rotation":270,"texture":"#0"},"west":{"uv":[2.25,12.5,2.5,12.75],"rotation":90,"texture":"#0"},"up":{"uv":[2.25,12,2.5,12.5],"rotation":270,"texture":"#0"},"down":{"uv":[2.75,12,3,12.5],"rotation":270,"texture":"#0"}}},{"from":[6,5,8.2],"to":[7.5,8.5,8.2],"rotation":{"angle":-22.5,"axis":"y","origin":[6.6,6.5,8.3]},"faces":{"north":{"uv":[1.625,0,0.875,1.75],"texture":"#0"},"east":{"uv":[0,0,0,2],"texture":"#0"},"south":{"uv":[0.875,0,1.625,1.75],"texture":"#0"},"west":{"uv":[0,0,0,2],"texture":"#0"},"up":{"uv":[0.75,0,0,0],"texture":"#0"},"down":{"uv":[0.75,0,0,0],"texture":"#0"}}},{"from":[3.5,9.8,7.9],"to":[7.5,16.8,7.9],"rotation":{"angle":0,"axis":"y","origin":[0,0,0.9]},"faces":{"north":{"uv":[7.75,12.5,9.75,16],"texture":"#0"},"east":{"uv":[0,0,0,3.5],"texture":"#0"},"south":{"uv":[9.75,12.5,7.75,16],"texture":"#0"},"west":{"uv":[0,0,0,3.5],"texture":"#0"},"up":{"uv":[0,0,2.5,0],"texture":"#0"},"down":{"uv":[0,0,2.5,0],"texture":"#0"}}},{"from":[7.6,15.8,7],"to":[9.6,17.8,9],"rotation":{"angle":45,"axis":"z","origin":[12.4,14.3,8]},"faces":{"north":{"uv":[2,1.875,3,2.875],"rotation":90,"texture":"#0"},"east":{"uv":[4,2.875,3,3.875],"rotation":270,"texture":"#0"},"south":{"uv":[3,1.875,2,2.875],"rotation":270,"texture":"#0"},"west":{"uv":[2,2.875,3,3.875],"rotation":270,"texture":"#0"},"up":{"uv":[3,2.875,4,3.875],"rotation":180,"texture":"#0"},"down":{"uv":[2,2.875,3,3.875],"rotation":270,"texture":"#0"}}},{"from":[8.1,16.3,7.5],"to":[10.6,18.8,8.5],"rotation":{"angle":45,"axis":"z","origin":[12.4,14.3,8]},"faces":{"north":{"uv":[0,1.875,1.25,3.125],"rotation":90,"texture":"#0"},"east":{"uv":[1.25,1.875,1.75,3.125],"rotation":180,"texture":"#0"},"south":{"uv":[1.25,1.875,0,3.125],"rotation":270,"texture":"#0"},"west":{"uv":[0,3.125,1.25,3.625],"rotation":270,"texture":"#0"},"up":{"uv":[1.25,1.875,1.75,3.125],"rotation":270,"texture":"#0"},"down":{"uv":[0,3.125,1.25,3.625],"texture":"#0"}}},{"from":[0.1,4.8,7.5],"to":[2.6,7.3,8.5],"rotation":{"angle":-45,"axis":"z","origin":[12.4,1.3,8]},"faces":{"north":{"uv":[1.25,4.125,0,5.375],"rotation":90,"texture":"#0"},"east":{"uv":[1.25,5.375,1.75,4.125],"texture":"#0"},"south":{"uv":[0,4.125,1.25,5.375],"rotation":270,"texture":"#0"},"west":{"uv":[1.25,5.375,0,5.875],"rotation":270,"texture":"#0"},"up":{"uv":[2.25,4.125,1.75,5.375],"rotation":270,"texture":"#0"},"down":{"uv":[1.25,5.375,1.75,4.125],"rotation":270,"texture":"#0"}}},{"from":[7.5,7,7.7],"to":[8.5,12,8.3],"rotation":{"angle":0,"axis":"y","origin":[16,5,6.4]},"faces":{"north":{"uv":[6,10,5.5,12.5],"texture":"#0"},"east":{"uv":[6.25,10,6,12.5],"texture":"#0"},"south":{"uv":[6,10,5.5,12.5],"texture":"#0"},"west":{"uv":[6.25,10,6,12.5],"texture":"#0"},"up":{"uv":[5.5,9.75,6,10],"texture":"#0"},"down":{"uv":[5.5,9.75,6,10],"texture":"#0"}}},{"from":[8.5,5,8.2],"to":[10,8.5,8.2],"rotation":{"angle":22.5,"axis":"y","origin":[9.4,6.5,8.3]},"faces":{"north":{"uv":[0.875,0,1.625,1.75],"texture":"#0"},"east":{"uv":[0,0,0,2],"texture":"#0"},"south":{"uv":[1.625,0,0.875,1.75],"texture":"#0"},"west":{"uv":[0,0,0,2],"texture":"#0"},"up":{"uv":[0,0,0.75,0],"texture":"#0"},"down":{"uv":[0,0,0.75,0],"texture":"#0"}}},{"from":[8.5,5,7.8],"to":[10,8.5,7.8],"rotation":{"angle":-22.5,"axis":"y","origin":[9.4,6.5,7.7]},"faces":{"north":{"uv":[0.875,0,1.625,1.75],"texture":"#0"},"east":{"uv":[0,0,0,1.5],"texture":"#0"},"south":{"uv":[1.625,0,0.875,1.75],"texture":"#0"},"west":{"uv":[0,0,0,1.5],"texture":"#0"},"up":{"uv":[0,0,6.75,0],"texture":"#0"},"down":{"uv":[0,0,6.75,0],"texture":"#0"}}},{"from":[8.5,8.4,8],"to":[16.5,18.4,8],"rotation":{"angle":0,"axis":"y","origin":[24,14.5,5.5]},"faces":{"north":{"uv":[4.5,0,8.5,5],"texture":"#0"},"east":{"uv":[0,0,0,3.5],"texture":"#0"},"south":{"uv":[8.5,0,4.5,5],"texture":"#0"},"west":{"uv":[0,0,0,3.5],"texture":"#0"},"up":{"uv":[2,0,0,0],"rotation":180,"texture":"#0"},"down":{"uv":[2,0,0,0],"rotation":180,"texture":"#0"}}},{"from":[6,15.5,7.7],"to":[7,16,8.3],"rotation":{"angle":0,"axis":"y","origin":[9,-2,8]},"faces":{"north":{"uv":[2.5,12.5,2.75,12],"rotation":90,"texture":"#0"},"east":{"uv":[2.25,12.5,2.5,12.75],"rotation":90,"texture":"#0"},"south":{"uv":[2.75,12.5,2.5,12],"rotation":270,"texture":"#0"},"west":{"uv":[2.25,12.5,2.5,12.75],"rotation":90,"texture":"#0"},"up":{"uv":[2.25,12,2.5,12.5],"rotation":270,"texture":"#0"},"down":{"uv":[2.75,12,3,12.5],"rotation":270,"texture":"#0"}}},{"from":[7,15.2,7.2],"to":[9,16.2,8.8],"rotation":{"angle":0,"axis":"y","origin":[7,-2,8]},"faces":{"north":{"uv":[1.75,11.5,2.25,10.5],"rotation":90,"texture":"#0"},"east":{"uv":[1,10.5,1.5,9.75],"rotation":90,"texture":"#0"},"south":{"uv":[2.25,10.5,1.75,11.5],"rotation":270,"texture":"#0"},"west":{"uv":[1,10.5,1.5,9.75],"rotation":90,"texture":"#0"},"up":{"uv":[1,11.5,1.75,10.5],"rotation":270,"texture":"#0"},"down":{"uv":[0.25,11.5,1,10.5],"rotation":270,"texture":"#0"}}},{"from":[8.5,8.4,7.9],"to":[12.5,18.4,7.9],"rotation":{"angle":0,"axis":"y","origin":[10.5,13.4,7.9]},"faces":{"north":{"uv":[8.5,0,10.5,5],"texture":"#0"},"east":{"uv":[0,0,0,3.5],"texture":"#0"},"south":{"uv":[10.5,0,8.5,5],"texture":"#0"},"west":{"uv":[0,0,0,3.5],"texture":"#0"},"up":{"uv":[2,0,0,0],"rotation":180,"texture":"#0"},"down":{"uv":[2,0,0,0],"rotation":180,"texture":"#0"}}},{"from":[8.5,8.4,8.1],"to":[12.5,18.4,8.1],"rotation":{"angle":0,"axis":"y","origin":[10.5,13.4,7.9]},"faces":{"north":{"uv":[8.5,0,10.5,5],"texture":"#0"},"east":{"uv":[0,0,0,3.5],"texture":"#0"},"south":{"uv":[10.5,0,8.5,5],"texture":"#0"},"west":{"uv":[0,0,0,3.5],"texture":"#0"},"up":{"uv":[2,0,0,0],"rotation":180,"texture":"#0"},"down":{"uv":[2,0,0,0],"rotation":180,"texture":"#0"}}},{"from":[7,3,9.1],"to":[13,19,9.1],"faces":{"north":{"uv":[8,0,2,16],"texture":"#1"},"east":{"uv":[0,0,0,16],"texture":"#1"},"south":{"uv":[2,0,8,16],"texture":"#1"},"west":{"uv":[0,0,0,16],"texture":"#1"},"up":{"uv":[0,0,6,0],"texture":"#1"},"down":{"uv":[0,0,6,0],"texture":"#1"}}},{"from":[7.5,5,7.7],"to":[8.5,6,8.3],"rotation":{"angle":0,"axis":"y","origin":[16,4,6.4]},"faces":{"north":{"uv":[0.5,15.25,0,15.75],"texture":"#0"},"east":{"uv":[0.75,15.25,0.5,15.75],"texture":"#0"},"south":{"uv":[0.5,15.25,0,15.75],"texture":"#0"},"west":{"uv":[0.75,15.25,0.5,15.75],"texture":"#0"},"up":{"uv":[0,15.75,0.5,16],"texture":"#0"},"down":{"uv":[0,15.75,0.5,16],"texture":"#0"}}}],"display":{"thirdperson_righthand":{"rotation":[0,110,0],"translation":[0,6.25,2.25]},"thirdperson_lefthand":{"rotation":[180,-110,180],"translation":[0,3.25,1.75],"scale":[0.7,0.7,0.7]},"firstperson_righthand":{"rotation":[-175.56,80,170],"translation":[0.5,5.5,2.25],"scale":[0.5,0.5,0.5]},"firstperson_lefthand":{"rotation":[-177.85,-68.75,-172.39],"translation":[0.5,5.5,2.25],"scale":[0.5,0.5,0.5]},"ground":{"translation":[0,9.75,0],"scale":[0.5,0.5,0.5]},"gui":{"rotation":[0,0,-45],"translation":[-0.75,0.5,-2],"scale":[0.6,0.6,0.6]},"head":{"rotation":[-135.5,0,0],"translation":[0,20.5,4.75],"scale":[0.7,0.7,0.7]},"fixed":{"rotation":[-179.03,0.22,143],"translation":[2,1.5,-2.25],"scale":[0.7,0.7,0.7]}},"groups":[{"name":"group","origin":[7,-8,8],"color":0,"children":[0,1,2,3,4,5,6,7,8,9,10,11,12,13,14,15,16,17,18,19,20,21,22,23,24,25,26,27,28,29,30,31,32,33,34,35,36,37]}]}