{"credit":"Made with Blockbench","texture_size":[32,32],"textures":{"0":"item/easter/texture1","1":"item/easter/powerup","particle":"item/easter/texture1"},"elements":[{"from":[5,5,10.1],"to":[11,21,10.1],"rotation":{"angle":0,"axis":"y","origin":[0,0,16]},"faces":{"north":{"uv":[8,0,2,16],"texture":"#1"},"east":{"uv":[0,0,0,16],"texture":"#1"},"south":{"uv":[2,0,8,16],"texture":"#1"},"west":{"uv":[0,0,0,16],"texture":"#1"},"up":{"uv":[0,0,6,0],"texture":"#1"},"down":{"uv":[0,0,6,0],"texture":"#1"}}},{"from":[6.6,-3,7.5],"to":[8.2,-2,9.5],"rotation":{"angle":0,"axis":"y","origin":[7.4,-9,7.5]},"faces":{"north":{"uv":[1,10.5,1.5,9.75],"rotation":90,"texture":"#0"},"east":{"uv":[1.75,11.5,2.25,10.5],"rotation":90,"texture":"#0"},"south":{"uv":[1,10.5,1.5,9.75],"rotation":90,"texture":"#0"},"west":{"uv":[2.25,10.5,1.75,11.5],"rotation":270,"texture":"#0"},"up":{"uv":[1,11.5,1.75,10.5],"texture":"#0"},"down":{"uv":[0.25,11.5,1,10.5],"rotation":180,"texture":"#0"}}},{"from":[6.6,-4.5,7.25],"to":[8.2,-3.5,9.75],"rotation":{"angle":0,"axis":"y","origin":[7.4,-5,7.5]},"faces":{"north":{"uv":[3.25,14.5,3.75,13.75],"rotation":90,"texture":"#0"},"east":{"uv":[2.75,15,3.25,13.75],"rotation":90,"texture":"#0"},"south":{"uv":[3.25,14.5,3.75,13.75],"rotation":90,"texture":"#0"},"west":{"uv":[3.25,13.75,2.75,15],"rotation":270,"texture":"#0"},"up":{"uv":[2,15,2.75,13.75],"texture":"#0"},"down":{"uv":[2.75,15,2,13.75],"rotation":180,"texture":"#0"}}},{"from":[6.9,-0.5,8],"to":[7.9,4.5,9],"rotation":{"angle":0,"axis":"y","origin":[7.4,7,8.5]},"faces":{"north":{"uv":[1.5,13.5,1,16],"texture":"#0"},"east":{"uv":[2,13.5,1.5,16],"texture":"#0"},"south":{"uv":[1.5,13.5,1,16],"texture":"#0"},"west":{"uv":[2,13.5,1.5,16],"texture":"#0"},"up":{"uv":[1,12.5,0.5,13],"rotation":270,"texture":"#0"},"down":{"uv":[1,13,0.5,13.5],"rotation":90,"texture":"#0"}}},{"from":[6.7,-3.5,7.5],"to":[8.1,-3,9.5],"rotation":{"angle":0,"axis":"y","origin":[7.4,-5,7.5]},"faces":{"north":{"uv":[3,15.75,3.25,15],"rotation":90,"texture":"#0"},"east":{"uv":[2.75,16,3,15],"rotation":90,"texture":"#0"},"south":{"uv":[3,15.75,3.25,15],"rotation":90,"texture":"#0"},"west":{"uv":[3,15,2.75,16],"rotation":270,"texture":"#0"},"up":{"uv":[2,16,2.75,15],"texture":"#0"},"down":{"uv":[2,16,2.75,15],"rotation":180,"texture":"#0"}}},{"from":[6.7,-5,7.4],"to":[8.1,-4.5,9.4],"rotation":{"angle":0,"axis":"y","origin":[7.4,27,7.4]},"faces":{"north":{"uv":[2.25,13.25,2,12.5],"rotation":90,"texture":"#0"},"east":{"uv":[2,13.5,1.75,12.5],"rotation":90,"texture":"#0"},"south":{"uv":[2.25,13.25,2,12.5],"rotation":90,"texture":"#0"},"west":{"uv":[1.75,12.5,2,13.5],"rotation":270,"texture":"#0"},"up":{"uv":[1.75,13.5,1,12.5],"texture":"#0"},"down":{"uv":[1.75,13.5,1,12.5],"rotation":180,"texture":"#0"}}},{"from":[6.9,-5.5,7.9],"to":[7.9,-5,8.9],"rotation":{"angle":0,"axis":"y","origin":[7.4,27,7.4]},"faces":{"north":{"uv":[4.25,15.125,4,14.625],"rotation":90,"texture":"#0"},"east":{"uv":[4,15.125,3.75,14.625],"rotation":90,"texture":"#0"},"south":{"uv":[4.25,15.125,4,14.625],"rotation":90,"texture":"#0"},"west":{"uv":[3.75,14.625,4,15.125],"rotation":270,"texture":"#0"},"up":{"uv":[3.75,15.125,3.25,14.625],"texture":"#0"},"down":{"uv":[3.75,15.125,3.25,14.625],"rotation":180,"texture":"#0"}}},{"from":[6.6,-2,7.5],"to":[8.2,-1,9.5],"rotation":{"angle":0,"axis":"y","origin":[7.4,-9.5,7.5]},"faces":{"north":{"uv":[3.75,14.625,4.25,13.875],"rotation":90,"texture":"#0"},"east":{"uv":[3,13.75,3.5,12.75],"rotation":90,"texture":"#0"},"south":{"uv":[3.75,14.625,4.25,13.875],"rotation":90,"texture":"#0"},"west":{"uv":[3.5,12.75,3,13.75],"rotation":270,"texture":"#0"},"up":{"uv":[2.25,13.75,3,12.75],"texture":"#0"},"down":{"uv":[2.25,13.75,3,12.75],"rotation":180,"texture":"#0"}}},{"from":[6.7,-1,7.6],"to":[8.1,-0.5,9.4],"rotation":{"angle":0,"axis":"y","origin":[7.4,-10.5,7.5]},"faces":{"north":{"uv":[2,12.5,2.25,11.75],"rotation":90,"texture":"#0"},"east":{"uv":[1.75,12.5,2,11.5],"rotation":90,"texture":"#0"},"south":{"uv":[2,12.5,2.25,11.75],"rotation":90,"texture":"#0"},"west":{"uv":[1.75,12.5,2,11.5],"rotation":90,"texture":"#0"},"up":{"uv":[1,12.5,1.75,11.5],"texture":"#0"},"down":{"uv":[1,12.5,1.75,11.5],"rotation":180,"texture":"#0"}}},{"from":[6.6,6,7.5],"to":[8.2,7,9.5],"rotation":{"angle":0,"axis":"y","origin":[7.4,13,7.5]},"faces":{"north":{"uv":[1.5,10.5,1,9.75],"rotation":90,"texture":"#0"},"east":{"uv":[2.25,11.5,1.75,10.5],"rotation":90,"texture":"#0"},"south":{"uv":[1.5,10.5,1,9.75],"rotation":90,"texture":"#0"},"west":{"uv":[1.75,10.5,2.25,11.5],"rotation":270,"texture":"#0"},"up":{"uv":[0.25,10.5,1,11.5],"rotation":180,"texture":"#0"},"down":{"uv":[1,10.5,1.75,11.5],"texture":"#0"}}},{"from":[6.7,4.5,7.6],"to":[8.1,5,9.4],"rotation":{"angle":0,"axis":"y","origin":[7.4,14.5,7.5]},"faces":{"north":{"uv":[2.25,12.5,2,11.75],"rotation":90,"texture":"#0"},"east":{"uv":[2,12.5,1.75,11.5],"rotation":90,"texture":"#0"},"south":{"uv":[2.25,12.5,2,11.75],"rotation":90,"texture":"#0"},"west":{"uv":[2,12.5,1.75,11.5],"rotation":90,"texture":"#0"},"up":{"uv":[1,11.5,1.75,12.5],"rotation":180,"texture":"#0"},"down":{"uv":[1,11.5,1.75,12.5],"texture":"#0"}}},{"from":[6.9,5.5,7.9],"to":[7.9,10.5,8.5],"rotation":{"angle":0,"axis":"y","origin":[-0.6,3.5,6.6]},"faces":{"north":{"uv":[5.5,10,6,12.5],"texture":"#0"},"east":{"uv":[6,10,6.25,12.5],"texture":"#0"},"south":{"uv":[5.5,10,6,12.5],"texture":"#0"},"west":{"uv":[6,10,6.25,12.5],"texture":"#0"},"up":{"uv":[6,9.75,5.5,10],"texture":"#0"},"down":{"uv":[6,9.75,5.5,10],"texture":"#0"}}},{"from":[6.9,5.5,8.5],"to":[7.9,10.5,9.1],"rotation":{"angle":0,"axis":"y","origin":[15.4,3.5,7.2]},"faces":{"north":{"uv":[6,10,5.5,12.5],"texture":"#0"},"east":{"uv":[6.25,10,6,12.5],"texture":"#0"},"south":{"uv":[6,10,5.5,12.5],"texture":"#0"},"west":{"uv":[6.25,10,6,12.5],"texture":"#0"},"up":{"uv":[5.5,9.75,6,10],"texture":"#0"},"down":{"uv":[5.5,9.75,6,10],"texture":"#0"}}},{"from":[7.7,7,8.4],"to":[7.7,10.5,9.9],"rotation":{"angle":-22.5,"axis":"y","origin":[7.7,8,9.7]},"faces":{"north":{"uv":[0,0,0,1.5],"texture":"#0"},"east":{"uv":[0.125,0,0.875,1.75],"texture":"#0"},"south":{"uv":[0,0,0,1.5],"texture":"#0"},"west":{"uv":[0.875,0,0.125,1.75],"texture":"#0"},"up":{"uv":[0,0,6.75,0],"rotation":90,"texture":"#0"},"down":{"uv":[0,0,6.75,0],"rotation":270,"texture":"#0"}}},{"from":[7.7,7,7.1],"to":[7.7,10.5,8.6],"rotation":{"angle":22.5,"axis":"y","origin":[7.7,8,7.3]},"faces":{"north":{"uv":[0,0,0,1.5],"texture":"#0"},"east":{"uv":[0.875,0,0.125,1.75],"texture":"#0"},"south":{"uv":[0,0,0,1.5],"texture":"#0"},"west":{"uv":[0.125,0,0.875,1.75],"texture":"#0"},"up":{"uv":[6.75,0,0,0],"rotation":90,"texture":"#0"},"down":{"uv":[6.75,0,0,0],"rotation":270,"texture":"#0"}}},{"from":[7.6,7,9],"to":[7.6,10.5,10.5],"rotation":{"angle":-22.5,"axis":"y","origin":[7.7,8.5,9.9]},"faces":{"north":{"uv":[0,0,0,1.75],"texture":"#0"},"east":{"uv":[0.875,0,1.625,1.75],"texture":"#0"},"south":{"uv":[0,0,0,1.75],"texture":"#0"},"west":{"uv":[1.625,0,0.875,1.75],"texture":"#0"},"up":{"uv":[0,0,6.75,0],"rotation":90,"texture":"#0"},"down":{"uv":[0,0,6.75,0],"rotation":270,"texture":"#0"}}},{"from":[7.1,7,8.4],"to":[7.1,10.5,9.9],"rotation":{"angle":22.5,"axis":"y","origin":[7.1,8,9.7]},"faces":{"north":{"uv":[0,0,0,1.5],"texture":"#0"},"east":{"uv":[0.125,0,0.875,1.75],"texture":"#0"},"south":{"uv":[0,0,0,1.5],"texture":"#0"},"west":{"uv":[0.875,0,0.125,1.75],"texture":"#0"},"up":{"uv":[0,0,6.75,0],"rotation":90,"texture":"#0"},"down":{"uv":[0,0,6.75,0],"rotation":270,"texture":"#0"}}},{"from":[7.2,7,9],"to":[7.2,10.5,10.5],"rotation":{"angle":22.5,"axis":"y","origin":[7.1,8.5,9.9]},"faces":{"north":{"uv":[0,0,0,1.75],"texture":"#0"},"east":{"uv":[0.875,0,1.625,1.75],"texture":"#0"},"south":{"uv":[0,0,0,1.75],"texture":"#0"},"west":{"uv":[1.625,0,0.875,1.75],"texture":"#0"},"up":{"uv":[0,0,0.75,0],"rotation":90,"texture":"#0"},"down":{"uv":[0,0,0.75,0],"rotation":270,"texture":"#0"}}},{"from":[7.1,7,7.1],"to":[7.1,10.5,8.6],"rotation":{"angle":-22.5,"axis":"y","origin":[7.1,8,7.3]},"faces":{"north":{"uv":[0,0,0,1.5],"texture":"#0"},"east":{"uv":[0.875,0,0.125,1.75],"texture":"#0"},"south":{"uv":[0,0,0,1.5],"texture":"#0"},"west":{"uv":[0.125,0,0.875,1.75],"texture":"#0"},"up":{"uv":[6.75,0,0,0],"rotation":90,"texture":"#0"},"down":{"uv":[6.75,0,0,0],"rotation":270,"texture":"#0"}}},{"from":[7.2,7,6.5],"to":[7.2,10.5,8],"rotation":{"angle":-22.5,"axis":"y","origin":[7.1,8.5,7.1]},"faces":{"north":{"uv":[0,0,0,1.75],"texture":"#0"},"east":{"uv":[1.625,0,0.875,1.75],"texture":"#0"},"south":{"uv":[0,0,0,1.75],"texture":"#0"},"west":{"uv":[0.875,0,1.625,1.75],"texture":"#0"},"up":{"uv":[0.75,0,0,0],"rotation":90,"texture":"#0"},"down":{"uv":[0.75,0,0,0],"rotation":270,"texture":"#0"}}},{"from":[7.6,7,6.5],"to":[7.6,10.5,8],"rotation":{"angle":22.5,"axis":"y","origin":[7.7,8.5,7.1]},"faces":{"north":{"uv":[0,0,0,1.75],"texture":"#0"},"east":{"uv":[1.625,0,0.875,1.75],"texture":"#0"},"south":{"uv":[0,0,0,1.75],"texture":"#0"},"west":{"uv":[0.875,0,1.625,1.75],"texture":"#0"},"up":{"uv":[6.75,0,0,0],"rotation":90,"texture":"#0"},"down":{"uv":[6.75,0,0,0],"rotation":270,"texture":"#0"}}},{"from":[6.9,10.5,7.9],"to":[7.9,15.5,8.5],"rotation":{"angle":0,"axis":"y","origin":[-0.6,8.5,6.6]},"faces":{"north":{"uv":[5.5,10,6,12.5],"texture":"#0"},"east":{"uv":[6,10,6.25,12.5],"texture":"#0"},"south":{"uv":[5.5,10,6,12.5],"texture":"#0"},"west":{"uv":[6,10,6.25,12.5],"texture":"#0"},"up":{"uv":[5.25,10.875,4.75,10.625],"texture":"#0"},"down":{"uv":[5.25,10.625,4.75,10.875],"texture":"#0"}}},{"from":[6.9,10.5,8.5],"to":[7.9,15.5,9.1],"rotation":{"angle":0,"axis":"y","origin":[15.4,8.5,7.2]},"faces":{"north":{"uv":[6,10,5.5,12.5],"texture":"#0"},"east":{"uv":[6.25,10,6,12.5],"texture":"#0"},"south":{"uv":[6,10,5.5,12.5],"texture":"#0"},"west":{"uv":[6.25,10,6,12.5],"texture":"#0"},"up":{"uv":[4.75,10.625,5.25,10.875],"texture":"#0"},"down":{"uv":[4.75,10.625,5.25,10.875],"texture":"#0"}}},{"from":[6.9,15.5,6],"to":[8.9,18.5,11],"rotation":{"angle":0,"axis":"y","origin":[8.9,15.5,7]},"faces":{"north":{"uv":[2.5,8.75,3.5,10.25],"texture":"#0"},"east":{"uv":[9.5,5.75,12,7.25],"texture":"#0"},"south":{"uv":[2.5,8.75,3.5,10.25],"texture":"#0"},"west":{"uv":[7,5.75,9.5,7.25],"texture":"#0"},"up":{"uv":[1.5,7.75,2.5,10.25],"texture":"#0"},"down":{"uv":[8,7.75,9,10.25],"texture":"#0"}}},{"from":[8,18.5,6],"to":[14,19.5,11],"rotation":{"angle":0,"axis":"y","origin":[9,15.5,7]},"faces":{"north":{"uv":[16,7.25,13,7.75],"texture":"#0"},"east":{"uv":[12.5,7.75,13,10.25],"rotation":90,"texture":"#0"},"south":{"uv":[13,7.25,16,7.75],"texture":"#0"},"west":{"uv":[9,9.75,9.5,12.25],"rotation":90,"texture":"#0"},"up":{"uv":[13,7.75,16,10.25],"texture":"#0"},"down":{"uv":[9.5,7.75,12.5,10.25],"texture":"#0"}}},{"from":[12,18.4,6.1],"to":[16,19.4,10.9],"rotation":{"angle":-22.5,"axis":"z","origin":[13,15.4,7]},"faces":{"north":{"uv":[9,9.75,9.5,7.75],"rotation":90,"texture":"#0"},"east":{"uv":[10.5,7.25,13,7.75],"texture":"#0"},"south":{"uv":[9,7.75,9.5,9.75],"rotation":90,"texture":"#0"},"west":{"uv":[10.5,7.25,13,7.75],"texture":"#0"},"up":{"uv":[14,4.75,16,7.25],"texture":"#0"},"down":{"uv":[12,4.75,14,7.25],"texture":"#0"}}},{"from":[3,12.5,8.5],"to":[8,21.5,8.5],"rotation":{"angle":0,"axis":"y","origin":[9,16.5,8.5]},"faces":{"north":{"uv":[13.5,0,16,4.5],"texture":"#0"},"east":{"uv":[2.5,0,2.5,4.5],"texture":"#0"},"south":{"uv":[16,0,13.5,4.5],"texture":"#0"},"west":{"uv":[2.5,0,2.5,4.5],"texture":"#0"},"up":{"uv":[1,0,3.5,0],"texture":"#0"},"down":{"uv":[1,0,3.5,0],"texture":"#0"}}},{"from":[8,11.8,8.5],"to":[12,18.8,8.5],"rotation":{"angle":0,"axis":"y","origin":[15.5,2,1.5]},"faces":{"north":{"uv":[9.75,12.5,7.75,16],"texture":"#0"},"east":{"uv":[0,0,0,3.5],"texture":"#0"},"south":{"uv":[7.75,12.5,9.75,16],"texture":"#0"},"west":{"uv":[0,0,0,3.5],"texture":"#0"},"up":{"uv":[2.5,0,0,0],"texture":"#0"},"down":{"uv":[2.5,0,0,0],"texture":"#0"}}},{"from":[6.5,18.5,7.5],"to":[8.1,19.5,9.5],"rotation":{"angle":0,"axis":"y","origin":[7.3,12.5,9.5]},"faces":{"north":{"uv":[1,9.75,1.5,10.5],"rotation":90,"texture":"#0"},"east":{"uv":[1.75,10.5,2.25,11.5],"rotation":90,"texture":"#0"},"south":{"uv":[1,9.75,1.5,10.5],"rotation":90,"texture":"#0"},"west":{"uv":[2.25,11.5,1.75,10.5],"rotation":270,"texture":"#0"},"up":{"uv":[1,10.5,1.75,11.5],"texture":"#0"},"down":{"uv":[0.25,10.5,1,11.5],"rotation":180,"texture":"#0"}}},{"from":[7,18.8,6.5],"to":[7.6,19.3,7.5],"rotation":{"angle":0,"axis":"y","origin":[7.3,12.5,9.5]},"faces":{"north":{"uv":[2.25,12.5,2.5,12.75],"rotation":90,"texture":"#0"},"east":{"uv":[2.5,12.5,2.75,12],"rotation":90,"texture":"#0"},"south":{"uv":[2.25,12.5,2.5,12.75],"rotation":90,"texture":"#0"},"west":{"uv":[2.75,12.5,2.5,12],"rotation":270,"texture":"#0"},"up":{"uv":[2.25,12,2.5,12.5],"texture":"#0"},"down":{"uv":[2.75,12,3,12.5],"rotation":180,"texture":"#0"}}},{"from":[7,18.8,9.5],"to":[7.6,19.3,10.5],"rotation":{"angle":0,"axis":"y","origin":[7.3,12.5,7.5]},"faces":{"north":{"uv":[2.25,12.75,2.5,12.5],"rotation":90,"texture":"#0"},"east":{"uv":[2.5,12,2.75,12.5],"rotation":90,"texture":"#0"},"south":{"uv":[2.25,12.75,2.5,12.5],"rotation":90,"texture":"#0"},"west":{"uv":[2.75,12,2.5,12.5],"rotation":270,"texture":"#0"},"up":{"uv":[2.25,12.5,2.5,12],"texture":"#0"},"down":{"uv":[2.75,12.5,3,12],"rotation":180,"texture":"#0"}}},{"from":[5,5,5.9],"to":[11,21,5.9],"faces":{"north":{"uv":[8,0,2,16],"texture":"#1"},"east":{"uv":[0,0,0,16],"texture":"#1"},"south":{"uv":[2,0,8,16],"texture":"#1"},"west":{"uv":[0,0,0,16],"texture":"#1"},"up":{"uv":[0,0,6,0],"texture":"#1"},"down":{"uv":[0,0,6,0],"texture":"#1"}}},{"from":[6.6,5,7.5],"to":[8.2,6,9.5],"rotation":{"angle":0,"axis":"y","origin":[7.4,13.5,7.5]},"faces":{"north":{"uv":[4.25,14.625,3.75,13.875],"rotation":90,"texture":"#0"},"east":{"uv":[3.5,13.75,3,12.75],"rotation":90,"texture":"#0"},"south":{"uv":[4.25,14.625,3.75,13.875],"rotation":90,"texture":"#0"},"west":{"uv":[3,12.75,3.5,13.75],"rotation":270,"texture":"#0"},"up":{"uv":[2.25,12.75,3,13.75],"rotation":180,"texture":"#0"},"down":{"uv":[2.25,12.75,3,13.75],"texture":"#0"}}}],"display":{"thirdperson_righthand":{"rotation":[0,110,0],"translation":[0,6.75,2.25]},"thirdperson_lefthand":{"rotation":[180,-110,180],"translation":[0,3.25,1.75],"scale":[0.7,0.7,0.7]},"firstperson_righthand":{"rotation":[-175.56,80,170],"translation":[0.5,5.5,2.25],"scale":[0.5,0.5,0.5]},"firstperson_lefthand":{"rotation":[-177.85,-68.75,-172.39],"translation":[0.5,5.5,2.25],"scale":[0.5,0.5,0.5]},"ground":{"translation":[0,9.75,0],"scale":[0.5,0.5,0.5]},"gui":{"rotation":[-55,-40,-70],"translation":[-0.75,-0.5,-2],"scale":[0.6,0.6,0.6]},"head":{"rotation":[-135.5,0,0],"translation":[0,20.5,4.75],"scale":[0.7,0.7,0.7]},"fixed":{"rotation":[-179.03,0.22,143],"translation":[2,1.5,-2.25],"scale":[0.7,0.7,0.7]}},"groups":[{"name":"group","origin":[7,-8,8],"color":0,"children":[0,1,2,3,4,5,6,7,8,9,10,11,12,13,14,15,16,17,18,19,20,21,22,23,24,25,26,27,28,29,30,31,32]}]}