{"credit":"Made with Blockbench","texture_size":[32,32],"textures":{"0":"item/easter/texture1","1":"item/easter/texture2","2":"item/easter/texture3","3":"item/easter/texture4","4":"item/easter/powerup","particle":"item/easter/texture1"},"elements":[{"from":[2,5.5,14.9],"to":[7,13.5,16.9],"rotation":{"angle":45,"axis":"z","origin":[4,5.5,14.9]},"faces":{"north":{"uv":[11,0,8.5,4],"texture":"#2"},"east":{"uv":[9,5,8,9],"texture":"#2"},"south":{"uv":[11,0,8.5,4],"texture":"#2"},"west":{"uv":[9,5,8,9],"texture":"#2"},"up":{"uv":[12,4,9.5,5],"texture":"#2"},"down":{"uv":[14.5,5,12,6],"texture":"#2"}}},{"from":[10.6,8.5,1],"to":[11.6,16.5,15],"rotation":{"angle":22.5,"axis":"z","origin":[4.6,22.5,17.5]},"faces":{"north":{"uv":[15,0,15.5,4],"texture":"#1"},"east":{"uv":[4,0,11,4],"texture":"#1"},"south":{"uv":[15,0,15.5,4],"texture":"#1"},"west":{"uv":[7,0,0,4],"texture":"#2"},"up":{"uv":[15.5,7,16,0],"texture":"#1"},"down":{"uv":[15.5,0,16,7],"texture":"#1"}}},{"from":[10.2,0.7,1],"to":[11.2,4.7,15],"rotation":{"angle":45,"axis":"z","origin":[4.2,14.7,17.5]},"faces":{"north":{"uv":[15,7.875,15.5,9.875],"texture":"#1"},"east":{"uv":[4,4,11,6],"texture":"#1"},"south":{"uv":[15,7.875,15.5,9.875],"texture":"#1"},"west":{"uv":[13,0,11,7],"rotation":90,"texture":"#1"},"up":{"uv":[15.5,14,16,7],"texture":"#1"},"down":{"uv":[14.5,7,15,14],"texture":"#1"}}},{"from":[25.1,3.7,1],"to":[26.1,11.7,15],"rotation":{"angle":-45,"axis":"z","origin":[19.1,19.7,17.5]},"faces":{"north":{"uv":[15,9.875,15.5,13.875],"texture":"#1"},"east":{"uv":[4,6,11,10],"texture":"#1"},"south":{"uv":[13.875,0,14.375,4],"texture":"#1"},"west":{"uv":[7,12,14,16],"texture":"#1"},"up":{"uv":[15.5,14,16,7],"texture":"#1"},"down":{"uv":[15.5,7,16,14],"texture":"#1"}}},{"from":[8.8,12.3,1],"to":[9.8,20,15],"rotation":{"angle":45,"axis":"z","origin":[2.8,20.3,17.5]},"faces":{"north":{"uv":[15,4,15.5,7.85],"texture":"#1"},"east":{"uv":[0,12.25,7,16],"texture":"#1"},"south":{"uv":[15,4,15.5,7.85],"texture":"#1"},"west":{"uv":[7,8,0,11.75],"texture":"#2"},"up":{"uv":[14.375,7,15,0],"texture":"#1"},"down":{"uv":[15.5,7,16,14],"texture":"#1"}}},{"from":[1,5,14.9],"to":[15,13,17],"rotation":{"angle":0,"axis":"y","origin":[13,5,14.9]},"faces":{"north":{"uv":[9,12,16,16],"texture":"#3"},"east":{"uv":[8,12,9,16],"texture":"#2"},"south":{"uv":[9,12,16,16],"texture":"#2"},"west":{"uv":[8,12,9,16],"texture":"#2"},"up":{"uv":[9,11,16,12],"texture":"#2"},"down":{"uv":[9,11,16,12],"texture":"#2"}}},{"from":[2.5,13,14.9],"to":[13.5,19.5,17],"rotation":{"angle":0,"axis":"y","origin":[13,13,14.9]},"faces":{"north":{"uv":[0,12.75,5.5,16],"texture":"#3"},"east":{"uv":[5.5,12.75,6.5,16],"texture":"#2"},"south":{"uv":[0,12.75,5.5,16],"texture":"#2"},"west":{"uv":[5.5,12.75,6.5,16],"texture":"#2"},"up":{"uv":[0,11.75,5.5,12.75],"texture":"#2"},"down":{"uv":[0,11.75,5.5,12.75],"texture":"#2"}}},{"from":[3,14.6,15],"to":[11,22.6,16.9],"rotation":{"angle":-45,"axis":"z","origin":[8.5,17.85,16]},"faces":{"north":{"uv":[12,0,16,4],"texture":"#2"},"east":{"uv":[12,4,16,5],"texture":"#2"},"south":{"uv":[12,0,16,4],"texture":"#2"},"west":{"uv":[11,4,12,0],"texture":"#2"},"up":{"uv":[11,0,12,4],"rotation":90,"texture":"#2"},"down":{"uv":[12,4,16,5],"texture":"#2"}}},{"from":[-0.3,12.7,14.9],"to":[3.7,20.7,16.9],"rotation":{"angle":-22.5,"axis":"z","origin":[-1.3,12.7,14.9]},"faces":{"north":{"uv":[12,5,10,9],"texture":"#2"},"east":{"uv":[10,5,9,9],"texture":"#2"},"south":{"uv":[12,5,10,9],"texture":"#2"},"west":{"uv":[10,5,9,9],"texture":"#2"},"up":{"uv":[12,4,10,5],"texture":"#2"},"down":{"uv":[10,5,12,4],"texture":"#2"}}},{"from":[4.8,0.7,1],"to":[5.8,4.7,15],"rotation":{"angle":-45,"axis":"z","origin":[11.8,14.7,17.5]},"faces":{"north":{"uv":[15.5,7.875,15,9.875],"texture":"#1"},"east":{"uv":[11,7,13,0],"rotation":90,"texture":"#1"},"south":{"uv":[15.5,7.875,15,9.875],"texture":"#1"},"west":{"uv":[11,4,4,6],"texture":"#1"},"up":{"uv":[16,14,15.5,7],"texture":"#1"},"down":{"uv":[15,7,14.5,14],"texture":"#1"}}},{"from":[6.2,12.3,1],"to":[7.2,20,15],"rotation":{"angle":-45,"axis":"z","origin":[13.2,20.3,17.5]},"faces":{"north":{"uv":[15.5,4,15,7.85],"texture":"#1"},"east":{"uv":[0,8,7,11.75],"texture":"#2"},"south":{"uv":[15.5,4,15,7.85],"texture":"#1"},"west":{"uv":[7,12.25,0,16],"texture":"#1"},"up":{"uv":[15,7,14.375,0],"texture":"#1"},"down":{"uv":[16,7,15.5,14],"texture":"#1"}}},{"from":[-10.1,3.7,1],"to":[-9.1,11.7,15],"rotation":{"angle":45,"axis":"z","origin":[-3.1,19.7,17.5]},"faces":{"north":{"uv":[15.5,9.875,15,13.875],"texture":"#1"},"east":{"uv":[14,12,7,16],"texture":"#1"},"south":{"uv":[13.875,0,14.375,4],"texture":"#1"},"west":{"uv":[11,6,4,10],"texture":"#1"},"up":{"uv":[16,14,15.5,7],"texture":"#1"},"down":{"uv":[16,7,15.5,14],"texture":"#1"}}},{"from":[9,5.5,14.9],"to":[14,13.5,16.9],"rotation":{"angle":-45,"axis":"z","origin":[12,5.5,14.9]},"faces":{"north":{"uv":[8.5,0,11,4],"texture":"#2"},"east":{"uv":[8,5,9,9],"texture":"#2"},"south":{"uv":[8.5,0,11,4],"texture":"#2"},"west":{"uv":[8,5,9,9],"texture":"#2"},"up":{"uv":[9.5,4,12,5],"texture":"#2"},"down":{"uv":[12,5,14.5,6],"texture":"#2"}}},{"from":[12.3,12.7,14.9],"to":[16.3,20.7,16.9],"rotation":{"angle":22.5,"axis":"z","origin":[17.3,12.7,14.9]},"faces":{"north":{"uv":[10,5,12,9],"texture":"#2"},"east":{"uv":[9,5,10,9],"texture":"#2"},"south":{"uv":[10,5,12,9],"texture":"#2"},"west":{"uv":[9,5,10,9],"texture":"#2"},"up":{"uv":[10,4,12,5],"texture":"#2"},"down":{"uv":[10,4,12,5],"texture":"#2"}}},{"from":[12.5,4.5,17.1],"to":[16.5,14.5,17.1],"rotation":{"angle":0,"axis":"y","origin":[14.5,9.5,16.9]},"faces":{"north":{"uv":[8.5,0,10.5,5],"texture":"#0"},"east":{"uv":[0,0,0,3.5],"texture":"#0"},"south":{"uv":[10.5,0,8.5,5],"texture":"#0"},"west":{"uv":[0,0,0,3.5],"texture":"#0"},"up":{"uv":[2,0,0,0],"rotation":180,"texture":"#0"},"down":{"uv":[2,0,0,0],"rotation":180,"texture":"#0"}}},{"from":[-0.5,4.5,17.1],"to":[3.5,14.5,17.1],"rotation":{"angle":0,"axis":"y","origin":[1.5,9.5,16.9]},"faces":{"north":{"uv":[10.5,0,8.5,5],"texture":"#0"},"east":{"uv":[0,0,0,3.5],"texture":"#0"},"south":{"uv":[8.5,0,10.5,5],"texture":"#0"},"west":{"uv":[0,0,0,3.5],"texture":"#0"},"up":{"uv":[0,0,2,0],"rotation":180,"texture":"#0"},"down":{"uv":[0,0,2,0],"rotation":180,"texture":"#0"}}},{"from":[14,5.8,1.5],"to":[18,12.8,1.5],"rotation":{"angle":0,"axis":"y","origin":[21.5,-4,-5.5]},"faces":{"north":{"uv":[9.75,12.5,7.75,16],"texture":"#0"},"east":{"uv":[0,0,0,3.5],"texture":"#0"},"south":{"uv":[7.75,12.5,9.75,16],"texture":"#0"},"west":{"uv":[0,0,0,3.5],"texture":"#0"},"up":{"uv":[2.5,0,0,0],"texture":"#0"},"down":{"uv":[2.5,0,0,0],"texture":"#0"}}},{"from":[-2,5.8,1.5],"to":[2,12.8,1.5],"rotation":{"angle":0,"axis":"y","origin":[-5.5,-4,-5.5]},"faces":{"north":{"uv":[7.75,12.5,9.75,16],"texture":"#0"},"east":{"uv":[0,0,0,3.5],"texture":"#0"},"south":{"uv":[9.75,12.5,7.75,16],"texture":"#0"},"west":{"uv":[0,0,0,3.5],"texture":"#0"},"up":{"uv":[0,0,2.5,0],"texture":"#0"},"down":{"uv":[0,0,2.5,0],"texture":"#0"}}},{"from":[4.4,8.5,1],"to":[5.4,16.5,15],"rotation":{"angle":-22.5,"axis":"z","origin":[11.4,22.5,17.5]},"faces":{"north":{"uv":[15.5,0,15,4],"texture":"#1"},"east":{"uv":[0,0,7,4],"texture":"#2"},"south":{"uv":[15.5,0,15,4],"texture":"#1"},"west":{"uv":[11,0,4,4],"texture":"#1"},"up":{"uv":[16,7,15.5,0],"texture":"#1"},"down":{"uv":[16,0,15.5,7],"texture":"#1"}}},{"from":[-3,9,5.1],"to":[3,25,5.1],"faces":{"north":{"uv":[8,0,2,16],"texture":"#4"},"east":{"uv":[0,0,0,16],"texture":"#4"},"south":{"uv":[2,0,8,16],"texture":"#4"},"west":{"uv":[0,0,0,16],"texture":"#4"},"up":{"uv":[0,0,6,0],"texture":"#4"},"down":{"uv":[0,0,6,0],"texture":"#4"}}},{"from":[13,9,5.1],"to":[19,25,5.1],"rotation":{"angle":0,"axis":"y","origin":[16,0,0]},"faces":{"north":{"uv":[2,0,8,16],"texture":"#4"},"east":{"uv":[0,0,0,16],"texture":"#4"},"south":{"uv":[8,0,2,16],"texture":"#4"},"west":{"uv":[0,0,0,16],"texture":"#4"},"up":{"uv":[6,0,0,0],"texture":"#4"},"down":{"uv":[6,0,0,0],"texture":"#4"}}},{"from":[7.7,10,2.7],"to":[15.7,25,2.7],"rotation":{"angle":-22.5,"axis":"y","origin":[11.7,20,2.7]},"faces":{"north":{"uv":[0,0,4,7.5],"texture":"#1"},"east":{"uv":[0,0,0,11],"texture":"#1"},"south":{"uv":[4,0,0,7.5],"texture":"#1"},"west":{"uv":[0,0,0,11],"texture":"#1"},"up":{"uv":[8,0,0,0],"texture":"#1"},"down":{"uv":[8,0,0,0],"texture":"#1"}}},{"from":[0.3,10,2.7],"to":[8.3,25,2.7],"rotation":{"angle":22.5,"axis":"y","origin":[4.3,20,2.7]},"faces":{"north":{"uv":[4,0,0,7.5],"texture":"#1"},"east":{"uv":[0,0,0,11],"texture":"#1"},"south":{"uv":[0,0,4,7.5],"texture":"#1"},"west":{"uv":[0,0,0,11],"texture":"#1"},"up":{"uv":[0,0,8,0],"texture":"#1"},"down":{"uv":[0,0,8,0],"texture":"#1"}}},{"from":[5,14.5,15.5],"to":[5,23.5,20.5],"rotation":{"angle":-22.5,"axis":"y","origin":[5,18.5,14.5]},"faces":{"north":{"uv":[2.5,0,2.5,4.5],"texture":"#0"},"east":{"uv":[16,0,13.5,4.5],"texture":"#0"},"south":{"uv":[2.5,0,2.5,4.5],"texture":"#0"},"west":{"uv":[13.5,0,16,4.5],"texture":"#0"},"up":{"uv":[1,0,3.5,0],"rotation":270,"texture":"#0"},"down":{"uv":[1,0,3.5,0],"rotation":90,"texture":"#0"}}},{"from":[11,14.5,15.5],"to":[11,23.5,20.5],"rotation":{"angle":22.5,"axis":"y","origin":[11,18.5,14.5]},"faces":{"north":{"uv":[2.5,0,2.5,4.5],"texture":"#0"},"east":{"uv":[16,0,13.5,4.5],"texture":"#0"},"south":{"uv":[2.5,0,2.5,4.5],"texture":"#0"},"west":{"uv":[13.5,0,16,4.5],"texture":"#0"},"up":{"uv":[1,0,3.5,0],"rotation":270,"texture":"#0"},"down":{"uv":[1,0,3.5,0],"rotation":90,"texture":"#0"}}}],"display":{"thirdperson_righthand":{"rotation":[-0.24,3.25,7.85],"translation":[1.25,-1.25,0],"scale":[0.5,0.5,0.5]},"thirdperson_lefthand":{"rotation":[-0.24,3.25,7.85],"translation":[1.25,-1.25,0],"scale":[0.5,0.5,0.5]},"firstperson_righthand":{"rotation":[0,6,0],"scale":[0.5,0.5,0.5]},"firstperson_lefthand":{"rotation":[0,6,0],"scale":[0.5,0.5,0.5]},"ground":{"translation":[0,4.25,0],"scale":[0.5,0.5,0.5]},"gui":{"rotation":[0,-140,0],"translation":[0.25,-3,0],"scale":[0.5,0.5,0.5]},"head":{"translation":[0,-2.5,-2.25]},"fixed":{"translation":[0,0,-0.75]}},"groups":[{"name":"group","origin":[8,8,8],"color":0,"children":[0,1,2,3,4,5,6,7,8,9,10,11,12,13,14,15,16,17,18,19,20]},21,22,23,24]}