{"credit":"Made with Blockbench","texture_size":[32,32],"textures":{"0":"item/easter/texture1","1":"item/easter/powerup","particle":"item/easter/texture1"},"elements":[{"from":[7.5,3,7.5],"to":[8.5,3.5,8.5],"rotation":{"angle":0,"axis":"y","origin":[8,4.5,8]},"faces":{"north":{"uv":[2,10.25,2.5,10.5],"texture":"#0"},"east":{"uv":[1.5,10.25,2,10.5],"texture":"#0"},"south":{"uv":[2,10.25,2.5,10.5],"texture":"#0"},"west":{"uv":[1.5,10.25,2,10.5],"texture":"#0"},"up":{"uv":[1.5,9.75,2,10.25],"rotation":180,"texture":"#0"},"down":{"uv":[1.5,9.75,2,10.25],"rotation":180,"texture":"#0"}}},{"from":[5,2,6.9],"to":[11,18,6.9],"rotation":{"angle":0,"axis":"y","origin":[0,0,16]},"faces":{"north":{"uv":[8,0,2,16],"texture":"#1"},"east":{"uv":[0,0,0,16],"texture":"#1"},"south":{"uv":[2,0,8,16],"texture":"#1"},"west":{"uv":[0,0,0,16],"texture":"#1"},"up":{"uv":[0,0,6,0],"texture":"#1"},"down":{"uv":[0,0,6,0],"texture":"#1"}}},{"from":[5,2,7],"to":[11,18,7],"rotation":{"angle":0,"axis":"y","origin":[16,0,16]},"faces":{"north":{"uv":[2,0,8,16],"texture":"#1"},"east":{"uv":[0,0,0,16],"texture":"#1"},"south":{"uv":[8,0,2,16],"texture":"#1"},"west":{"uv":[0,0,0,16],"texture":"#1"},"up":{"uv":[6,0,0,0],"texture":"#1"},"down":{"uv":[6,0,0,0],"texture":"#1"}}},{"from":[5,2,9],"to":[11,18,9],"rotation":{"angle":0,"axis":"y","origin":[16,0,0]},"faces":{"north":{"uv":[2,0,8,16],"texture":"#1"},"east":{"uv":[0,0,0,16],"texture":"#1"},"south":{"uv":[8,0,2,16],"texture":"#1"},"west":{"uv":[0,0,0,16],"texture":"#1"},"up":{"uv":[6,0,0,0],"texture":"#1"},"down":{"uv":[6,0,0,0],"texture":"#1"}}},{"from":[8.8,11.3,7.4],"to":[11.8,13.6,8.6],"rotation":{"angle":0,"axis":"y","origin":[10.5,12.6,8]},"faces":{"north":{"uv":[4,8.5,5.25,10],"rotation":90,"texture":"#0"},"east":{"uv":[4.25,10,5.5,10.6],"rotation":270,"texture":"#0"},"south":{"uv":[4,10,5.25,8.5],"rotation":90,"texture":"#0"},"west":{"uv":[4.25,10,5.5,10.6],"rotation":270,"texture":"#0"},"up":{"uv":[5.25,8.5,5.75,10],"rotation":270,"texture":"#0"},"down":{"uv":[5.75,8.5,6.25,10],"rotation":270,"texture":"#0"}}},{"from":[6,5.5,7.8],"to":[7.5,9,7.8],"rotation":{"angle":22.5,"axis":"y","origin":[6.6,7,7.7]},"faces":{"north":{"uv":[1.625,0,0.875,1.75],"texture":"#0"},"east":{"uv":[0,0,0,1.5],"texture":"#0"},"south":{"uv":[0.875,0,1.625,1.75],"texture":"#0"},"west":{"uv":[0,0,0,1.5],"texture":"#0"},"up":{"uv":[6.75,0,0,0],"texture":"#0"},"down":{"uv":[6.75,0,0,0],"texture":"#0"}}},{"from":[6,5.5,8.2],"to":[7.5,9,8.2],"rotation":{"angle":-22.5,"axis":"y","origin":[6.6,7,8.3]},"faces":{"north":{"uv":[1.625,0,0.875,1.75],"texture":"#0"},"east":{"uv":[0,0,0,2],"texture":"#0"},"south":{"uv":[0.875,0,1.625,1.75],"texture":"#0"},"west":{"uv":[0,0,0,2],"texture":"#0"},"up":{"uv":[0.75,0,0,0],"texture":"#0"},"down":{"uv":[0.75,0,0,0],"texture":"#0"}}},{"from":[10.35097,11.16569,7.5],"to":[12.35097,13.26569,8.5],"rotation":{"angle":-22.5,"axis":"z","origin":[11.95097,9.86569,8]},"faces":{"north":{"uv":[5.25,7.5,4.25,8.5],"rotation":270,"texture":"#0"},"east":{"uv":[5.25,7,6.25,7.5],"rotation":270,"texture":"#0"},"south":{"uv":[5.25,8.5,4.25,7.5],"rotation":270,"texture":"#0"},"west":{"uv":[5.25,7,6.25,7.5],"rotation":270,"texture":"#0"},"up":{"uv":[5.25,7.5,5.75,8.5],"rotation":270,"texture":"#0"},"down":{"uv":[5.75,7.5,6.25,8.5],"rotation":270,"texture":"#0"}}},{"from":[11,2.7,7.6],"to":[13,4.2,8.4],"rotation":{"angle":45,"axis":"z","origin":[2.9,9.3,8]},"faces":{"north":{"uv":[2.25,6.375,3,5.375],"rotation":90,"texture":"#0"},"east":{"uv":[2.25,4.625,2.75,5.375],"texture":"#0"},"south":{"uv":[2.25,5.375,3,6.375],"rotation":90,"texture":"#0"},"west":{"uv":[2.25,6.375,3,6.775],"rotation":90,"texture":"#0"},"up":{"uv":[1.75,5.375,2.25,6.375],"rotation":90,"texture":"#0"},"down":{"uv":[1.75,6.375,2.25,7.375],"rotation":90,"texture":"#0"}}},{"from":[14.98252,8.94393,7.8],"to":[16.38252,10.94393,8.2],"rotation":{"angle":22.5,"axis":"z","origin":[16.58252,9.19393,8.15]},"faces":{"north":{"uv":[0,7.125,0.75,8.125],"texture":"#0"},"east":{"uv":[0.75,7.125,1,8.125],"texture":"#0"},"south":{"uv":[0.75,7.125,0,8.125],"texture":"#0"},"west":{"uv":[1,7.125,1.25,8.125],"texture":"#0"},"up":{"uv":[0,8.125,0.75,8.375],"texture":"#0"},"down":{"uv":[0,8.375,0.75,8.625],"texture":"#0"}}},{"from":[11.5,1.2,7.7],"to":[13,2.7,8.3],"rotation":{"angle":45,"axis":"z","origin":[2.9,9.3,8.1]},"faces":{"north":{"uv":[0,6.625,0.75,5.875],"texture":"#0"},"east":{"uv":[1,5.875,1.25,6.625],"texture":"#0"},"south":{"uv":[0.75,6.625,0,5.875],"texture":"#0"},"west":{"uv":[0.75,5.875,1,6.625],"texture":"#0"},"up":{"uv":[0,6.625,0.75,6.875],"texture":"#0"},"down":{"uv":[0,6.875,0.75,7.125],"texture":"#0"}}},{"from":[7.5,6,7.7],"to":[8.5,11,8.3],"rotation":{"angle":0,"axis":"y","origin":[0,4,6.4]},"faces":{"north":{"uv":[5.5,10,6,12.5],"texture":"#0"},"east":{"uv":[6,10,6.25,12.5],"texture":"#0"},"south":{"uv":[5.5,10,6,12.5],"texture":"#0"},"west":{"uv":[6,10,6.25,12.5],"texture":"#0"},"up":{"uv":[6,9.75,5.5,10],"texture":"#0"},"down":{"uv":[6,9.75,5.5,10],"texture":"#0"}}},{"from":[13.4,4,7.5],"to":[15.9,6.5,8.5],"rotation":{"angle":45,"axis":"z","origin":[3.6,0.5,8]},"faces":{"north":{"uv":[1.25,5.375,0,4.125],"rotation":90,"texture":"#0"},"east":{"uv":[1.25,5.875,0,5.375],"rotation":270,"texture":"#0"},"south":{"uv":[0,5.375,1.25,4.125],"rotation":270,"texture":"#0"},"west":{"uv":[1.75,5.375,1.25,4.125],"texture":"#0"},"up":{"uv":[2.25,5.375,1.75,4.125],"rotation":270,"texture":"#0"},"down":{"uv":[1.25,4.125,1.75,5.375],"rotation":270,"texture":"#0"}}},{"from":[5.4,15.5,7.5],"to":[7.9,18,8.5],"rotation":{"angle":-45,"axis":"z","origin":[3.6,13.5,8]},"faces":{"north":{"uv":[0,3.125,1.25,1.875],"rotation":90,"texture":"#0"},"east":{"uv":[0,3.625,1.25,3.125],"rotation":270,"texture":"#0"},"south":{"uv":[1.25,3.125,0,1.875],"rotation":270,"texture":"#0"},"west":{"uv":[1.75,1.875,1.25,3.125],"rotation":180,"texture":"#0"},"up":{"uv":[1.25,3.125,1.75,1.875],"rotation":270,"texture":"#0"},"down":{"uv":[1.25,3.125,0,3.625],"texture":"#0"}}},{"from":[6.4,15,7],"to":[8.4,17,9],"rotation":{"angle":-45,"axis":"z","origin":[3.6,13.5,8]},"faces":{"north":{"uv":[2,2.875,3,1.875],"rotation":90,"texture":"#0"},"east":{"uv":[2,3.875,3,2.875],"rotation":270,"texture":"#0"},"south":{"uv":[3,2.875,2,1.875],"rotation":270,"texture":"#0"},"west":{"uv":[4,3.875,3,2.875],"rotation":270,"texture":"#0"},"up":{"uv":[4,2.875,3,3.875],"rotation":180,"texture":"#0"},"down":{"uv":[2,3.875,3,2.875],"rotation":270,"texture":"#0"}}},{"from":[3.5,7.9,7.9],"to":[7.5,14.9,7.9],"rotation":{"angle":0,"axis":"y","origin":[0,-2,0.9]},"faces":{"north":{"uv":[7.75,12.5,9.75,16],"texture":"#0"},"east":{"uv":[0,0,0,3.5],"texture":"#0"},"south":{"uv":[9.75,12.5,7.75,16],"texture":"#0"},"west":{"uv":[0,0,0,3.5],"texture":"#0"},"up":{"uv":[0,0,2.5,0],"texture":"#0"},"down":{"uv":[0,0,2.5,0],"texture":"#0"}}},{"from":[8.5,7.9,7.9],"to":[12.5,14.9,7.9],"rotation":{"angle":0,"axis":"y","origin":[16,-2,0.9]},"faces":{"north":{"uv":[9.75,12.5,7.75,16],"texture":"#0"},"east":{"uv":[0,0,0,3.5],"texture":"#0"},"south":{"uv":[7.75,12.5,9.75,16],"texture":"#0"},"west":{"uv":[0,0,0,3.5],"texture":"#0"},"up":{"uv":[2.5,0,0,0],"texture":"#0"},"down":{"uv":[2.5,0,0,0],"texture":"#0"}}},{"from":[-0.38252,8.94393,7.8],"to":[1.01748,10.94393,8.1],"rotation":{"angle":-22.5,"axis":"z","origin":[-0.58252,9.19393,8.05]},"faces":{"north":{"uv":[0.75,7.125,0,8.125],"texture":"#0"},"east":{"uv":[1.25,7.125,1,8.125],"texture":"#0"},"south":{"uv":[0,7.125,0.75,8.125],"texture":"#0"},"west":{"uv":[1,7.125,0.75,8.125],"texture":"#0"},"up":{"uv":[0.75,8.125,0,8.375],"texture":"#0"},"down":{"uv":[0.75,8.375,0,8.625],"texture":"#0"}}},{"from":[3,1.2,7.7],"to":[4.5,2.7,8.2],"rotation":{"angle":-45,"axis":"z","origin":[13.1,9.3,8]},"faces":{"north":{"uv":[0.75,6.625,0,5.875],"texture":"#0"},"east":{"uv":[1,5.875,0.75,6.625],"texture":"#0"},"south":{"uv":[0,6.625,0.75,5.875],"texture":"#0"},"west":{"uv":[1.25,5.875,1,6.625],"texture":"#0"},"up":{"uv":[0.75,6.625,0,6.875],"texture":"#0"},"down":{"uv":[0.75,6.875,0,7.125],"texture":"#0"}}},{"from":[3,2.7,7.6],"to":[5,4.2,8.4],"rotation":{"angle":-45,"axis":"z","origin":[13.1,9.3,8]},"faces":{"north":{"uv":[2.25,5.375,3,6.375],"rotation":90,"texture":"#0"},"east":{"uv":[2.25,6.775,3,6.375],"rotation":90,"texture":"#0"},"south":{"uv":[2.25,6.375,3,5.375],"rotation":90,"texture":"#0"},"west":{"uv":[2.75,4.625,2.25,5.375],"texture":"#0"},"up":{"uv":[1.75,6.375,2.25,5.375],"rotation":90,"texture":"#0"},"down":{"uv":[1.75,7.375,2.25,6.375],"rotation":90,"texture":"#0"}}},{"from":[3.64903,11.16569,7.5],"to":[5.64903,13.26569,8.5],"rotation":{"angle":22.5,"axis":"z","origin":[4.04903,9.86569,8]},"faces":{"north":{"uv":[5.25,8.5,4.25,7.5],"rotation":270,"texture":"#0"},"east":{"uv":[5.25,7.5,6.25,7],"rotation":270,"texture":"#0"},"south":{"uv":[5.25,7.5,4.25,8.5],"rotation":270,"texture":"#0"},"west":{"uv":[5.25,7.5,6.25,7],"rotation":270,"texture":"#0"},"up":{"uv":[5.25,8.5,5.75,7.5],"rotation":270,"texture":"#0"},"down":{"uv":[5.75,8.5,6.25,7.5],"rotation":270,"texture":"#0"}}},{"from":[4.2,11.3,7.4],"to":[7.2,13.6,8.6],"rotation":{"angle":0,"axis":"y","origin":[5.5,12.6,8]},"faces":{"north":{"uv":[4,10,5.25,8.5],"rotation":90,"texture":"#0"},"east":{"uv":[4.25,10.6,5.5,10],"rotation":270,"texture":"#0"},"south":{"uv":[4,8.5,5.25,10],"rotation":90,"texture":"#0"},"west":{"uv":[4.25,10.6,5.5,10],"rotation":270,"texture":"#0"},"up":{"uv":[5.25,10,5.75,8.5],"rotation":270,"texture":"#0"},"down":{"uv":[5.75,10,6.25,8.5],"rotation":270,"texture":"#0"}}},{"from":[8.5,5.5,8.2],"to":[10,9,8.2],"rotation":{"angle":22.5,"axis":"y","origin":[9.4,7,8.3]},"faces":{"north":{"uv":[0.875,0,1.625,1.75],"texture":"#0"},"east":{"uv":[0,0,0,2],"texture":"#0"},"south":{"uv":[1.625,0,0.875,1.75],"texture":"#0"},"west":{"uv":[0,0,0,2],"texture":"#0"},"up":{"uv":[0,0,0.75,0],"texture":"#0"},"down":{"uv":[0,0,0.75,0],"texture":"#0"}}},{"from":[9,2.3,7.7],"to":[10,2.8,8.3],"rotation":{"angle":0,"axis":"y","origin":[7,-4,8]},"faces":{"north":{"uv":[2.5,12,2.75,12.5],"rotation":90,"texture":"#0"},"east":{"uv":[2.25,12.75,2.5,12.5],"rotation":90,"texture":"#0"},"south":{"uv":[2.75,12,2.5,12.5],"rotation":270,"texture":"#0"},"west":{"uv":[2.25,12.75,2.5,12.5],"rotation":90,"texture":"#0"},"up":{"uv":[2.25,12.5,2.5,12],"rotation":270,"texture":"#0"},"down":{"uv":[2.75,12.5,3,12],"rotation":270,"texture":"#0"}}},{"from":[9.9,3.8,7.8],"to":[10.4,4.3,8.2],"rotation":{"angle":22.5,"axis":"z","origin":[10.25,4,8]},"faces":{"north":{"uv":[3.25,16,3.5,15.75],"rotation":90,"texture":"#0"},"east":{"uv":[3.5,16,3.75,15.75],"rotation":90,"texture":"#0"},"south":{"uv":[3.5,15.75,3.25,16],"rotation":270,"texture":"#0"},"west":{"uv":[3.5,16,3.75,15.75],"rotation":90,"texture":"#0"},"up":{"uv":[4.25,16,4.5,15.75],"rotation":270,"texture":"#0"},"down":{"uv":[3,16,3.25,15.75],"rotation":270,"texture":"#0"}}},{"from":[9,3.7,7.7],"to":[10,4.2,8.3],"rotation":{"angle":0,"axis":"y","origin":[7,-4,8]},"faces":{"north":{"uv":[3.75,15.625,3.5,15.125],"rotation":90,"texture":"#0"},"east":{"uv":[3.75,15.375,4,15.125],"rotation":90,"texture":"#0"},"south":{"uv":[3.5,15.125,3.75,15.625],"rotation":270,"texture":"#0"},"west":{"uv":[3.75,15.375,4,15.125],"rotation":90,"texture":"#0"},"up":{"uv":[4,15.625,4.25,15.125],"rotation":270,"texture":"#0"},"down":{"uv":[3.25,15.625,3.5,15.125],"rotation":270,"texture":"#0"}}},{"from":[9.95,4.05,7.9],"to":[10.45,4.55,8.1],"rotation":{"angle":-45,"axis":"z","origin":[10.25,4,8]},"faces":{"north":{"uv":[4.25,15.75,4,16],"texture":"#0"},"east":{"uv":[3.85,15.75,3.75,16],"texture":"#0"},"south":{"uv":[4,16,4.25,15.75],"texture":"#0"},"west":{"uv":[3.975,15.75,3.875,16],"texture":"#0"},"up":{"uv":[3.5,15.625,3.25,15.725],"rotation":180,"texture":"#0"},"down":{"uv":[3.5,15.625,3.25,15.725],"rotation":180,"texture":"#0"}}},{"from":[6.6,5.5,7.7],"to":[8.1,9,7.7],"rotation":{"angle":22.5,"axis":"y","origin":[6.8,6.5,7.7]},"faces":{"north":{"uv":[0.875,0,0.125,1.75],"texture":"#0"},"east":{"uv":[0,0,0,1.5],"texture":"#0"},"south":{"uv":[0.125,0,0.875,1.75],"texture":"#0"},"west":{"uv":[0,0,0,1.5],"texture":"#0"},"up":{"uv":[6.75,0,0,0],"texture":"#0"},"down":{"uv":[6.75,0,0,0],"texture":"#0"}}},{"from":[7.9,5.5,7.7],"to":[9.4,9,7.7],"rotation":{"angle":-22.5,"axis":"y","origin":[9.2,6.5,7.7]},"faces":{"north":{"uv":[0.125,0,0.875,1.75],"texture":"#0"},"east":{"uv":[0,0,0,1.5],"texture":"#0"},"south":{"uv":[0.875,0,0.125,1.75],"texture":"#0"},"west":{"uv":[0,0,0,1.5],"texture":"#0"},"up":{"uv":[0,0,6.75,0],"texture":"#0"},"down":{"uv":[0,0,6.75,0],"texture":"#0"}}},{"from":[7.9,5.5,8.3],"to":[9.4,9,8.3],"rotation":{"angle":22.5,"axis":"y","origin":[9.2,6.5,8.3]},"faces":{"north":{"uv":[0.125,0,0.875,1.75],"texture":"#0"},"east":{"uv":[0,0,0,1.5],"texture":"#0"},"south":{"uv":[0.875,0,0.125,1.75],"texture":"#0"},"west":{"uv":[0,0,0,1.5],"texture":"#0"},"up":{"uv":[0,0,6.75,0],"texture":"#0"},"down":{"uv":[0,0,6.75,0],"texture":"#0"}}},{"from":[6.6,5.5,8.3],"to":[8.1,9,8.3],"rotation":{"angle":-22.5,"axis":"y","origin":[6.8,6.5,8.3]},"faces":{"north":{"uv":[0.875,0,0.125,1.75],"texture":"#0"},"east":{"uv":[0,0,0,1.5],"texture":"#0"},"south":{"uv":[0.125,0,0.875,1.75],"texture":"#0"},"west":{"uv":[0,0,0,1.5],"texture":"#0"},"up":{"uv":[6.75,0,0,0],"texture":"#0"},"down":{"uv":[6.75,0,0,0],"texture":"#0"}}},{"from":[8.5,5.5,7.8],"to":[10,9,7.8],"rotation":{"angle":-22.5,"axis":"y","origin":[9.4,7,7.7]},"faces":{"north":{"uv":[0.875,0,1.625,1.75],"texture":"#0"},"east":{"uv":[0,0,0,1.5],"texture":"#0"},"south":{"uv":[1.625,0,0.875,1.75],"texture":"#0"},"west":{"uv":[0,0,0,1.5],"texture":"#0"},"up":{"uv":[0,0,6.75,0],"texture":"#0"},"down":{"uv":[0,0,6.75,0],"texture":"#0"}}},{"from":[5.55,4.05,7.9],"to":[6.05,4.55,8.1],"rotation":{"angle":45,"axis":"z","origin":[5.75,4,8]},"faces":{"north":{"uv":[4,15.75,4.25,16],"texture":"#0"},"east":{"uv":[3.875,15.75,3.975,16],"texture":"#0"},"south":{"uv":[4.25,16,4,15.75],"texture":"#0"},"west":{"uv":[3.75,15.75,3.85,16],"texture":"#0"},"up":{"uv":[3.25,15.625,3.5,15.725],"rotation":180,"texture":"#0"},"down":{"uv":[3.25,15.625,3.5,15.725],"rotation":180,"texture":"#0"}}},{"from":[6,3.7,7.7],"to":[7,4.2,8.3],"rotation":{"angle":0,"axis":"y","origin":[9,-4,8]},"faces":{"north":{"uv":[3.75,15.125,3.5,15.625],"rotation":90,"texture":"#0"},"east":{"uv":[3.75,15.125,4,15.375],"rotation":90,"texture":"#0"},"south":{"uv":[3.5,15.625,3.75,15.125],"rotation":270,"texture":"#0"},"west":{"uv":[3.75,15.125,4,15.375],"rotation":90,"texture":"#0"},"up":{"uv":[4,15.125,4.25,15.625],"rotation":270,"texture":"#0"},"down":{"uv":[3.25,15.125,3.5,15.625],"rotation":270,"texture":"#0"}}},{"from":[5.6,3.8,7.8],"to":[6.1,4.3,8.2],"rotation":{"angle":-22.5,"axis":"z","origin":[5.75,4,8]},"faces":{"north":{"uv":[3.25,15.75,3.5,16],"rotation":90,"texture":"#0"},"east":{"uv":[3.5,15.75,3.75,16],"rotation":90,"texture":"#0"},"south":{"uv":[3.5,16,3.25,15.75],"rotation":270,"texture":"#0"},"west":{"uv":[3.5,15.75,3.75,16],"rotation":90,"texture":"#0"},"up":{"uv":[4.25,15.75,4.5,16],"rotation":270,"texture":"#0"},"down":{"uv":[3,15.75,3.25,16],"rotation":270,"texture":"#0"}}},{"from":[7.1,4.5,7.3],"to":[8.9,5,8.7],"rotation":{"angle":0,"axis":"y","origin":[9,-5,8]},"faces":{"north":{"uv":[1.75,11.5,2,12.5],"rotation":90,"texture":"#0"},"east":{"uv":[2,11.75,2.25,12.5],"rotation":90,"texture":"#0"},"south":{"uv":[1.75,11.5,2,12.5],"rotation":90,"texture":"#0"},"west":{"uv":[2,11.75,2.25,12.5],"rotation":90,"texture":"#0"},"up":{"uv":[1,11.5,1.75,12.5],"rotation":270,"texture":"#0"},"down":{"uv":[1,11.5,1.75,12.5],"rotation":270,"texture":"#0"}}},{"from":[7,3.5,7.2],"to":[9,4.5,8.8],"rotation":{"angle":0,"axis":"y","origin":[9,-4,8]},"faces":{"north":{"uv":[3,12.75,3.5,13.75],"rotation":90,"texture":"#0"},"east":{"uv":[3.75,13.875,4.25,14.625],"rotation":90,"texture":"#0"},"south":{"uv":[3.5,13.75,3,12.75],"rotation":270,"texture":"#0"},"west":{"uv":[3.75,13.875,4.25,14.625],"rotation":90,"texture":"#0"},"up":{"uv":[2.25,12.75,3,13.75],"rotation":270,"texture":"#0"},"down":{"uv":[2.25,12.75,3,13.75],"rotation":270,"texture":"#0"}}},{"from":[6,2.3,7.7],"to":[7,2.8,8.3],"rotation":{"angle":0,"axis":"y","origin":[9,-4,8]},"faces":{"north":{"uv":[2.5,12.5,2.75,12],"rotation":90,"texture":"#0"},"east":{"uv":[2.25,12.5,2.5,12.75],"rotation":90,"texture":"#0"},"south":{"uv":[2.75,12.5,2.5,12],"rotation":270,"texture":"#0"},"west":{"uv":[2.25,12.5,2.5,12.75],"rotation":90,"texture":"#0"},"up":{"uv":[2.25,12,2.5,12.5],"rotation":270,"texture":"#0"},"down":{"uv":[2.75,12,3,12.5],"rotation":270,"texture":"#0"}}},{"from":[7.5,-5.5,7.5],"to":[8.5,-5,8.5],"rotation":{"angle":0,"axis":"y","origin":[9,27,8]},"faces":{"north":{"uv":[4,14.625,3.75,15.125],"rotation":90,"texture":"#0"},"east":{"uv":[4.25,14.625,4,15.125],"rotation":90,"texture":"#0"},"south":{"uv":[3.75,15.125,4,14.625],"rotation":270,"texture":"#0"},"west":{"uv":[4.25,14.625,4,15.125],"rotation":90,"texture":"#0"},"up":{"uv":[3.75,14.625,3.25,15.125],"rotation":270,"texture":"#0"},"down":{"uv":[3.75,14.625,3.25,15.125],"rotation":270,"texture":"#0"}}},{"from":[7,-5,7.3],"to":[9,-4.5,8.7],"rotation":{"angle":0,"axis":"y","origin":[9,27,8]},"faces":{"north":{"uv":[2,12.5,1.75,13.5],"rotation":90,"texture":"#0"},"east":{"uv":[2.25,12.5,2,13.25],"rotation":90,"texture":"#0"},"south":{"uv":[1.75,13.5,2,12.5],"rotation":270,"texture":"#0"},"west":{"uv":[2.25,12.5,2,13.25],"rotation":90,"texture":"#0"},"up":{"uv":[1.75,12.5,1,13.5],"rotation":270,"texture":"#0"},"down":{"uv":[1.75,12.5,1,13.5],"rotation":270,"texture":"#0"}}},{"from":[7,-3.5,7.3],"to":[9,-3,8.7],"rotation":{"angle":0,"axis":"y","origin":[9,-5,8]},"faces":{"north":{"uv":[2.75,15,3,16],"rotation":90,"texture":"#0"},"east":{"uv":[3,15,3.25,15.75],"rotation":90,"texture":"#0"},"south":{"uv":[3,16,2.75,15],"rotation":270,"texture":"#0"},"west":{"uv":[3,15,3.25,15.75],"rotation":90,"texture":"#0"},"up":{"uv":[2,15,2.75,16],"rotation":270,"texture":"#0"},"down":{"uv":[2,15,2.75,16],"rotation":270,"texture":"#0"}}},{"from":[7.5,-3,7.5],"to":[8.5,2,8.5],"rotation":{"angle":0,"axis":"y","origin":[8,4.5,8]},"faces":{"north":{"uv":[1.5,13.5,2,16],"texture":"#0"},"east":{"uv":[1,13.5,1.5,16],"texture":"#0"},"south":{"uv":[1.5,13.5,2,16],"texture":"#0"},"west":{"uv":[1,13.5,1.5,16],"texture":"#0"},"up":{"uv":[0,13,0.5,13.5],"rotation":180,"texture":"#0"},"down":{"uv":[0.5,13,1,13.5],"rotation":180,"texture":"#0"}}},{"from":[6.75,-4.5,7.2],"to":[9.25,-3.5,8.8],"rotation":{"angle":0,"axis":"y","origin":[9,-5,8]},"faces":{"north":{"uv":[2.75,13.75,3.25,15],"rotation":90,"texture":"#0"},"east":{"uv":[3.25,13.75,3.75,14.5],"rotation":90,"texture":"#0"},"south":{"uv":[3.25,15,2.75,13.75],"rotation":270,"texture":"#0"},"west":{"uv":[3.25,13.75,3.75,14.5],"rotation":90,"texture":"#0"},"up":{"uv":[2,13.75,2.75,15],"rotation":270,"texture":"#0"},"down":{"uv":[2.75,13.75,2,15],"rotation":270,"texture":"#0"}}},{"from":[7,2,7.2],"to":[9,3,8.8],"rotation":{"angle":0,"axis":"y","origin":[9,-4,8]},"faces":{"north":{"uv":[1.75,10.5,2.25,11.5],"rotation":90,"texture":"#0"},"east":{"uv":[1,9.75,1.5,10.5],"rotation":90,"texture":"#0"},"south":{"uv":[2.25,11.5,1.75,10.5],"rotation":270,"texture":"#0"},"west":{"uv":[1,9.75,1.5,10.5],"rotation":90,"texture":"#0"},"up":{"uv":[1,10.5,1.75,11.5],"rotation":270,"texture":"#0"},"down":{"uv":[0.25,10.5,1,11.5],"rotation":270,"texture":"#0"}}},{"from":[7.5,5,7.7],"to":[8.5,6,8.3],"rotation":{"angle":0,"axis":"y","origin":[0,4,6.4]},"faces":{"north":{"uv":[0,15.25,0.5,15.75],"texture":"#0"},"east":{"uv":[0.5,15.25,0.75,15.75],"texture":"#0"},"south":{"uv":[0,15.25,0.5,15.75],"texture":"#0"},"west":{"uv":[0.5,15.25,0.75,15.75],"texture":"#0"},"up":{"uv":[0.5,15.75,0,16],"texture":"#0"},"down":{"uv":[0.5,15.75,0,16],"texture":"#0"}}},{"from":[5,2,9.1],"to":[11,18,9.1],"faces":{"north":{"uv":[8,0,2,16],"texture":"#1"},"east":{"uv":[0,0,0,16],"texture":"#1"},"south":{"uv":[2,0,8,16],"texture":"#1"},"west":{"uv":[0,0,0,16],"texture":"#1"},"up":{"uv":[0,0,6,0],"texture":"#1"},"down":{"uv":[0,0,6,0],"texture":"#1"}}}],"display":{"thirdperson_righthand":{"rotation":[0,110,0],"translation":[0,4.25,2.25]},"thirdperson_lefthand":{"rotation":[180,-110,180],"translation":[0,3.25,1.75],"scale":[0.7,0.7,0.7]},"firstperson_righthand":{"rotation":[-175.56,80,170],"translation":[0.5,5.5,0.5],"scale":[0.5,0.5,0.5]},"firstperson_lefthand":{"rotation":[-175.56,-80,-170],"translation":[0.5,5,0.5],"scale":[0.5,0.5,0.5]},"ground":{"translation":[0,9.75,0],"scale":[0.5,0.5,0.5]},"gui":{"rotation":[0,0,-45],"translation":[0.5,0.75,-2],"scale":[0.7,0.7,0.7]},"head":{"rotation":[-135.5,0,0],"translation":[0,20.5,4.75],"scale":[0.7,0.7,0.7]},"fixed":{"rotation":[-179.03,0.22,143],"translation":[2,1.5,-2.25],"scale":[0.7,0.7,0.7]}},"groups":[{"name":"group","origin":[7,-8,8],"color":0,"children":[0,1,2,3,4,5,6,7,8,9,10,11,12,13,14,15,16,17,18,19,20,21,22,23,24,25,26,27,28,29,30,31,32,33,34,35,36,37,38,39,40,41,42,43,44,45]}]}