{"credit":"Made with Blockbench","textures":{"5":"item/easter/texture6","8":"item/easter/texture9","9":"item/easter/texture10","10":"item/easter/egg","particle":"item/easter/texture1"},"elements":[{"from":[2,19,2],"to":[8,20,14],"faces":{"north":{"uv":[6.5,6,3.5,6.5],"texture":"#9"},"east":{"uv":[6.5,6,7,0],"rotation":90,"texture":"#9"},"south":{"uv":[6.5,6,3.5,6.5],"texture":"#9"},"west":{"uv":[6.5,6,7,0],"rotation":90,"texture":"#9"},"up":{"uv":[3.5,0,6.5,6],"texture":"#9"},"down":{"uv":[3.5,0,6.5,6],"texture":"#9"}}},{"from":[1,15,1],"to":[8,19,1],"rotation":{"angle":0,"axis":"y","origin":[16,0,0]},"faces":{"north":{"uv":[8.375,0,11.875,2],"texture":"#8"},"east":{"uv":[7,0,13.5,0],"texture":"#8"},"south":{"uv":[11.875,0,8.375,2],"texture":"#8"},"west":{"uv":[7,0,13.5,0],"texture":"#8"},"up":{"uv":[9,9,16,9],"texture":"#8"},"down":{"uv":[9,9,16,9],"texture":"#8"}}},{"from":[15,12,1],"to":[15,19,15],"rotation":{"angle":0,"axis":"y","origin":[8,19,17.5]},"faces":{"north":{"uv":[0,0,0,3.5],"texture":"#8"},"east":{"uv":[11.875,2,4.875,5.5],"texture":"#8"},"south":{"uv":[0,0,0,3.5],"texture":"#8"},"west":{"uv":[11.875,2,4.875,5.5],"texture":"#8"},"up":{"uv":[0,7,0,0],"texture":"#8"},"down":{"uv":[0,0,0,7],"texture":"#8"}}},{"from":[8,19,1],"to":[15,19,15],"rotation":{"angle":0,"axis":"y","origin":[16,0,0]},"faces":{"north":{"uv":[0,0,7,0],"texture":"#9"},"east":{"uv":[0,0,14,0],"texture":"#9"},"south":{"uv":[0,0,7,0],"texture":"#9"},"west":{"uv":[0,0,14,0],"texture":"#9"},"up":{"uv":[3.5,7,0,0],"texture":"#9"},"down":{"uv":[3.5,0,0,7],"texture":"#9"}}},{"from":[8,12,15],"to":[15,19,15],"rotation":{"angle":0,"axis":"y","origin":[8,19,17.5]},"faces":{"north":{"uv":[4.25,13,7.75,9.5],"rotation":180,"texture":"#8"},"east":{"uv":[27,0,14,0],"rotation":90,"texture":"#8"},"south":{"uv":[7.75,9.5,4.25,13],"texture":"#8"},"west":{"uv":[27,0,14,0],"rotation":270,"texture":"#8"},"up":{"uv":[14,0,28,0],"rotation":180,"texture":"#8"},"down":{"uv":[14,0,28,0],"texture":"#8"}}},{"from":[3,20,3],"to":[8,21,13],"faces":{"north":{"uv":[9,6,6.5,6.5],"texture":"#9"},"east":{"uv":[8.5,6.5,3.5,7],"texture":"#9"},"south":{"uv":[9,6,6.5,6.5],"texture":"#9"},"west":{"uv":[8.5,6.5,3.5,7],"texture":"#9"},"up":{"uv":[7,0,9.5,5],"texture":"#9"},"down":{"uv":[7,0,9.5,5],"texture":"#9"}}},{"from":[6,21,6],"to":[10,21.5,10],"faces":{"north":{"uv":[11.5,0,13.5,0.25],"texture":"#9"},"east":{"uv":[13.5,0.25,13.75,2.25],"rotation":90,"texture":"#9"},"south":{"uv":[11.5,0,13.5,0.25],"texture":"#9"},"west":{"uv":[13.5,0.25,13.75,2.25],"rotation":90,"texture":"#9"},"up":{"uv":[11.5,0.25,13.5,2.25],"texture":"#9"},"down":{"uv":[11.5,0.25,13.5,2.25],"texture":"#9"}}},{"from":[5.5,21.5,5.5],"to":[10.5,22,10.5],"faces":{"north":{"uv":[11.5,4.75,14,5],"texture":"#9"},"east":{"uv":[14,2.25,14.25,4.75],"rotation":90,"texture":"#9"},"south":{"uv":[11.5,4.75,14,5],"texture":"#9"},"west":{"uv":[14,2.25,14.25,4.75],"rotation":90,"texture":"#9"},"up":{"uv":[11.5,2.25,14,4.75],"texture":"#9"},"down":{"uv":[11.5,2.25,14,4.75],"texture":"#9"}}},{"from":[5,22,5],"to":[11,26.5,11],"faces":{"north":{"uv":[10,13.75,13,16],"texture":"#9"},"east":{"uv":[10,13.75,13,16],"texture":"#9"},"south":{"uv":[10,13.75,13,16],"texture":"#9"},"west":{"uv":[10,13.75,13,16],"texture":"#9"},"up":{"uv":[13,10.75,16,13.75],"texture":"#9"},"down":{"uv":[10,10.75,13,13.75],"texture":"#9"}}},{"from":[5.5,26.5,5.5],"to":[10.5,28,10.5],"faces":{"north":{"uv":[13.5,7.5,16,8.25],"texture":"#9"},"east":{"uv":[12.75,8.25,13.5,10.75],"rotation":90,"texture":"#9"},"south":{"uv":[13.5,7.5,16,8.25],"texture":"#9"},"west":{"uv":[12.75,8.25,13.5,10.75],"rotation":90,"texture":"#9"},"up":{"uv":[13.5,8.25,16,10.75],"texture":"#9"},"down":{"uv":[13.5,8.25,16,10.75],"texture":"#9"}}},{"from":[6,28,6],"to":[10,28.5,10],"faces":{"north":{"uv":[10.75,8.5,12.75,8.75],"texture":"#9"},"east":{"uv":[10.5,8.75,10.75,10.75],"rotation":90,"texture":"#9"},"south":{"uv":[10.75,8.5,12.75,8.75],"texture":"#9"},"west":{"uv":[10.5,8.75,10.75,10.75],"rotation":90,"texture":"#9"},"up":{"uv":[10.75,8.75,12.75,10.75],"texture":"#9"},"down":{"uv":[10.75,8.75,12.75,10.75],"texture":"#9"}}},{"from":[14,5,6.5],"to":[16,7,9.5],"rotation":{"angle":0,"axis":"y","origin":[8,19,17.5]},"faces":{"north":{"uv":[5,10,6,11],"texture":"#9"},"east":{"uv":[6.5,9,5,10],"texture":"#9"},"south":{"uv":[5,10,6,11],"texture":"#9"},"west":{"uv":[6.5,9,5,10],"texture":"#9"},"up":{"uv":[7,9.625,8,8.125],"texture":"#9"},"down":{"uv":[7,8.125,8,9.625],"texture":"#9"}}},{"from":[14,7,6],"to":[16,9,10],"rotation":{"angle":0,"axis":"y","origin":[8,19,17.5]},"faces":{"north":{"uv":[6,8,7,9],"texture":"#9"},"east":{"uv":[8,7,6,8],"texture":"#9"},"south":{"uv":[6,8,7,9],"texture":"#9"},"west":{"uv":[8,7,6,8],"texture":"#9"},"up":{"uv":[5,9,6,7],"texture":"#9"},"down":{"uv":[5,7,6,9],"texture":"#9"}}},{"from":[14,9,5],"to":[16,18,11],"rotation":{"angle":0,"axis":"y","origin":[8,19,17.5]},"faces":{"north":{"uv":[4,7,5,11.5],"texture":"#9"},"east":{"uv":[4,7,1,11.5],"texture":"#9"},"south":{"uv":[4,7,5,11.5],"texture":"#9"},"west":{"uv":[4,7,1,11.5],"texture":"#9"},"up":{"uv":[0,10,1,7],"texture":"#9"},"down":{"uv":[0,10,1,13],"texture":"#9"}}},{"from":[8,11,15],"to":[15,12,16],"rotation":{"angle":0,"axis":"y","origin":[8,19,17.5]},"faces":{"north":{"uv":[2,12.875,5.5,13.375],"texture":"#9"},"east":{"uv":[1.5,14.75,2,15.25],"texture":"#9"},"south":{"uv":[2,12.875,5.5,13.375],"texture":"#9"},"west":{"uv":[1.5,14.75,2,15.25],"texture":"#9"},"up":{"uv":[2,14.375,5.5,13.875],"texture":"#9"},"down":{"uv":[2,13.375,5.5,13.875],"texture":"#9"}}},{"from":[15,11,11],"to":[16,12,16],"rotation":{"angle":0,"axis":"y","origin":[8,19,17.5]},"faces":{"north":{"uv":[1,12.125,1.5,12.625],"texture":"#9"},"east":{"uv":[3.5,11.625,1,12.125],"texture":"#9"},"south":{"uv":[1,12.125,1.5,12.625],"texture":"#9"},"west":{"uv":[3.5,11.625,1,12.125],"texture":"#9"},"up":{"uv":[0,15.5,0.5,13],"texture":"#9"},"down":{"uv":[0.5,13,1,15.5],"texture":"#9"}}},{"from":[14.9,11,1],"to":[15.9,12,5],"rotation":{"angle":0,"axis":"y","origin":[8,19,17.5]},"faces":{"north":{"uv":[1,14.75,1.5,15.25],"texture":"#9"},"east":{"uv":[3.5,12.25,1.5,12.75],"texture":"#9"},"south":{"uv":[1,14.75,1.5,15.25],"texture":"#9"},"west":{"uv":[3.5,12.25,1.5,12.75],"texture":"#9"},"up":{"uv":[1,14.75,1.5,12.75],"texture":"#9"},"down":{"uv":[1.5,12.75,2,14.75],"texture":"#9"}}},{"from":[0.5,18,8],"to":[0.5,25,16],"faces":{"north":{"uv":[0,0,0,3.5],"texture":"#5"},"east":{"uv":[16,12.5,12,16],"texture":"#5"},"south":{"uv":[0,0,0,3.5],"texture":"#5"},"west":{"uv":[12,12.5,16,16],"texture":"#5"},"up":{"uv":[0,0,0,4],"texture":"#5"},"down":{"uv":[0,0,0,4],"texture":"#5"}}},{"from":[15.5,18,8],"to":[15.5,25,16],"rotation":{"angle":0,"axis":"y","origin":[16,0,0]},"faces":{"north":{"uv":[0,0,0,3.5],"texture":"#5"},"east":{"uv":[16,12.5,12,16],"texture":"#5"},"south":{"uv":[0,0,0,3.5],"texture":"#5"},"west":{"uv":[12,12.5,16,16],"texture":"#5"},"up":{"uv":[0,0,0,4],"texture":"#5"},"down":{"uv":[0,0,0,4],"texture":"#5"}}},{"from":[8,15,1],"to":[15,19,1],"faces":{"north":{"uv":[11.875,0,8.375,2],"texture":"#8"},"east":{"uv":[13.5,0,7,0],"texture":"#8"},"south":{"uv":[8.375,0,11.875,2],"texture":"#8"},"west":{"uv":[13.5,0,7,0],"texture":"#8"},"up":{"uv":[16,9,9,9],"texture":"#8"},"down":{"uv":[16,9,9,9],"texture":"#8"}}},{"from":[1,12,15],"to":[8,19,15],"rotation":{"angle":0,"axis":"y","origin":[8,19,17.5]},"faces":{"north":{"uv":[7.75,13,4.25,9.5],"rotation":180,"texture":"#8"},"east":{"uv":[27,0,14,0],"rotation":270,"texture":"#8"},"south":{"uv":[4.25,9.5,7.75,13],"texture":"#8"},"west":{"uv":[27,0,14,0],"rotation":90,"texture":"#8"},"up":{"uv":[28,0,14,0],"rotation":180,"texture":"#8"},"down":{"uv":[28,0,14,0],"texture":"#8"}}},{"from":[1,12,1],"to":[1,19,15],"rotation":{"angle":0,"axis":"y","origin":[8,19,17.5]},"faces":{"north":{"uv":[0,0,0,3.5],"texture":"#8"},"east":{"uv":[4.875,2,11.875,5.5],"texture":"#8"},"south":{"uv":[0,0,0,3.5],"texture":"#8"},"west":{"uv":[4.875,2,11.875,5.5],"texture":"#8"},"up":{"uv":[0,7,0,0],"texture":"#8"},"down":{"uv":[0,0,0,7],"texture":"#8"}}},{"from":[1,19,1],"to":[8,19,15],"faces":{"north":{"uv":[7,0,0,0],"texture":"#9"},"east":{"uv":[14,0,0,0],"texture":"#9"},"south":{"uv":[7,0,0,0],"texture":"#9"},"west":{"uv":[14,0,0,0],"texture":"#9"},"up":{"uv":[0,7,3.5,0],"texture":"#9"},"down":{"uv":[0,0,3.5,7],"texture":"#9"}}},{"from":[8,20,3],"to":[13,21,13],"rotation":{"angle":0,"axis":"y","origin":[16,0,0]},"faces":{"north":{"uv":[6.5,6,9,6.5],"texture":"#9"},"east":{"uv":[3.5,6.5,8.5,7],"texture":"#9"},"south":{"uv":[6.5,6,9,6.5],"texture":"#9"},"west":{"uv":[3.5,6.5,8.5,7],"texture":"#9"},"up":{"uv":[9.5,0,7,5],"texture":"#9"},"down":{"uv":[9.5,0,7,5],"texture":"#9"}}},{"from":[8,19,2],"to":[14,20,14],"rotation":{"angle":0,"axis":"y","origin":[16,0,0]},"faces":{"north":{"uv":[3.5,6,6.5,6.5],"texture":"#9"},"east":{"uv":[6.5,0,7,6],"rotation":90,"texture":"#9"},"south":{"uv":[3.5,6,6.5,6.5],"texture":"#9"},"west":{"uv":[6.5,0,7,6],"rotation":90,"texture":"#9"},"up":{"uv":[6.5,0,3.5,6],"texture":"#9"},"down":{"uv":[6.5,0,3.5,6],"texture":"#9"}}},{"from":[0,11,1],"to":[1,12,5],"rotation":{"angle":0,"axis":"y","origin":[8,19,17.5]},"faces":{"north":{"uv":[1.5,14.75,1,15.25],"texture":"#9"},"east":{"uv":[1.5,12.25,3.5,12.75],"texture":"#9"},"south":{"uv":[1.5,14.75,1,15.25],"texture":"#9"},"west":{"uv":[1.5,12.25,3.5,12.75],"texture":"#9"},"up":{"uv":[1.5,14.75,1,12.75],"texture":"#9"},"down":{"uv":[2,12.75,1.5,14.75],"texture":"#9"}}},{"from":[0,11,11],"to":[1,12,16],"rotation":{"angle":0,"axis":"y","origin":[8,19,17.5]},"faces":{"north":{"uv":[1.5,12.125,1,12.625],"texture":"#9"},"east":{"uv":[1,11.625,3.5,12.125],"texture":"#9"},"south":{"uv":[1.5,12.125,1,12.625],"texture":"#9"},"west":{"uv":[1,11.625,3.5,12.125],"texture":"#9"},"up":{"uv":[0.5,15.5,0,13],"texture":"#9"},"down":{"uv":[1,13,0.5,15.5],"texture":"#9"}}},{"from":[1,11,15],"to":[8,12,16],"rotation":{"angle":0,"axis":"y","origin":[8,19,17.5]},"faces":{"north":{"uv":[5.5,12.875,2,13.375],"texture":"#9"},"east":{"uv":[2,14.75,1.5,15.25],"texture":"#9"},"south":{"uv":[5.5,12.875,2,13.375],"texture":"#9"},"west":{"uv":[2,14.75,1.5,15.25],"texture":"#9"},"up":{"uv":[5.5,14.375,2,13.875],"texture":"#9"},"down":{"uv":[5.5,13.375,2,13.875],"texture":"#9"}}},{"from":[0,9,5],"to":[2,18,11],"rotation":{"angle":0,"axis":"y","origin":[8,19,17.5]},"faces":{"north":{"uv":[5,7,4,11.5],"texture":"#9"},"east":{"uv":[1,7,4,11.5],"texture":"#9"},"south":{"uv":[5,7,4,11.5],"texture":"#9"},"west":{"uv":[1,7,4,11.5],"texture":"#9"},"up":{"uv":[1,10,0,7],"texture":"#9"},"down":{"uv":[1,10,0,13],"texture":"#9"}}},{"from":[0,7,6],"to":[2,9,10],"rotation":{"angle":0,"axis":"y","origin":[8,19,17.5]},"faces":{"north":{"uv":[7,8,6,9],"texture":"#9"},"east":{"uv":[6,7,8,8],"texture":"#9"},"south":{"uv":[7,8,6,9],"texture":"#9"},"west":{"uv":[6,7,8,8],"texture":"#9"},"up":{"uv":[6,9,5,7],"texture":"#9"},"down":{"uv":[6,7,5,9],"texture":"#9"}}},{"from":[0,5,6.5],"to":[2,7,9.5],"rotation":{"angle":0,"axis":"y","origin":[8,19,17.5]},"faces":{"north":{"uv":[6,10,5,11],"texture":"#9"},"east":{"uv":[5,9,6.5,10],"texture":"#9"},"south":{"uv":[6,10,5,11],"texture":"#9"},"west":{"uv":[5,9,6.5,10],"texture":"#9"},"up":{"uv":[8,9.625,7,8.125],"texture":"#9"},"down":{"uv":[8,8.125,7,9.625],"texture":"#9"}}},{"from":[12.6,17.2,8],"to":[17.6,23.2,8],"rotation":{"angle":45,"axis":"z","origin":[5.5,7,0]},"faces":{"north":{"uv":[5.5,12,10.5,6],"rotation":180,"texture":"#10"},"east":{"uv":[0,1,0,0],"rotation":180,"texture":"#10"},"south":{"uv":[10.5,12,5.5,6],"rotation":180,"texture":"#10"},"west":{"uv":[0,1,0,0],"rotation":180,"texture":"#10"},"up":{"uv":[0,0,1,0],"rotation":180,"texture":"#10"},"down":{"uv":[0,0,1,0],"rotation":180,"texture":"#10"}}},{"from":[-1.6,17.2,8],"to":[3.4,23.2,8],"rotation":{"angle":-45,"axis":"z","origin":[10.5,7,0]},"faces":{"north":{"uv":[10.5,12,5.5,6],"rotation":180,"texture":"#10"},"east":{"uv":[0,1,0,0],"rotation":180,"texture":"#10"},"south":{"uv":[5.5,12,10.5,6],"rotation":180,"texture":"#10"},"west":{"uv":[0,1,0,0],"rotation":180,"texture":"#10"},"up":{"uv":[1,0,0,0],"rotation":180,"texture":"#10"},"down":{"uv":[1,0,0,0],"rotation":180,"texture":"#10"}}}],"display":{"thirdperson_righthand":{"rotation":[-0.24,3.25,7.85],"translation":[1.25,-1.25,0],"scale":[0.5,0.5,0.5]},"thirdperson_lefthand":{"rotation":[-0.24,3.25,7.85],"translation":[1.25,-1.25,0],"scale":[0.5,0.5,0.5]},"firstperson_righthand":{"rotation":[0,6,0],"scale":[0.5,0.5,0.5]},"firstperson_lefthand":{"rotation":[0,6,0],"scale":[0.5,0.5,0.5]},"ground":{"translation":[0,4.25,0],"scale":[0.5,0.5,0.5]},"gui":{"rotation":[0,-145,0],"translation":[0,-4,0],"scale":[0.5,0.5,0.5]},"head":{"translation":[0,-3.75,-0.25]},"fixed":{"translation":[0,0,-0.75]}},"groups":[{"name":"group","origin":[8,8,8],"color":0,"children":[0,1,2,3,4,5,6,7,8,9,10,11,12,13,14,15,16,17,18,19,20,21,22,23,24,25,26,27,28,29,30,31,32]}]}