{"credit":"Made with Blockbench","textures":{"0":"item/easter/texture4","2":"item/easter/egg","particle":"item/easter/texture4"},"elements":[{"from":[7,-0.5,7.5],"to":[9,2.5,8.5],"rotation":{"angle":0,"axis":"y","origin":[8.5,5,8]},"faces":{"north":{"uv":[3.5,11.25,4.5,12.75],"texture":"#0"},"east":{"uv":[3,11.25,3.5,12.75],"texture":"#0"},"south":{"uv":[3.5,11.25,4.5,12.75],"texture":"#0"},"west":{"uv":[3,11.25,3.5,12.75],"texture":"#0"},"up":{"uv":[3.5,10.75,4.5,11.25],"rotation":180,"texture":"#0"},"down":{"uv":[3.5,10.75,4.5,11.25],"rotation":180,"texture":"#0"}}},{"from":[7.5,-6.5,7.5],"to":[8.5,-0.5,8.5],"rotation":{"angle":0,"axis":"y","origin":[9,2,8]},"faces":{"north":{"uv":[5,9.75,5.5,12.75],"texture":"#0"},"east":{"uv":[4.5,9.75,5,12.75],"texture":"#0"},"south":{"uv":[5,9.75,5.5,12.75],"texture":"#0"},"west":{"uv":[4.5,9.75,5,12.75],"texture":"#0"},"up":{"uv":[4.5,9.25,5,9.75],"rotation":180,"texture":"#0"},"down":{"uv":[5,9.25,5.5,9.75],"rotation":180,"texture":"#0"}}},{"from":[6.7,-6,6.7],"to":[9.3,-5,9.3],"rotation":{"angle":0,"axis":"y","origin":[9,-2.5,8.1]},"faces":{"north":{"uv":[4,1.25,5.25,1.75],"texture":"#0"},"east":{"uv":[2.75,1.25,4,1.75],"texture":"#0"},"south":{"uv":[4,1.25,5.25,1.75],"texture":"#0"},"west":{"uv":[2.75,1.25,4,1.75],"texture":"#0"},"up":{"uv":[2.75,0,4,1.25],"rotation":180,"texture":"#0"},"down":{"uv":[4,0,5.25,1.25],"rotation":180,"texture":"#0"}}},{"from":[7,-5,7],"to":[9,-4.5,9],"rotation":{"angle":0,"axis":"y","origin":[8.5,-1.5,8]},"faces":{"north":{"uv":[6.5,13.75,6.75,14.75],"rotation":90,"texture":"#0"},"east":{"uv":[5.5,13.5,6.5,13.75],"texture":"#0"},"south":{"uv":[6.5,13.75,6.75,14.75],"rotation":90,"texture":"#0"},"west":{"uv":[5.5,13.5,6.5,13.75],"texture":"#0"},"up":{"uv":[5.5,13.75,6.5,14.75],"rotation":180,"texture":"#0"},"down":{"uv":[5.5,13.75,6.5,14.75],"rotation":180,"texture":"#0"}}},{"from":[6.8,-1.9,7.6],"to":[7.8,-0.4,8.4],"rotation":{"angle":22.5,"axis":"z","origin":[7.1,0.1,8]},"faces":{"north":{"uv":[5.5,9.25,5,8.5],"texture":"#0"},"east":{"uv":[5,9.25,4.5,8.5],"texture":"#0"},"south":{"uv":[5,9.25,5.5,8.5],"texture":"#0"},"west":{"uv":[5,9.25,4.5,8.5],"texture":"#0"},"up":{"uv":[5.5,8.5,5,8],"rotation":180,"texture":"#0"},"down":{"uv":[5.5,8.5,5,8],"rotation":180,"texture":"#0"}}},{"from":[8.2,-1.9,7.6],"to":[9.2,-0.4,8.4],"rotation":{"angle":-22.5,"axis":"z","origin":[8.9,0.1,8]},"faces":{"north":{"uv":[5,9.25,5.5,8.5],"texture":"#0"},"east":{"uv":[4.5,9.25,5,8.5],"texture":"#0"},"south":{"uv":[5.5,9.25,5,8.5],"texture":"#0"},"west":{"uv":[4.5,9.25,5,8.5],"texture":"#0"},"up":{"uv":[5,8.5,5.5,8],"rotation":180,"texture":"#0"},"down":{"uv":[5,8.5,5.5,8],"rotation":180,"texture":"#0"}}},{"from":[5.5,4.5,8],"to":[8,27.5,8],"rotation":{"angle":0,"axis":"y","origin":[16,3.5,0]},"faces":{"north":{"uv":[7.75,4.5,9,16],"texture":"#0"},"east":{"uv":[0,0,0,6],"texture":"#0"},"south":{"uv":[9,4.5,7.75,16],"texture":"#0"},"west":{"uv":[0,0,0,6],"texture":"#0"},"up":{"uv":[0.5,0,0,0],"texture":"#0"},"down":{"uv":[0.5,0,0,0],"texture":"#0"}}},{"from":[8,4.5,8],"to":[10.5,27.5,8],"rotation":{"angle":0,"axis":"y","origin":[0,3.5,0]},"faces":{"north":{"uv":[9,4.5,7.75,16],"texture":"#0"},"east":{"uv":[0,0,0,6],"texture":"#0"},"south":{"uv":[7.75,4.5,9,16],"texture":"#0"},"west":{"uv":[0,0,0,6],"texture":"#0"},"up":{"uv":[0,0,0.5,0],"texture":"#0"},"down":{"uv":[0,0,0.5,0],"texture":"#0"}}},{"from":[7.5,7,7.7],"to":[8.5,26,8.3],"rotation":{"angle":0,"axis":"y","origin":[0,1,6.4]},"faces":{"north":{"uv":[2,1.25,2.5,10.75],"texture":"#0"},"east":{"uv":[2.5,1.25,2.75,10.75],"texture":"#0"},"south":{"uv":[2.5,1.25,2,10.75],"texture":"#0"},"west":{"uv":[2.5,1.25,2.75,10.75],"texture":"#0"},"up":{"uv":[3,12.5,2.5,12.75],"texture":"#0"},"down":{"uv":[3,12.5,2.5,12.75],"texture":"#0"}}},{"from":[5.6,0.5,7.6],"to":[7.6,2.5,7.6],"rotation":{"angle":22.5,"axis":"y","origin":[6.6,1.5,7.6]},"faces":{"north":{"uv":[0,10.25,1,9.25],"texture":"#0"},"east":{"uv":[0,1,0,0],"texture":"#0"},"south":{"uv":[1,10.25,0,9.25],"texture":"#0"},"west":{"uv":[0,1,0,0],"texture":"#0"},"up":{"uv":[0,0,1,0],"texture":"#0"},"down":{"uv":[0,0,1,0],"texture":"#0"}}},{"from":[5.6,0.5,8.4],"to":[7.6,2.5,8.4],"rotation":{"angle":-22.5,"axis":"y","origin":[6.6,1.5,8.4]},"faces":{"north":{"uv":[0,10.25,1,9.25],"texture":"#0"},"east":{"uv":[0,1,0,0],"texture":"#0"},"south":{"uv":[1,10.25,0,9.25],"texture":"#0"},"west":{"uv":[0,1,0,0],"texture":"#0"},"up":{"uv":[0,0,1,0],"texture":"#0"},"down":{"uv":[0,0,1,0],"texture":"#0"}}},{"from":[8.4,0.5,7.6],"to":[10.4,2.5,7.6],"rotation":{"angle":-22.5,"axis":"y","origin":[9.4,1.5,7.6]},"faces":{"north":{"uv":[1,10.25,0,9.25],"texture":"#0"},"east":{"uv":[0,1,0,0],"texture":"#0"},"south":{"uv":[0,10.25,1,9.25],"texture":"#0"},"west":{"uv":[0,1,0,0],"texture":"#0"},"up":{"uv":[1,0,0,0],"texture":"#0"},"down":{"uv":[1,0,0,0],"texture":"#0"}}},{"from":[8.4,0.5,8.4],"to":[10.4,2.5,8.4],"rotation":{"angle":22.5,"axis":"y","origin":[9.4,1.5,8.4]},"faces":{"north":{"uv":[1,10.25,0,9.25],"texture":"#0"},"east":{"uv":[0,1,0,0],"texture":"#0"},"south":{"uv":[0,10.25,1,9.25],"texture":"#0"},"west":{"uv":[0,1,0,0],"texture":"#0"},"up":{"uv":[1,0,0,0],"texture":"#0"},"down":{"uv":[1,0,0,0],"texture":"#0"}}},{"from":[7,2,7],"to":[9,4,9],"rotation":{"angle":-45,"axis":"z","origin":[8,3,8]},"faces":{"north":{"uv":[0,7.75,1,8.75],"rotation":180,"texture":"#0"},"east":{"uv":[1,7.75,2,8.75],"rotation":180,"texture":"#0"},"south":{"uv":[0,7.75,1,8.75],"rotation":90,"texture":"#0"},"west":{"uv":[1,6.75,2,7.75],"rotation":270,"texture":"#0"},"up":{"uv":[1,6.75,2,7.75],"texture":"#0"},"down":{"uv":[1,7.75,2,8.75],"rotation":270,"texture":"#0"}}},{"from":[5,3,8.4],"to":[8,6,8.4],"rotation":{"angle":0,"axis":"y","origin":[6,6,7.4]},"faces":{"north":{"uv":[5.5,16,7,14.5],"texture":"#0"},"east":{"uv":[5.5,16,5.5,14.5],"texture":"#0"},"south":{"uv":[7,16,5.5,14.5],"texture":"#0"},"west":{"uv":[5.5,16,5.5,14.5],"texture":"#0"},"up":{"uv":[5.5,13,7,13],"texture":"#0"},"down":{"uv":[5.5,13,7,13],"texture":"#0"}}},{"from":[8,3,8.4],"to":[11,6,8.4],"rotation":{"angle":0,"axis":"y","origin":[10,6,7.4]},"faces":{"north":{"uv":[7,16,5.5,14.5],"texture":"#0"},"east":{"uv":[5.5,16,5.5,14.5],"texture":"#0"},"south":{"uv":[5.5,16,7,14.5],"texture":"#0"},"west":{"uv":[5.5,16,5.5,14.5],"texture":"#0"},"up":{"uv":[7,13,5.5,13],"texture":"#0"},"down":{"uv":[7,13,5.5,13],"texture":"#0"}}},{"from":[8,3,7.6],"to":[11,6,7.6],"rotation":{"angle":0,"axis":"y","origin":[10,6,8.6]},"faces":{"north":{"uv":[7,16,5.5,14.5],"texture":"#0"},"east":{"uv":[5.5,16,5.5,14.5],"texture":"#0"},"south":{"uv":[5.5,16,7,14.5],"texture":"#0"},"west":{"uv":[5.5,16,5.5,14.5],"texture":"#0"},"up":{"uv":[7,13,5.5,13],"texture":"#0"},"down":{"uv":[7,13,5.5,13],"texture":"#0"}}},{"from":[5,3,7.6],"to":[8,6,7.6],"rotation":{"angle":0,"axis":"y","origin":[6,6,8.6]},"faces":{"north":{"uv":[5.5,16,7,14.5],"texture":"#0"},"east":{"uv":[5.5,16,5.5,14.5],"texture":"#0"},"south":{"uv":[7,16,5.5,14.5],"texture":"#0"},"west":{"uv":[5.5,16,5.5,14.5],"texture":"#0"},"up":{"uv":[5.5,13,7,13],"texture":"#0"},"down":{"uv":[5.5,13,7,13],"texture":"#0"}}},{"from":[11.5,2.7,7.7],"to":[13.5,3.3,8.3],"rotation":{"angle":0,"axis":"y","origin":[13.5,2.8,7.2]},"faces":{"north":{"uv":[1,5.5,2,5.75],"texture":"#0"},"east":{"uv":[2,5,1.75,5.25],"texture":"#0"},"south":{"uv":[2,5.5,1,5.75],"texture":"#0"},"west":{"uv":[2,5,1.75,5.25],"texture":"#0"},"up":{"uv":[2,5.25,1,5.5],"texture":"#0"},"down":{"uv":[1,6.75,0,7],"texture":"#0"}}},{"from":[13.5,2,7],"to":[14,4,9],"rotation":{"angle":0,"axis":"y","origin":[15.5,2.5,7.5]},"faces":{"north":{"uv":[0.5,4.25,0.75,5.25],"texture":"#0"},"east":{"uv":[1.75,4.25,0.75,5.25],"texture":"#0"},"south":{"uv":[0.75,4.25,0.5,5.25],"texture":"#0"},"west":{"uv":[1.75,4.25,0.75,5.25],"texture":"#0"},"up":{"uv":[0.25,4.25,0,5.25],"texture":"#0"},"down":{"uv":[0.5,4.25,0.25,5.25],"texture":"#0"}}},{"from":[8.5,2.5,7.5],"to":[11.5,3.5,8.5],"rotation":{"angle":0,"axis":"y","origin":[10.5,2.5,7.5]},"faces":{"north":{"uv":[0.5,6.25,2,6.75],"texture":"#0"},"east":{"uv":[1,5.25,0.5,5.75],"texture":"#0"},"south":{"uv":[2,6.25,0.5,6.75],"texture":"#0"},"west":{"uv":[1,5.25,0.5,5.75],"texture":"#0"},"up":{"uv":[1.5,3.75,0,4.25],"texture":"#0"},"down":{"uv":[2,5.75,0.5,6.25],"texture":"#0"}}},{"from":[4.5,2.5,7.5],"to":[7.5,3.5,8.5],"rotation":{"angle":0,"axis":"y","origin":[5.5,2.5,7.5]},"faces":{"north":{"uv":[2,6.25,0.5,6.75],"texture":"#0"},"east":{"uv":[0.5,5.25,1,5.75],"texture":"#0"},"south":{"uv":[0.5,6.25,2,6.75],"texture":"#0"},"west":{"uv":[0.5,5.25,1,5.75],"texture":"#0"},"up":{"uv":[0,3.75,1.5,4.25],"texture":"#0"},"down":{"uv":[0.5,5.75,2,6.25],"texture":"#0"}}},{"from":[2,2,7],"to":[2.5,4,9],"rotation":{"angle":0,"axis":"y","origin":[0.5,2.5,7.5]},"faces":{"north":{"uv":[0.75,4.25,0.5,5.25],"texture":"#0"},"east":{"uv":[0.75,4.25,1.75,5.25],"texture":"#0"},"south":{"uv":[0.5,4.25,0.75,5.25],"texture":"#0"},"west":{"uv":[0.75,4.25,1.75,5.25],"texture":"#0"},"up":{"uv":[0,4.25,0.25,5.25],"texture":"#0"},"down":{"uv":[0.25,4.25,0.5,5.25],"texture":"#0"}}},{"from":[2.5,2.7,7.7],"to":[4.5,3.3,8.3],"rotation":{"angle":0,"axis":"y","origin":[2.5,2.8,7.2]},"faces":{"north":{"uv":[2,5.5,1,5.75],"texture":"#0"},"east":{"uv":[1.75,5,2,5.25],"texture":"#0"},"south":{"uv":[1,5.5,2,5.75],"texture":"#0"},"west":{"uv":[1.75,5,2,5.25],"texture":"#0"},"up":{"uv":[1,5.25,2,5.5],"texture":"#0"},"down":{"uv":[0,6.75,1,7],"texture":"#0"}}},{"from":[6,3.5,7.5],"to":[10,7.5,8.5],"rotation":{"angle":0,"axis":"y","origin":[8,3.5,7.5]},"faces":{"north":{"uv":[0,10.75,2,12.75],"texture":"#0"},"east":{"uv":[2,10.75,2.5,12.75],"texture":"#0"},"south":{"uv":[0,10.75,2,12.75],"texture":"#0"},"west":{"uv":[2,10.75,2.5,12.75],"texture":"#0"},"up":{"uv":[0,10.25,2,10.75],"texture":"#0"},"down":{"uv":[0,10.25,2,10.75],"texture":"#0"}}},{"from":[0.6,4.2,8],"to":[5.6,10.2,8],"rotation":{"angle":45,"axis":"z","origin":[5.5,7,0]},"faces":{"north":{"uv":[5.5,12,10.5,6],"rotation":180,"texture":"#2"},"east":{"uv":[0,2,0,0],"rotation":180,"texture":"#2"},"south":{"uv":[10.5,12,5.5,6],"rotation":180,"texture":"#2"},"west":{"uv":[0,2,0,0],"rotation":180,"texture":"#2"},"up":{"uv":[0,0,2,0],"rotation":180,"texture":"#2"},"down":{"uv":[0,0,2,0],"rotation":180,"texture":"#2"}}},{"from":[10.4,4.2,8],"to":[15.4,10.2,8],"rotation":{"angle":-45,"axis":"z","origin":[10.5,7,0]},"faces":{"north":{"uv":[10.5,12,5.5,6],"rotation":180,"texture":"#2"},"east":{"uv":[0,2,0,0],"rotation":180,"texture":"#2"},"south":{"uv":[5.5,12,10.5,6],"rotation":180,"texture":"#2"},"west":{"uv":[0,2,0,0],"rotation":180,"texture":"#2"},"up":{"uv":[2,0,0,0],"rotation":180,"texture":"#2"},"down":{"uv":[2,0,0,0],"rotation":180,"texture":"#2"}}}],"display":{"thirdperson_righthand":{"rotation":[0,110,0],"translation":[0,4.5,2.25],"scale":[0.7,0.7,0.7]},"thirdperson_lefthand":{"rotation":[180,-110,180],"translation":[0,3.25,1.75],"scale":[0.7,0.7,0.7]},"firstperson_righthand":{"rotation":[-175.56,80,170],"translation":[0.5,5.5,0.5],"scale":[0.5,0.5,0.5]},"firstperson_lefthand":{"rotation":[-175.56,-80,-170],"translation":[0.5,5,0.5],"scale":[0.5,0.5,0.5]},"ground":{"translation":[0,9.75,0],"scale":[0.5,0.5,0.5]},"gui":{"rotation":[0,0,-45],"translation":[-0.75,-0.5,-2],"scale":[0.6,0.6,0.6]},"head":{"rotation":[-135.5,0,0],"translation":[0,20.5,4.75],"scale":[0.7,0.7,0.7]},"fixed":{"rotation":[90,45,-90],"translation":[0.5,0,-2],"scale":[0.7,0.7,0.7]}},"groups":[{"name":"group","origin":[7,-8,8],"color":0,"children":[0,1,2,3,4,5,6,7,8,9,10,11,12]},13,14,15,16,17,18,19,20,21,22,23,24,25,26]}