{"credit":"Made with Blockbench","texture_size":[32,32],"textures":{"3":"item/easter/texture4","6":"item/easter/texture7","9":"item/easter/texture10","12":"item/easter/egg","particle":"item/easter/texture1"},"elements":[{"from":[7.5,-1.5,8],"to":[8,8,8],"rotation":{"angle":0,"axis":"y","origin":[0,16,0]},"faces":{"north":{"uv":[9.25,13.625,9.5,8.875],"rotation":180,"texture":"#9"},"east":{"uv":[5.25,0,0,0],"rotation":270,"texture":"#9"},"south":{"uv":[9.25,8.875,9.5,13.625],"texture":"#9"},"west":{"uv":[5.25,0,0,0],"rotation":270,"texture":"#9"},"up":{"uv":[0,0,0,0.25],"rotation":270,"texture":"#9"},"down":{"uv":[0,0,0,0.25],"rotation":270,"texture":"#9"}}},{"from":[3,6.5,8],"to":[7,9.5,8],"rotation":{"angle":0,"axis":"y","origin":[-2,12,2]},"faces":{"north":{"uv":[6,11.75,7.5,13.75],"rotation":90,"texture":"#6"},"east":{"uv":[0,0,2.5,0],"rotation":90,"texture":"#6"},"south":{"uv":[6,13.75,7.5,11.75],"rotation":90,"texture":"#6"},"west":{"uv":[0,0,2.5,0],"rotation":270,"texture":"#6"},"up":{"uv":[0,0,2,0],"texture":"#6"},"down":{"uv":[0,0,2,0],"rotation":180,"texture":"#6"}}},{"from":[4,7.7,7.7],"to":[12,8.2,8.2],"rotation":{"angle":0,"axis":"y","origin":[16,0,0]},"faces":{"north":{"uv":[6,15.25,2,15.5],"texture":"#9"},"east":{"uv":[2.25,14.625,2,14.875],"texture":"#9"},"south":{"uv":[6,15.25,2,15.5],"texture":"#9"},"west":{"uv":[2.25,14.625,2,14.875],"texture":"#9"},"up":{"uv":[6.25,14.625,2.25,14.875],"texture":"#9"},"down":{"uv":[6,15,2,15.25],"texture":"#9"}}},{"from":[18,8,7.9],"to":[24,11.5,7.9],"rotation":{"angle":0,"axis":"y","origin":[0,16,0]},"faces":{"north":{"uv":[9,12.375,6,10.625],"texture":"#9"},"east":{"uv":[0,1.75,0,0],"texture":"#9"},"south":{"uv":[6,12.375,9,10.625],"texture":"#9"},"west":{"uv":[0,1.75,0,0],"texture":"#9"},"up":{"uv":[0,0,2.5,0],"texture":"#9"},"down":{"uv":[0,0,2.5,0],"texture":"#9"}}},{"from":[18,4.5,7.9],"to":[24,8,7.9],"faces":{"north":{"uv":[9,10.625,6,12.375],"texture":"#9"},"east":{"uv":[0,0,0,1.75],"texture":"#9"},"south":{"uv":[6,10.625,9,12.375],"texture":"#9"},"west":{"uv":[0,0,0,1.75],"texture":"#9"},"up":{"uv":[0,0,2.5,0],"texture":"#9"},"down":{"uv":[0,0,2.5,0],"texture":"#9"}}},{"from":[12,7.7,7.7],"to":[20,8.2,8.2],"faces":{"north":{"uv":[2,15.25,6,15.5],"texture":"#9"},"east":{"uv":[2,14.625,2.25,14.875],"texture":"#9"},"south":{"uv":[2,15.25,6,15.5],"texture":"#9"},"west":{"uv":[2,14.625,2.25,14.875],"texture":"#9"},"up":{"uv":[2.25,14.625,6.25,14.875],"texture":"#9"},"down":{"uv":[2,15,6,15.25],"texture":"#9"}}},{"from":[6,-2,7.5],"to":[12,-1,8.5],"rotation":{"angle":0,"axis":"y","origin":[8,20.5,8]},"faces":{"north":{"uv":[5.5,9.75,5,12.75],"rotation":270,"texture":"#3"},"east":{"uv":[5,9.25,4.5,9.75],"rotation":270,"texture":"#3"},"south":{"uv":[5.5,9.75,5,12.75],"rotation":90,"texture":"#3"},"west":{"uv":[5.5,9.25,5,9.75],"rotation":270,"texture":"#3"},"up":{"uv":[5,9.75,4.5,12.75],"rotation":90,"texture":"#3"},"down":{"uv":[5,9.75,4.5,12.75],"rotation":90,"texture":"#3"}}},{"from":[6.5,-2.8,6.7],"to":[7.5,-0.2,9.3],"rotation":{"angle":0,"axis":"y","origin":[8,20.5,8]},"faces":{"north":{"uv":[5.25,1.25,4,1.75],"rotation":270,"texture":"#3"},"east":{"uv":[4,0,2.75,1.25],"rotation":270,"texture":"#3"},"south":{"uv":[5.25,1.25,4,1.75],"rotation":90,"texture":"#3"},"west":{"uv":[5.25,0,4,1.25],"rotation":270,"texture":"#3"},"up":{"uv":[4,1.25,2.75,1.75],"rotation":90,"texture":"#3"},"down":{"uv":[4,1.25,2.75,1.75],"rotation":90,"texture":"#3"}}},{"from":[7.5,-2.5,7],"to":[8,-0.5,9],"rotation":{"angle":0,"axis":"y","origin":[8,20.5,8]},"faces":{"north":{"uv":[6.5,14.75,6.75,13.75],"texture":"#3"},"east":{"uv":[6.5,13.75,5.5,14.75],"rotation":270,"texture":"#3"},"south":{"uv":[6.5,14.75,6.75,13.75],"rotation":180,"texture":"#3"},"west":{"uv":[6.5,13.75,5.5,14.75],"rotation":270,"texture":"#3"},"up":{"uv":[6.5,13.5,5.5,13.75],"rotation":90,"texture":"#3"},"down":{"uv":[6.5,13.5,5.5,13.75],"rotation":90,"texture":"#3"}}},{"from":[10.2,-2.6,7],"to":[12.2,-0.6,9],"rotation":{"angle":0,"axis":"y","origin":[18.5,8,8]},"faces":{"north":{"uv":[0,8.75,1,7.75],"texture":"#3"},"east":{"uv":[2,6.75,1,7.75],"rotation":90,"texture":"#3"},"south":{"uv":[1,7.75,0,8.75],"rotation":270,"texture":"#3"},"west":{"uv":[1,8.75,2,7.75],"texture":"#3"},"up":{"uv":[1,7.75,2,6.75],"rotation":180,"texture":"#3"},"down":{"uv":[2,7.75,1,8.75],"rotation":90,"texture":"#3"}}},{"from":[14,8,7.6],"to":[16.5,11,7.6],"rotation":{"angle":0,"axis":"y","origin":[0.5,10,8.6]},"faces":{"north":{"uv":[7,14.75,5.5,16],"rotation":90,"texture":"#3"},"east":{"uv":[7,13,5.5,13],"rotation":270,"texture":"#3"},"south":{"uv":[5.5,14.75,7,16],"rotation":270,"texture":"#3"},"west":{"uv":[7,13,5.5,13],"rotation":270,"texture":"#3"},"up":{"uv":[5.5,14.5,5.5,16],"rotation":270,"texture":"#3"},"down":{"uv":[5.5,14.5,5.5,16],"rotation":270,"texture":"#3"}}},{"from":[14,5,7.6],"to":[16.5,8,7.6],"rotation":{"angle":0,"axis":"y","origin":[0.5,6,8.6]},"faces":{"north":{"uv":[5.5,14.75,7,16],"rotation":90,"texture":"#3"},"east":{"uv":[5.5,13,7,13],"rotation":270,"texture":"#3"},"south":{"uv":[7,14.75,5.5,16],"rotation":270,"texture":"#3"},"west":{"uv":[5.5,13,7,13],"rotation":270,"texture":"#3"},"up":{"uv":[5.5,14.5,5.5,16],"rotation":270,"texture":"#3"},"down":{"uv":[5.5,14.5,5.5,16],"rotation":270,"texture":"#3"}}},{"from":[14,8,8.4],"to":[16.5,11,8.4],"rotation":{"angle":0,"axis":"y","origin":[0.5,10,7.4]},"faces":{"north":{"uv":[7,14.75,5.5,16],"rotation":90,"texture":"#3"},"east":{"uv":[7,13,5.5,13],"rotation":270,"texture":"#3"},"south":{"uv":[5.5,14.75,7,16],"rotation":270,"texture":"#3"},"west":{"uv":[7,13,5.5,13],"rotation":270,"texture":"#3"},"up":{"uv":[5.5,14.5,5.5,16],"rotation":270,"texture":"#3"},"down":{"uv":[5.5,14.5,5.5,16],"rotation":270,"texture":"#3"}}},{"from":[14,5,8.4],"to":[16.5,8,8.4],"rotation":{"angle":0,"axis":"y","origin":[0.5,6,7.4]},"faces":{"north":{"uv":[5.5,14.75,7,16],"rotation":90,"texture":"#3"},"east":{"uv":[5.5,13,7,13],"rotation":270,"texture":"#3"},"south":{"uv":[7,14.75,5.5,16],"rotation":270,"texture":"#3"},"west":{"uv":[5.5,13,7,13],"rotation":270,"texture":"#3"},"up":{"uv":[5.5,14.5,5.5,16],"rotation":270,"texture":"#3"},"down":{"uv":[5.5,14.5,5.5,16],"rotation":270,"texture":"#3"}}},{"from":[7.5,16.5,7],"to":[8,18.5,9],"rotation":{"angle":0,"axis":"y","origin":[8,-4.5,8]},"faces":{"north":{"uv":[6.5,13.75,6.75,14.75],"texture":"#3"},"east":{"uv":[5.5,13.75,6.5,14.75],"rotation":270,"texture":"#3"},"south":{"uv":[6.5,13.75,6.75,14.75],"rotation":180,"texture":"#3"},"west":{"uv":[5.5,13.75,6.5,14.75],"rotation":270,"texture":"#3"},"up":{"uv":[5.5,13.5,6.5,13.75],"rotation":90,"texture":"#3"},"down":{"uv":[5.5,13.5,6.5,13.75],"rotation":90,"texture":"#3"}}},{"from":[6.5,16.2,6.7],"to":[7.5,18.8,9.3],"rotation":{"angle":0,"axis":"y","origin":[8,-4.5,8]},"faces":{"north":{"uv":[4,1.25,5.25,1.75],"rotation":270,"texture":"#3"},"east":{"uv":[2.75,0,4,1.25],"rotation":270,"texture":"#3"},"south":{"uv":[4,1.25,5.25,1.75],"rotation":90,"texture":"#3"},"west":{"uv":[4,0,5.25,1.25],"rotation":270,"texture":"#3"},"up":{"uv":[2.75,1.25,4,1.75],"rotation":90,"texture":"#3"},"down":{"uv":[2.75,1.25,4,1.75],"rotation":90,"texture":"#3"}}},{"from":[6,17,7.5],"to":[12,18,8.5],"rotation":{"angle":0,"axis":"y","origin":[8,-4.5,8]},"faces":{"north":{"uv":[5,9.75,5.5,12.75],"rotation":270,"texture":"#3"},"east":{"uv":[4.5,9.25,5,9.75],"rotation":270,"texture":"#3"},"south":{"uv":[5,9.75,5.5,12.75],"rotation":90,"texture":"#3"},"west":{"uv":[5,9.25,5.5,9.75],"rotation":270,"texture":"#3"},"up":{"uv":[4.5,9.75,5,12.75],"rotation":90,"texture":"#3"},"down":{"uv":[4.5,9.75,5,12.75],"rotation":90,"texture":"#3"}}},{"from":[10.3,-0.4,7.4],"to":[16.3,4.6,7.4],"rotation":{"angle":45,"axis":"z","origin":[13.5,5.5,0]},"faces":{"north":{"uv":[5.5,12,10.5,6],"rotation":270,"texture":"#12"},"east":{"uv":[0,0,2,0],"rotation":90,"texture":"#12"},"south":{"uv":[10.5,12,5.5,6],"rotation":90,"texture":"#12"},"west":{"uv":[0,0,2,0],"rotation":90,"texture":"#12"},"up":{"uv":[0,2,0,0],"rotation":90,"texture":"#12"},"down":{"uv":[0,2,0,0],"rotation":90,"texture":"#12"}}},{"from":[13,-2.5,7.5],"to":[15,0.5,8.5],"rotation":{"angle":-45,"axis":"z","origin":[14,1.25,8]},"faces":{"north":{"uv":[3.5,12.75,4.5,11.25],"texture":"#3"},"east":{"uv":[3,12.75,3.5,11.25],"texture":"#3"},"south":{"uv":[3.5,12.75,4.5,11.25],"texture":"#3"},"west":{"uv":[3,12.75,3.5,11.25],"texture":"#3"},"up":{"uv":[3.5,11.25,4.5,10.75],"rotation":180,"texture":"#3"},"down":{"uv":[3.5,11.25,4.5,10.75],"rotation":180,"texture":"#3"}}},{"from":[13.5,0.5,7.5],"to":[14.5,6.5,8.5],"rotation":{"angle":-45,"axis":"z","origin":[14,1.25,8]},"faces":{"north":{"uv":[5,12.75,5.5,9.75],"texture":"#3"},"east":{"uv":[4.5,12.75,5,9.75],"texture":"#3"},"south":{"uv":[5,12.75,5.5,9.75],"texture":"#3"},"west":{"uv":[4.5,12.75,5,9.75],"texture":"#3"},"up":{"uv":[5,9.75,5.5,9.25],"rotation":180,"texture":"#3"},"down":{"uv":[4.5,9.75,5,9.25],"rotation":180,"texture":"#3"}}},{"from":[12.90835,0.86487,7.6],"to":[14.40835,1.86487,8.4],"rotation":{"angle":22.5,"axis":"z","origin":[14,1.25,8]},"faces":{"north":{"uv":[5,9.25,5.5,8.5],"rotation":90,"texture":"#3"},"east":{"uv":[5,8.5,5.5,8],"rotation":90,"texture":"#3"},"south":{"uv":[5.5,9.25,5,8.5],"rotation":270,"texture":"#3"},"west":{"uv":[5,8.5,5.5,8],"rotation":90,"texture":"#3"},"up":{"uv":[4.5,9.25,5,8.5],"rotation":270,"texture":"#3"},"down":{"uv":[4.5,9.25,5,8.5],"rotation":270,"texture":"#3"}}},{"from":[13.61487,0.15835,7.6],"to":[14.61487,1.65835,8.4],"rotation":{"angle":-22.5,"axis":"z","origin":[14,1.25,8]},"faces":{"north":{"uv":[5,8.5,5.5,9.25],"texture":"#3"},"east":{"uv":[4.5,8.5,5,9.25],"texture":"#3"},"south":{"uv":[5.5,8.5,5,9.25],"texture":"#3"},"west":{"uv":[4.5,8.5,5,9.25],"texture":"#3"},"up":{"uv":[5,8,5.5,8.5],"rotation":180,"texture":"#3"},"down":{"uv":[5,8,5.5,8.5],"rotation":180,"texture":"#3"}}},{"from":[10.3,-0.4,8.6],"to":[16.3,4.6,8.6],"rotation":{"angle":45,"axis":"z","origin":[13.5,5.5,16]},"faces":{"north":{"uv":[10.5,6,5.5,12],"rotation":90,"texture":"#12"},"east":{"uv":[0,0,2,0],"rotation":90,"texture":"#12"},"south":{"uv":[5.5,6,10.5,12],"rotation":270,"texture":"#12"},"west":{"uv":[0,0,2,0],"rotation":90,"texture":"#12"},"up":{"uv":[0,2,0,0],"rotation":90,"texture":"#12"},"down":{"uv":[0,2,0,0],"rotation":90,"texture":"#12"}}},{"from":[10.3,11.4,8.6],"to":[16.3,16.4,8.6],"rotation":{"angle":-45,"axis":"z","origin":[13.5,10.5,16]},"faces":{"north":{"uv":[5.5,6,10.5,12],"rotation":90,"texture":"#12"},"east":{"uv":[2,0,0,0],"rotation":90,"texture":"#12"},"south":{"uv":[10.5,6,5.5,12],"rotation":270,"texture":"#12"},"west":{"uv":[2,0,0,0],"rotation":90,"texture":"#12"},"up":{"uv":[0,2,0,0],"rotation":90,"texture":"#12"},"down":{"uv":[0,2,0,0],"rotation":90,"texture":"#12"}}},{"from":[13.61487,14.34165,7.6],"to":[14.61487,15.84165,8.4],"rotation":{"angle":22.5,"axis":"z","origin":[14,14.75,8]},"faces":{"north":{"uv":[5,9.25,5.5,8.5],"texture":"#3"},"east":{"uv":[4.5,9.25,5,8.5],"texture":"#3"},"south":{"uv":[5.5,9.25,5,8.5],"texture":"#3"},"west":{"uv":[4.5,9.25,5,8.5],"texture":"#3"},"up":{"uv":[5,8.5,5.5,8],"rotation":180,"texture":"#3"},"down":{"uv":[5,8.5,5.5,8],"rotation":180,"texture":"#3"}}},{"from":[12.90835,14.13513,7.6],"to":[14.40835,15.13513,8.4],"rotation":{"angle":-22.5,"axis":"z","origin":[14,14.75,8]},"faces":{"north":{"uv":[5.5,9.25,5,8.5],"rotation":90,"texture":"#3"},"east":{"uv":[5.5,8.5,5,8],"rotation":90,"texture":"#3"},"south":{"uv":[5,9.25,5.5,8.5],"rotation":270,"texture":"#3"},"west":{"uv":[5.5,8.5,5,8],"rotation":90,"texture":"#3"},"up":{"uv":[5,9.25,4.5,8.5],"rotation":270,"texture":"#3"},"down":{"uv":[5,9.25,4.5,8.5],"rotation":270,"texture":"#3"}}},{"from":[13.5,9.5,7.5],"to":[14.5,15.5,8.5],"rotation":{"angle":45,"axis":"z","origin":[14,14.75,8]},"faces":{"north":{"uv":[5,9.75,5.5,12.75],"texture":"#3"},"east":{"uv":[4.5,9.75,5,12.75],"texture":"#3"},"south":{"uv":[5,9.75,5.5,12.75],"texture":"#3"},"west":{"uv":[4.5,9.75,5,12.75],"texture":"#3"},"up":{"uv":[4.5,9.25,5,9.75],"rotation":180,"texture":"#3"},"down":{"uv":[5,9.25,5.5,9.75],"rotation":180,"texture":"#3"}}},{"from":[13,15.5,7.5],"to":[15,18.5,8.5],"rotation":{"angle":45,"axis":"z","origin":[14,14.75,8]},"faces":{"north":{"uv":[3.5,11.25,4.5,12.75],"texture":"#3"},"east":{"uv":[3,11.25,3.5,12.75],"texture":"#3"},"south":{"uv":[3.5,11.25,4.5,12.75],"texture":"#3"},"west":{"uv":[3,11.25,3.5,12.75],"texture":"#3"},"up":{"uv":[3.5,10.75,4.5,11.25],"rotation":180,"texture":"#3"},"down":{"uv":[3.5,10.75,4.5,11.25],"rotation":180,"texture":"#3"}}},{"from":[10.3,11.4,7.4],"to":[16.3,16.4,7.4],"rotation":{"angle":-45,"axis":"z","origin":[13.5,10.5,0]},"faces":{"north":{"uv":[10.5,12,5.5,6],"rotation":270,"texture":"#12"},"east":{"uv":[2,0,0,0],"rotation":90,"texture":"#12"},"south":{"uv":[5.5,12,10.5,6],"rotation":90,"texture":"#12"},"west":{"uv":[2,0,0,0],"rotation":90,"texture":"#12"},"up":{"uv":[0,2,0,0],"rotation":90,"texture":"#12"},"down":{"uv":[0,2,0,0],"rotation":90,"texture":"#12"}}},{"from":[10.2,16.6,7],"to":[12.2,18.6,9],"rotation":{"angle":0,"axis":"y","origin":[18.5,8,8]},"faces":{"north":{"uv":[0,7.75,1,8.75],"texture":"#3"},"east":{"uv":[1,6.75,2,7.75],"rotation":90,"texture":"#3"},"south":{"uv":[0,7.75,1,8.75],"rotation":270,"texture":"#3"},"west":{"uv":[1,7.75,2,8.75],"texture":"#3"},"up":{"uv":[1,7.75,2,8.75],"rotation":90,"texture":"#3"},"down":{"uv":[1,6.75,2,7.75],"rotation":180,"texture":"#3"}}},{"from":[15.5,5,8.4],"to":[18,8,8.4],"rotation":{"angle":0,"axis":"y","origin":[15.5,6,7.4]},"faces":{"north":{"uv":[5.5,16,7,14.75],"rotation":90,"texture":"#3"},"east":{"uv":[5.5,13,7,13],"rotation":270,"texture":"#3"},"south":{"uv":[7,16,5.5,14.75],"rotation":270,"texture":"#3"},"west":{"uv":[5.5,13,7,13],"rotation":270,"texture":"#3"},"up":{"uv":[5.5,16,5.5,14.5],"rotation":270,"texture":"#3"},"down":{"uv":[5.5,16,5.5,14.5],"rotation":270,"texture":"#3"}}},{"from":[15.5,8,8.4],"to":[18,11,8.4],"rotation":{"angle":0,"axis":"y","origin":[15.5,10,7.4]},"faces":{"north":{"uv":[7,16,5.5,14.75],"rotation":90,"texture":"#3"},"east":{"uv":[7,13,5.5,13],"rotation":270,"texture":"#3"},"south":{"uv":[5.5,16,7,14.75],"rotation":270,"texture":"#3"},"west":{"uv":[7,13,5.5,13],"rotation":270,"texture":"#3"},"up":{"uv":[5.5,16,5.5,14.5],"rotation":270,"texture":"#3"},"down":{"uv":[5.5,16,5.5,14.5],"rotation":270,"texture":"#3"}}},{"from":[15.5,5,7.6],"to":[18,8,7.6],"rotation":{"angle":0,"axis":"y","origin":[15.5,6,8.6]},"faces":{"north":{"uv":[5.5,16,7,14.75],"rotation":90,"texture":"#3"},"east":{"uv":[5.5,13,7,13],"rotation":270,"texture":"#3"},"south":{"uv":[7,16,5.5,14.75],"rotation":270,"texture":"#3"},"west":{"uv":[5.5,13,7,13],"rotation":270,"texture":"#3"},"up":{"uv":[5.5,16,5.5,14.5],"rotation":270,"texture":"#3"},"down":{"uv":[5.5,16,5.5,14.5],"rotation":270,"texture":"#3"}}},{"from":[15.5,8,7.6],"to":[18,11,7.6],"rotation":{"angle":0,"axis":"y","origin":[15.5,10,8.6]},"faces":{"north":{"uv":[7,16,5.5,14.75],"rotation":90,"texture":"#3"},"east":{"uv":[7,13,5.5,13],"rotation":270,"texture":"#3"},"south":{"uv":[5.5,16,7,14.75],"rotation":270,"texture":"#3"},"west":{"uv":[7,13,5.5,13],"rotation":270,"texture":"#3"},"up":{"uv":[5.5,16,5.5,14.5],"rotation":270,"texture":"#3"},"down":{"uv":[5.5,16,5.5,14.5],"rotation":270,"texture":"#3"}}},{"from":[18,9.1,7.6],"to":[20,11.1,7.6],"rotation":{"angle":22.5,"axis":"x","origin":[19,10.1,7.6]},"faces":{"north":{"uv":[1,10.25,0,9.25],"rotation":90,"texture":"#3"},"east":{"uv":[1,0,0,0],"rotation":270,"texture":"#3"},"south":{"uv":[0,10.25,1,9.25],"rotation":270,"texture":"#3"},"west":{"uv":[1,0,0,0],"rotation":270,"texture":"#3"},"up":{"uv":[0,1,0,0],"rotation":270,"texture":"#3"},"down":{"uv":[0,1,0,0],"rotation":270,"texture":"#3"}}},{"from":[18,9.1,8.4],"to":[20,11.1,8.4],"rotation":{"angle":-22.5,"axis":"x","origin":[19,10.1,8.4]},"faces":{"north":{"uv":[1,10.25,0,9.25],"rotation":90,"texture":"#3"},"east":{"uv":[1,0,0,0],"rotation":270,"texture":"#3"},"south":{"uv":[0,10.25,1,9.25],"rotation":270,"texture":"#3"},"west":{"uv":[1,0,0,0],"rotation":270,"texture":"#3"},"up":{"uv":[0,1,0,0],"rotation":270,"texture":"#3"},"down":{"uv":[0,1,0,0],"rotation":270,"texture":"#3"}}},{"from":[18,4.9,8.4],"to":[20,6.9,8.4],"rotation":{"angle":22.5,"axis":"x","origin":[19,5.9,8.4]},"faces":{"north":{"uv":[0,10.25,1,9.25],"rotation":90,"texture":"#3"},"east":{"uv":[0,0,1,0],"rotation":270,"texture":"#3"},"south":{"uv":[1,10.25,0,9.25],"rotation":270,"texture":"#3"},"west":{"uv":[0,0,1,0],"rotation":270,"texture":"#3"},"up":{"uv":[0,1,0,0],"rotation":270,"texture":"#3"},"down":{"uv":[0,1,0,0],"rotation":270,"texture":"#3"}}},{"from":[18,4.9,7.6],"to":[20,6.9,7.6],"rotation":{"angle":-22.5,"axis":"x","origin":[19,5.9,7.6]},"faces":{"north":{"uv":[0,10.25,1,9.25],"rotation":90,"texture":"#3"},"east":{"uv":[0,0,1,0],"rotation":270,"texture":"#3"},"south":{"uv":[1,10.25,0,9.25],"rotation":270,"texture":"#3"},"west":{"uv":[0,0,1,0],"rotation":270,"texture":"#3"},"up":{"uv":[0,1,0,0],"rotation":270,"texture":"#3"},"down":{"uv":[0,1,0,0],"rotation":270,"texture":"#3"}}},{"from":[14,6,7.5],"to":[18,10,8.5],"rotation":{"angle":0,"axis":"y","origin":[18,8,7.5]},"faces":{"north":{"uv":[0,10.75,2,12.75],"rotation":90,"texture":"#3"},"east":{"uv":[0,10.25,2,10.75],"rotation":270,"texture":"#3"},"south":{"uv":[0,10.75,2,12.75],"rotation":270,"texture":"#3"},"west":{"uv":[0,10.25,2,10.75],"rotation":270,"texture":"#3"},"up":{"uv":[2,10.75,2.5,12.75],"rotation":270,"texture":"#3"},"down":{"uv":[2,10.75,2.5,12.75],"rotation":270,"texture":"#3"}}},{"from":[7.5,8,8],"to":[8,17.5,8],"faces":{"north":{"uv":[9.25,8.875,9.5,13.625],"rotation":180,"texture":"#9"},"east":{"uv":[0,0,5.25,0],"rotation":270,"texture":"#9"},"south":{"uv":[9.25,13.625,9.5,8.875],"texture":"#9"},"west":{"uv":[0,0,5.25,0],"rotation":270,"texture":"#9"},"up":{"uv":[0,0,0,0.25],"rotation":270,"texture":"#9"},"down":{"uv":[0,0,0,0.25],"rotation":270,"texture":"#9"}}}],"display":{"thirdperson_righthand":{"rotation":[0,110,0],"translation":[1.75,-1.75,3.75],"scale":[0.7,0.7,0.7]},"thirdperson_lefthand":{"rotation":[0,-70,0],"translation":[0,3,1.75],"scale":[0.7,0.7,0.7]},"firstperson_righthand":{"rotation":[-167.94,74.86,171.51],"translation":[0.5,5,0.5],"scale":[0.5,0.5,0.5]},"firstperson_lefthand":{"rotation":[7.75,-73.56,2.44],"translation":[0.5,5,0.5],"scale":[0.5,0.5,0.5]},"ground":{"translation":[0,9.75,0],"scale":[0.5,0.5,0.5]},"gui":{"rotation":[0,-180,20],"translation":[1.5,-0.5,-2],"scale":[0.5,0.5,0.5]},"head":{"rotation":[-135.5,0,0],"translation":[0,20.5,4.75],"scale":[0.7,0.7,0.7]},"fixed":{"rotation":[1,180,-49],"translation":[0.25,-1,-2.25],"scale":[0.7,0.7,0.7]}},"groups":[{"name":"group","origin":[1.5,15.5,9.7],"color":0,"children":[0,1,2,3,4,5,6,7,8,9,10,11,12,13,14,15,16,17,18,19,20,21,22,23,24,25,26,27,28,29,30,31,32,33,34,35,36,37,38,39]}]}