{"credit":"Made with Blockbench","texture_size":[32,32],"textures":{"4":"item/easter/texture4","5":"item/easter/texture5","6":"item/easter/texture6","7":"item/easter/texture7","8":"item/easter/egg","particle":"item/easter/egg"},"elements":[{"from":[5,3.5,9.4],"to":[10,9.5,9.4],"rotation":{"angle":-22.5,"axis":"x","origin":[7.5,9.5,9.4]},"faces":{"north":{"uv":[5.5,12,10.5,6],"texture":"#8"},"east":{"uv":[0,2,0,0],"texture":"#8"},"south":{"uv":[10.5,12,5.5,6],"texture":"#8"},"west":{"uv":[0,2,0,0],"texture":"#8"},"up":{"uv":[2,0,0,0],"rotation":180,"texture":"#8"},"down":{"uv":[2,0,0,0],"rotation":180,"texture":"#8"}}},{"from":[7,-0.5,6.5],"to":[8,2.5,8.5],"rotation":{"angle":0,"axis":"y","origin":[7.5,3,8]},"faces":{"north":{"uv":[3.5,11.25,3,12.75],"texture":"#4"},"east":{"uv":[4.5,11.25,3.5,12.75],"texture":"#4"},"south":{"uv":[3.5,11.25,3,12.75],"texture":"#4"},"west":{"uv":[4.5,11.25,3.5,12.75],"texture":"#4"},"up":{"uv":[3.5,11.25,4.5,10.75],"rotation":270,"texture":"#4"},"down":{"uv":[3.5,11.25,4.5,10.75],"rotation":90,"texture":"#4"}}},{"from":[7,-6.5,7],"to":[8,-0.5,8],"rotation":{"angle":0,"axis":"y","origin":[7.5,2,8.5]},"faces":{"north":{"uv":[5,9.75,4.5,12.75],"texture":"#4"},"east":{"uv":[5.5,9.75,5,12.75],"texture":"#4"},"south":{"uv":[5,9.75,4.5,12.75],"texture":"#4"},"west":{"uv":[5.5,9.75,5,12.75],"texture":"#4"},"up":{"uv":[4.5,9.75,5,9.25],"rotation":270,"texture":"#4"},"down":{"uv":[5,9.75,5.5,9.25],"rotation":90,"texture":"#4"}}},{"from":[7.1,-1.9,6.3],"to":[7.9,-0.4,7.3],"rotation":{"angle":-22.5,"axis":"x","origin":[7.5,0.1,6.6]},"faces":{"north":{"uv":[4.5,9.25,5,8.5],"texture":"#4"},"east":{"uv":[5.5,9.25,5,8.5],"texture":"#4"},"south":{"uv":[4.5,9.25,5,8.5],"texture":"#4"},"west":{"uv":[5,9.25,5.5,8.5],"texture":"#4"},"up":{"uv":[5.5,8,5,8.5],"rotation":270,"texture":"#4"},"down":{"uv":[5.5,8,5,8.5],"rotation":90,"texture":"#4"}}},{"from":[6.2,-6,6.2],"to":[8.8,-5,8.8],"rotation":{"angle":0,"axis":"y","origin":[7.6,-2.5,8.5]},"faces":{"north":{"uv":[4,1.25,2.75,1.75],"texture":"#4"},"east":{"uv":[5.25,1.25,4,1.75],"texture":"#4"},"south":{"uv":[4,1.25,2.75,1.75],"texture":"#4"},"west":{"uv":[5.25,1.25,4,1.75],"texture":"#4"},"up":{"uv":[2.75,1.25,4,0],"rotation":270,"texture":"#4"},"down":{"uv":[4,1.25,5.25,0],"rotation":90,"texture":"#4"}}},{"from":[6.5,-5,6.5],"to":[8.5,-4.5,8.5],"rotation":{"angle":0,"axis":"y","origin":[7.5,-1.5,8]},"faces":{"north":{"uv":[6.5,13.5,5.5,13.75],"texture":"#4"},"east":{"uv":[6.5,14.75,6.75,13.75],"rotation":90,"texture":"#4"},"south":{"uv":[6.5,13.5,5.5,13.75],"texture":"#4"},"west":{"uv":[6.5,14.75,6.75,13.75],"rotation":90,"texture":"#4"},"up":{"uv":[5.5,14.75,6.5,13.75],"rotation":270,"texture":"#4"},"down":{"uv":[5.5,14.75,6.5,13.75],"rotation":90,"texture":"#4"}}},{"from":[7,7.4,5.5],"to":[8,11.4,9.5],"rotation":{"angle":0,"axis":"y","origin":[7,11.4,7.5]},"faces":{"north":{"uv":[2.5,12.75,2,10.75],"texture":"#4"},"east":{"uv":[2,12.75,0,10.75],"texture":"#4"},"south":{"uv":[2.5,12.75,2,10.75],"texture":"#4"},"west":{"uv":[2,12.75,0,10.75],"texture":"#4"},"up":{"uv":[0,10.25,2,10.75],"rotation":90,"texture":"#4"},"down":{"uv":[0,10.25,2,10.75],"rotation":270,"texture":"#4"}}},{"from":[7.9,11.2,8.6],"to":[7.9,13.2,10.6],"rotation":{"angle":-22.5,"axis":"y","origin":[7.9,12.2,9.6]},"faces":{"north":{"uv":[0,0,0,1],"texture":"#4"},"east":{"uv":[1,9.25,0,10.25],"texture":"#4"},"south":{"uv":[0,0,0,1],"texture":"#4"},"west":{"uv":[0,9.25,1,10.25],"texture":"#4"},"up":{"uv":[1,0,0,0],"rotation":90,"texture":"#4"},"down":{"uv":[1,0,0,0],"rotation":270,"texture":"#4"}}},{"from":[7.1,11.2,8.6],"to":[7.1,13.2,10.6],"rotation":{"angle":22.5,"axis":"y","origin":[7.1,12.2,9.6]},"faces":{"north":{"uv":[0,0,0,1],"texture":"#4"},"east":{"uv":[1,9.25,0,10.25],"texture":"#4"},"south":{"uv":[0,0,0,1],"texture":"#4"},"west":{"uv":[0,9.25,1,10.25],"texture":"#4"},"up":{"uv":[1,0,0,0],"rotation":90,"texture":"#4"},"down":{"uv":[1,0,0,0],"rotation":270,"texture":"#4"}}},{"from":[7.1,-1.9,7.7],"to":[7.9,-0.4,8.7],"rotation":{"angle":22.5,"axis":"x","origin":[7.5,0.1,8.4]},"faces":{"north":{"uv":[5,9.25,4.5,8.5],"texture":"#4"},"east":{"uv":[5,9.25,5.5,8.5],"texture":"#4"},"south":{"uv":[5,9.25,4.5,8.5],"texture":"#4"},"west":{"uv":[5.5,9.25,5,8.5],"texture":"#4"},"up":{"uv":[5,8,5.5,8.5],"rotation":270,"texture":"#4"},"down":{"uv":[5,8,5.5,8.5],"rotation":90,"texture":"#4"}}},{"from":[7.1,8.7,7.5],"to":[7.1,11.2,10.5],"rotation":{"angle":0,"axis":"y","origin":[8.1,8.7,9.5]},"faces":{"north":{"uv":[5.5,14.5,5.5,16],"texture":"#4"},"east":{"uv":[7,14.75,5.5,16],"texture":"#4"},"south":{"uv":[5.5,14.5,5.5,16],"texture":"#4"},"west":{"uv":[5.5,14.75,7,16],"texture":"#4"},"up":{"uv":[7,13,5.5,13],"rotation":90,"texture":"#4"},"down":{"uv":[7,13,5.5,13],"rotation":270,"texture":"#4"}}},{"from":[7.1,8.7,4.5],"to":[7.1,11.2,7.5],"rotation":{"angle":0,"axis":"y","origin":[8.1,8.7,5.5]},"faces":{"north":{"uv":[5.5,14.5,5.5,16],"texture":"#4"},"east":{"uv":[5.5,14.75,7,16],"texture":"#4"},"south":{"uv":[5.5,14.5,5.5,16],"texture":"#4"},"west":{"uv":[7,14.75,5.5,16],"texture":"#4"},"up":{"uv":[5.5,13,7,13],"rotation":90,"texture":"#4"},"down":{"uv":[5.5,13,7,13],"rotation":270,"texture":"#4"}}},{"from":[7.9,8.7,7.5],"to":[7.9,11.2,10.5],"rotation":{"angle":0,"axis":"y","origin":[6.9,8.7,9.5]},"faces":{"north":{"uv":[5.5,14.5,5.5,16],"texture":"#4"},"east":{"uv":[7,14.75,5.5,16],"texture":"#4"},"south":{"uv":[5.5,14.5,5.5,16],"texture":"#4"},"west":{"uv":[5.5,14.75,7,16],"texture":"#4"},"up":{"uv":[7,13,5.5,13],"rotation":90,"texture":"#4"},"down":{"uv":[7,13,5.5,13],"rotation":270,"texture":"#4"}}},{"from":[7.9,8.7,4.5],"to":[7.9,11.2,7.5],"rotation":{"angle":0,"axis":"y","origin":[6.9,8.7,5.5]},"faces":{"north":{"uv":[5.5,14.5,5.5,16],"texture":"#4"},"east":{"uv":[5.5,14.75,7,16],"texture":"#4"},"south":{"uv":[5.5,14.5,5.5,16],"texture":"#4"},"west":{"uv":[7,14.75,5.5,16],"texture":"#4"},"up":{"uv":[5.5,13,7,13],"rotation":90,"texture":"#4"},"down":{"uv":[5.5,13,7,13],"rotation":270,"texture":"#4"}}},{"from":[7.1,2.2,10],"to":[7.9,4.3,12],"rotation":{"angle":45,"axis":"x","origin":[0.5,8.9,14.5]},"faces":{"north":{"uv":[1.5,9.5,1,8.5],"texture":"#5"},"east":{"uv":[2.5,10,1.5,9],"texture":"#5"},"south":{"uv":[1.5,9.5,1,8.5],"texture":"#5"},"west":{"uv":[1.5,10,2.5,9],"texture":"#5"},"up":{"uv":[1.5,8.5,2.5,9],"rotation":90,"texture":"#5"},"down":{"uv":[1.5,8.5,2.5,9],"rotation":270,"texture":"#5"}}},{"from":[7,2.5,7],"to":[8,7.5,8],"rotation":{"angle":0,"axis":"y","origin":[-0.5,12.7,-0.5]},"faces":{"north":{"uv":[7.5,9.5,7,7],"texture":"#5"},"east":{"uv":[7.5,7,7,4.5],"texture":"#5"},"south":{"uv":[7.5,9.5,7,7],"texture":"#5"},"west":{"uv":[7.5,7,7,4.5],"texture":"#5"},"up":{"uv":[5.875,6,6.375,6.5],"rotation":90,"texture":"#5"},"down":{"uv":[5.875,6,6.375,6.5],"rotation":270,"texture":"#5"}}},{"from":[7.1,2.2,3],"to":[7.9,4.3,5],"rotation":{"angle":-45,"axis":"x","origin":[0.5,8.9,0.5]},"faces":{"north":{"uv":[1,9.5,1.5,8.5],"texture":"#5"},"east":{"uv":[1.5,10,2.5,9],"texture":"#5"},"south":{"uv":[1,9.5,1.5,8.5],"texture":"#5"},"west":{"uv":[2.5,10,1.5,9],"texture":"#5"},"up":{"uv":[2.5,8.5,1.5,9],"rotation":90,"texture":"#5"},"down":{"uv":[2.5,8.5,1.5,9],"rotation":270,"texture":"#5"}}},{"from":[6.5,7.7,3.5],"to":[8.5,9.7,5.5],"rotation":{"angle":-45,"axis":"x","origin":[7.5,11.7,7.5]},"faces":{"north":{"uv":[2,7.75,1,6.75],"rotation":270,"texture":"#4"},"east":{"uv":[1,8.75,0,7.75],"rotation":90,"texture":"#4"},"south":{"uv":[2,8.75,1,7.75],"rotation":180,"texture":"#4"},"west":{"uv":[1,8.75,0,7.75],"rotation":180,"texture":"#4"},"up":{"uv":[1,7.75,2,8.75],"texture":"#4"},"down":{"uv":[1,6.75,2,7.75],"rotation":270,"texture":"#4"}}},{"from":[7.1,2.4,6.3],"to":[7.9,3.9,7.3],"rotation":{"angle":22.5,"axis":"x","origin":[7.5,1.9,6.6]},"faces":{"north":{"uv":[4.5,8.5,5,9.25],"texture":"#4"},"east":{"uv":[5.5,8.5,5,9.25],"texture":"#4"},"south":{"uv":[4.5,8.5,5,9.25],"texture":"#4"},"west":{"uv":[5,8.5,5.5,9.25],"texture":"#4"},"up":{"uv":[5.5,8.5,5,8],"rotation":270,"texture":"#4"},"down":{"uv":[5.5,8.5,5,8],"rotation":90,"texture":"#4"}}},{"from":[7.1,2.4,7.7],"to":[7.9,3.9,8.7],"rotation":{"angle":-22.5,"axis":"x","origin":[7.5,1.9,8.4]},"faces":{"north":{"uv":[5,8.5,4.5,9.25],"texture":"#4"},"east":{"uv":[5,8.5,5.5,9.25],"texture":"#4"},"south":{"uv":[5,8.5,4.5,9.25],"texture":"#4"},"west":{"uv":[5.5,8.5,5,9.25],"texture":"#4"},"up":{"uv":[5,8.5,5.5,8],"rotation":270,"texture":"#4"},"down":{"uv":[5,8.5,5.5,8],"rotation":90,"texture":"#4"}}},{"from":[5,3.5,5.6],"to":[10,9.5,5.6],"rotation":{"angle":22.5,"axis":"x","origin":[7.5,9.5,5.6]},"faces":{"north":{"uv":[5.5,12,10.5,6],"texture":"#8"},"east":{"uv":[0,2,0,0],"texture":"#8"},"south":{"uv":[10.5,12,5.5,6],"texture":"#8"},"west":{"uv":[0,2,0,0],"texture":"#8"},"up":{"uv":[2,0,0,0],"rotation":180,"texture":"#8"},"down":{"uv":[2,0,0,0],"rotation":180,"texture":"#8"}}},{"from":[7.1,11.2,4.4],"to":[7.1,13.2,6.4],"rotation":{"angle":-22.5,"axis":"y","origin":[7.1,12.2,5.4]},"faces":{"north":{"uv":[0,0,0,1],"texture":"#4"},"east":{"uv":[0,9.25,1,10.25],"texture":"#4"},"south":{"uv":[0,0,0,1],"texture":"#4"},"west":{"uv":[1,9.25,0,10.25],"texture":"#4"},"up":{"uv":[0,0,1,0],"rotation":90,"texture":"#4"},"down":{"uv":[0,0,1,0],"rotation":270,"texture":"#4"}}},{"from":[7.9,11.2,4.4],"to":[7.9,13.2,6.4],"rotation":{"angle":22.5,"axis":"y","origin":[7.9,12.2,5.4]},"faces":{"north":{"uv":[0,0,0,1],"texture":"#4"},"east":{"uv":[0,9.25,1,10.25],"texture":"#4"},"south":{"uv":[0,0,0,1],"texture":"#4"},"west":{"uv":[1,9.25,0,10.25],"texture":"#4"},"up":{"uv":[0,0,1,0],"rotation":90,"texture":"#4"},"down":{"uv":[0,0,1,0],"rotation":270,"texture":"#4"}}},{"from":[7,11.4,6],"to":[8,13.4,9],"rotation":{"angle":0,"axis":"y","origin":[0,-0.1,0]},"faces":{"north":{"uv":[5.5,14,6.5,14.5],"rotation":90,"texture":"#7"},"east":{"uv":[7.75,14.5,8.75,16],"rotation":90,"texture":"#7"},"south":{"uv":[5.5,14,6.5,14.5],"rotation":90,"texture":"#7"},"west":{"uv":[0,15,1.5,16],"texture":"#7"},"up":{"uv":[1.5,14.5,2,16],"texture":"#7"},"down":{"uv":[1.5,14.5,2,16],"texture":"#7"}}},{"from":[6,11.9,6.5],"to":[7,12.9,8.5],"rotation":{"angle":0,"axis":"y","origin":[16,-0.1,0]},"faces":{"north":{"uv":[13,6.5,13.5,7],"texture":"#7"},"east":{"uv":[11.5,6.5,12.5,7],"texture":"#7"},"south":{"uv":[13.5,6.5,13,7],"texture":"#7"},"west":{"uv":[11.5,6.5,12.5,7],"texture":"#7"},"up":{"uv":[12.5,6.5,13,7.5],"texture":"#7"},"down":{"uv":[11.5,5.5,12,6.5],"texture":"#7"}}},{"from":[7,13.4,5.5],"to":[12,13.9,9.5],"rotation":{"angle":0,"axis":"y","origin":[0,-0.1,0]},"faces":{"north":{"uv":[13.5,6.75,16,7],"texture":"#7"},"east":{"uv":[9.5,6,11.5,6.25],"texture":"#7"},"south":{"uv":[13.5,6.75,16,7],"texture":"#7"},"west":{"uv":[9.5,6,11.5,6.25],"texture":"#7"},"up":{"uv":[9.5,6.25,11.5,8.75],"rotation":90,"texture":"#7"},"down":{"uv":[9.5,3.5,11.5,6],"rotation":90,"texture":"#7"}}},{"from":[11.9,13.4,5.5],"to":[13.9,13.9,9.5],"rotation":{"angle":-22.5,"axis":"z","origin":[12,13.65,7.5]},"faces":{"north":{"uv":[10.25,12.5,10.5,11.5],"rotation":90,"texture":"#6"},"east":{"uv":[10,11.5,10.25,13.5],"rotation":90,"texture":"#6"},"south":{"uv":[10.25,11.5,10.5,12.5],"rotation":90,"texture":"#6"},"west":{"uv":[10,11.5,10.25,13.5],"rotation":90,"texture":"#6"},"up":{"uv":[9,11.5,10,13.5],"texture":"#6"},"down":{"uv":[10.5,12,11.5,14],"texture":"#6"}}},{"from":[7.5,14,6],"to":[11.5,14,9],"rotation":{"angle":0,"axis":"y","origin":[3.5,14,2]},"faces":{"north":{"uv":[0,0,2,0],"texture":"#7"},"east":{"uv":[0,0,2.5,0],"texture":"#7"},"south":{"uv":[0,0,2,0],"texture":"#7"},"west":{"uv":[0,0,2.5,0],"texture":"#7"},"up":{"uv":[6,11.75,7.5,13.75],"rotation":90,"texture":"#7"},"down":{"uv":[6,13.75,7.5,11.75],"rotation":270,"texture":"#7"}}}],"display":{"thirdperson_righthand":{"rotation":[0,110,0],"translation":[0,3.25,2.5],"scale":[0.8,0.8,0.8]},"thirdperson_lefthand":{"rotation":[180,-110,180],"translation":[0,3.25,1.75],"scale":[0.7,0.7,0.7]},"firstperson_righthand":{"rotation":[-175.56,80,170],"translation":[0.5,5.5,0.5],"scale":[0.5,0.5,0.5]},"firstperson_lefthand":{"rotation":[-175.56,-80,-170],"translation":[0.5,5,0.5],"scale":[0.5,0.5,0.5]},"ground":{"translation":[0,9.75,0],"scale":[0.5,0.5,0.5]},"gui":{"rotation":[-55,-40,-70],"translation":[1.5,2,-2],"scale":[0.7,0.7,0.7]},"head":{"rotation":[-135.5,0,0],"translation":[0,20.5,4.75],"scale":[0.7,0.7,0.7]},"fixed":{"rotation":[-179.03,0.22,143],"translation":[2,1.5,-2.25],"scale":[0.7,0.7,0.7]}},"groups":[{"name":"group","origin":[3.5,14,2],"color":0,"children":[0,1,2,3,4,5,6,7,8,9,10,11,12,13,14,15,16,17,18,19,20,21,22,23,24,25,26,27]}]}