{"providers":[{"ascent":30,"chars":["⼀"],"file":"minecraft:guis/skyblock/auction.png","height":128,"type":"bitmap"},{"ascent":30,"chars":["⼁"],"file":"minecraft:guis/skyblock/buycraft-store.png","height":128,"type":"bitmap"},{"ascent":30,"chars":["⼂"],"file":"minecraft:guis/skyblock/enchant.png","height":128,"type":"bitmap"},{"ascent":23,"chars":["⼃"],"file":"minecraft:guis/skyblock/island-main.png","height":256,"type":"bitmap"},{"ascent":23,"chars":["⼄"],"file":"minecraft:guis/skyblock/island-bank.png","height":256,"type":"bitmap"},{"ascent":23,"chars":["⼅"],"file":"minecraft:guis/skyblock/island-settings.png","height":256,"type":"bitmap"},{"ascent":23,"chars":["⼆"],"file":"minecraft:guis/skyblock/island-missions.png","height":256,"type":"bitmap"},{"ascent":23,"chars":["⼇"],"file":"minecraft:guis/skyblock/island-permissions.png","height":256,"type":"bitmap"},{"ascent":23,"chars":["⼙"],"file":"minecraft:guis/skyblock/island-permissions-2.png","height":256,"type":"bitmap"},{"ascent":23,"chars":["⼛"],"file":"minecraft:guis/skyblock/island-permissions-3.png","height":256,"type":"bitmap"},{"ascent":23,"chars":["⽏"],"file":"minecraft:guis/skyblock/shop-main.png","height":256,"type":"bitmap"},{"ascent":23,"chars":["⽶"],"file":"minecraft:guis/skyblock/shop-main-2.png","height":256,"type":"bitmap"},{"ascent":23,"chars":["⼿"],"file":"minecraft:guis/skyblock/shop-page.png","height":256,"type":"bitmap"},{"ascent":23,"chars":["⼷"],"file":"minecraft:guis/skyblock/island-flags.png","height":256,"type":"bitmap"},{"ascent":23,"chars":["⼈"],"file":"minecraft:guis/skyblock/vote-ranks.png","height":256,"type":"bitmap"},{"ascent":23,"chars":["⼉"],"file":"minecraft:guis/skyblock/island-info.png","height":256,"type":"bitmap"},{"ascent":23,"chars":["⼊"],"file":"minecraft:guis/skyblock/vote-menu.png","height":256,"type":"bitmap"},{"ascent":23,"chars":["⼮"],"file":"minecraft:guis/skyblock/island-members.png","height":256,"type":"bitmap"},{"ascent":23,"chars":["⼵"],"file":"minecraft:guis/skyblock/island-trusted.png","height":256,"type":"bitmap"},{"ascent":23,"chars":["⼭"],"file":"minecraft:guis/skyblock/island-border.png","height":256,"type":"bitmap"},{"ascent":23,"chars":["⼣"],"file":"minecraft:guis/skyblock/island-warps.png","height":256,"type":"bitmap"},{"ascent":23,"chars":["⼩"],"file":"minecraft:guis/skyblock/island-logs.png","height":256,"type":"bitmap"},{"ascent":23,"chars":["⼳"],"file":"minecraft:guis/skyblock/island-manage-member.png","height":256,"type":"bitmap"},{"ascent":23,"chars":["⼜"],"file":"minecraft:guis/skyblock/island-upgrade-1.png","height":256,"type":"bitmap"},{"ascent":23,"chars":["⼝"],"file":"minecraft:guis/skyblock/island-upgrade-2.png","height":256,"type":"bitmap"},{"ascent":23,"chars":["⿕"],"file":"minecraft:guis/skyblock/island-upgrade-3.png","height":256,"type":"bitmap"},{"ascent":23,"chars":["⽹"],"file":"minecraft:guis/skyblock/island-upgrade-4.png","height":256,"type":"bitmap"},{"ascent":23,"chars":["⼟"],"file":"minecraft:guis/skyblock/island-biomes.png","height":256,"type":"bitmap"},{"ascent":9,"chars":[""],"file":"minecraft:emojis/kekw.png","height":12,"type":"bitmap"},{"ascent":9,"chars":[""],"file":"minecraft:emojis/pepe-happy.png","height":12,"type":"bitmap"},{"ascent":9,"chars":[""],"file":"minecraft:emojis/pepecry.png","height":12,"type":"bitmap"},{"ascent":9,"chars":[""],"file":"minecraft:emojis/pepe-cry.png","height":12,"type":"bitmap"},{"ascent":9,"chars":[""],"file":"minecraft:emojis/ez-pepe.png","height":10,"type":"bitmap"},{"ascent":9,"chars":[""],"file":"minecraft:emojis/pepe-wave.png","height":12,"type":"bitmap"},{"ascent":9,"chars":[""],"file":"minecraft:emojis/thinking-pepe.png","height":12,"type":"bitmap"},{"ascent":9,"chars":[""],"file":"minecraft:emojis/pepe-sweat.png","height":10,"type":"bitmap"},{"ascent":9,"chars":[""],"file":"minecraft:emojis/poggers.png","height":12,"type":"bitmap"},{"ascent":9,"chars":[""],"file":"minecraft:emojis/pogchamp.png","height":12,"type":"bitmap"},{"ascent":9,"chars":[""],"file":"minecraft:emojis/pepe-clown.png","height":10,"type":"bitmap"},{"ascent":9,"chars":[""],"file":"minecraft:emojis/pepe-love.png","height":10,"type":"bitmap"},{"ascent":9,"chars":[""],"file":"minecraft:emojis/alert.png","height":10,"type":"bitmap"},{"ascent":9,"chars":[""],"file":"minecraft:emojis/cringe.png","height":10,"type":"bitmap"},{"ascent":9,"chars":[""],"file":"minecraft:emojis/100.png","height":10,"type":"bitmap"},{"ascent":9,"chars":[""],"file":"minecraft:emojis/dead.png","height":10,"type":"bitmap"},{"ascent":9,"chars":[""],"file":"minecraft:emojis/eyes.png","height":10,"type":"bitmap"},{"ascent":9,"chars":[""],"file":"minecraft:emojis/money.png","height":10,"type":"bitmap"},{"ascent":9,"chars":[""],"file":"minecraft:emojis/ogie.png","height":10,"type":"bitmap"},{"ascent":9,"chars":[""],"file":"minecraft:emojis/bruh.png","height":10,"type":"bitmap"},{"ascent":9,"chars":[""],"file":"minecraft:emojis/shrug.png","height":10,"type":"bitmap"},{"ascent":9,"chars":[""],"file":"minecraft:emojis/tired.png","height":10,"type":"bitmap"},{"ascent":9,"chars":[""],"file":"minecraft:emojis/stare.png","height":10,"type":"bitmap"},{"ascent":9,"chars":[""],"file":"minecraft:emojis/dramatic.png","height":10,"type":"bitmap"},{"ascent":9,"chars":[""],"file":"minecraft:emojis/thumbsup.png","height":10,"type":"bitmap"},{"ascent":9,"chars":[""],"file":"minecraft:emojis/ok.png","height":10,"type":"bitmap"},{"ascent":9,"chars":[""],"file":"minecraft:emojis/owo.png","height":10,"type":"bitmap"},{"ascent":9,"chars":[""],"file":"minecraft:emojis/ree.png","height":10,"type":"bitmap"},{"ascent":9,"chars":[""],"file":"minecraft:emojis/shock.png","height":10,"type":"bitmap"},{"ascent":9,"chars":[""],"file":"minecraft:emojis/skull.png","height":10,"type":"bitmap"},{"ascent":9,"chars":[""],"file":"minecraft:emojis/sob.png","height":10,"type":"bitmap"},{"ascent":9,"chars":[""],"file":"minecraft:emojis/spawner.png","height":10,"type":"bitmap"},{"ascent":9,"chars":[""],"file":"minecraft:emojis/x.png","height":10,"type":"bitmap"},{"ascent":9,"chars":[""],"file":"minecraft:emojis/yikes.png","height":10,"type":"bitmap"},{"ascent":9,"chars":[""],"file":"minecraft:emojis/pcnguin.png","height":10,"type":"bitmap"},{"ascent":9,"chars":[""],"file":"minecraft:emojis/vodkapickle.png","height":10,"type":"bitmap"},{"ascent":9,"chars":[""],"file":"minecraft:emojis/tben.png","height":10,"type":"bitmap"},{"ascent":9,"chars":[""],"file":"minecraft:emojis/amelia.png","height":10,"type":"bitmap"},{"ascent":9,"chars":[""],"file":"minecraft:emojis/cairo.png","height":10,"type":"bitmap"},{"ascent":9,"chars":[""],"file":"minecraft:emojis/ibiza.png","height":10,"type":"bitmap"},{"ascent":9,"chars":[""],"file":"minecraft:emojis/uwutada.png","height":10,"type":"bitmap"},{"ascent":9,"chars":[""],"file":"minecraft:emojis/wowtada.png","height":10,"type":"bitmap"},{"ascent":13,"chars":[""],"file":"minecraft:emojis/baccadab.png","height":15,"type":"bitmap"},{"ascent":60,"chars":["⾿"],"file":"minecraft:emojis/text.png","height":128,"type":"bitmap"},{"ascent":50,"chars":["⽛"],"file":"minecraft:emojis/nn-logo-small.png","height":128,"type":"bitmap"},{"ascent":-32768,"chars":[""],"file":"custom/ui/pixel_split.png","height":-3,"type":"bitmap"},{"ascent":-32768,"chars":[""],"file":"custom/ui/pixel_split.png","height":-4,"type":"bitmap"},{"ascent":-32768,"chars":[""],"file":"custom/ui/pixel_split.png","height":-5,"type":"bitmap"},{"ascent":-32768,"chars":[""],"file":"custom/ui/pixel_split.png","height":-6,"type":"bitmap"},{"ascent":-32768,"chars":[""],"file":"custom/ui/pixel_split.png","height":-7,"type":"bitmap"},{"ascent":-32768,"chars":[""],"file":"custom/ui/pixel_split.png","height":-8,"type":"bitmap"},{"ascent":-32768,"chars":[""],"file":"custom/ui/pixel_split.png","height":-9,"type":"bitmap"},{"ascent":-32768,"chars":[""],"file":"custom/ui/pixel_split.png","height":-10,"type":"bitmap"},{"ascent":-32768,"chars":[""],"file":"custom/ui/pixel_split.png","height":-18,"type":"bitmap"},{"ascent":-32768,"chars":[""],"file":"custom/ui/pixel_split.png","height":-34,"type":"bitmap"},{"ascent":-32768,"chars":[""],"file":"custom/ui/pixel_split.png","height":-89,"type":"bitmap"},{"ascent":-32768,"chars":[""],"file":"custom/ui/pixel_split.png","height":-130,"type":"bitmap"},{"ascent":-32768,"chars":[""],"file":"custom/ui/pixel_split.png","height":-258,"type":"bitmap"},{"ascent":-32768,"chars":[""],"file":"custom/ui/pixel_split.png","height":-514,"type":"bitmap"},{"ascent":-32768,"chars":[""],"file":"custom/ui/pixel_split.png","height":-1026,"type":"bitmap"},{"ascent":-32770,"chars":[""],"file":"custom/ui/pixel_split.png","height":-32770,"type":"bitmap"},{"ascent":-32768,"chars":[""],"file":"custom/ui/pixel_split.png","height":0,"type":"bitmap"},{"ascent":-32768,"chars":[""],"file":"custom/ui/pixel_split.png","height":1,"type":"bitmap"},{"ascent":-32768,"chars":[""],"file":"custom/ui/pixel_split.png","height":2,"type":"bitmap"},{"ascent":-32768,"chars":[""],"file":"custom/ui/pixel_split.png","height":3,"type":"bitmap"},{"ascent":-32768,"chars":[""],"file":"custom/ui/pixel_split.png","height":4,"type":"bitmap"},{"ascent":-32768,"chars":[""],"file":"custom/ui/pixel_split.png","height":5,"type":"bitmap"},{"ascent":-32768,"chars":[""],"file":"custom/ui/pixel_split.png","height":6,"type":"bitmap"},{"ascent":-32768,"chars":[""],"file":"custom/ui/pixel_split.png","height":7,"type":"bitmap"},{"ascent":-32768,"chars":[""],"file":"custom/ui/pixel_split.png","height":15,"type":"bitmap"},{"ascent":-32768,"chars":[""],"file":"custom/ui/pixel_split.png","height":31,"type":"bitmap"},{"ascent":-32768,"chars":[""],"file":"custom/ui/pixel_split.png","height":63,"type":"bitmap"},{"ascent":-32768,"chars":[""],"file":"custom/ui/pixel_split.png","height":127,"type":"bitmap"},{"ascent":-32768,"chars":[""],"file":"custom/ui/pixel_split.png","height":255,"type":"bitmap"},{"ascent":-32768,"chars":[""],"file":"custom/ui/pixel_split.png","height":511,"type":"bitmap"},{"ascent":-32768,"chars":[""],"file":"custom/ui/pixel_split.png","height":1023,"type":"bitmap"},{"ascent":-32768,"chars":[""],"file":"custom/ui/pixel_split.png","height":32767,"type":"bitmap"},{"ascent":-32768,"chars":[""],"file":"custom/ui/pixel_nosplit.png","height":-3,"type":"bitmap"},{"ascent":-32768,"chars":[""],"file":"custom/ui/pixel_nosplit.png","height":-4,"type":"bitmap"},{"ascent":-32768,"chars":[""],"file":"custom/ui/pixel_nosplit.png","height":-5,"type":"bitmap"},{"ascent":-32768,"chars":[""],"file":"custom/ui/pixel_nosplit.png","height":-6,"type":"bitmap"},{"ascent":-32768,"chars":[""],"file":"custom/ui/pixel_nosplit.png","height":-7,"type":"bitmap"},{"ascent":-32768,"chars":[""],"file":"custom/ui/pixel_nosplit.png","height":-8,"type":"bitmap"},{"ascent":-32768,"chars":[""],"file":"custom/ui/pixel_nosplit.png","height":-9,"type":"bitmap"},{"ascent":-32768,"chars":[""],"file":"custom/ui/pixel_nosplit.png","height":-10,"type":"bitmap"},{"ascent":-32768,"chars":[""],"file":"custom/ui/pixel_nosplit.png","height":-18,"type":"bitmap"},{"ascent":-32768,"chars":[""],"file":"custom/ui/pixel_nosplit.png","height":-34,"type":"bitmap"},{"ascent":-32768,"chars":[""],"file":"custom/ui/pixel_nosplit.png","height":-66,"type":"bitmap"},{"ascent":-32768,"chars":[""],"file":"custom/ui/pixel_nosplit.png","height":-130,"type":"bitmap"},{"ascent":-32768,"chars":[""],"file":"custom/ui/pixel_nosplit.png","height":-258,"type":"bitmap"},{"ascent":-32768,"chars":[""],"file":"custom/ui/pixel_nosplit.png","height":-514,"type":"bitmap"},{"ascent":-32768,"chars":[""],"file":"custom/ui/pixel_nosplit.png","height":-1026,"type":"bitmap"},{"ascent":-32768,"chars":[""],"file":"custom/ui/pixel_nosplit.png","height":0,"type":"bitmap"},{"ascent":-32768,"chars":[""],"file":"custom/ui/pixel_nosplit.png","height":1,"type":"bitmap"},{"ascent":-32768,"chars":[""],"file":"custom/ui/pixel_nosplit.png","height":2,"type":"bitmap"},{"ascent":-32768,"chars":[""],"file":"custom/ui/pixel_nosplit.png","height":3,"type":"bitmap"},{"ascent":-32768,"chars":[""],"file":"custom/ui/pixel_nosplit.png","height":4,"type":"bitmap"},{"ascent":-32768,"chars":[""],"file":"custom/ui/pixel_nosplit.png","height":5,"type":"bitmap"},{"ascent":-32768,"chars":[""],"file":"custom/ui/pixel_nosplit.png","height":6,"type":"bitmap"},{"ascent":-32768,"chars":[""],"file":"custom/ui/pixel_nosplit.png","height":7,"type":"bitmap"},{"ascent":-32768,"chars":[""],"file":"custom/ui/pixel_nosplit.png","height":15,"type":"bitmap"},{"ascent":-32768,"chars":[""],"file":"custom/ui/pixel_nosplit.png","height":31,"type":"bitmap"},{"ascent":-32768,"chars":[""],"file":"custom/ui/pixel_nosplit.png","height":63,"type":"bitmap"},{"ascent":-32768,"chars":[""],"file":"custom/ui/pixel_nosplit.png","height":127,"type":"bitmap"},{"ascent":-32768,"chars":[""],"file":"custom/ui/pixel_nosplit.png","height":255,"type":"bitmap"},{"ascent":-32768,"chars":[""],"file":"custom/ui/pixel_nosplit.png","height":511,"type":"bitmap"},{"ascent":-32768,"chars":[""],"file":"custom/ui/pixel_nosplit.png","height":1023,"type":"bitmap"},{"ascent":-32768,"chars":[""],"file":"custom/ui/pixel_nosplit.png","height":32767,"type":"bitmap"},{"type":"bitmap","file":"hunt:epic_tooltip/tooltip_top-normal.png","ascent":19,"height":23,"chars":["ꀀ"]},{"type":"bitmap","file":"hunt:epic_tooltip/tooltip_top-unique.png","ascent":19,"height":23,"chars":["ꀁ"]},{"type":"bitmap","file":"hunt:epic_tooltip/tooltip_top-rare.png","ascent":19,"height":23,"chars":["ꀂ"]},{"type":"bitmap","file":"hunt:epic_tooltip/tooltip_top-mythic.png","ascent":19,"height":23,"chars":["ꀄ"]},{"type":"bitmap","file":"hunt:epic_tooltip/yellow/tooltip_top.png","ascent":19,"height":23,"chars":["ꀃ"]},{"type":"bitmap","file":"hunt:epic_tooltip/yellow/tooltip_middle.png","ascent":8,"height":10,"chars":["ꀅ"]},{"type":"bitmap","file":"hunt:epic_tooltip/yellow/tooltip_bottom.png","ascent":8,"height":15,"chars":["ꀉ"]},{"type":"bitmap","file":"hunt:epic_tooltip/tooltip_bottom-normal.png","ascent":8,"height":15,"chars":["ꀆ"]},{"type":"bitmap","file":"hunt:epic_tooltip/tooltip_bottom-unique.png","ascent":8,"height":15,"chars":["ꀇ"]},{"type":"bitmap","file":"hunt:epic_tooltip/tooltip_bottom-rare.png","ascent":8,"height":15,"chars":["ꀈ"]},{"type":"bitmap","file":"hunt:epic_tooltip/tooltip_bottom-mythic.png","ascent":8,"height":15,"chars":["ꀊ"]},{"type":"bitmap","file":"space:font/space_split.png","ascent":-32768,"height":-3,"chars":[""]},{"type":"bitmap","file":"space:font/space_split.png","ascent":-32768,"height":-4,"chars":[""]},{"type":"bitmap","file":"space:font/space_split.png","ascent":-32768,"height":-5,"chars":[""]},{"type":"bitmap","file":"space:font/space_split.png","ascent":-32768,"height":-6,"chars":[""]},{"type":"bitmap","file":"space:font/space_split.png","ascent":-32768,"height":-7,"chars":[""]},{"type":"bitmap","file":"space:font/space_split.png","ascent":-32768,"height":-8,"chars":[""]},{"type":"bitmap","file":"space:font/space_split.png","ascent":-32768,"height":-9,"chars":[""]},{"type":"bitmap","file":"space:font/space_split.png","ascent":-32768,"height":-10,"chars":[""]},{"type":"bitmap","file":"space:font/space_split.png","ascent":-32768,"height":-18,"chars":[""]},{"type":"bitmap","file":"space:font/space_split.png","ascent":-32768,"height":-34,"chars":[""]},{"type":"bitmap","file":"space:font/space_split.png","ascent":-32768,"height":-66,"chars":[""]},{"type":"bitmap","file":"space:font/space_split.png","ascent":-32768,"height":-130,"chars":[""]},{"type":"bitmap","file":"space:font/space_split.png","ascent":-32768,"height":-258,"chars":[""]},{"type":"bitmap","file":"space:font/space_split.png","ascent":-32768,"height":-514,"chars":[""]},{"type":"bitmap","file":"space:font/space_split.png","ascent":-32768,"height":-1026,"chars":[""]},{"type":"bitmap","file":"space:font/space_split.png","ascent":-65536,"height":-32770,"chars":[""]},{"type":"bitmap","file":"space:font/space_split.png","ascent":-32768,"height":0,"chars":[""]},{"type":"bitmap","file":"space:font/space_split.png","ascent":-32768,"height":1,"chars":[""]},{"type":"bitmap","file":"space:font/space_split.png","ascent":-32768,"height":2,"chars":[""]},{"type":"bitmap","file":"space:font/space_split.png","ascent":-32768,"height":3,"chars":[""]},{"type":"bitmap","file":"space:font/space_split.png","ascent":-32768,"height":4,"chars":[""]},{"type":"bitmap","file":"space:font/space_split.png","ascent":-32768,"height":5,"chars":[""]},{"type":"bitmap","file":"space:font/space_split.png","ascent":-32768,"height":6,"chars":[""]},{"type":"bitmap","file":"space:font/space_split.png","ascent":-32768,"height":7,"chars":[""]},{"type":"bitmap","file":"space:font/space_split.png","ascent":-32768,"height":15,"chars":[""]},{"type":"bitmap","file":"space:font/space_split.png","ascent":-32768,"height":31,"chars":[""]},{"type":"bitmap","file":"space:font/space_split.png","ascent":-32768,"height":63,"chars":[""]},{"type":"bitmap","file":"space:font/space_split.png","ascent":-32768,"height":127,"chars":[""]},{"type":"bitmap","file":"space:font/space_split.png","ascent":-32768,"height":255,"chars":[""]},{"type":"bitmap","file":"space:font/space_split.png","ascent":-32768,"height":511,"chars":[""]},{"type":"bitmap","file":"space:font/space_split.png","ascent":-32768,"height":1023,"chars":[""]},{"type":"bitmap","file":"space:font/space_split.png","ascent":-65536,"height":32767,"chars":[""]},{"type":"bitmap","file":"space:font/space_nosplit.png","ascent":-32768,"height":-3,"chars":[""]},{"type":"bitmap","file":"space:font/space_nosplit.png","ascent":-32768,"height":-4,"chars":[""]},{"type":"bitmap","file":"space:font/space_nosplit.png","ascent":-32768,"height":-5,"chars":[""]},{"type":"bitmap","file":"space:font/space_nosplit.png","ascent":-32768,"height":-6,"chars":[""]},{"type":"bitmap","file":"space:font/space_nosplit.png","ascent":-32768,"height":-7,"chars":[""]},{"type":"bitmap","file":"space:font/space_nosplit.png","ascent":-32768,"height":-8,"chars":[""]},{"type":"bitmap","file":"space:font/space_nosplit.png","ascent":-32768,"height":-9,"chars":[""]},{"type":"bitmap","file":"space:font/space_nosplit.png","ascent":-32768,"height":-10,"chars":[""]},{"type":"bitmap","file":"space:font/space_nosplit.png","ascent":-32768,"height":-18,"chars":[""]},{"type":"bitmap","file":"space:font/space_nosplit.png","ascent":-32768,"height":-34,"chars":[""]},{"type":"bitmap","file":"space:font/space_nosplit.png","ascent":-32768,"height":-66,"chars":[""]},{"type":"bitmap","file":"space:font/space_nosplit.png","ascent":-32768,"height":-130,"chars":[""]},{"type":"bitmap","file":"space:font/space_nosplit.png","ascent":-32768,"height":-258,"chars":[""]},{"type":"bitmap","file":"space:font/space_nosplit.png","ascent":-32768,"height":-514,"chars":[""]},{"type":"bitmap","file":"space:font/space_nosplit.png","ascent":-32768,"height":-1026,"chars":[""]},{"type":"bitmap","file":"space:font/space_nosplit.png","ascent":-65536,"height":-32770,"chars":[""]},{"type":"bitmap","file":"space:font/space_nosplit.png","ascent":-32768,"height":0,"chars":[""]},{"type":"bitmap","file":"space:font/space_nosplit.png","ascent":-32768,"height":1,"chars":[""]},{"type":"bitmap","file":"space:font/space_nosplit.png","ascent":-32768,"height":2,"chars":[""]},{"type":"bitmap","file":"space:font/space_nosplit.png","ascent":-32768,"height":3,"chars":[""]},{"type":"bitmap","file":"space:font/space_nosplit.png","ascent":-32768,"height":4,"chars":[""]},{"type":"bitmap","file":"space:font/space_nosplit.png","ascent":-32768,"height":5,"chars":[""]},{"type":"bitmap","file":"space:font/space_nosplit.png","ascent":-32768,"height":6,"chars":[""]},{"type":"bitmap","file":"space:font/space_nosplit.png","ascent":-32768,"height":7,"chars":[""]},{"type":"bitmap","file":"space:font/space_nosplit.png","ascent":-32768,"height":15,"chars":[""]},{"type":"bitmap","file":"space:font/space_nosplit.png","ascent":-32768,"height":31,"chars":[""]},{"type":"bitmap","file":"space:font/space_nosplit.png","ascent":-32768,"height":63,"chars":[""]},{"type":"bitmap","file":"space:font/space_nosplit.png","ascent":-32768,"height":127,"chars":[""]},{"type":"bitmap","file":"space:font/space_nosplit.png","ascent":-32768,"height":255,"chars":[""]},{"type":"bitmap","file":"space:font/space_nosplit.png","ascent":-32768,"height":511,"chars":[""]},{"type":"bitmap","file":"space:font/space_nosplit.png","ascent":-32768,"height":1023,"chars":[""]},{"type":"bitmap","file":"space:font/space_nosplit.png","ascent":-65536,"height":32767,"chars":[""]}]}